[17:15:07.994] Loading script sqlifuzz/mitmproxy_addon.py
[17:15:08.133] [CONFIG] A config file from configs/config-general.yaml is loaded.
[17:15:08.133] [HOOK] Idle shutdown monitor started. Will check after 60s initial wait...
[17:15:08.133] [HOOK] Idle shutdown monitor scheduled (timeout: 120s)
[17:15:08.133] Starting Time: 2026-10-02 17:15:08.115590
[17:15:08.133] Start MITM Addon with 10 max concurrent fuzzing tasks
[17:15:08.134] [HOOK] Number response: 0 | Memory usage (MB): 81.05859375 PID: 38576
[17:15:08.134] [STATS] {'total_req': 0, 'sql_req': 0, 'null_req': 0, 'not_sql_req': 0, 'sql_injection_detected': 0, 'another_sql_error_detected': 0, 'sql_req_not_detected': 0, 'error_req': 0, 'fuzzed_req': 0, 'processing_time_total': 0.0, 'processing_time_ave': 0.0, 'running_time': 'Not finished yet'}
[17:15:08.135] reverse proxy to http://localhost:8081 listening at *:8888.
[17:15:18.579][127.0.0.1:60652] client connect
[17:15:18.583][127.0.0.1:60652] server connect localhost:8081 (127.0.0.1:8081)
[17:15:23.925][127.0.0.1:36954] client connect
[17:15:23.926][127.0.0.1:60652] client disconnect
[17:15:23.928][127.0.0.1:60652] server disconnect localhost:8081 (127.0.0.1:8081)
[17:15:23.928][127.0.0.1:36954] server connect localhost:8081 (127.0.0.1:8081)
[17:15:23.946] [HOOK 852] Check GET http://localhost:8081/a2_filtered.php || 
[17:15:23.946] [HTTPREQUEST 852] Converting Request Entry to HTTP Request: fd3fe56e-3624-49bf-b74f-625f4c2cb852
[17:15:23.947] [HTTPREQUEST 852] No content-type is found
[17:15:24.950] [SQLAnalysis] Read 466 new lines from SQL log file.
[17:15:24.954] [SQLAnalysis] Appended 457 parsed entries.
[17:15:24.955] [SQLAnalysis 852] Extracted 457 Logs 2026-10-02 21:15:24.955066: [{'timestamp': '2026-10-02 21:15:23,939327', 'level': 'INFO', 'ip': '172.18.0.5', 'port': 33110, 'sql': 'USE db *#*#OK'}]
[17:15:24.957] [SQLAnalysis 852] Checking Request: GET http://localhost:8081/a2_filtered.php | ['[string (False)(None)] Sec-Fetch-Dest=document', '[string (False)(None)] Sec-Fetch-Mode=navigate', '[string (False)(None)] Sec-Fetch-Site=none', '[string (False)(None)] Sec-Fetch-User=?1', '[string (False)(None)] Priority=u=0, i', '[url (False)(None)] path0=a2_filtered.php'] | None
[17:15:24.957] [SQLAnalysis 852] Updated param pairs: {'Sec-Fetch-Dest': 'document', 'Sec-Fetch-Mode': 'navigate', 'Sec-Fetch-Site': 'none', 'Sec-Fetch-User': '?1', 'Priority': 'u=0, i', 'path0': 'a2_filtered.php'}
[17:15:24.957] [SQLAnalysis 852] Looked timestamp 2026-10-02 21:15:23.930000 -- 2026-10-02 21:15:23.945000
[17:15:24.961] [SQLAnalysis 852] query_array to be checked: ['use', 'db']
[17:15:24.961] [SQLAnalysis 852] normalized_query_array: ['use', 'db']
[17:15:24.961] [HTTPREQUEST 852] Getting null paramvals
[17:15:24.961] [HOOK 852] The request does not trigger SQL query. Drop it. GET http://localhost:8081/a2_filtered.php || 
127.0.0.1:36954: GET http://localhost:8081/a2_filtered.php
              << 200 OK 142b
[17:15:28.450] [HOOK bd2] Check GET http://localhost:8081/a2_filtered.php?id=1&Submit=Submit || 
[17:15:28.450] [HTTPREQUEST bd2] Converting Request Entry to HTTP Request: 7f0a797d-e80a-4ee3-bb13-99815c7cebd2
[17:15:28.451] [HTTPREQUEST bd2] No content-type is found
[17:15:29.452] [SQLAnalysis] Read 2 new lines from SQL log file.
[17:15:29.452] [SQLAnalysis] Appended 2 parsed entries.
[17:15:29.452] [SQLAnalysis bd2] Extracted 459 Logs 2026-10-02 21:15:29.452547: [{'timestamp': '2026-10-02 21:15:28,445041', 'level': 'INFO', 'ip': '172.18.0.5', 'port': 33124, 'sql': 'SELECT first_name, last_name FROM users WHERE user_id = 1 *#*#Result Set'}]
[17:15:29.452] [SQLAnalysis bd2] Checking Request: GET http://localhost:8081/a2_filtered.php | ['[string (False)(None)] Sec-Fetch-Dest=document', '[string (False)(None)] Sec-Fetch-Mode=navigate', '[string (False)(None)] Sec-Fetch-Site=same-origin', '[string (False)(None)] Sec-Fetch-User=?1', '[string (False)(None)] Priority=u=0, i', '[url (False)(None)] path0=a2_filtered.php', '[int (False)(None)] id=1', '[string (False)(None)] Submit=Submit'] | None
[17:15:29.452] [SQLAnalysis bd2] Updated param pairs: {'Sec-Fetch-Dest': 'document', 'Sec-Fetch-Mode': 'navigate', 'Sec-Fetch-Site': 'same-origin', 'Sec-Fetch-User': '?1', 'Priority': 'u=0, i', 'path0': 'a2_filtered.php', 'id': '1', 'Submit': 'Submit'}
[17:15:29.453] [SQLAnalysis bd2] Looked timestamp 2026-10-02 21:15:28.425000 -- 2026-10-02 21:15:28.449000
[17:15:29.458] [SQLAnalysis bd2] query_array to be checked: ['use', 'db']
[17:15:29.458] [SQLAnalysis bd2] normalized_query_array: ['use', 'db']
[17:15:29.458] [SQLAnalysis bd2] query_array to be checked: ['select', 'first_name', 'last_name', 'from', 'users', 'where', 'user_id', '=', '1']
[17:15:29.458] [SQLAnalysis bd2] normalized_query_array: ['select', 'firstname', 'lastname', 'from', 'users', 'where', 'userid', '', '1']
[17:15:29.458] [SQLAnalysis bd2] Getting Sec-Fetch-User==>?1 [1] in ['select', 'firstname', 'lastname', 'from', 'users', 'where', 'userid', '', '1']
[17:15:29.458] [SQLAnalysis bd2] Getting id==>1 [1] in ['select', 'firstname', 'lastname', 'from', 'users', 'where', 'userid', '', '1']
[17:15:29.458] [HOOK bd2] Get matching queries: ['select first_name, last_name from users where user_id = 1 *#*#result set', 'select first_name, last_name from users where user_id = 1 *#*#result set'] from GET http://localhost:8081/a2_filtered.php?id=1&Submit=Submit || 
[17:15:29.458] [HOOK bd2] Async callback triggered for: http://localhost:8081/a2_filtered.php?id=1&Submit=Submit
[HOOK bd2] Starting fuzz http://localhost:8081/a2_filtered.php?id=1&Submit=Submit (pending: 1 requests)
[17:15:29.458] [HOOK bd2] Starting fuzz (pending: 1)
[17:15:29.458] [SQLiFuzz bd2] Calling send_requests for: http://localhost:8081/a2_filtered.php?id=1&Submit=Submit
[17:15:29.458] [SQLiFuzz bd2] DEBUG Captured request body (truncated): 
[17:15:29.459] [SQLiFuzz bd2] DEBUG Captured request headers: {'Host': 'localhost:8081', 'User-Agent': 'Mozilla/5.0 (X11; Ubuntu; Linux x86_64; rv:155.0) Gecko/20100101 Firefox/155.0', 'Accept': 'text/html,application/xhtml+xml,application/xml;q=0.9,*/*;q=0.8', 'Accept-Language': 'en-US,en;q=0.9', 'Accept-Encoding': 'gzip, deflate, br, zstd', 'Connection': 'keep-alive', 'Referer': 'http://localhost:8888/a2_filtered.php', 'Cookie': 'PHPSESSID=0d8290ddf05033f4c53fb9096583b0f1; security=impossible', 'Upgrade-Insecure-Requests': '1', 'Sec-Fetch-Dest': 'document', 'Sec-Fetch-Mode': 'navigate', 'Sec-Fetch-Site': 'same-origin', 'Sec-Fetch-User': '?1', 'Priority': 'u=0, i'}
[17:15:29.459] [SQLiFuzz bd2] DEBUG Converted request.post_data_encoded (truncated): 
[17:15:29.459] [SQLiFuzz bd2] DEBUG Converted request.header: {'Host': 'localhost:8081', 'User-Agent': 'Mozilla/5.0 (X11; Ubuntu; Linux x86_64; rv:155.0) Gecko/20100101 Firefox/155.0', 'Accept': 'text/html,application/xhtml+xml,application/xml;q=0.9,*/*;q=0.8', 'Accept-Language': 'en-US,en;q=0.9', 'Accept-Encoding': 'gzip, deflate, br, zstd', 'Connection': 'keep-alive', 'Referer': 'http://localhost:8888/a2_filtered.php', 'Cookie': 'PHPSESSID=0d8290ddf05033f4c53fb9096583b0f1; security=impossible', 'Upgrade-Insecure-Requests': '1', 'Sec-Fetch-Dest': 'document', 'Sec-Fetch-Mode': 'navigate', 'Sec-Fetch-Site': 'same-origin', 'Sec-Fetch-User': '?1', 'Priority': 'u=0, i'}
[17:15:29.459] [SQLiFuzz bd2] DEBUG Converted request.content_type: None
127.0.0.1:36954: GET http://localhost:8081/a2_filtered.php?id=1&Submit=Submi…
              << 200 OK 155b
[17:15:29.751] [SQLiFuzz bd2] test_SQLi for GET http://localhost:8081/a2_filtered.php | ['[string (False)(None)] Sec-Fetch-Dest=document', '[string (False)(None)] Sec-Fetch-Mode=navigate', '[string (False)(None)] Sec-Fetch-Site=same-origin', '[string (False)(None)] Sec-Fetch-User=?1', '[string (False)(None)] Priority=u=0, i', '[url (False)(None)] path0=a2_filtered.php', '[int (False)(None)] id=1', '[string (False)(None)] Submit=Submit'] | None
[17:15:29.751] [SQLiFuzz bd2] Getting prepared_target_request with ID 73c for test_SQLi iteration 1/70
[17:15:29.751] [SQLiFuzz 73c] chosen_idx: 4 from 8
[17:15:29.751] [HTTPREQUEST 73c] Getting matched paramval from found values: ['?1', '1']
[17:15:29.752] [HTTPREQUEST 73c] Found matched paramval: [string (False)(None)] Sec-Fetch-User=?1
[17:15:29.752] [HTTPREQUEST 73c] Found matched paramval: [int (False)(None)] id=1
[17:15:29.752] [SQLiFuzz 73c] Prioritize to fuzz matched SQL value first: [string (False)(None)] Sec-Fetch-User=?1
[17:15:29.752] [SQLiFuzz 73c] Mutation applied. old='?1' char=''' strategy='drop' new='''
[17:15:29.752] [HTTPREQUEST 73c] Update url and body param from paramvals:
[17:15:29.752] [HTTPREQUEST None] New post_data_encoded: 
[17:15:29.752] [HTTPREQUEST None] New param encoded: Submit=Submit&id=1
[17:15:29.752] [GENERALFUNCTION 73c] ---SENDING THE REQUEST [1790975729-938f2ee3-458f-4ddd-af72-b9488433373c] TO : [GET] http://localhost:8081/a2_filtered.php?Submit=Submit&id=1
[17:15:29.752] [GENERALFUNCTION 73c] Post data encoded: 
[17:15:29.752] [GENERALFUNCTION 73c] Adjusted Referer to http://localhost:8081/a2_filtered.php
[17:15:29.752] [GENERALFUNCTION 73c] DEBUG OUTGOING request.full_url: http://localhost:8081/a2_filtered.php?Submit=Submit&id=1
[17:15:29.752] [GENERALFUNCTION 73c] DEBUG OUTGOING headers: {'Host': 'localhost:8081', 'User-Agent': 'Mozilla/5.0 (X11; Ubuntu; Linux x86_64; rv:155.0) Gecko/20100101 Firefox/155.0', 'Accept': 'text/html,application/xhtml+xml,application/xml;q=0.9,*/*;q=0.8', 'Accept-Language': 'en-US,en;q=0.9', 'Accept-Encoding': 'gzip, deflate, br, zstd', 'Connection': 'keep-alive', 'Referer': 'http://localhost:8081/a2_filtered.php', 'Cookie': 'PHPSESSID=0d8290ddf05033f4c53fb9096583b0f1; security=impossible', 'Upgrade-Insecure-Requests': '1', 'Sec-Fetch-Dest': 'document', 'Sec-Fetch-Mode': 'navigate', 'Sec-Fetch-Site': 'same-origin', 'Sec-Fetch-User': "'", 'Priority': 'u=0, i'}
[17:15:29.752] [GENERALFUNCTION 73c] DEBUG OUTGOING post_data_encoded (truncated): 
[17:15:29.794] [SQLiFuzz 73c] Response status: 200
[17:15:29.795] [SQLiFuzz 73c] Response URL: http://localhost:8081/a2_filtered.php?Submit=Submit&id=1
[17:15:29.795] [SQLiFuzz 73c] Was redirected: False
[17:15:29.795] [SQLiFuzz 73c] Getting response: <!doctype html>
<html>
<body>
<form method="GET">
  <label>User ID: <input type="text" name="id"></label>
  <input type="submit" name="Submit" value="Submit">
</form>
<pre>ROWS=1</pre></body>
</html>

[17:15:30.795] [SQLAnalysis] Read 2 new lines from SQL log file.
[17:15:30.795] [SQLAnalysis] Appended 2 parsed entries.
[17:15:30.796] [SQLAnalysis 73c] Extracted 461 Logs 2026-10-02 21:15:30.796063: [{'timestamp': '2026-10-02 21:15:29,780974', 'level': 'INFO', 'ip': '172.18.0.5', 'port': 33142, 'sql': 'SELECT first_name, last_name FROM users WHERE user_id = 1 *#*#Result Set'}]
[17:15:30.796] [SQLAnalysis 73c] Updated param pairs: {'looked_value': "'"}
[17:15:30.796] [SQLAnalysis 73c] Looked timestamp 2026-10-02 21:15:29.752773 -- 2026-10-02 21:15:29.791470
[17:15:30.799] [SQLAnalysis 73c] query_array to be checked: ['use', 'db']
[17:15:30.799] [SQLAnalysis 73c] normalized_query_array: ['use', 'db']
[17:15:30.799] [SQLAnalysis 73c] query_array to be checked: ['select', 'first_name', 'last_name', 'from', 'users', 'where', 'user_id', '=', '1']
[17:15:30.799] [SQLAnalysis 73c] normalized_query_array: ['select', 'firstname', 'lastname', 'from', 'users', 'where', 'userid', '', '1']
[17:15:30.799] [SQLiFuzz 73c] No weird chars exist: GET http://localhost:8081/a2_filtered.php | ['[string (False)(None)] Sec-Fetch-Dest=document', '[string (False)(None)] Sec-Fetch-Mode=navigate', '[string (False)(None)] Sec-Fetch-Site=same-origin', "[string (False)(None)] Sec-Fetch-User='", '[string (False)(None)] Priority=u=0, i', '[url (False)(None)] path0=a2_filtered.php', '[int (False)(None)] id=1', '[string (False)(None)] Submit=Submit'] | None
[17:15:30.799] [SQLiFuzz bd2] Getting prepared_target_request with ID d5c for test_SQLi iteration 2/70
[17:15:30.799] [SQLiFuzz d5c] chosen_idx: 3 from 8
[17:15:30.799] [HTTPREQUEST d5c] Getting matched paramval from found values: ['?1', '1']
[17:15:30.800] [HTTPREQUEST d5c] Found matched paramval: [string (False)(None)] Sec-Fetch-User=?1
[17:15:30.800] [HTTPREQUEST d5c] Found matched paramval: [int (False)(None)] id=1
[17:15:30.800] [SQLiFuzz d5c] Prioritize to fuzz matched SQL value first: [int (False)(None)] id=1
[17:15:30.800] [SQLiFuzz d5c] Mutation applied. old='1' char=''' strategy='tail' new='1''
[17:15:30.800] [HTTPREQUEST d5c] Update url and body param from paramvals:
[17:15:30.800] [HTTPREQUEST None] New post_data_encoded: 
[17:15:30.800] [HTTPREQUEST None] New param encoded: Submit=Submit&id=1%27
[17:15:30.800] [GENERALFUNCTION d5c] ---SENDING THE REQUEST [1790975730-4aeedbfa-eac9-4c60-9dc6-7819a17a4d5c] TO : [GET] http://localhost:8081/a2_filtered.php?Submit=Submit&id=1%27
[17:15:30.800] [GENERALFUNCTION d5c] Post data encoded: 
[17:15:30.800] [GENERALFUNCTION d5c] Adjusted Referer to http://localhost:8081/a2_filtered.php
[17:15:30.800] [GENERALFUNCTION d5c] DEBUG OUTGOING request.full_url: http://localhost:8081/a2_filtered.php?Submit=Submit&id=1%27
[17:15:30.800] [GENERALFUNCTION d5c] DEBUG OUTGOING headers: {'Host': 'localhost:8081', 'User-Agent': 'Mozilla/5.0 (X11; Ubuntu; Linux x86_64; rv:155.0) Gecko/20100101 Firefox/155.0', 'Accept': 'text/html,application/xhtml+xml,application/xml;q=0.9,*/*;q=0.8', 'Accept-Language': 'en-US,en;q=0.9', 'Accept-Encoding': 'gzip, deflate, br, zstd', 'Connection': 'keep-alive', 'Referer': 'http://localhost:8081/a2_filtered.php', 'Cookie': 'PHPSESSID=0d8290ddf05033f4c53fb9096583b0f1; security=impossible', 'Upgrade-Insecure-Requests': '1', 'Sec-Fetch-Dest': 'document', 'Sec-Fetch-Mode': 'navigate', 'Sec-Fetch-Site': 'same-origin', 'Sec-Fetch-User': '?1', 'Priority': 'u=0, i'}
[17:15:30.800] [GENERALFUNCTION d5c] DEBUG OUTGOING post_data_encoded (truncated): 
[17:15:30.823] [SQLiFuzz d5c] Response status: 200
[17:15:30.823] [SQLiFuzz d5c] Response URL: http://localhost:8081/a2_filtered.php?Submit=Submit&id=1%27
[17:15:30.823] [SQLiFuzz d5c] Was redirected: False
[17:15:30.823] [SQLiFuzz d5c] Getting response: <!doctype html>
<html>
<body>
<form method="GET">
  <label>User ID: <input type="text" name="id"></label>
  <input type="submit" name="Submit" value="Submit">
</form>
<pre>INPUT REJECTED</pre>
[17:15:31.823] [SQLAnalysis] Read 1 new lines from SQL log file.
[17:15:31.824] [SQLAnalysis] Appended 1 parsed entries.
[17:15:31.824] [SQLAnalysis d5c] Extracted 462 Logs 2026-10-02 21:15:31.824651: [{'timestamp': '2026-10-02 21:15:30,810311', 'level': 'INFO', 'ip': '172.18.0.5', 'port': 33166, 'sql': 'USE db *#*#OK'}]
[17:15:31.824] [SQLAnalysis d5c] Updated param pairs: {'looked_value': "1'"}
[17:15:31.824] [SQLAnalysis d5c] Looked timestamp 2026-10-02 21:15:30.800689 -- 2026-10-02 21:15:30.819783
[17:15:31.827] [SQLAnalysis d5c] query_array to be checked: ['use', 'db']
[17:15:31.828] [SQLAnalysis d5c] normalized_query_array: ['use', 'db']
[17:15:31.828] [SQLiFuzz d5c] No weird chars exist: GET http://localhost:8081/a2_filtered.php | ['[string (False)(None)] Sec-Fetch-Dest=document', '[string (False)(None)] Sec-Fetch-Mode=navigate', '[string (False)(None)] Sec-Fetch-Site=same-origin', '[string (False)(None)] Sec-Fetch-User=?1', '[string (False)(None)] Priority=u=0, i', '[url (False)(None)] path0=a2_filtered.php', "[int (False)(None)] id=1'", '[string (False)(None)] Submit=Submit'] | None
[17:15:31.828] [SQLiFuzz bd2] Getting prepared_target_request with ID 6b5 for test_SQLi iteration 3/70
[17:15:31.828] [SQLiFuzz 6b5] chosen_idx: 5 from 8
[17:15:31.828] [HTTPREQUEST 6b5] Getting matched paramval from found values: ['?1', '1']
[17:15:31.828] [HTTPREQUEST 6b5] Found matched paramval: [string (False)(None)] Sec-Fetch-User=?1
[17:15:31.828] [HTTPREQUEST 6b5] Found matched paramval: [int (False)(None)] id=1
[17:15:31.828] [SQLiFuzz 6b5] Prioritize to fuzz matched SQL value first: [int (False)(None)] id=1
[17:15:31.828] [SQLiFuzz 6b5] Mutation applied. old='1' char=''' strategy='front' new=''1'
[17:15:31.828] [HTTPREQUEST 6b5] Update url and body param from paramvals:
[17:15:31.828] [HTTPREQUEST None] New post_data_encoded: 
[17:15:31.828] [HTTPREQUEST None] New param encoded: Submit=Submit&id=%271
[17:15:31.828] [GENERALFUNCTION 6b5] ---SENDING THE REQUEST [1790975731-6496dd9c-6e44-4b7d-a4dc-32fef29526b5] TO : [GET] http://localhost:8081/a2_filtered.php?Submit=Submit&id=%271
[17:15:31.829] [GENERALFUNCTION 6b5] Post data encoded: 
[17:15:31.829] [GENERALFUNCTION 6b5] Adjusted Referer to http://localhost:8081/a2_filtered.php
[17:15:31.829] [GENERALFUNCTION 6b5] DEBUG OUTGOING request.full_url: http://localhost:8081/a2_filtered.php?Submit=Submit&id=%271
[17:15:31.829] [GENERALFUNCTION 6b5] DEBUG OUTGOING headers: {'Host': 'localhost:8081', 'User-Agent': 'Mozilla/5.0 (X11; Ubuntu; Linux x86_64; rv:155.0) Gecko/20100101 Firefox/155.0', 'Accept': 'text/html,application/xhtml+xml,application/xml;q=0.9,*/*;q=0.8', 'Accept-Language': 'en-US,en;q=0.9', 'Accept-Encoding': 'gzip, deflate, br, zstd', 'Connection': 'keep-alive', 'Referer': 'http://localhost:8081/a2_filtered.php', 'Cookie': 'PHPSESSID=0d8290ddf05033f4c53fb9096583b0f1; security=impossible', 'Upgrade-Insecure-Requests': '1', 'Sec-Fetch-Dest': 'document', 'Sec-Fetch-Mode': 'navigate', 'Sec-Fetch-Site': 'same-origin', 'Sec-Fetch-User': '?1', 'Priority': 'u=0, i'}
[17:15:31.829] [GENERALFUNCTION 6b5] DEBUG OUTGOING post_data_encoded (truncated): 
[17:15:31.852] [SQLiFuzz 6b5] Response status: 200
[17:15:31.852] [SQLiFuzz 6b5] Response URL: http://localhost:8081/a2_filtered.php?Submit=Submit&id=%271
[17:15:31.852] [SQLiFuzz 6b5] Was redirected: False
[17:15:31.852] [SQLiFuzz 6b5] Getting response: <!doctype html>
<html>
<body>
<form method="GET">
  <label>User ID: <input type="text" name="id"></label>
  <input type="submit" name="Submit" value="Submit">
</form>
<pre>INPUT REJECTED</pre>
[17:15:32.853] [SQLAnalysis] Read 1 new lines from SQL log file.
[17:15:32.853] [SQLAnalysis] Appended 1 parsed entries.
[17:15:32.853] [SQLAnalysis 6b5] Extracted 463 Logs 2026-10-02 21:15:32.853557: [{'timestamp': '2026-10-02 21:15:31,842385', 'level': 'INFO', 'ip': '172.18.0.5', 'port': 54444, 'sql': 'USE db *#*#OK'}]
[17:15:32.853] [SQLAnalysis 6b5] Updated param pairs: {'looked_value': "'1"}
[17:15:32.853] [SQLAnalysis 6b5] Looked timestamp 2026-10-02 21:15:31.829288 -- 2026-10-02 21:15:31.849047
[17:15:32.856] [SQLAnalysis 6b5] query_array to be checked: ['use', 'db']
[17:15:32.856] [SQLAnalysis 6b5] normalized_query_array: ['use', 'db']
[17:15:32.856] [SQLiFuzz 6b5] No weird chars exist: GET http://localhost:8081/a2_filtered.php | ['[string (False)(None)] Sec-Fetch-Dest=document', '[string (False)(None)] Sec-Fetch-Mode=navigate', '[string (False)(None)] Sec-Fetch-Site=same-origin', '[string (False)(None)] Sec-Fetch-User=?1', '[string (False)(None)] Priority=u=0, i', '[url (False)(None)] path0=a2_filtered.php', "[int (False)(None)] id='1", '[string (False)(None)] Submit=Submit'] | None
[17:15:32.857] [SQLiFuzz bd2] Getting prepared_target_request with ID 2ee for test_SQLi iteration 4/70
[17:15:32.857] [SQLiFuzz 2ee] chosen_idx: 5 from 8
[17:15:32.857] [HTTPREQUEST 2ee] Getting matched paramval from found values: ['?1', '1']
[17:15:32.857] [HTTPREQUEST 2ee] Found matched paramval: [string (False)(None)] Sec-Fetch-User=?1
[17:15:32.857] [HTTPREQUEST 2ee] Found matched paramval: [int (False)(None)] id=1
[17:15:32.857] [SQLiFuzz 2ee] Prioritize to fuzz matched SQL value first: [int (False)(None)] id=1
[17:15:32.857] [SQLiFuzz 2ee] Mutation applied. old='1' char='*' strategy='drop' new='*'
[17:15:32.857] [HTTPREQUEST 2ee] Update url and body param from paramvals:
[17:15:32.857] [HTTPREQUEST None] New post_data_encoded: 
[17:15:32.857] [HTTPREQUEST None] New param encoded: Submit=Submit&id=%2A
[17:15:32.857] [GENERALFUNCTION 2ee] ---SENDING THE REQUEST [1790975732-cdbde94e-e719-401e-8eea-103a96c492ee] TO : [GET] http://localhost:8081/a2_filtered.php?Submit=Submit&id=%2A
[17:15:32.857] [GENERALFUNCTION 2ee] Post data encoded: 
[17:15:32.857] [GENERALFUNCTION 2ee] Adjusted Referer to http://localhost:8081/a2_filtered.php
[17:15:32.857] [GENERALFUNCTION 2ee] DEBUG OUTGOING request.full_url: http://localhost:8081/a2_filtered.php?Submit=Submit&id=%2A
[17:15:32.857] [GENERALFUNCTION 2ee] DEBUG OUTGOING headers: {'Host': 'localhost:8081', 'User-Agent': 'Mozilla/5.0 (X11; Ubuntu; Linux x86_64; rv:155.0) Gecko/20100101 Firefox/155.0', 'Accept': 'text/html,application/xhtml+xml,application/xml;q=0.9,*/*;q=0.8', 'Accept-Language': 'en-US,en;q=0.9', 'Accept-Encoding': 'gzip, deflate, br, zstd', 'Connection': 'keep-alive', 'Referer': 'http://localhost:8081/a2_filtered.php', 'Cookie': 'PHPSESSID=0d8290ddf05033f4c53fb9096583b0f1; security=impossible', 'Upgrade-Insecure-Requests': '1', 'Sec-Fetch-Dest': 'document', 'Sec-Fetch-Mode': 'navigate', 'Sec-Fetch-Site': 'same-origin', 'Sec-Fetch-User': '?1', 'Priority': 'u=0, i'}
[17:15:32.857] [GENERALFUNCTION 2ee] DEBUG OUTGOING post_data_encoded (truncated): 
[17:15:32.875] [SQLiFuzz 2ee] Response status: 200
[17:15:32.875] [SQLiFuzz 2ee] Response URL: http://localhost:8081/a2_filtered.php?Submit=Submit&id=%2A
[17:15:32.875] [SQLiFuzz 2ee] Was redirected: False
[17:15:32.875] [SQLiFuzz 2ee] Getting response: <!doctype html>
<html>
<body>
<form method="GET">
  <label>User ID: <input type="text" name="id"></label>
  <input type="submit" name="Submit" value="Submit">
</form>
<pre>INPUT REJECTED</pre>
[17:15:33.876] [SQLAnalysis] Read 1 new lines from SQL log file.
[17:15:33.876] [SQLAnalysis] Appended 1 parsed entries.
[17:15:33.877] [SQLAnalysis 2ee] Extracted 464 Logs 2026-10-02 21:15:33.876984: [{'timestamp': '2026-10-02 21:15:32,867296', 'level': 'INFO', 'ip': '172.18.0.5', 'port': 54468, 'sql': 'USE db *#*#OK'}]
[17:15:33.877] [SQLAnalysis 2ee] Updated param pairs: {'looked_value': '*'}
[17:15:33.877] [SQLAnalysis 2ee] Looked timestamp 2026-10-02 21:15:32.857705 -- 2026-10-02 21:15:32.872653
[17:15:33.883] [SQLAnalysis 2ee] query_array to be checked: ['use', 'db']
[17:15:33.883] [SQLAnalysis 2ee] normalized_query_array: ['use', 'db']
[17:15:33.883] [SQLiFuzz 2ee] No weird chars exist: GET http://localhost:8081/a2_filtered.php | ['[string (False)(None)] Sec-Fetch-Dest=document', '[string (False)(None)] Sec-Fetch-Mode=navigate', '[string (False)(None)] Sec-Fetch-Site=same-origin', '[string (False)(None)] Sec-Fetch-User=?1', '[string (False)(None)] Priority=u=0, i', '[url (False)(None)] path0=a2_filtered.php', '[int (False)(None)] id=*', '[string (False)(None)] Submit=Submit'] | None
[17:15:33.884] [SQLiFuzz bd2] Getting prepared_target_request with ID 55d for test_SQLi iteration 5/70
[17:15:33.884] [SQLiFuzz 55d] chosen_idx: 6 from 8
[17:15:33.884] [HTTPREQUEST 55d] Getting matched paramval from found values: ['?1', '1']
[17:15:33.884] [HTTPREQUEST 55d] Found matched paramval: [string (False)(None)] Sec-Fetch-User=?1
[17:15:33.884] [HTTPREQUEST 55d] Found matched paramval: [int (False)(None)] id=1
[17:15:33.885] [SQLiFuzz 55d] Prioritize to fuzz matched SQL value first: [int (False)(None)] id=1
[17:15:33.885] [SQLiFuzz 55d] Mutation applied. old='1' char='*' strategy='tail' new='1*'
[17:15:33.885] [HTTPREQUEST 55d] Update url and body param from paramvals:
[17:15:33.885] [HTTPREQUEST None] New post_data_encoded: 
[17:15:33.885] [HTTPREQUEST None] New param encoded: Submit=Submit&id=1%2A
[17:15:33.885] [GENERALFUNCTION 55d] ---SENDING THE REQUEST [1790975733-5fc55c17-3bf5-4f56-9ff9-c66eda9de55d] TO : [GET] http://localhost:8081/a2_filtered.php?Submit=Submit&id=1%2A
[17:15:33.885] [GENERALFUNCTION 55d] Post data encoded: 
[17:15:33.885] [GENERALFUNCTION 55d] Adjusted Referer to http://localhost:8081/a2_filtered.php
[17:15:33.885] [GENERALFUNCTION 55d] DEBUG OUTGOING request.full_url: http://localhost:8081/a2_filtered.php?Submit=Submit&id=1%2A
[17:15:33.886] [GENERALFUNCTION 55d] DEBUG OUTGOING headers: {'Host': 'localhost:8081', 'User-Agent': 'Mozilla/5.0 (X11; Ubuntu; Linux x86_64; rv:155.0) Gecko/20100101 Firefox/155.0', 'Accept': 'text/html,application/xhtml+xml,application/xml;q=0.9,*/*;q=0.8', 'Accept-Language': 'en-US,en;q=0.9', 'Accept-Encoding': 'gzip, deflate, br, zstd', 'Connection': 'keep-alive', 'Referer': 'http://localhost:8081/a2_filtered.php', 'Cookie': 'PHPSESSID=0d8290ddf05033f4c53fb9096583b0f1; security=impossible', 'Upgrade-Insecure-Requests': '1', 'Sec-Fetch-Dest': 'document', 'Sec-Fetch-Mode': 'navigate', 'Sec-Fetch-Site': 'same-origin', 'Sec-Fetch-User': '?1', 'Priority': 'u=0, i'}
[17:15:33.886] [GENERALFUNCTION 55d] DEBUG OUTGOING post_data_encoded (truncated): 
[17:15:33.897][127.0.0.1:36954] server disconnect localhost:8081 (127.0.0.1:8081)
[17:15:33.917] [SQLiFuzz 55d] Response status: 200
[17:15:33.917] [SQLiFuzz 55d] Response URL: http://localhost:8081/a2_filtered.php?Submit=Submit&id=1%2A
[17:15:33.917] [SQLiFuzz 55d] Was redirected: False
[17:15:33.917] [SQLiFuzz 55d] Getting response: <!doctype html>
<html>
<body>
<form method="GET">
  <label>User ID: <input type="text" name="id"></label>
  <input type="submit" name="Submit" value="Submit">
</form>
<pre>INPUT REJECTED</pre>
[17:15:34.917] [SQLAnalysis] Read 1 new lines from SQL log file.
[17:15:34.918] [SQLAnalysis] Appended 1 parsed entries.
[17:15:34.918] [SQLAnalysis 55d] Extracted 465 Logs 2026-10-02 21:15:34.918103: [{'timestamp': '2026-10-02 21:15:33,904595', 'level': 'INFO', 'ip': '172.18.0.5', 'port': 54494, 'sql': 'USE db *#*#OK'}]
[17:15:34.918] [SQLAnalysis 55d] Updated param pairs: {'looked_value': '1*'}
[17:15:34.918] [SQLAnalysis 55d] Looked timestamp 2026-10-02 21:15:33.886643 -- 2026-10-02 21:15:33.914076
[17:15:34.922] [SQLAnalysis 55d] query_array to be checked: ['use', 'db']
[17:15:34.922] [SQLAnalysis 55d] normalized_query_array: ['use', 'db']
[17:15:34.922] [SQLiFuzz 55d] No weird chars exist: GET http://localhost:8081/a2_filtered.php | ['[string (False)(None)] Sec-Fetch-Dest=document', '[string (False)(None)] Sec-Fetch-Mode=navigate', '[string (False)(None)] Sec-Fetch-Site=same-origin', '[string (False)(None)] Sec-Fetch-User=?1', '[string (False)(None)] Priority=u=0, i', '[url (False)(None)] path0=a2_filtered.php', '[int (False)(None)] id=1*', '[string (False)(None)] Submit=Submit'] | None
[17:15:34.922] [SQLiFuzz bd2] Getting prepared_target_request with ID 6ea for test_SQLi iteration 6/70
[17:15:34.922] [SQLiFuzz 6ea] chosen_idx: 4 from 8
[17:15:34.923] [HTTPREQUEST 6ea] Getting matched paramval from found values: ['?1', '1']
[17:15:34.923] [HTTPREQUEST 6ea] Found matched paramval: [string (False)(None)] Sec-Fetch-User=?1
[17:15:34.923] [HTTPREQUEST 6ea] Found matched paramval: [int (False)(None)] id=1
[17:15:34.923] [SQLiFuzz 6ea] Prioritize to fuzz matched SQL value first: [int (False)(None)] id=1
[17:15:34.923] [SQLiFuzz 6ea] Mutation applied. old='1' char='*' strategy='front' new='*1'
[17:15:34.923] [HTTPREQUEST 6ea] Update url and body param from paramvals:
[17:15:34.923] [HTTPREQUEST None] New post_data_encoded: 
[17:15:34.923] [HTTPREQUEST None] New param encoded: Submit=Submit&id=%2A1
[17:15:34.923] [GENERALFUNCTION 6ea] ---SENDING THE REQUEST [1790975734-5e0540b1-a943-46b0-ba9b-dd73a02b16ea] TO : [GET] http://localhost:8081/a2_filtered.php?Submit=Submit&id=%2A1
[17:15:34.923] [GENERALFUNCTION 6ea] Post data encoded: 
[17:15:34.923] [GENERALFUNCTION 6ea] Adjusted Referer to http://localhost:8081/a2_filtered.php
[17:15:34.923] [GENERALFUNCTION 6ea] DEBUG OUTGOING request.full_url: http://localhost:8081/a2_filtered.php?Submit=Submit&id=%2A1
[17:15:34.924] [GENERALFUNCTION 6ea] DEBUG OUTGOING headers: {'Host': 'localhost:8081', 'User-Agent': 'Mozilla/5.0 (X11; Ubuntu; Linux x86_64; rv:155.0) Gecko/20100101 Firefox/155.0', 'Accept': 'text/html,application/xhtml+xml,application/xml;q=0.9,*/*;q=0.8', 'Accept-Language': 'en-US,en;q=0.9', 'Accept-Encoding': 'gzip, deflate, br, zstd', 'Connection': 'keep-alive', 'Referer': 'http://localhost:8081/a2_filtered.php', 'Cookie': 'PHPSESSID=0d8290ddf05033f4c53fb9096583b0f1; security=impossible', 'Upgrade-Insecure-Requests': '1', 'Sec-Fetch-Dest': 'document', 'Sec-Fetch-Mode': 'navigate', 'Sec-Fetch-Site': 'same-origin', 'Sec-Fetch-User': '?1', 'Priority': 'u=0, i'}
[17:15:34.924] [GENERALFUNCTION 6ea] DEBUG OUTGOING post_data_encoded (truncated): 
[17:15:34.950] [SQLiFuzz 6ea] Response status: 200
[17:15:34.950] [SQLiFuzz 6ea] Response URL: http://localhost:8081/a2_filtered.php?Submit=Submit&id=%2A1
[17:15:34.950] [SQLiFuzz 6ea] Was redirected: False
[17:15:34.950] [SQLiFuzz 6ea] Getting response: <!doctype html>
<html>
<body>
<form method="GET">
  <label>User ID: <input type="text" name="id"></label>
  <input type="submit" name="Submit" value="Submit">
</form>
<pre>INPUT REJECTED</pre>
[17:15:35.951] [SQLAnalysis] Read 1 new lines from SQL log file.
[17:15:35.951] [SQLAnalysis] Appended 1 parsed entries.
[17:15:35.951] [SQLAnalysis 6ea] Extracted 466 Logs 2026-10-02 21:15:35.951672: [{'timestamp': '2026-10-02 21:15:34,937769', 'level': 'INFO', 'ip': '172.18.0.5', 'port': 54500, 'sql': 'USE db *#*#OK'}]
[17:15:35.951] [SQLAnalysis 6ea] Updated param pairs: {'looked_value': '*1'}
[17:15:35.952] [SQLAnalysis 6ea] Looked timestamp 2026-10-02 21:15:34.924171 -- 2026-10-02 21:15:34.946973
[17:15:35.958] [SQLAnalysis 6ea] query_array to be checked: ['use', 'db']
[17:15:35.958] [SQLAnalysis 6ea] normalized_query_array: ['use', 'db']
[17:15:35.958] [SQLiFuzz 6ea] No weird chars exist: GET http://localhost:8081/a2_filtered.php | ['[string (False)(None)] Sec-Fetch-Dest=document', '[string (False)(None)] Sec-Fetch-Mode=navigate', '[string (False)(None)] Sec-Fetch-Site=same-origin', '[string (False)(None)] Sec-Fetch-User=?1', '[string (False)(None)] Priority=u=0, i', '[url (False)(None)] path0=a2_filtered.php', '[int (False)(None)] id=*1', '[string (False)(None)] Submit=Submit'] | None
[17:15:35.959] [SQLiFuzz bd2] Getting prepared_target_request with ID cec for test_SQLi iteration 7/70
[17:15:35.959] [SQLiFuzz cec] chosen_idx: 6 from 8
[17:15:35.959] [HTTPREQUEST cec] Getting matched paramval from found values: ['?1', '1']
[17:15:35.959] [HTTPREQUEST cec] Found matched paramval: [string (False)(None)] Sec-Fetch-User=?1
[17:15:35.959] [HTTPREQUEST cec] Found matched paramval: [int (False)(None)] id=1
[17:15:35.959] [SQLiFuzz cec] Prioritize to fuzz matched SQL value first: [int (False)(None)] id=1
[17:15:35.959] [SQLiFuzz cec] Mutation applied. old='1' char='@' strategy='drop' new='@'
[17:15:35.959] [HTTPREQUEST cec] Update url and body param from paramvals:
[17:15:35.960] [HTTPREQUEST None] New post_data_encoded: 
[17:15:35.960] [HTTPREQUEST None] New param encoded: Submit=Submit&id=%40
[17:15:35.960] [GENERALFUNCTION cec] ---SENDING THE REQUEST [1790975735-fdd037f1-aa42-423e-ae1f-16a87f659cec] TO : [GET] http://localhost:8081/a2_filtered.php?Submit=Submit&id=%40
[17:15:35.960] [GENERALFUNCTION cec] Post data encoded: 
[17:15:35.960] [GENERALFUNCTION cec] Adjusted Referer to http://localhost:8081/a2_filtered.php
[17:15:35.960] [GENERALFUNCTION cec] DEBUG OUTGOING request.full_url: http://localhost:8081/a2_filtered.php?Submit=Submit&id=%40
[17:15:35.960] [GENERALFUNCTION cec] DEBUG OUTGOING headers: {'Host': 'localhost:8081', 'User-Agent': 'Mozilla/5.0 (X11; Ubuntu; Linux x86_64; rv:155.0) Gecko/20100101 Firefox/155.0', 'Accept': 'text/html,application/xhtml+xml,application/xml;q=0.9,*/*;q=0.8', 'Accept-Language': 'en-US,en;q=0.9', 'Accept-Encoding': 'gzip, deflate, br, zstd', 'Connection': 'keep-alive', 'Referer': 'http://localhost:8081/a2_filtered.php', 'Cookie': 'PHPSESSID=0d8290ddf05033f4c53fb9096583b0f1; security=impossible', 'Upgrade-Insecure-Requests': '1', 'Sec-Fetch-Dest': 'document', 'Sec-Fetch-Mode': 'navigate', 'Sec-Fetch-Site': 'same-origin', 'Sec-Fetch-User': '?1', 'Priority': 'u=0, i'}
[17:15:35.960] [GENERALFUNCTION cec] DEBUG OUTGOING post_data_encoded (truncated): 
[17:15:35.971][127.0.0.1:36954] client disconnect
[17:15:35.988] [SQLiFuzz cec] Response status: 200
[17:15:35.989] [SQLiFuzz cec] Response URL: http://localhost:8081/a2_filtered.php?Submit=Submit&id=%40
[17:15:35.989] [SQLiFuzz cec] Was redirected: False
[17:15:35.989] [SQLiFuzz cec] Getting response: <!doctype html>
<html>
<body>
<form method="GET">
  <label>User ID: <input type="text" name="id"></label>
  <input type="submit" name="Submit" value="Submit">
</form>
<pre>INPUT REJECTED</pre>
[17:15:36.990] [SQLAnalysis] Read 1 new lines from SQL log file.
[17:15:36.990] [SQLAnalysis] Appended 1 parsed entries.
[17:15:36.990] [SQLAnalysis cec] Extracted 467 Logs 2026-10-02 21:15:36.990611: [{'timestamp': '2026-10-02 21:15:35,976773', 'level': 'INFO', 'ip': '172.18.0.5', 'port': 54518, 'sql': 'USE db *#*#OK'}]
[17:15:36.990] [SQLAnalysis cec] Updated param pairs: {'looked_value': '@'}
[17:15:36.990] [SQLAnalysis cec] Looked timestamp 2026-10-02 21:15:35.960944 -- 2026-10-02 21:15:35.985676
[17:15:36.998] [SQLAnalysis cec] query_array to be checked: ['use', 'db']
[17:15:36.999] [SQLAnalysis cec] normalized_query_array: ['use', 'db']
[17:15:36.999] [SQLiFuzz cec] No weird chars exist: GET http://localhost:8081/a2_filtered.php | ['[string (False)(None)] Sec-Fetch-Dest=document', '[string (False)(None)] Sec-Fetch-Mode=navigate', '[string (False)(None)] Sec-Fetch-Site=same-origin', '[string (False)(None)] Sec-Fetch-User=?1', '[string (False)(None)] Priority=u=0, i', '[url (False)(None)] path0=a2_filtered.php', '[int (False)(None)] id=@', '[string (False)(None)] Submit=Submit'] | None
[17:15:36.999] [SQLiFuzz bd2] Getting prepared_target_request with ID 0d8 for test_SQLi iteration 8/70
[17:15:36.999] [SQLiFuzz 0d8] chosen_idx: 7 from 8
[17:15:36.999] [HTTPREQUEST 0d8] Getting matched paramval from found values: ['?1', '1']
[17:15:37.000] [HTTPREQUEST 0d8] Found matched paramval: [string (False)(None)] Sec-Fetch-User=?1
[17:15:37.000] [HTTPREQUEST 0d8] Found matched paramval: [int (False)(None)] id=1
[17:15:37.000] [SQLiFuzz 0d8] Prioritize to fuzz matched SQL value first: [int (False)(None)] id=1
[17:15:37.000] [SQLiFuzz 0d8] Mutation applied. old='1' char='.' strategy='drop' new='.'
[17:15:37.000] [HTTPREQUEST 0d8] Update url and body param from paramvals:
[17:15:37.000] [HTTPREQUEST None] New post_data_encoded: 
[17:15:37.000] [HTTPREQUEST None] New param encoded: Submit=Submit&id=.
[17:15:37.000] [GENERALFUNCTION 0d8] ---SENDING THE REQUEST [1790975736-97125b92-7fd5-4723-a074-f8e338daf0d8] TO : [GET] http://localhost:8081/a2_filtered.php?Submit=Submit&id=.
[17:15:37.000] [GENERALFUNCTION 0d8] Post data encoded: 
[17:15:37.000] [GENERALFUNCTION 0d8] Adjusted Referer to http://localhost:8081/a2_filtered.php
[17:15:37.001] [GENERALFUNCTION 0d8] DEBUG OUTGOING request.full_url: http://localhost:8081/a2_filtered.php?Submit=Submit&id=.
[17:15:37.001] [GENERALFUNCTION 0d8] DEBUG OUTGOING headers: {'Host': 'localhost:8081', 'User-Agent': 'Mozilla/5.0 (X11; Ubuntu; Linux x86_64; rv:155.0) Gecko/20100101 Firefox/155.0', 'Accept': 'text/html,application/xhtml+xml,application/xml;q=0.9,*/*;q=0.8', 'Accept-Language': 'en-US,en;q=0.9', 'Accept-Encoding': 'gzip, deflate, br, zstd', 'Connection': 'keep-alive', 'Referer': 'http://localhost:8081/a2_filtered.php', 'Cookie': 'PHPSESSID=0d8290ddf05033f4c53fb9096583b0f1; security=impossible', 'Upgrade-Insecure-Requests': '1', 'Sec-Fetch-Dest': 'document', 'Sec-Fetch-Mode': 'navigate', 'Sec-Fetch-Site': 'same-origin', 'Sec-Fetch-User': '?1', 'Priority': 'u=0, i'}
[17:15:37.001] [GENERALFUNCTION 0d8] DEBUG OUTGOING post_data_encoded (truncated): 
[17:15:37.040] [SQLiFuzz 0d8] Response status: 200
[17:15:37.040] [SQLiFuzz 0d8] Response URL: http://localhost:8081/a2_filtered.php?Submit=Submit&id=.
[17:15:37.040] [SQLiFuzz 0d8] Was redirected: False
[17:15:37.040] [SQLiFuzz 0d8] Getting response: <!doctype html>
<html>
<body>
<form method="GET">
  <label>User ID: <input type="text" name="id"></label>
  <input type="submit" name="Submit" value="Submit">
</form>
<pre>INPUT REJECTED</pre>
[17:15:38.041] [SQLAnalysis] Read 1 new lines from SQL log file.
[17:15:38.041] [SQLAnalysis] Appended 1 parsed entries.
[17:15:38.041] [SQLAnalysis 0d8] Extracted 468 Logs 2026-10-02 21:15:38.041883: [{'timestamp': '2026-10-02 21:15:37,023834', 'level': 'INFO', 'ip': '172.18.0.5', 'port': 54542, 'sql': 'USE db *#*#OK'}]
[17:15:38.042] [SQLAnalysis 0d8] Updated param pairs: {'looked_value': '.'}
[17:15:38.042] [SQLAnalysis 0d8] Looked timestamp 2026-10-02 21:15:37.001488 -- 2026-10-02 21:15:37.037150
[17:15:38.049] [SQLAnalysis 0d8] query_array to be checked: ['use', 'db']
[17:15:38.050] [SQLAnalysis 0d8] normalized_query_array: ['use', 'db']
[17:15:38.050] [SQLiFuzz 0d8] No weird chars exist: GET http://localhost:8081/a2_filtered.php | ['[string (False)(None)] Sec-Fetch-Dest=document', '[string (False)(None)] Sec-Fetch-Mode=navigate', '[string (False)(None)] Sec-Fetch-Site=same-origin', '[string (False)(None)] Sec-Fetch-User=?1', '[string (False)(None)] Priority=u=0, i', '[url (False)(None)] path0=a2_filtered.php', '[int (False)(None)] id=.', '[string (False)(None)] Submit=Submit'] | None
[17:15:38.050] [SQLiFuzz bd2] Getting prepared_target_request with ID 610 for test_SQLi iteration 9/70
[17:15:38.050] [SQLiFuzz 610] chosen_idx: 5 from 8
[17:15:38.050] [HTTPREQUEST 610] Getting matched paramval from found values: ['?1', '1']
[17:15:38.050] [HTTPREQUEST 610] Found matched paramval: [string (False)(None)] Sec-Fetch-User=?1
[17:15:38.051] [HTTPREQUEST 610] Found matched paramval: [int (False)(None)] id=1
[17:15:38.051] [SQLiFuzz 610] Prioritize to fuzz matched SQL value first: [int (False)(None)] id=1
[17:15:38.051] [SQLiFuzz 610] Mutation applied. old='1' char='`' strategy='drop' new='`'
[17:15:38.051] [HTTPREQUEST 610] Update url and body param from paramvals:
[17:15:38.051] [HTTPREQUEST None] New post_data_encoded: 
[17:15:38.051] [HTTPREQUEST None] New param encoded: Submit=Submit&id=%60
[17:15:38.051] [GENERALFUNCTION 610] ---SENDING THE REQUEST [1790975738-9195d73c-08e5-494e-9247-f2b9e46e5610] TO : [GET] http://localhost:8081/a2_filtered.php?Submit=Submit&id=%60
[17:15:38.051] [GENERALFUNCTION 610] Post data encoded: 
[17:15:38.051] [GENERALFUNCTION 610] Adjusted Referer to http://localhost:8081/a2_filtered.php
[17:15:38.051] [GENERALFUNCTION 610] DEBUG OUTGOING request.full_url: http://localhost:8081/a2_filtered.php?Submit=Submit&id=%60
[17:15:38.051] [GENERALFUNCTION 610] DEBUG OUTGOING headers: {'Host': 'localhost:8081', 'User-Agent': 'Mozilla/5.0 (X11; Ubuntu; Linux x86_64; rv:155.0) Gecko/20100101 Firefox/155.0', 'Accept': 'text/html,application/xhtml+xml,application/xml;q=0.9,*/*;q=0.8', 'Accept-Language': 'en-US,en;q=0.9', 'Accept-Encoding': 'gzip, deflate, br, zstd', 'Connection': 'keep-alive', 'Referer': 'http://localhost:8081/a2_filtered.php', 'Cookie': 'PHPSESSID=0d8290ddf05033f4c53fb9096583b0f1; security=impossible', 'Upgrade-Insecure-Requests': '1', 'Sec-Fetch-Dest': 'document', 'Sec-Fetch-Mode': 'navigate', 'Sec-Fetch-Site': 'same-origin', 'Sec-Fetch-User': '?1', 'Priority': 'u=0, i'}
[17:15:38.052] [GENERALFUNCTION 610] DEBUG OUTGOING post_data_encoded (truncated): 
[17:15:38.085] [SQLiFuzz 610] Response status: 200
[17:15:38.085] [SQLiFuzz 610] Response URL: http://localhost:8081/a2_filtered.php?Submit=Submit&id=%60
[17:15:38.085] [SQLiFuzz 610] Was redirected: False
[17:15:38.085] [SQLiFuzz 610] Getting response: <!doctype html>
<html>
<body>
<form method="GET">
  <label>User ID: <input type="text" name="id"></label>
  <input type="submit" name="Submit" value="Submit">
</form>
<pre>INPUT REJECTED</pre>
[17:15:39.086] [SQLAnalysis] Read 1 new lines from SQL log file.
[17:15:39.086] [SQLAnalysis] Appended 1 parsed entries.
[17:15:39.086] [SQLAnalysis 610] Extracted 469 Logs 2026-10-02 21:15:39.086818: [{'timestamp': '2026-10-02 21:15:38,067992', 'level': 'INFO', 'ip': '172.18.0.5', 'port': 54566, 'sql': 'USE db *#*#OK'}]
[17:15:39.088] [SQLAnalysis 610] Updated param pairs: {'looked_value': '`'}
[17:15:39.089] [SQLAnalysis 610] Looked timestamp 2026-10-02 21:15:38.052218 -- 2026-10-02 21:15:38.080510
[17:15:39.095] [SQLAnalysis 610] query_array to be checked: ['use', 'db']
[17:15:39.095] [SQLAnalysis 610] normalized_query_array: ['use', 'db']
[17:15:39.096] [SQLiFuzz 610] No weird chars exist: GET http://localhost:8081/a2_filtered.php | ['[string (False)(None)] Sec-Fetch-Dest=document', '[string (False)(None)] Sec-Fetch-Mode=navigate', '[string (False)(None)] Sec-Fetch-Site=same-origin', '[string (False)(None)] Sec-Fetch-User=?1', '[string (False)(None)] Priority=u=0, i', '[url (False)(None)] path0=a2_filtered.php', '[int (False)(None)] id=`', '[string (False)(None)] Submit=Submit'] | None
[17:15:39.096] [SQLiFuzz bd2] Getting prepared_target_request with ID 5e0 for test_SQLi iteration 10/70
[17:15:39.096] [SQLiFuzz 5e0] chosen_idx: 7 from 8
[17:15:39.096] [HTTPREQUEST 5e0] Getting matched paramval from found values: ['?1', '1']
[17:15:39.096] [HTTPREQUEST 5e0] Found matched paramval: [string (False)(None)] Sec-Fetch-User=?1
[17:15:39.096] [HTTPREQUEST 5e0] Found matched paramval: [int (False)(None)] id=1
[17:15:39.096] [SQLiFuzz 5e0] Prioritize to fuzz matched SQL value first: [int (False)(None)] id=1
[17:15:39.097] [SQLiFuzz 5e0] Mutation applied. old='1' char='{' strategy='tail' new='1{'
[17:15:39.097] [HTTPREQUEST 5e0] Update url and body param from paramvals:
[17:15:39.097] [HTTPREQUEST None] New post_data_encoded: 
[17:15:39.097] [HTTPREQUEST None] New param encoded: Submit=Submit&id=1%7B
[17:15:39.097] [GENERALFUNCTION 5e0] ---SENDING THE REQUEST [1790975739-5bc5c777-443c-4117-8d55-a5c7f68c75e0] TO : [GET] http://localhost:8081/a2_filtered.php?Submit=Submit&id=1%7B
[17:15:39.097] [GENERALFUNCTION 5e0] Post data encoded: 
[17:15:39.097] [GENERALFUNCTION 5e0] Adjusted Referer to http://localhost:8081/a2_filtered.php
[17:15:39.097] [GENERALFUNCTION 5e0] DEBUG OUTGOING request.full_url: http://localhost:8081/a2_filtered.php?Submit=Submit&id=1%7B
[17:15:39.097] [GENERALFUNCTION 5e0] DEBUG OUTGOING headers: {'Host': 'localhost:8081', 'User-Agent': 'Mozilla/5.0 (X11; Ubuntu; Linux x86_64; rv:155.0) Gecko/20100101 Firefox/155.0', 'Accept': 'text/html,application/xhtml+xml,application/xml;q=0.9,*/*;q=0.8', 'Accept-Language': 'en-US,en;q=0.9', 'Accept-Encoding': 'gzip, deflate, br, zstd', 'Connection': 'keep-alive', 'Referer': 'http://localhost:8081/a2_filtered.php', 'Cookie': 'PHPSESSID=0d8290ddf05033f4c53fb9096583b0f1; security=impossible', 'Upgrade-Insecure-Requests': '1', 'Sec-Fetch-Dest': 'document', 'Sec-Fetch-Mode': 'navigate', 'Sec-Fetch-Site': 'same-origin', 'Sec-Fetch-User': '?1', 'Priority': 'u=0, i'}
[17:15:39.098] [GENERALFUNCTION 5e0] DEBUG OUTGOING post_data_encoded (truncated): 
[17:15:39.131] [SQLiFuzz 5e0] Response status: 200
[17:15:39.131] [SQLiFuzz 5e0] Response URL: http://localhost:8081/a2_filtered.php?Submit=Submit&id=1%7B
[17:15:39.131] [SQLiFuzz 5e0] Was redirected: False
[17:15:39.131] [SQLiFuzz 5e0] Getting response: <!doctype html>
<html>
<body>
<form method="GET">
  <label>User ID: <input type="text" name="id"></label>
  <input type="submit" name="Submit" value="Submit">
</form>
<pre>INPUT REJECTED</pre>
[17:15:40.132] [SQLAnalysis] Read 1 new lines from SQL log file.
[17:15:40.132] [SQLAnalysis] Appended 1 parsed entries.
[17:15:40.133] [SQLAnalysis 5e0] Extracted 470 Logs 2026-10-02 21:15:40.133285: [{'timestamp': '2026-10-02 21:15:39,117119', 'level': 'INFO', 'ip': '172.18.0.5', 'port': 54582, 'sql': 'USE db *#*#OK'}]
[17:15:40.133] [SQLAnalysis 5e0] Updated param pairs: {'looked_value': '1{'}
[17:15:40.133] [SQLAnalysis 5e0] Looked timestamp 2026-10-02 21:15:39.098149 -- 2026-10-02 21:15:39.127914
[17:15:40.142] [SQLAnalysis 5e0] query_array to be checked: ['use', 'db']
[17:15:40.142] [SQLAnalysis 5e0] normalized_query_array: ['use', 'db']
[17:15:40.142] [SQLiFuzz 5e0] No weird chars exist: GET http://localhost:8081/a2_filtered.php | ['[string (False)(None)] Sec-Fetch-Dest=document', '[string (False)(None)] Sec-Fetch-Mode=navigate', '[string (False)(None)] Sec-Fetch-Site=same-origin', '[string (False)(None)] Sec-Fetch-User=?1', '[string (False)(None)] Priority=u=0, i', '[url (False)(None)] path0=a2_filtered.php', '[int (False)(None)] id=1{', '[string (False)(None)] Submit=Submit'] | None
[17:15:40.143] [SQLiFuzz bd2] Getting prepared_target_request with ID 1a2 for test_SQLi iteration 11/70
[17:15:40.143] [SQLiFuzz 1a2] chosen_idx: 4 from 8
[17:15:40.143] [HTTPREQUEST 1a2] Getting matched paramval from found values: ['?1', '1']
[17:15:40.143] [HTTPREQUEST 1a2] Found matched paramval: [string (False)(None)] Sec-Fetch-User=?1
[17:15:40.143] [HTTPREQUEST 1a2] Found matched paramval: [int (False)(None)] id=1
[17:15:40.143] [SQLiFuzz 1a2] Prioritize to fuzz matched SQL value first: [int (False)(None)] id=1
[17:15:40.143] [SQLiFuzz 1a2] Mutation applied. old='1' char=')' strategy='tail' new='1)'
[17:15:40.144] [HTTPREQUEST 1a2] Update url and body param from paramvals:
[17:15:40.144] [HTTPREQUEST None] New post_data_encoded: 
[17:15:40.144] [HTTPREQUEST None] New param encoded: Submit=Submit&id=1%29
[17:15:40.144] [GENERALFUNCTION 1a2] ---SENDING THE REQUEST [1790975740-df8eadf7-d951-4ec3-82f6-78dbe79d31a2] TO : [GET] http://localhost:8081/a2_filtered.php?Submit=Submit&id=1%29
[17:15:40.145] [GENERALFUNCTION 1a2] Post data encoded: 
[17:15:40.145] [GENERALFUNCTION 1a2] Adjusted Referer to http://localhost:8081/a2_filtered.php
[17:15:40.146] [GENERALFUNCTION 1a2] DEBUG OUTGOING request.full_url: http://localhost:8081/a2_filtered.php?Submit=Submit&id=1%29
[17:15:40.147] [GENERALFUNCTION 1a2] DEBUG OUTGOING headers: {'Host': 'localhost:8081', 'User-Agent': 'Mozilla/5.0 (X11; Ubuntu; Linux x86_64; rv:155.0) Gecko/20100101 Firefox/155.0', 'Accept': 'text/html,application/xhtml+xml,application/xml;q=0.9,*/*;q=0.8', 'Accept-Language': 'en-US,en;q=0.9', 'Accept-Encoding': 'gzip, deflate, br, zstd', 'Connection': 'keep-alive', 'Referer': 'http://localhost:8081/a2_filtered.php', 'Cookie': 'PHPSESSID=0d8290ddf05033f4c53fb9096583b0f1; security=impossible', 'Upgrade-Insecure-Requests': '1', 'Sec-Fetch-Dest': 'document', 'Sec-Fetch-Mode': 'navigate', 'Sec-Fetch-Site': 'same-origin', 'Sec-Fetch-User': '?1', 'Priority': 'u=0, i'}
[17:15:40.148] [GENERALFUNCTION 1a2] DEBUG OUTGOING post_data_encoded (truncated): 
[17:15:40.183] [SQLiFuzz 1a2] Response status: 200
[17:15:40.183] [SQLiFuzz 1a2] Response URL: http://localhost:8081/a2_filtered.php?Submit=Submit&id=1%29
[17:15:40.183] [SQLiFuzz 1a2] Was redirected: False
[17:15:40.183] [SQLiFuzz 1a2] Getting response: <!doctype html>
<html>
<body>
<form method="GET">
  <label>User ID: <input type="text" name="id"></label>
  <input type="submit" name="Submit" value="Submit">
</form>
<pre>INPUT REJECTED</pre>
[17:15:41.184] [SQLAnalysis] Read 1 new lines from SQL log file.
[17:15:41.184] [SQLAnalysis] Appended 1 parsed entries.
[17:15:41.185] [SQLAnalysis 1a2] Extracted 471 Logs 2026-10-02 21:15:41.184987: [{'timestamp': '2026-10-02 21:15:40,171350', 'level': 'INFO', 'ip': '172.18.0.5', 'port': 54590, 'sql': 'USE db *#*#OK'}]
[17:15:41.185] [SQLAnalysis 1a2] Updated param pairs: {'looked_value': '1)'}
[17:15:41.185] [SQLAnalysis 1a2] Looked timestamp 2026-10-02 21:15:40.148964 -- 2026-10-02 21:15:40.179964
[17:15:41.190] [SQLAnalysis 1a2] query_array to be checked: ['use', 'db']
[17:15:41.190] [SQLAnalysis 1a2] normalized_query_array: ['use', 'db']
[17:15:41.190] [SQLiFuzz 1a2] No weird chars exist: GET http://localhost:8081/a2_filtered.php | ['[string (False)(None)] Sec-Fetch-Dest=document', '[string (False)(None)] Sec-Fetch-Mode=navigate', '[string (False)(None)] Sec-Fetch-Site=same-origin', '[string (False)(None)] Sec-Fetch-User=?1', '[string (False)(None)] Priority=u=0, i', '[url (False)(None)] path0=a2_filtered.php', '[int (False)(None)] id=1)', '[string (False)(None)] Submit=Submit'] | None
[17:15:41.191] [SQLiFuzz bd2] Getting prepared_target_request with ID 80b for test_SQLi iteration 12/70
[17:15:41.191] [SQLiFuzz 80b] chosen_idx: 4 from 8
[17:15:41.191] [HTTPREQUEST 80b] Getting matched paramval from found values: ['?1', '1']
[17:15:41.191] [HTTPREQUEST 80b] Found matched paramval: [string (False)(None)] Sec-Fetch-User=?1
[17:15:41.191] [HTTPREQUEST 80b] Found matched paramval: [int (False)(None)] id=1
[17:15:41.191] [SQLiFuzz 80b] Prioritize to fuzz matched SQL value first: [int (False)(None)] id=1
[17:15:41.191] [SQLiFuzz 80b] Mutation applied. old='1' char='{' strategy='drop' new='{'
[17:15:41.191] [HTTPREQUEST 80b] Update url and body param from paramvals:
[17:15:41.191] [HTTPREQUEST None] New post_data_encoded: 
[17:15:41.191] [HTTPREQUEST None] New param encoded: Submit=Submit&id=%7B
[17:15:41.191] [GENERALFUNCTION 80b] ---SENDING THE REQUEST [1790975741-ec15ceaf-15ce-46df-b7b4-0efa6e42b80b] TO : [GET] http://localhost:8081/a2_filtered.php?Submit=Submit&id=%7B
[17:15:41.192] [GENERALFUNCTION 80b] Post data encoded: 
[17:15:41.192] [GENERALFUNCTION 80b] Adjusted Referer to http://localhost:8081/a2_filtered.php
[17:15:41.192] [GENERALFUNCTION 80b] DEBUG OUTGOING request.full_url: http://localhost:8081/a2_filtered.php?Submit=Submit&id=%7B
[17:15:41.192] [GENERALFUNCTION 80b] DEBUG OUTGOING headers: {'Host': 'localhost:8081', 'User-Agent': 'Mozilla/5.0 (X11; Ubuntu; Linux x86_64; rv:155.0) Gecko/20100101 Firefox/155.0', 'Accept': 'text/html,application/xhtml+xml,application/xml;q=0.9,*/*;q=0.8', 'Accept-Language': 'en-US,en;q=0.9', 'Accept-Encoding': 'gzip, deflate, br, zstd', 'Connection': 'keep-alive', 'Referer': 'http://localhost:8081/a2_filtered.php', 'Cookie': 'PHPSESSID=0d8290ddf05033f4c53fb9096583b0f1; security=impossible', 'Upgrade-Insecure-Requests': '1', 'Sec-Fetch-Dest': 'document', 'Sec-Fetch-Mode': 'navigate', 'Sec-Fetch-Site': 'same-origin', 'Sec-Fetch-User': '?1', 'Priority': 'u=0, i'}
[17:15:41.192] [GENERALFUNCTION 80b] DEBUG OUTGOING post_data_encoded (truncated): 
[17:15:41.217] [SQLiFuzz 80b] Response status: 200
[17:15:41.218] [SQLiFuzz 80b] Response URL: http://localhost:8081/a2_filtered.php?Submit=Submit&id=%7B
[17:15:41.218] [SQLiFuzz 80b] Was redirected: False
[17:15:41.218] [SQLiFuzz 80b] Getting response: <!doctype html>
<html>
<body>
<form method="GET">
  <label>User ID: <input type="text" name="id"></label>
  <input type="submit" name="Submit" value="Submit">
</form>
<pre>INPUT REJECTED</pre>
[17:15:42.218] [SQLAnalysis] Read 1 new lines from SQL log file.
[17:15:42.219] [SQLAnalysis] Appended 1 parsed entries.
[17:15:42.219] [SQLAnalysis 80b] Extracted 472 Logs 2026-10-02 21:15:42.219814: [{'timestamp': '2026-10-02 21:15:41,205280', 'level': 'INFO', 'ip': '172.18.0.5', 'port': 54598, 'sql': 'USE db *#*#OK'}]
[17:15:42.220] [SQLAnalysis 80b] Updated param pairs: {'looked_value': '{'}
[17:15:42.220] [SQLAnalysis 80b] Looked timestamp 2026-10-02 21:15:41.192670 -- 2026-10-02 21:15:41.214314
[17:15:42.225] [SQLAnalysis 80b] query_array to be checked: ['use', 'db']
[17:15:42.225] [SQLAnalysis 80b] normalized_query_array: ['use', 'db']
[17:15:42.225] [SQLiFuzz 80b] No weird chars exist: GET http://localhost:8081/a2_filtered.php | ['[string (False)(None)] Sec-Fetch-Dest=document', '[string (False)(None)] Sec-Fetch-Mode=navigate', '[string (False)(None)] Sec-Fetch-Site=same-origin', '[string (False)(None)] Sec-Fetch-User=?1', '[string (False)(None)] Priority=u=0, i', '[url (False)(None)] path0=a2_filtered.php', '[int (False)(None)] id={', '[string (False)(None)] Submit=Submit'] | None
[17:15:42.226] [SQLiFuzz bd2] Getting prepared_target_request with ID 76f for test_SQLi iteration 13/70
[17:15:42.226] [SQLiFuzz 76f] chosen_idx: 6 from 8
[17:15:42.226] [HTTPREQUEST 76f] Getting matched paramval from found values: ['?1', '1']
[17:15:42.226] [HTTPREQUEST 76f] Found matched paramval: [string (False)(None)] Sec-Fetch-User=?1
[17:15:42.226] [HTTPREQUEST 76f] Found matched paramval: [int (False)(None)] id=1
[17:15:42.226] [SQLiFuzz 76f] Prioritize to fuzz matched SQL value first: [int (False)(None)] id=1
[17:15:42.226] [SQLiFuzz 76f] Mutation applied. old='1' char='>' strategy='front' new='>1'
[17:15:42.227] [HTTPREQUEST 76f] Update url and body param from paramvals:
[17:15:42.227] [HTTPREQUEST None] New post_data_encoded: 
[17:15:42.227] [HTTPREQUEST None] New param encoded: Submit=Submit&id=%3E1
[17:15:42.227] [GENERALFUNCTION 76f] ---SENDING THE REQUEST [1790975742-4f37de6a-8705-4470-82a1-83ff3572c76f] TO : [GET] http://localhost:8081/a2_filtered.php?Submit=Submit&id=%3E1
[17:15:42.227] [GENERALFUNCTION 76f] Post data encoded: 
[17:15:42.227] [GENERALFUNCTION 76f] Adjusted Referer to http://localhost:8081/a2_filtered.php
[17:15:42.227] [GENERALFUNCTION 76f] DEBUG OUTGOING request.full_url: http://localhost:8081/a2_filtered.php?Submit=Submit&id=%3E1
[17:15:42.227] [GENERALFUNCTION 76f] DEBUG OUTGOING headers: {'Host': 'localhost:8081', 'User-Agent': 'Mozilla/5.0 (X11; Ubuntu; Linux x86_64; rv:155.0) Gecko/20100101 Firefox/155.0', 'Accept': 'text/html,application/xhtml+xml,application/xml;q=0.9,*/*;q=0.8', 'Accept-Language': 'en-US,en;q=0.9', 'Accept-Encoding': 'gzip, deflate, br, zstd', 'Connection': 'keep-alive', 'Referer': 'http://localhost:8081/a2_filtered.php', 'Cookie': 'PHPSESSID=0d8290ddf05033f4c53fb9096583b0f1; security=impossible', 'Upgrade-Insecure-Requests': '1', 'Sec-Fetch-Dest': 'document', 'Sec-Fetch-Mode': 'navigate', 'Sec-Fetch-Site': 'same-origin', 'Sec-Fetch-User': '?1', 'Priority': 'u=0, i'}
[17:15:42.227] [GENERALFUNCTION 76f] DEBUG OUTGOING post_data_encoded (truncated): 
[17:15:42.252] [SQLiFuzz 76f] Response status: 200
[17:15:42.252] [SQLiFuzz 76f] Response URL: http://localhost:8081/a2_filtered.php?Submit=Submit&id=%3E1
[17:15:42.252] [SQLiFuzz 76f] Was redirected: False
[17:15:42.252] [SQLiFuzz 76f] Getting response: <!doctype html>
<html>
<body>
<form method="GET">
  <label>User ID: <input type="text" name="id"></label>
  <input type="submit" name="Submit" value="Submit">
</form>
<pre>INPUT REJECTED</pre>
[17:15:43.253] [SQLAnalysis] Read 1 new lines from SQL log file.
[17:15:43.253] [SQLAnalysis] Appended 1 parsed entries.
[17:15:43.254] [SQLAnalysis 76f] Extracted 473 Logs 2026-10-02 21:15:43.254069: [{'timestamp': '2026-10-02 21:15:42,240904', 'level': 'INFO', 'ip': '172.18.0.5', 'port': 39014, 'sql': 'USE db *#*#OK'}]
[17:15:43.254] [SQLAnalysis 76f] Updated param pairs: {'looked_value': '>1'}
[17:15:43.254] [SQLAnalysis 76f] Looked timestamp 2026-10-02 21:15:42.227725 -- 2026-10-02 21:15:42.248457
[17:15:43.260] [SQLAnalysis 76f] query_array to be checked: ['use', 'db']
[17:15:43.260] [SQLAnalysis 76f] normalized_query_array: ['use', 'db']
[17:15:43.261] [SQLiFuzz 76f] No weird chars exist: GET http://localhost:8081/a2_filtered.php | ['[string (False)(None)] Sec-Fetch-Dest=document', '[string (False)(None)] Sec-Fetch-Mode=navigate', '[string (False)(None)] Sec-Fetch-Site=same-origin', '[string (False)(None)] Sec-Fetch-User=?1', '[string (False)(None)] Priority=u=0, i', '[url (False)(None)] path0=a2_filtered.php', '[int (False)(None)] id=>1', '[string (False)(None)] Submit=Submit'] | None
[17:15:43.261] [SQLiFuzz bd2] Getting prepared_target_request with ID 422 for test_SQLi iteration 14/70
[17:15:43.261] [SQLiFuzz 422] chosen_idx: 6 from 8
[17:15:43.261] [HTTPREQUEST 422] Getting matched paramval from found values: ['?1', '1']
[17:15:43.261] [HTTPREQUEST 422] Found matched paramval: [string (False)(None)] Sec-Fetch-User=?1
[17:15:43.261] [HTTPREQUEST 422] Found matched paramval: [int (False)(None)] id=1
[17:15:43.261] [SQLiFuzz 422] Prioritize to fuzz matched SQL value first: [int (False)(None)] id=1
[17:15:43.261] [SQLiFuzz 422] Mutation applied. old='1' char='%' strategy='drop' new='%'
[17:15:43.261] [HTTPREQUEST 422] Update url and body param from paramvals:
[17:15:43.262] [HTTPREQUEST None] New post_data_encoded: 
[17:15:43.262] [HTTPREQUEST None] New param encoded: Submit=Submit&id=%25
[17:15:43.262] [GENERALFUNCTION 422] ---SENDING THE REQUEST [1790975743-81be8931-ee60-4c79-a12a-0b71afcc9422] TO : [GET] http://localhost:8081/a2_filtered.php?Submit=Submit&id=%25
[17:15:43.262] [GENERALFUNCTION 422] Post data encoded: 
[17:15:43.262] [GENERALFUNCTION 422] Adjusted Referer to http://localhost:8081/a2_filtered.php
[17:15:43.262] [GENERALFUNCTION 422] DEBUG OUTGOING request.full_url: http://localhost:8081/a2_filtered.php?Submit=Submit&id=%25
[17:15:43.262] [GENERALFUNCTION 422] DEBUG OUTGOING headers: {'Host': 'localhost:8081', 'User-Agent': 'Mozilla/5.0 (X11; Ubuntu; Linux x86_64; rv:155.0) Gecko/20100101 Firefox/155.0', 'Accept': 'text/html,application/xhtml+xml,application/xml;q=0.9,*/*;q=0.8', 'Accept-Language': 'en-US,en;q=0.9', 'Accept-Encoding': 'gzip, deflate, br, zstd', 'Connection': 'keep-alive', 'Referer': 'http://localhost:8081/a2_filtered.php', 'Cookie': 'PHPSESSID=0d8290ddf05033f4c53fb9096583b0f1; security=impossible', 'Upgrade-Insecure-Requests': '1', 'Sec-Fetch-Dest': 'document', 'Sec-Fetch-Mode': 'navigate', 'Sec-Fetch-Site': 'same-origin', 'Sec-Fetch-User': '?1', 'Priority': 'u=0, i'}
[17:15:43.262] [GENERALFUNCTION 422] DEBUG OUTGOING post_data_encoded (truncated): 
[17:15:43.307] [SQLiFuzz 422] Response status: 200
[17:15:43.307] [SQLiFuzz 422] Response URL: http://localhost:8081/a2_filtered.php?Submit=Submit&id=%25
[17:15:43.307] [SQLiFuzz 422] Was redirected: False
[17:15:43.307] [SQLiFuzz 422] Getting response: <!doctype html>
<html>
<body>
<form method="GET">
  <label>User ID: <input type="text" name="id"></label>
  <input type="submit" name="Submit" value="Submit">
</form>
<pre>INPUT REJECTED</pre>
[17:15:44.308] [SQLAnalysis] Read 1 new lines from SQL log file.
[17:15:44.308] [SQLAnalysis] Appended 1 parsed entries.
[17:15:44.308] [SQLAnalysis 422] Extracted 474 Logs 2026-10-02 21:15:44.308522: [{'timestamp': '2026-10-02 21:15:43,284739', 'level': 'INFO', 'ip': '172.18.0.5', 'port': 39036, 'sql': 'USE db *#*#OK'}]
[17:15:44.308] [SQLAnalysis 422] Updated param pairs: {'looked_value': '%'}
[17:15:44.308] [SQLAnalysis 422] Looked timestamp 2026-10-02 21:15:43.263097 -- 2026-10-02 21:15:43.303137
[17:15:44.318] [SQLAnalysis 422] query_array to be checked: ['use', 'db']
[17:15:44.318] [SQLAnalysis 422] normalized_query_array: ['use', 'db']
[17:15:44.319] [SQLiFuzz 422] No weird chars exist: GET http://localhost:8081/a2_filtered.php | ['[string (False)(None)] Sec-Fetch-Dest=document', '[string (False)(None)] Sec-Fetch-Mode=navigate', '[string (False)(None)] Sec-Fetch-Site=same-origin', '[string (False)(None)] Sec-Fetch-User=?1', '[string (False)(None)] Priority=u=0, i', '[url (False)(None)] path0=a2_filtered.php', '[int (False)(None)] id=%', '[string (False)(None)] Submit=Submit'] | None
[17:15:44.320] [SQLiFuzz bd2] Getting prepared_target_request with ID 7d1 for test_SQLi iteration 15/70
[17:15:44.320] [SQLiFuzz 7d1] chosen_idx: 3 from 8
[17:15:44.321] [HTTPREQUEST 7d1] Getting matched paramval from found values: ['?1', '1']
[17:15:44.321] [HTTPREQUEST 7d1] Found matched paramval: [string (False)(None)] Sec-Fetch-User=?1
[17:15:44.321] [HTTPREQUEST 7d1] Found matched paramval: [int (False)(None)] id=1
[17:15:44.322] [SQLiFuzz 7d1] Prioritize to fuzz matched SQL value first: [int (False)(None)] id=1
[17:15:44.322] [SQLiFuzz 7d1] Mutation applied. old='1' char='+' strategy='random' new='+1'
[17:15:44.323] [HTTPREQUEST 7d1] Update url and body param from paramvals:
[17:15:44.323] [HTTPREQUEST None] New post_data_encoded: 
[17:15:44.323] [HTTPREQUEST None] New param encoded: Submit=Submit&id=%2B1
[17:15:44.323] [GENERALFUNCTION 7d1] ---SENDING THE REQUEST [1790975744-f8f910b2-3043-4c7f-9c71-3466e5c207d1] TO : [GET] http://localhost:8081/a2_filtered.php?Submit=Submit&id=%2B1
[17:15:44.324] [GENERALFUNCTION 7d1] Post data encoded: 
[17:15:44.324] [GENERALFUNCTION 7d1] Adjusted Referer to http://localhost:8081/a2_filtered.php
[17:15:44.324] [GENERALFUNCTION 7d1] DEBUG OUTGOING request.full_url: http://localhost:8081/a2_filtered.php?Submit=Submit&id=%2B1
[17:15:44.324] [GENERALFUNCTION 7d1] DEBUG OUTGOING headers: {'Host': 'localhost:8081', 'User-Agent': 'Mozilla/5.0 (X11; Ubuntu; Linux x86_64; rv:155.0) Gecko/20100101 Firefox/155.0', 'Accept': 'text/html,application/xhtml+xml,application/xml;q=0.9,*/*;q=0.8', 'Accept-Language': 'en-US,en;q=0.9', 'Accept-Encoding': 'gzip, deflate, br, zstd', 'Connection': 'keep-alive', 'Referer': 'http://localhost:8081/a2_filtered.php', 'Cookie': 'PHPSESSID=0d8290ddf05033f4c53fb9096583b0f1; security=impossible', 'Upgrade-Insecure-Requests': '1', 'Sec-Fetch-Dest': 'document', 'Sec-Fetch-Mode': 'navigate', 'Sec-Fetch-Site': 'same-origin', 'Sec-Fetch-User': '?1', 'Priority': 'u=0, i'}
[17:15:44.324] [GENERALFUNCTION 7d1] DEBUG OUTGOING post_data_encoded (truncated): 
[17:15:44.357] [SQLiFuzz 7d1] Response status: 200
[17:15:44.358] [SQLiFuzz 7d1] Response URL: http://localhost:8081/a2_filtered.php?Submit=Submit&id=%2B1
[17:15:44.358] [SQLiFuzz 7d1] Was redirected: False
[17:15:44.358] [SQLiFuzz 7d1] Getting response: <!doctype html>
<html>
<body>
<form method="GET">
  <label>User ID: <input type="text" name="id"></label>
  <input type="submit" name="Submit" value="Submit">
</form>
<pre>INPUT REJECTED</pre>
[17:15:45.359] [SQLAnalysis] Read 1 new lines from SQL log file.
[17:15:45.359] [SQLAnalysis] Appended 1 parsed entries.
[17:15:45.359] [SQLAnalysis 7d1] Extracted 475 Logs 2026-10-02 21:15:45.359708: [{'timestamp': '2026-10-02 21:15:44,344691', 'level': 'INFO', 'ip': '172.18.0.5', 'port': 39054, 'sql': 'USE db *#*#OK'}]
[17:15:45.359] [SQLAnalysis 7d1] Updated param pairs: {'looked_value': '+1'}
[17:15:45.359] [SQLAnalysis 7d1] Looked timestamp 2026-10-02 21:15:44.324959 -- 2026-10-02 21:15:44.353676
[17:15:45.363] [SQLAnalysis 7d1] query_array to be checked: ['use', 'db']
[17:15:45.363] [SQLAnalysis 7d1] normalized_query_array: ['use', 'db']
[17:15:45.363] [SQLiFuzz 7d1] No weird chars exist: GET http://localhost:8081/a2_filtered.php | ['[string (False)(None)] Sec-Fetch-Dest=document', '[string (False)(None)] Sec-Fetch-Mode=navigate', '[string (False)(None)] Sec-Fetch-Site=same-origin', '[string (False)(None)] Sec-Fetch-User=?1', '[string (False)(None)] Priority=u=0, i', '[url (False)(None)] path0=a2_filtered.php', '[int (False)(None)] id=+1', '[string (False)(None)] Submit=Submit'] | None
[17:15:45.363] [SQLiFuzz bd2] Getting prepared_target_request with ID e05 for test_SQLi iteration 16/70
[17:15:45.363] [SQLiFuzz e05] chosen_idx: 0 from 8
[17:15:45.363] [HTTPREQUEST e05] Getting matched paramval from found values: ['?1', '1']
[17:15:45.363] [HTTPREQUEST e05] Found matched paramval: [string (False)(None)] Sec-Fetch-User=?1
[17:15:45.363] [HTTPREQUEST e05] Found matched paramval: [int (False)(None)] id=1
[17:15:45.363] [SQLiFuzz e05] Prioritize to fuzz matched SQL value first: [int (False)(None)] id=1
[17:15:45.363] [SQLiFuzz e05] Mutation applied. old='1' char='\' strategy='tail' new='1\'
[17:15:45.363] [HTTPREQUEST e05] Update url and body param from paramvals:
[17:15:45.363] [HTTPREQUEST None] New post_data_encoded: 
[17:15:45.364] [HTTPREQUEST None] New param encoded: Submit=Submit&id=1%5C
[17:15:45.364] [GENERALFUNCTION e05] ---SENDING THE REQUEST [1790975745-52d0beb1-481e-4ccb-9a40-af12caef1e05] TO : [GET] http://localhost:8081/a2_filtered.php?Submit=Submit&id=1%5C
[17:15:45.364] [GENERALFUNCTION e05] Post data encoded: 
[17:15:45.364] [GENERALFUNCTION e05] Adjusted Referer to http://localhost:8081/a2_filtered.php
[17:15:45.364] [GENERALFUNCTION e05] DEBUG OUTGOING request.full_url: http://localhost:8081/a2_filtered.php?Submit=Submit&id=1%5C
[17:15:45.364] [GENERALFUNCTION e05] DEBUG OUTGOING headers: {'Host': 'localhost:8081', 'User-Agent': 'Mozilla/5.0 (X11; Ubuntu; Linux x86_64; rv:155.0) Gecko/20100101 Firefox/155.0', 'Accept': 'text/html,application/xhtml+xml,application/xml;q=0.9,*/*;q=0.8', 'Accept-Language': 'en-US,en;q=0.9', 'Accept-Encoding': 'gzip, deflate, br, zstd', 'Connection': 'keep-alive', 'Referer': 'http://localhost:8081/a2_filtered.php', 'Cookie': 'PHPSESSID=0d8290ddf05033f4c53fb9096583b0f1; security=impossible', 'Upgrade-Insecure-Requests': '1', 'Sec-Fetch-Dest': 'document', 'Sec-Fetch-Mode': 'navigate', 'Sec-Fetch-Site': 'same-origin', 'Sec-Fetch-User': '?1', 'Priority': 'u=0, i'}
[17:15:45.364] [GENERALFUNCTION e05] DEBUG OUTGOING post_data_encoded (truncated): 
[17:15:45.390] [SQLiFuzz e05] Response status: 200
[17:15:45.390] [SQLiFuzz e05] Response URL: http://localhost:8081/a2_filtered.php?Submit=Submit&id=1%5C
[17:15:45.390] [SQLiFuzz e05] Was redirected: False
[17:15:45.390] [SQLiFuzz e05] Getting response: <!doctype html>
<html>
<body>
<form method="GET">
  <label>User ID: <input type="text" name="id"></label>
  <input type="submit" name="Submit" value="Submit">
</form>
<pre>INPUT REJECTED</pre>
[17:15:46.391] [SQLAnalysis] Read 1 new lines from SQL log file.
[17:15:46.392] [SQLAnalysis] Appended 1 parsed entries.
[17:15:46.393] [SQLAnalysis e05] Extracted 476 Logs 2026-10-02 21:15:46.393037: [{'timestamp': '2026-10-02 21:15:45,379895', 'level': 'INFO', 'ip': '172.18.0.5', 'port': 39072, 'sql': 'USE db *#*#OK'}]
[17:15:46.393] [SQLAnalysis e05] Updated param pairs: {'looked_value': '1\\'}
[17:15:46.393] [SQLAnalysis e05] Looked timestamp 2026-10-02 21:15:45.364373 -- 2026-10-02 21:15:45.386236
[17:15:46.399] [SQLAnalysis e05] query_array to be checked: ['use', 'db']
[17:15:46.400] [SQLAnalysis e05] normalized_query_array: ['use', 'db']
[17:15:46.400] [SQLiFuzz e05] No weird chars exist: GET http://localhost:8081/a2_filtered.php | ['[string (False)(None)] Sec-Fetch-Dest=document', '[string (False)(None)] Sec-Fetch-Mode=navigate', '[string (False)(None)] Sec-Fetch-Site=same-origin', '[string (False)(None)] Sec-Fetch-User=?1', '[string (False)(None)] Priority=u=0, i', '[url (False)(None)] path0=a2_filtered.php', '[int (False)(None)] id=1\\', '[string (False)(None)] Submit=Submit'] | None
[17:15:46.401] [SQLiFuzz bd2] Getting prepared_target_request with ID 4fc for test_SQLi iteration 17/70
[17:15:46.401] [SQLiFuzz 4fc] chosen_idx: 1 from 8
[17:15:46.401] [HTTPREQUEST 4fc] Getting matched paramval from found values: ['?1', '1']
[17:15:46.401] [HTTPREQUEST 4fc] Found matched paramval: [string (False)(None)] Sec-Fetch-User=?1
[17:15:46.401] [HTTPREQUEST 4fc] Found matched paramval: [int (False)(None)] id=1
[17:15:46.401] [SQLiFuzz 4fc] Prioritize to fuzz matched SQL value first: [int (False)(None)] id=1
[17:15:46.401] [SQLiFuzz 4fc] Mutation applied. old='1' char='$' strategy='front' new='$1'
[17:15:46.401] [HTTPREQUEST 4fc] Update url and body param from paramvals:
[17:15:46.401] [HTTPREQUEST None] New post_data_encoded: 
[17:15:46.401] [HTTPREQUEST None] New param encoded: Submit=Submit&id=%241
[17:15:46.402] [GENERALFUNCTION 4fc] ---SENDING THE REQUEST [1790975746-8f09ca5c-ca70-4381-ab2d-31e5003704fc] TO : [GET] http://localhost:8081/a2_filtered.php?Submit=Submit&id=%241
[17:15:46.402] [GENERALFUNCTION 4fc] Post data encoded: 
[17:15:46.402] [GENERALFUNCTION 4fc] Adjusted Referer to http://localhost:8081/a2_filtered.php
[17:15:46.402] [GENERALFUNCTION 4fc] DEBUG OUTGOING request.full_url: http://localhost:8081/a2_filtered.php?Submit=Submit&id=%241
[17:15:46.402] [GENERALFUNCTION 4fc] DEBUG OUTGOING headers: {'Host': 'localhost:8081', 'User-Agent': 'Mozilla/5.0 (X11; Ubuntu; Linux x86_64; rv:155.0) Gecko/20100101 Firefox/155.0', 'Accept': 'text/html,application/xhtml+xml,application/xml;q=0.9,*/*;q=0.8', 'Accept-Language': 'en-US,en;q=0.9', 'Accept-Encoding': 'gzip, deflate, br, zstd', 'Connection': 'keep-alive', 'Referer': 'http://localhost:8081/a2_filtered.php', 'Cookie': 'PHPSESSID=0d8290ddf05033f4c53fb9096583b0f1; security=impossible', 'Upgrade-Insecure-Requests': '1', 'Sec-Fetch-Dest': 'document', 'Sec-Fetch-Mode': 'navigate', 'Sec-Fetch-Site': 'same-origin', 'Sec-Fetch-User': '?1', 'Priority': 'u=0, i'}
[17:15:46.402] [GENERALFUNCTION 4fc] DEBUG OUTGOING post_data_encoded (truncated): 
[17:15:46.436] [SQLiFuzz 4fc] Response status: 200
[17:15:46.436] [SQLiFuzz 4fc] Response URL: http://localhost:8081/a2_filtered.php?Submit=Submit&id=%241
[17:15:46.437] [SQLiFuzz 4fc] Was redirected: False
[17:15:46.437] [SQLiFuzz 4fc] Getting response: <!doctype html>
<html>
<body>
<form method="GET">
  <label>User ID: <input type="text" name="id"></label>
  <input type="submit" name="Submit" value="Submit">
</form>
<pre>INPUT REJECTED</pre>
[17:15:47.437] [SQLAnalysis] Read 1 new lines from SQL log file.
[17:15:47.438] [SQLAnalysis] Appended 1 parsed entries.
[17:15:47.439] [SQLAnalysis 4fc] Extracted 477 Logs 2026-10-02 21:15:47.439441: [{'timestamp': '2026-10-02 21:15:46,419627', 'level': 'INFO', 'ip': '172.18.0.5', 'port': 39090, 'sql': 'USE db *#*#OK'}]
[17:15:47.439] [SQLAnalysis 4fc] Updated param pairs: {'looked_value': '$1'}
[17:15:47.440] [SQLAnalysis 4fc] Looked timestamp 2026-10-02 21:15:46.402586 -- 2026-10-02 21:15:46.430944
[17:15:47.453] [SQLAnalysis 4fc] query_array to be checked: ['use', 'db']
[17:15:47.453] [SQLAnalysis 4fc] normalized_query_array: ['use', 'db']
[17:15:47.453] [SQLiFuzz 4fc] No weird chars exist: GET http://localhost:8081/a2_filtered.php | ['[string (False)(None)] Sec-Fetch-Dest=document', '[string (False)(None)] Sec-Fetch-Mode=navigate', '[string (False)(None)] Sec-Fetch-Site=same-origin', '[string (False)(None)] Sec-Fetch-User=?1', '[string (False)(None)] Priority=u=0, i', '[url (False)(None)] path0=a2_filtered.php', '[int (False)(None)] id=$1', '[string (False)(None)] Submit=Submit'] | None
[17:15:47.453] [SQLiFuzz bd2] Getting prepared_target_request with ID 847 for test_SQLi iteration 18/70
[17:15:47.454] [SQLiFuzz 847] chosen_idx: 5 from 8
[17:15:47.454] [HTTPREQUEST 847] Getting matched paramval from found values: ['?1', '1']
[17:15:47.454] [HTTPREQUEST 847] Found matched paramval: [string (False)(None)] Sec-Fetch-User=?1
[17:15:47.454] [HTTPREQUEST 847] Found matched paramval: [int (False)(None)] id=1
[17:15:47.454] [SQLiFuzz 847] Prioritize to fuzz matched SQL value first: [int (False)(None)] id=1
[17:15:47.454] [SQLiFuzz 847] Mutation applied. old='1' char='`' strategy='front' new='`1'
[17:15:47.454] [HTTPREQUEST 847] Update url and body param from paramvals:
[17:15:47.454] [HTTPREQUEST None] New post_data_encoded: 
[17:15:47.454] [HTTPREQUEST None] New param encoded: Submit=Submit&id=%601
[17:15:47.454] [GENERALFUNCTION 847] ---SENDING THE REQUEST [1790975747-409fa3c6-67e6-45ef-8f7f-ddf2562d5847] TO : [GET] http://localhost:8081/a2_filtered.php?Submit=Submit&id=%601
[17:15:47.454] [GENERALFUNCTION 847] Post data encoded: 
[17:15:47.454] [GENERALFUNCTION 847] Adjusted Referer to http://localhost:8081/a2_filtered.php
[17:15:47.454] [GENERALFUNCTION 847] DEBUG OUTGOING request.full_url: http://localhost:8081/a2_filtered.php?Submit=Submit&id=%601
[17:15:47.454] [GENERALFUNCTION 847] DEBUG OUTGOING headers: {'Host': 'localhost:8081', 'User-Agent': 'Mozilla/5.0 (X11; Ubuntu; Linux x86_64; rv:155.0) Gecko/20100101 Firefox/155.0', 'Accept': 'text/html,application/xhtml+xml,application/xml;q=0.9,*/*;q=0.8', 'Accept-Language': 'en-US,en;q=0.9', 'Accept-Encoding': 'gzip, deflate, br, zstd', 'Connection': 'keep-alive', 'Referer': 'http://localhost:8081/a2_filtered.php', 'Cookie': 'PHPSESSID=0d8290ddf05033f4c53fb9096583b0f1; security=impossible', 'Upgrade-Insecure-Requests': '1', 'Sec-Fetch-Dest': 'document', 'Sec-Fetch-Mode': 'navigate', 'Sec-Fetch-Site': 'same-origin', 'Sec-Fetch-User': '?1', 'Priority': 'u=0, i'}
[17:15:47.454] [GENERALFUNCTION 847] DEBUG OUTGOING post_data_encoded (truncated): 
[17:15:47.491] [SQLiFuzz 847] Response status: 200
[17:15:47.492] [SQLiFuzz 847] Response URL: http://localhost:8081/a2_filtered.php?Submit=Submit&id=%601
[17:15:47.492] [SQLiFuzz 847] Was redirected: False
[17:15:47.492] [SQLiFuzz 847] Getting response: <!doctype html>
<html>
<body>
<form method="GET">
  <label>User ID: <input type="text" name="id"></label>
  <input type="submit" name="Submit" value="Submit">
</form>
<pre>INPUT REJECTED</pre>
[17:15:48.492] [SQLAnalysis] Read 1 new lines from SQL log file.
[17:15:48.493] [SQLAnalysis] Appended 1 parsed entries.
[17:15:48.494] [SQLAnalysis 847] Extracted 478 Logs 2026-10-02 21:15:48.494021: [{'timestamp': '2026-10-02 21:15:47,467704', 'level': 'INFO', 'ip': '172.18.0.5', 'port': 39120, 'sql': 'USE db *#*#OK'}]
[17:15:48.494] [SQLAnalysis 847] Updated param pairs: {'looked_value': '`1'}
[17:15:48.494] [SQLAnalysis 847] Looked timestamp 2026-10-02 21:15:47.454830 -- 2026-10-02 21:15:47.483338
[17:15:48.502] [SQLAnalysis 847] query_array to be checked: ['use', 'db']
[17:15:48.502] [SQLAnalysis 847] normalized_query_array: ['use', 'db']
[17:15:48.502] [SQLiFuzz 847] No weird chars exist: GET http://localhost:8081/a2_filtered.php | ['[string (False)(None)] Sec-Fetch-Dest=document', '[string (False)(None)] Sec-Fetch-Mode=navigate', '[string (False)(None)] Sec-Fetch-Site=same-origin', '[string (False)(None)] Sec-Fetch-User=?1', '[string (False)(None)] Priority=u=0, i', '[url (False)(None)] path0=a2_filtered.php', '[int (False)(None)] id=`1', '[string (False)(None)] Submit=Submit'] | None
[17:15:48.502] [SQLiFuzz bd2] Getting prepared_target_request with ID 1db for test_SQLi iteration 19/70
[17:15:48.503] [SQLiFuzz 1db] chosen_idx: 7 from 8
[17:15:48.503] [HTTPREQUEST 1db] Getting matched paramval from found values: ['?1', '1']
[17:15:48.503] [HTTPREQUEST 1db] Found matched paramval: [string (False)(None)] Sec-Fetch-User=?1
[17:15:48.503] [HTTPREQUEST 1db] Found matched paramval: [int (False)(None)] id=1
[17:15:48.503] [SQLiFuzz 1db] Prioritize to fuzz matched SQL value first: [int (False)(None)] id=1
[17:15:48.503] [SQLiFuzz 1db] Mutation applied. old='1' char='{' strategy='front' new='{1'
[17:15:48.503] [HTTPREQUEST 1db] Update url and body param from paramvals:
[17:15:48.503] [HTTPREQUEST None] New post_data_encoded: 
[17:15:48.503] [HTTPREQUEST None] New param encoded: Submit=Submit&id=%7B1
[17:15:48.504] [GENERALFUNCTION 1db] ---SENDING THE REQUEST [1790975748-5e1c1050-67f3-4035-80a9-630d258521db] TO : [GET] http://localhost:8081/a2_filtered.php?Submit=Submit&id=%7B1
[17:15:48.504] [GENERALFUNCTION 1db] Post data encoded: 
[17:15:48.504] [GENERALFUNCTION 1db] Adjusted Referer to http://localhost:8081/a2_filtered.php
[17:15:48.504] [GENERALFUNCTION 1db] DEBUG OUTGOING request.full_url: http://localhost:8081/a2_filtered.php?Submit=Submit&id=%7B1
[17:15:48.504] [GENERALFUNCTION 1db] DEBUG OUTGOING headers: {'Host': 'localhost:8081', 'User-Agent': 'Mozilla/5.0 (X11; Ubuntu; Linux x86_64; rv:155.0) Gecko/20100101 Firefox/155.0', 'Accept': 'text/html,application/xhtml+xml,application/xml;q=0.9,*/*;q=0.8', 'Accept-Language': 'en-US,en;q=0.9', 'Accept-Encoding': 'gzip, deflate, br, zstd', 'Connection': 'keep-alive', 'Referer': 'http://localhost:8081/a2_filtered.php', 'Cookie': 'PHPSESSID=0d8290ddf05033f4c53fb9096583b0f1; security=impossible', 'Upgrade-Insecure-Requests': '1', 'Sec-Fetch-Dest': 'document', 'Sec-Fetch-Mode': 'navigate', 'Sec-Fetch-Site': 'same-origin', 'Sec-Fetch-User': '?1', 'Priority': 'u=0, i'}
[17:15:48.504] [GENERALFUNCTION 1db] DEBUG OUTGOING post_data_encoded (truncated): 
[17:15:48.552] [SQLiFuzz 1db] Response status: 200
[17:15:48.552] [SQLiFuzz 1db] Response URL: http://localhost:8081/a2_filtered.php?Submit=Submit&id=%7B1
[17:15:48.552] [SQLiFuzz 1db] Was redirected: False
[17:15:48.552] [SQLiFuzz 1db] Getting response: <!doctype html>
<html>
<body>
<form method="GET">
  <label>User ID: <input type="text" name="id"></label>
  <input type="submit" name="Submit" value="Submit">
</form>
<pre>INPUT REJECTED</pre>
[17:15:49.553] [SQLAnalysis] Read 1 new lines from SQL log file.
[17:15:49.554] [SQLAnalysis] Appended 1 parsed entries.
[17:15:49.554] [SQLAnalysis 1db] Extracted 479 Logs 2026-10-02 21:15:49.554189: [{'timestamp': '2026-10-02 21:15:48,532555', 'level': 'INFO', 'ip': '172.18.0.5', 'port': 39132, 'sql': 'USE db *#*#OK'}]
[17:15:49.554] [SQLAnalysis 1db] Updated param pairs: {'looked_value': '{1'}
[17:15:49.554] [SQLAnalysis 1db] Looked timestamp 2026-10-02 21:15:48.504994 -- 2026-10-02 21:15:48.546706
[17:15:49.564] [SQLAnalysis 1db] query_array to be checked: ['use', 'db']
[17:15:49.564] [SQLAnalysis 1db] normalized_query_array: ['use', 'db']
[17:15:49.565] [SQLiFuzz 1db] No weird chars exist: GET http://localhost:8081/a2_filtered.php | ['[string (False)(None)] Sec-Fetch-Dest=document', '[string (False)(None)] Sec-Fetch-Mode=navigate', '[string (False)(None)] Sec-Fetch-Site=same-origin', '[string (False)(None)] Sec-Fetch-User=?1', '[string (False)(None)] Priority=u=0, i', '[url (False)(None)] path0=a2_filtered.php', '[int (False)(None)] id={1', '[string (False)(None)] Submit=Submit'] | None
[17:15:49.565] [SQLiFuzz bd2] Getting prepared_target_request with ID 995 for test_SQLi iteration 20/70
[17:15:49.565] [SQLiFuzz 995] chosen_idx: 6 from 8
[17:15:49.565] [HTTPREQUEST 995] Getting matched paramval from found values: ['?1', '1']
[17:15:49.565] [HTTPREQUEST 995] Found matched paramval: [string (False)(None)] Sec-Fetch-User=?1
[17:15:49.565] [HTTPREQUEST 995] Found matched paramval: [int (False)(None)] id=1
[17:15:49.565] [SQLiFuzz 995] Prioritize to fuzz matched SQL value first: [int (False)(None)] id=1
[17:15:49.566] [SQLiFuzz 995] Mutation applied. old='1' char='(' strategy='drop' new='('
[17:15:49.566] [HTTPREQUEST 995] Update url and body param from paramvals:
[17:15:49.566] [HTTPREQUEST None] New post_data_encoded: 
[17:15:49.566] [HTTPREQUEST None] New param encoded: Submit=Submit&id=%28
[17:15:49.566] [GENERALFUNCTION 995] ---SENDING THE REQUEST [1790975749-192940d8-5a65-4a07-8e34-62521a6eb995] TO : [GET] http://localhost:8081/a2_filtered.php?Submit=Submit&id=%28
[17:15:49.566] [GENERALFUNCTION 995] Post data encoded: 
[17:15:49.566] [GENERALFUNCTION 995] Adjusted Referer to http://localhost:8081/a2_filtered.php
[17:15:49.566] [GENERALFUNCTION 995] DEBUG OUTGOING request.full_url: http://localhost:8081/a2_filtered.php?Submit=Submit&id=%28
[17:15:49.566] [GENERALFUNCTION 995] DEBUG OUTGOING headers: {'Host': 'localhost:8081', 'User-Agent': 'Mozilla/5.0 (X11; Ubuntu; Linux x86_64; rv:155.0) Gecko/20100101 Firefox/155.0', 'Accept': 'text/html,application/xhtml+xml,application/xml;q=0.9,*/*;q=0.8', 'Accept-Language': 'en-US,en;q=0.9', 'Accept-Encoding': 'gzip, deflate, br, zstd', 'Connection': 'keep-alive', 'Referer': 'http://localhost:8081/a2_filtered.php', 'Cookie': 'PHPSESSID=0d8290ddf05033f4c53fb9096583b0f1; security=impossible', 'Upgrade-Insecure-Requests': '1', 'Sec-Fetch-Dest': 'document', 'Sec-Fetch-Mode': 'navigate', 'Sec-Fetch-Site': 'same-origin', 'Sec-Fetch-User': '?1', 'Priority': 'u=0, i'}
[17:15:49.567] [GENERALFUNCTION 995] DEBUG OUTGOING post_data_encoded (truncated): 
[17:15:49.604] [SQLiFuzz 995] Response status: 200
[17:15:49.604] [SQLiFuzz 995] Response URL: http://localhost:8081/a2_filtered.php?Submit=Submit&id=%28
[17:15:49.604] [SQLiFuzz 995] Was redirected: False
[17:15:49.604] [SQLiFuzz 995] Getting response: <!doctype html>
<html>
<body>
<form method="GET">
  <label>User ID: <input type="text" name="id"></label>
  <input type="submit" name="Submit" value="Submit">
</form>
<pre>INPUT REJECTED</pre>
[17:15:50.606] [SQLAnalysis] Read 1 new lines from SQL log file.
[17:15:50.606] [SQLAnalysis] Appended 1 parsed entries.
[17:15:50.606] [SQLAnalysis 995] Extracted 480 Logs 2026-10-02 21:15:50.606684: [{'timestamp': '2026-10-02 21:15:49,585069', 'level': 'INFO', 'ip': '172.18.0.5', 'port': 39154, 'sql': 'USE db *#*#OK'}]
[17:15:50.606] [SQLAnalysis 995] Updated param pairs: {'looked_value': '('}
[17:15:50.606] [SQLAnalysis 995] Looked timestamp 2026-10-02 21:15:49.567107 -- 2026-10-02 21:15:49.599502
[17:15:50.611] [SQLAnalysis 995] query_array to be checked: ['use', 'db']
[17:15:50.611] [SQLAnalysis 995] normalized_query_array: ['use', 'db']
[17:15:50.611] [SQLiFuzz 995] No weird chars exist: GET http://localhost:8081/a2_filtered.php | ['[string (False)(None)] Sec-Fetch-Dest=document', '[string (False)(None)] Sec-Fetch-Mode=navigate', '[string (False)(None)] Sec-Fetch-Site=same-origin', '[string (False)(None)] Sec-Fetch-User=?1', '[string (False)(None)] Priority=u=0, i', '[url (False)(None)] path0=a2_filtered.php', '[int (False)(None)] id=(', '[string (False)(None)] Submit=Submit'] | None
[17:15:50.612] [SQLiFuzz bd2] Getting prepared_target_request with ID f5f for test_SQLi iteration 21/70
[17:15:50.612] [SQLiFuzz f5f] chosen_idx: 2 from 8
[17:15:50.612] [HTTPREQUEST f5f] Getting matched paramval from found values: ['?1', '1']
[17:15:50.612] [HTTPREQUEST f5f] Found matched paramval: [string (False)(None)] Sec-Fetch-User=?1
[17:15:50.612] [HTTPREQUEST f5f] Found matched paramval: [int (False)(None)] id=1
[17:15:50.612] [SQLiFuzz f5f] Prioritize to fuzz matched SQL value first: [int (False)(None)] id=1
[17:15:50.612] [SQLiFuzz f5f] Mutation applied. old='1' char='}' strategy='front' new='}1'
[17:15:50.612] [HTTPREQUEST f5f] Update url and body param from paramvals:
[17:15:50.612] [HTTPREQUEST None] New post_data_encoded: 
[17:15:50.612] [HTTPREQUEST None] New param encoded: Submit=Submit&id=%7D1
[17:15:50.612] [GENERALFUNCTION f5f] ---SENDING THE REQUEST [1790975750-40ba1391-1851-4b43-9fee-efe97a74cf5f] TO : [GET] http://localhost:8081/a2_filtered.php?Submit=Submit&id=%7D1
[17:15:50.612] [GENERALFUNCTION f5f] Post data encoded: 
[17:15:50.612] [GENERALFUNCTION f5f] Adjusted Referer to http://localhost:8081/a2_filtered.php
[17:15:50.612] [GENERALFUNCTION f5f] DEBUG OUTGOING request.full_url: http://localhost:8081/a2_filtered.php?Submit=Submit&id=%7D1
[17:15:50.612] [GENERALFUNCTION f5f] DEBUG OUTGOING headers: {'Host': 'localhost:8081', 'User-Agent': 'Mozilla/5.0 (X11; Ubuntu; Linux x86_64; rv:155.0) Gecko/20100101 Firefox/155.0', 'Accept': 'text/html,application/xhtml+xml,application/xml;q=0.9,*/*;q=0.8', 'Accept-Language': 'en-US,en;q=0.9', 'Accept-Encoding': 'gzip, deflate, br, zstd', 'Connection': 'keep-alive', 'Referer': 'http://localhost:8081/a2_filtered.php', 'Cookie': 'PHPSESSID=0d8290ddf05033f4c53fb9096583b0f1; security=impossible', 'Upgrade-Insecure-Requests': '1', 'Sec-Fetch-Dest': 'document', 'Sec-Fetch-Mode': 'navigate', 'Sec-Fetch-Site': 'same-origin', 'Sec-Fetch-User': '?1', 'Priority': 'u=0, i'}
[17:15:50.612] [GENERALFUNCTION f5f] DEBUG OUTGOING post_data_encoded (truncated): 
[17:15:50.630] [SQLiFuzz f5f] Response status: 200
[17:15:50.630] [SQLiFuzz f5f] Response URL: http://localhost:8081/a2_filtered.php?Submit=Submit&id=%7D1
[17:15:50.630] [SQLiFuzz f5f] Was redirected: False
[17:15:50.630] [SQLiFuzz f5f] Getting response: <!doctype html>
<html>
<body>
<form method="GET">
  <label>User ID: <input type="text" name="id"></label>
  <input type="submit" name="Submit" value="Submit">
</form>
<pre>INPUT REJECTED</pre>
[17:15:51.631] [SQLAnalysis] Read 1 new lines from SQL log file.
[17:15:51.631] [SQLAnalysis] Appended 1 parsed entries.
[17:15:51.631] [SQLAnalysis f5f] Extracted 481 Logs 2026-10-02 21:15:51.631479: [{'timestamp': '2026-10-02 21:15:50,620980', 'level': 'INFO', 'ip': '172.18.0.5', 'port': 39170, 'sql': 'USE db *#*#OK'}]
[17:15:51.631] [SQLAnalysis f5f] Updated param pairs: {'looked_value': '}1'}
[17:15:51.631] [SQLAnalysis f5f] Looked timestamp 2026-10-02 21:15:50.613021 -- 2026-10-02 21:15:50.626622
[17:15:51.636] [SQLAnalysis f5f] query_array to be checked: ['use', 'db']
[17:15:51.636] [SQLAnalysis f5f] normalized_query_array: ['use', 'db']
[17:15:51.636] [SQLiFuzz f5f] No weird chars exist: GET http://localhost:8081/a2_filtered.php | ['[string (False)(None)] Sec-Fetch-Dest=document', '[string (False)(None)] Sec-Fetch-Mode=navigate', '[string (False)(None)] Sec-Fetch-Site=same-origin', '[string (False)(None)] Sec-Fetch-User=?1', '[string (False)(None)] Priority=u=0, i', '[url (False)(None)] path0=a2_filtered.php', '[int (False)(None)] id=}1', '[string (False)(None)] Submit=Submit'] | None
[17:15:51.637] [SQLiFuzz bd2] Getting prepared_target_request with ID 78a for test_SQLi iteration 22/70
[17:15:51.637] [SQLiFuzz 78a] chosen_idx: 1 from 8
[17:15:51.637] [HTTPREQUEST 78a] Getting matched paramval from found values: ['?1', '1']
[17:15:51.637] [HTTPREQUEST 78a] Found matched paramval: [string (False)(None)] Sec-Fetch-User=?1
[17:15:51.637] [HTTPREQUEST 78a] Found matched paramval: [int (False)(None)] id=1
[17:15:51.638] [SQLiFuzz 78a] Prioritize to fuzz matched SQL value first: [int (False)(None)] id=1
[17:15:51.638] [SQLiFuzz 78a] Mutation applied. old='1' char='?' strategy='drop' new='?'
[17:15:51.639] [HTTPREQUEST 78a] Update url and body param from paramvals:
[17:15:51.639] [HTTPREQUEST None] New post_data_encoded: 
[17:15:51.639] [HTTPREQUEST None] New param encoded: Submit=Submit&id=%3F
[17:15:51.639] [GENERALFUNCTION 78a] ---SENDING THE REQUEST [1790975751-400e995f-a933-48d9-869b-f1d4f481778a] TO : [GET] http://localhost:8081/a2_filtered.php?Submit=Submit&id=%3F
[17:15:51.639] [GENERALFUNCTION 78a] Post data encoded: 
[17:15:51.639] [GENERALFUNCTION 78a] Adjusted Referer to http://localhost:8081/a2_filtered.php
[17:15:51.639] [GENERALFUNCTION 78a] DEBUG OUTGOING request.full_url: http://localhost:8081/a2_filtered.php?Submit=Submit&id=%3F
[17:15:51.640] [GENERALFUNCTION 78a] DEBUG OUTGOING headers: {'Host': 'localhost:8081', 'User-Agent': 'Mozilla/5.0 (X11; Ubuntu; Linux x86_64; rv:155.0) Gecko/20100101 Firefox/155.0', 'Accept': 'text/html,application/xhtml+xml,application/xml;q=0.9,*/*;q=0.8', 'Accept-Language': 'en-US,en;q=0.9', 'Accept-Encoding': 'gzip, deflate, br, zstd', 'Connection': 'keep-alive', 'Referer': 'http://localhost:8081/a2_filtered.php', 'Cookie': 'PHPSESSID=0d8290ddf05033f4c53fb9096583b0f1; security=impossible', 'Upgrade-Insecure-Requests': '1', 'Sec-Fetch-Dest': 'document', 'Sec-Fetch-Mode': 'navigate', 'Sec-Fetch-Site': 'same-origin', 'Sec-Fetch-User': '?1', 'Priority': 'u=0, i'}
[17:15:51.640] [GENERALFUNCTION 78a] DEBUG OUTGOING post_data_encoded (truncated): 
[17:15:51.660] [SQLiFuzz 78a] Response status: 200
[17:15:51.660] [SQLiFuzz 78a] Response URL: http://localhost:8081/a2_filtered.php?Submit=Submit&id=%3F
[17:15:51.660] [SQLiFuzz 78a] Was redirected: False
[17:15:51.660] [SQLiFuzz 78a] Getting response: <!doctype html>
<html>
<body>
<form method="GET">
  <label>User ID: <input type="text" name="id"></label>
  <input type="submit" name="Submit" value="Submit">
</form>
<pre>INPUT REJECTED</pre>
[17:15:52.661] [SQLAnalysis] Read 1 new lines from SQL log file.
[17:15:52.661] [SQLAnalysis] Appended 1 parsed entries.
[17:15:52.661] [SQLAnalysis 78a] Extracted 482 Logs 2026-10-02 21:15:52.661588: [{'timestamp': '2026-10-02 21:15:51,652608', 'level': 'INFO', 'ip': '172.18.0.5', 'port': 39196, 'sql': 'USE db *#*#OK'}]
[17:15:52.661] [SQLAnalysis 78a] Updated param pairs: {'looked_value': '?'}
[17:15:52.661] [SQLAnalysis 78a] Looked timestamp 2026-10-02 21:15:51.640097 -- 2026-10-02 21:15:51.657795
[17:15:52.665] [SQLAnalysis 78a] query_array to be checked: ['use', 'db']
[17:15:52.665] [SQLAnalysis 78a] normalized_query_array: ['use', 'db']
[17:15:52.665] [SQLiFuzz 78a] No weird chars exist: GET http://localhost:8081/a2_filtered.php | ['[string (False)(None)] Sec-Fetch-Dest=document', '[string (False)(None)] Sec-Fetch-Mode=navigate', '[string (False)(None)] Sec-Fetch-Site=same-origin', '[string (False)(None)] Sec-Fetch-User=?1', '[string (False)(None)] Priority=u=0, i', '[url (False)(None)] path0=a2_filtered.php', '[int (False)(None)] id=?', '[string (False)(None)] Submit=Submit'] | None
[17:15:52.665] [SQLiFuzz bd2] Getting prepared_target_request with ID 144 for test_SQLi iteration 23/70
[17:15:52.665] [SQLiFuzz 144] chosen_idx: 0 from 8
[17:15:52.665] [HTTPREQUEST 144] Getting matched paramval from found values: ['?1', '1']
[17:15:52.665] [HTTPREQUEST 144] Found matched paramval: [string (False)(None)] Sec-Fetch-User=?1
[17:15:52.666] [HTTPREQUEST 144] Found matched paramval: [int (False)(None)] id=1
[17:15:52.666] [SQLiFuzz 144] Prioritize to fuzz matched SQL value first: [int (False)(None)] id=1
[17:15:52.666] [SQLiFuzz 144] Mutation applied. old='1' char='@' strategy='drop' new='@'
[17:15:52.666] [HTTPREQUEST 144] Update url and body param from paramvals:
[17:15:52.666] [HTTPREQUEST None] New post_data_encoded: 
[17:15:52.666] [HTTPREQUEST None] New param encoded: Submit=Submit&id=%40
[17:15:52.666] [GENERALFUNCTION 144] ---SENDING THE REQUEST [1790975752-71262f36-5578-4a01-ba7f-9906220ad144] TO : [GET] http://localhost:8081/a2_filtered.php?Submit=Submit&id=%40
[17:15:52.666] [GENERALFUNCTION 144] Post data encoded: 
[17:15:52.666] [GENERALFUNCTION 144] Adjusted Referer to http://localhost:8081/a2_filtered.php
[17:15:52.666] [GENERALFUNCTION 144] DEBUG OUTGOING request.full_url: http://localhost:8081/a2_filtered.php?Submit=Submit&id=%40
[17:15:52.666] [GENERALFUNCTION 144] DEBUG OUTGOING headers: {'Host': 'localhost:8081', 'User-Agent': 'Mozilla/5.0 (X11; Ubuntu; Linux x86_64; rv:155.0) Gecko/20100101 Firefox/155.0', 'Accept': 'text/html,application/xhtml+xml,application/xml;q=0.9,*/*;q=0.8', 'Accept-Language': 'en-US,en;q=0.9', 'Accept-Encoding': 'gzip, deflate, br, zstd', 'Connection': 'keep-alive', 'Referer': 'http://localhost:8081/a2_filtered.php', 'Cookie': 'PHPSESSID=0d8290ddf05033f4c53fb9096583b0f1; security=impossible', 'Upgrade-Insecure-Requests': '1', 'Sec-Fetch-Dest': 'document', 'Sec-Fetch-Mode': 'navigate', 'Sec-Fetch-Site': 'same-origin', 'Sec-Fetch-User': '?1', 'Priority': 'u=0, i'}
[17:15:52.666] [GENERALFUNCTION 144] DEBUG OUTGOING post_data_encoded (truncated): 
[17:15:52.681] [SQLiFuzz 144] Response status: 200
[17:15:52.681] [SQLiFuzz 144] Response URL: http://localhost:8081/a2_filtered.php?Submit=Submit&id=%40
[17:15:52.681] [SQLiFuzz 144] Was redirected: False
[17:15:52.681] [SQLiFuzz 144] Getting response: <!doctype html>
<html>
<body>
<form method="GET">
  <label>User ID: <input type="text" name="id"></label>
  <input type="submit" name="Submit" value="Submit">
</form>
<pre>INPUT REJECTED</pre>
[17:15:53.682] [SQLAnalysis] Read 1 new lines from SQL log file.
[17:15:53.682] [SQLAnalysis] Appended 1 parsed entries.
[17:15:53.682] [SQLAnalysis 144] Extracted 483 Logs 2026-10-02 21:15:53.682490: [{'timestamp': '2026-10-02 21:15:52,674857', 'level': 'INFO', 'ip': '172.18.0.5', 'port': 53514, 'sql': 'USE db *#*#OK'}]
[17:15:53.682] [SQLAnalysis 144] Updated param pairs: {'looked_value': '@'}
[17:15:53.682] [SQLAnalysis 144] Looked timestamp 2026-10-02 21:15:52.666661 -- 2026-10-02 21:15:52.679152
[17:15:53.688] [SQLAnalysis 144] query_array to be checked: ['use', 'db']
[17:15:53.689] [SQLAnalysis 144] normalized_query_array: ['use', 'db']
[17:15:53.689] [SQLiFuzz 144] No weird chars exist: GET http://localhost:8081/a2_filtered.php | ['[string (False)(None)] Sec-Fetch-Dest=document', '[string (False)(None)] Sec-Fetch-Mode=navigate', '[string (False)(None)] Sec-Fetch-Site=same-origin', '[string (False)(None)] Sec-Fetch-User=?1', '[string (False)(None)] Priority=u=0, i', '[url (False)(None)] path0=a2_filtered.php', '[int (False)(None)] id=@', '[string (False)(None)] Submit=Submit'] | None
[17:15:53.689] [SQLiFuzz bd2] Getting prepared_target_request with ID b6f for test_SQLi iteration 24/70
[17:15:53.689] [SQLiFuzz b6f] chosen_idx: 3 from 8
[17:15:53.689] [HTTPREQUEST b6f] Getting matched paramval from found values: ['?1', '1']
[17:15:53.689] [HTTPREQUEST b6f] Found matched paramval: [string (False)(None)] Sec-Fetch-User=?1
[17:15:53.689] [HTTPREQUEST b6f] Found matched paramval: [int (False)(None)] id=1
[17:15:53.689] [SQLiFuzz b6f] Prioritize to fuzz matched SQL value first: [int (False)(None)] id=1
[17:15:53.689] [SQLiFuzz b6f] Mutation applied. old='1' char='_' strategy='random' new='1_'
[17:15:53.690] [HTTPREQUEST b6f] Update url and body param from paramvals:
[17:15:53.690] [HTTPREQUEST None] New post_data_encoded: 
[17:15:53.690] [HTTPREQUEST None] New param encoded: Submit=Submit&id=1_
[17:15:53.690] [GENERALFUNCTION b6f] ---SENDING THE REQUEST [1790975753-5c0b3a39-16e8-4f41-b71c-3f13ce24cb6f] TO : [GET] http://localhost:8081/a2_filtered.php?Submit=Submit&id=1_
[17:15:53.690] [GENERALFUNCTION b6f] Post data encoded: 
[17:15:53.690] [GENERALFUNCTION b6f] Adjusted Referer to http://localhost:8081/a2_filtered.php
[17:15:53.690] [GENERALFUNCTION b6f] DEBUG OUTGOING request.full_url: http://localhost:8081/a2_filtered.php?Submit=Submit&id=1_
[17:15:53.690] [GENERALFUNCTION b6f] DEBUG OUTGOING headers: {'Host': 'localhost:8081', 'User-Agent': 'Mozilla/5.0 (X11; Ubuntu; Linux x86_64; rv:155.0) Gecko/20100101 Firefox/155.0', 'Accept': 'text/html,application/xhtml+xml,application/xml;q=0.9,*/*;q=0.8', 'Accept-Language': 'en-US,en;q=0.9', 'Accept-Encoding': 'gzip, deflate, br, zstd', 'Connection': 'keep-alive', 'Referer': 'http://localhost:8081/a2_filtered.php', 'Cookie': 'PHPSESSID=0d8290ddf05033f4c53fb9096583b0f1; security=impossible', 'Upgrade-Insecure-Requests': '1', 'Sec-Fetch-Dest': 'document', 'Sec-Fetch-Mode': 'navigate', 'Sec-Fetch-Site': 'same-origin', 'Sec-Fetch-User': '?1', 'Priority': 'u=0, i'}
[17:15:53.690] [GENERALFUNCTION b6f] DEBUG OUTGOING post_data_encoded (truncated): 
[17:15:53.712] [SQLiFuzz b6f] Response status: 200
[17:15:53.712] [SQLiFuzz b6f] Response URL: http://localhost:8081/a2_filtered.php?Submit=Submit&id=1_
[17:15:53.712] [SQLiFuzz b6f] Was redirected: False
[17:15:53.712] [SQLiFuzz b6f] Getting response: <!doctype html>
<html>
<body>
<form method="GET">
  <label>User ID: <input type="text" name="id"></label>
  <input type="submit" name="Submit" value="Submit">
</form>
<pre>INPUT REJECTED</pre>
[17:15:54.713] [SQLAnalysis] Read 1 new lines from SQL log file.
[17:15:54.713] [SQLAnalysis] Appended 1 parsed entries.
[17:15:54.713] [SQLAnalysis b6f] Extracted 484 Logs 2026-10-02 21:15:54.713931: [{'timestamp': '2026-10-02 21:15:53,700854', 'level': 'INFO', 'ip': '172.18.0.5', 'port': 53534, 'sql': 'USE db *#*#OK'}]
[17:15:54.714] [SQLAnalysis b6f] Updated param pairs: {'looked_value': '1_'}
[17:15:54.714] [SQLAnalysis b6f] Looked timestamp 2026-10-02 21:15:53.690661 -- 2026-10-02 21:15:53.707374
[17:15:54.724] [SQLAnalysis b6f] query_array to be checked: ['use', 'db']
[17:15:54.725] [SQLAnalysis b6f] normalized_query_array: ['use', 'db']
[17:15:54.726] [SQLiFuzz b6f] No weird chars exist: GET http://localhost:8081/a2_filtered.php | ['[string (False)(None)] Sec-Fetch-Dest=document', '[string (False)(None)] Sec-Fetch-Mode=navigate', '[string (False)(None)] Sec-Fetch-Site=same-origin', '[string (False)(None)] Sec-Fetch-User=?1', '[string (False)(None)] Priority=u=0, i', '[url (False)(None)] path0=a2_filtered.php', '[int (False)(None)] id=1_', '[string (False)(None)] Submit=Submit'] | None
[17:15:54.727] [SQLiFuzz bd2] Getting prepared_target_request with ID 369 for test_SQLi iteration 25/70
[17:15:54.727] [SQLiFuzz 369] chosen_idx: 5 from 8
[17:15:54.727] [HTTPREQUEST 369] Getting matched paramval from found values: ['?1', '1']
[17:15:54.727] [HTTPREQUEST 369] Found matched paramval: [string (False)(None)] Sec-Fetch-User=?1
[17:15:54.727] [HTTPREQUEST 369] Found matched paramval: [int (False)(None)] id=1
[17:15:54.727] [SQLiFuzz 369] Prioritize to fuzz matched SQL value first: [int (False)(None)] id=1
[17:15:54.727] [SQLiFuzz 369] Mutation applied. old='1' char=';' strategy='front' new=';1'
[17:15:54.727] [HTTPREQUEST 369] Update url and body param from paramvals:
[17:15:54.727] [HTTPREQUEST None] New post_data_encoded: 
[17:15:54.728] [HTTPREQUEST None] New param encoded: Submit=Submit&id=%3B1
[17:15:54.728] [GENERALFUNCTION 369] ---SENDING THE REQUEST [1790975754-2d81b0bb-af48-4644-bd1f-0279538e6369] TO : [GET] http://localhost:8081/a2_filtered.php?Submit=Submit&id=%3B1
[17:15:54.728] [GENERALFUNCTION 369] Post data encoded: 
[17:15:54.728] [GENERALFUNCTION 369] Adjusted Referer to http://localhost:8081/a2_filtered.php
[17:15:54.728] [GENERALFUNCTION 369] DEBUG OUTGOING request.full_url: http://localhost:8081/a2_filtered.php?Submit=Submit&id=%3B1
[17:15:54.728] [GENERALFUNCTION 369] DEBUG OUTGOING headers: {'Host': 'localhost:8081', 'User-Agent': 'Mozilla/5.0 (X11; Ubuntu; Linux x86_64; rv:155.0) Gecko/20100101 Firefox/155.0', 'Accept': 'text/html,application/xhtml+xml,application/xml;q=0.9,*/*;q=0.8', 'Accept-Language': 'en-US,en;q=0.9', 'Accept-Encoding': 'gzip, deflate, br, zstd', 'Connection': 'keep-alive', 'Referer': 'http://localhost:8081/a2_filtered.php', 'Cookie': 'PHPSESSID=0d8290ddf05033f4c53fb9096583b0f1; security=impossible', 'Upgrade-Insecure-Requests': '1', 'Sec-Fetch-Dest': 'document', 'Sec-Fetch-Mode': 'navigate', 'Sec-Fetch-Site': 'same-origin', 'Sec-Fetch-User': '?1', 'Priority': 'u=0, i'}
[17:15:54.728] [GENERALFUNCTION 369] DEBUG OUTGOING post_data_encoded (truncated): 
[17:15:54.756] [SQLiFuzz 369] Response status: 200
[17:15:54.756] [SQLiFuzz 369] Response URL: http://localhost:8081/a2_filtered.php?Submit=Submit&id=%3B1
[17:15:54.756] [SQLiFuzz 369] Was redirected: False
[17:15:54.756] [SQLiFuzz 369] Getting response: <!doctype html>
<html>
<body>
<form method="GET">
  <label>User ID: <input type="text" name="id"></label>
  <input type="submit" name="Submit" value="Submit">
</form>
<pre>INPUT REJECTED</pre>
[17:15:55.757] [SQLAnalysis] Read 1 new lines from SQL log file.
[17:15:55.757] [SQLAnalysis] Appended 1 parsed entries.
[17:15:55.758] [SQLAnalysis 369] Extracted 485 Logs 2026-10-02 21:15:55.758081: [{'timestamp': '2026-10-02 21:15:54,744898', 'level': 'INFO', 'ip': '172.18.0.5', 'port': 53548, 'sql': 'USE db *#*#OK'}]
[17:15:55.758] [SQLAnalysis 369] Updated param pairs: {'looked_value': ';1'}
[17:15:55.758] [SQLAnalysis 369] Looked timestamp 2026-10-02 21:15:54.728769 -- 2026-10-02 21:15:54.753649
[17:15:55.764] [SQLAnalysis 369] query_array to be checked: ['use', 'db']
[17:15:55.764] [SQLAnalysis 369] normalized_query_array: ['use', 'db']
[17:15:55.764] [SQLiFuzz 369] No weird chars exist: GET http://localhost:8081/a2_filtered.php | ['[string (False)(None)] Sec-Fetch-Dest=document', '[string (False)(None)] Sec-Fetch-Mode=navigate', '[string (False)(None)] Sec-Fetch-Site=same-origin', '[string (False)(None)] Sec-Fetch-User=?1', '[string (False)(None)] Priority=u=0, i', '[url (False)(None)] path0=a2_filtered.php', '[int (False)(None)] id=;1', '[string (False)(None)] Submit=Submit'] | None
[17:15:55.764] [SQLiFuzz bd2] Getting prepared_target_request with ID 206 for test_SQLi iteration 26/70
[17:15:55.764] [SQLiFuzz 206] chosen_idx: 4 from 8
[17:15:55.765] [HTTPREQUEST 206] Getting matched paramval from found values: ['?1', '1']
[17:15:55.765] [HTTPREQUEST 206] Found matched paramval: [string (False)(None)] Sec-Fetch-User=?1
[17:15:55.765] [HTTPREQUEST 206] Found matched paramval: [int (False)(None)] id=1
[17:15:55.765] [SQLiFuzz 206] Prioritize to fuzz matched SQL value first: [int (False)(None)] id=1
[17:15:55.765] [SQLiFuzz 206] Mutation applied. old='1' char=',' strategy='tail' new='1,'
[17:15:55.765] [HTTPREQUEST 206] Update url and body param from paramvals:
[17:15:55.765] [HTTPREQUEST None] New post_data_encoded: 
[17:15:55.765] [HTTPREQUEST None] New param encoded: Submit=Submit&id=1%2C
[17:15:55.765] [GENERALFUNCTION 206] ---SENDING THE REQUEST [1790975755-fee93464-adaa-4de3-8f5f-84d631a7e206] TO : [GET] http://localhost:8081/a2_filtered.php?Submit=Submit&id=1%2C
[17:15:55.765] [GENERALFUNCTION 206] Post data encoded: 
[17:15:55.765] [GENERALFUNCTION 206] Adjusted Referer to http://localhost:8081/a2_filtered.php
[17:15:55.766] [GENERALFUNCTION 206] DEBUG OUTGOING request.full_url: http://localhost:8081/a2_filtered.php?Submit=Submit&id=1%2C
[17:15:55.766] [GENERALFUNCTION 206] DEBUG OUTGOING headers: {'Host': 'localhost:8081', 'User-Agent': 'Mozilla/5.0 (X11; Ubuntu; Linux x86_64; rv:155.0) Gecko/20100101 Firefox/155.0', 'Accept': 'text/html,application/xhtml+xml,application/xml;q=0.9,*/*;q=0.8', 'Accept-Language': 'en-US,en;q=0.9', 'Accept-Encoding': 'gzip, deflate, br, zstd', 'Connection': 'keep-alive', 'Referer': 'http://localhost:8081/a2_filtered.php', 'Cookie': 'PHPSESSID=0d8290ddf05033f4c53fb9096583b0f1; security=impossible', 'Upgrade-Insecure-Requests': '1', 'Sec-Fetch-Dest': 'document', 'Sec-Fetch-Mode': 'navigate', 'Sec-Fetch-Site': 'same-origin', 'Sec-Fetch-User': '?1', 'Priority': 'u=0, i'}
[17:15:55.766] [GENERALFUNCTION 206] DEBUG OUTGOING post_data_encoded (truncated): 
[17:15:55.785] [SQLiFuzz 206] Response status: 200
[17:15:55.785] [SQLiFuzz 206] Response URL: http://localhost:8081/a2_filtered.php?Submit=Submit&id=1%2C
[17:15:55.785] [SQLiFuzz 206] Was redirected: False
[17:15:55.785] [SQLiFuzz 206] Getting response: <!doctype html>
<html>
<body>
<form method="GET">
  <label>User ID: <input type="text" name="id"></label>
  <input type="submit" name="Submit" value="Submit">
</form>
<pre>INPUT REJECTED</pre>
[17:15:56.786] [SQLAnalysis] Read 1 new lines from SQL log file.
[17:15:56.786] [SQLAnalysis] Appended 1 parsed entries.
[17:15:56.787] [SQLAnalysis 206] Extracted 486 Logs 2026-10-02 21:15:56.787054: [{'timestamp': '2026-10-02 21:15:55,775891', 'level': 'INFO', 'ip': '172.18.0.5', 'port': 53562, 'sql': 'USE db *#*#OK'}]
[17:15:56.787] [SQLAnalysis 206] Updated param pairs: {'looked_value': '1,'}
[17:15:56.788] [SQLAnalysis 206] Looked timestamp 2026-10-02 21:15:55.766232 -- 2026-10-02 21:15:55.782416
[17:15:56.795] [SQLAnalysis 206] query_array to be checked: ['use', 'db']
[17:15:56.796] [SQLAnalysis 206] normalized_query_array: ['use', 'db']
[17:15:56.796] [SQLiFuzz 206] No weird chars exist: GET http://localhost:8081/a2_filtered.php | ['[string (False)(None)] Sec-Fetch-Dest=document', '[string (False)(None)] Sec-Fetch-Mode=navigate', '[string (False)(None)] Sec-Fetch-Site=same-origin', '[string (False)(None)] Sec-Fetch-User=?1', '[string (False)(None)] Priority=u=0, i', '[url (False)(None)] path0=a2_filtered.php', '[int (False)(None)] id=1,', '[string (False)(None)] Submit=Submit'] | None
[17:15:56.796] [SQLiFuzz bd2] Getting prepared_target_request with ID af3 for test_SQLi iteration 27/70
[17:15:56.797] [SQLiFuzz af3] chosen_idx: 0 from 8
[17:15:56.797] [HTTPREQUEST af3] Getting matched paramval from found values: ['?1', '1']
[17:15:56.797] [HTTPREQUEST af3] Found matched paramval: [string (False)(None)] Sec-Fetch-User=?1
[17:15:56.797] [HTTPREQUEST af3] Found matched paramval: [int (False)(None)] id=1
[17:15:56.797] [SQLiFuzz af3] Prioritize to fuzz matched SQL value first: [int (False)(None)] id=1
[17:15:56.797] [SQLiFuzz af3] Mutation applied. old='1' char='%' strategy='random' new='1%'
[17:15:56.797] [HTTPREQUEST af3] Update url and body param from paramvals:
[17:15:56.797] [HTTPREQUEST None] New post_data_encoded: 
[17:15:56.797] [HTTPREQUEST None] New param encoded: Submit=Submit&id=1%25
[17:15:56.798] [GENERALFUNCTION af3] ---SENDING THE REQUEST [1790975756-b14a9471-9bd1-4d51-bb07-cc2856782af3] TO : [GET] http://localhost:8081/a2_filtered.php?Submit=Submit&id=1%25
[17:15:56.798] [GENERALFUNCTION af3] Post data encoded: 
[17:15:56.798] [GENERALFUNCTION af3] Adjusted Referer to http://localhost:8081/a2_filtered.php
[17:15:56.798] [GENERALFUNCTION af3] DEBUG OUTGOING request.full_url: http://localhost:8081/a2_filtered.php?Submit=Submit&id=1%25
[17:15:56.798] [GENERALFUNCTION af3] DEBUG OUTGOING headers: {'Host': 'localhost:8081', 'User-Agent': 'Mozilla/5.0 (X11; Ubuntu; Linux x86_64; rv:155.0) Gecko/20100101 Firefox/155.0', 'Accept': 'text/html,application/xhtml+xml,application/xml;q=0.9,*/*;q=0.8', 'Accept-Language': 'en-US,en;q=0.9', 'Accept-Encoding': 'gzip, deflate, br, zstd', 'Connection': 'keep-alive', 'Referer': 'http://localhost:8081/a2_filtered.php', 'Cookie': 'PHPSESSID=0d8290ddf05033f4c53fb9096583b0f1; security=impossible', 'Upgrade-Insecure-Requests': '1', 'Sec-Fetch-Dest': 'document', 'Sec-Fetch-Mode': 'navigate', 'Sec-Fetch-Site': 'same-origin', 'Sec-Fetch-User': '?1', 'Priority': 'u=0, i'}
[17:15:56.798] [GENERALFUNCTION af3] DEBUG OUTGOING post_data_encoded (truncated): 
[17:15:56.828] [SQLiFuzz af3] Response status: 200
[17:15:56.828] [SQLiFuzz af3] Response URL: http://localhost:8081/a2_filtered.php?Submit=Submit&id=1%25
[17:15:56.828] [SQLiFuzz af3] Was redirected: False
[17:15:56.828] [SQLiFuzz af3] Getting response: <!doctype html>
<html>
<body>
<form method="GET">
  <label>User ID: <input type="text" name="id"></label>
  <input type="submit" name="Submit" value="Submit">
</form>
<pre>INPUT REJECTED</pre>
[17:15:57.829] [SQLAnalysis] Read 1 new lines from SQL log file.
[17:15:57.829] [SQLAnalysis] Appended 1 parsed entries.
[17:15:57.830] [SQLAnalysis af3] Extracted 487 Logs 2026-10-02 21:15:57.830212: [{'timestamp': '2026-10-02 21:15:56,815756', 'level': 'INFO', 'ip': '172.18.0.5', 'port': 53578, 'sql': 'USE db *#*#OK'}]
[17:15:57.830] [SQLAnalysis af3] Updated param pairs: {'looked_value': '1%'}
[17:15:57.830] [SQLAnalysis af3] Looked timestamp 2026-10-02 21:15:56.799030 -- 2026-10-02 21:15:56.824918
[17:15:57.835] [SQLAnalysis af3] query_array to be checked: ['use', 'db']
[17:15:57.835] [SQLAnalysis af3] normalized_query_array: ['use', 'db']
[17:15:57.835] [SQLiFuzz af3] No weird chars exist: GET http://localhost:8081/a2_filtered.php | ['[string (False)(None)] Sec-Fetch-Dest=document', '[string (False)(None)] Sec-Fetch-Mode=navigate', '[string (False)(None)] Sec-Fetch-Site=same-origin', '[string (False)(None)] Sec-Fetch-User=?1', '[string (False)(None)] Priority=u=0, i', '[url (False)(None)] path0=a2_filtered.php', '[int (False)(None)] id=1%', '[string (False)(None)] Submit=Submit'] | None
[17:15:57.836] [SQLiFuzz bd2] Getting prepared_target_request with ID 44c for test_SQLi iteration 28/70
[17:15:57.836] [SQLiFuzz 44c] chosen_idx: 6 from 8
[17:15:57.836] [HTTPREQUEST 44c] Getting matched paramval from found values: ['?1', '1']
[17:15:57.836] [HTTPREQUEST 44c] Found matched paramval: [string (False)(None)] Sec-Fetch-User=?1
[17:15:57.836] [HTTPREQUEST 44c] Found matched paramval: [int (False)(None)] id=1
[17:15:57.836] [SQLiFuzz 44c] Prioritize to fuzz matched SQL value first: [int (False)(None)] id=1
[17:15:57.836] [SQLiFuzz 44c] Mutation applied. old='1' char=';' strategy='random' new='1;'
[17:15:57.836] [HTTPREQUEST 44c] Update url and body param from paramvals:
[17:15:57.836] [HTTPREQUEST None] New post_data_encoded: 
[17:15:57.837] [HTTPREQUEST None] New param encoded: Submit=Submit&id=1%3B
[17:15:57.837] [GENERALFUNCTION 44c] ---SENDING THE REQUEST [1790975757-841aa6c4-00cc-4b10-9859-c16330a4944c] TO : [GET] http://localhost:8081/a2_filtered.php?Submit=Submit&id=1%3B
[17:15:57.837] [GENERALFUNCTION 44c] Post data encoded: 
[17:15:57.837] [GENERALFUNCTION 44c] Adjusted Referer to http://localhost:8081/a2_filtered.php
[17:15:57.837] [GENERALFUNCTION 44c] DEBUG OUTGOING request.full_url: http://localhost:8081/a2_filtered.php?Submit=Submit&id=1%3B
[17:15:57.837] [GENERALFUNCTION 44c] DEBUG OUTGOING headers: {'Host': 'localhost:8081', 'User-Agent': 'Mozilla/5.0 (X11; Ubuntu; Linux x86_64; rv:155.0) Gecko/20100101 Firefox/155.0', 'Accept': 'text/html,application/xhtml+xml,application/xml;q=0.9,*/*;q=0.8', 'Accept-Language': 'en-US,en;q=0.9', 'Accept-Encoding': 'gzip, deflate, br, zstd', 'Connection': 'keep-alive', 'Referer': 'http://localhost:8081/a2_filtered.php', 'Cookie': 'PHPSESSID=0d8290ddf05033f4c53fb9096583b0f1; security=impossible', 'Upgrade-Insecure-Requests': '1', 'Sec-Fetch-Dest': 'document', 'Sec-Fetch-Mode': 'navigate', 'Sec-Fetch-Site': 'same-origin', 'Sec-Fetch-User': '?1', 'Priority': 'u=0, i'}
[17:15:57.837] [GENERALFUNCTION 44c] DEBUG OUTGOING post_data_encoded (truncated): 
[17:15:57.866] [SQLiFuzz 44c] Response status: 200
[17:15:57.866] [SQLiFuzz 44c] Response URL: http://localhost:8081/a2_filtered.php?Submit=Submit&id=1%3B
[17:15:57.866] [SQLiFuzz 44c] Was redirected: False
[17:15:57.867] [SQLiFuzz 44c] Getting response: <!doctype html>
<html>
<body>
<form method="GET">
  <label>User ID: <input type="text" name="id"></label>
  <input type="submit" name="Submit" value="Submit">
</form>
<pre>INPUT REJECTED</pre>
[17:15:58.867] [SQLAnalysis] Read 1 new lines from SQL log file.
[17:15:58.867] [SQLAnalysis] Appended 1 parsed entries.
[17:15:58.867] [SQLAnalysis 44c] Extracted 488 Logs 2026-10-02 21:15:58.867713: [{'timestamp': '2026-10-02 21:15:57,851416', 'level': 'INFO', 'ip': '172.18.0.5', 'port': 53600, 'sql': 'USE db *#*#OK'}]
[17:15:58.867] [SQLAnalysis 44c] Updated param pairs: {'looked_value': '1;'}
[17:15:58.867] [SQLAnalysis 44c] Looked timestamp 2026-10-02 21:15:57.837871 -- 2026-10-02 21:15:57.862062
[17:15:58.871] [SQLAnalysis 44c] query_array to be checked: ['use', 'db']
[17:15:58.871] [SQLAnalysis 44c] normalized_query_array: ['use', 'db']
[17:15:58.871] [SQLiFuzz 44c] No weird chars exist: GET http://localhost:8081/a2_filtered.php | ['[string (False)(None)] Sec-Fetch-Dest=document', '[string (False)(None)] Sec-Fetch-Mode=navigate', '[string (False)(None)] Sec-Fetch-Site=same-origin', '[string (False)(None)] Sec-Fetch-User=?1', '[string (False)(None)] Priority=u=0, i', '[url (False)(None)] path0=a2_filtered.php', '[int (False)(None)] id=1;', '[string (False)(None)] Submit=Submit'] | None
[17:15:58.872] [SQLiFuzz bd2] Getting prepared_target_request with ID 0c4 for test_SQLi iteration 29/70
[17:15:58.872] [SQLiFuzz 0c4] chosen_idx: 3 from 8
[17:15:58.872] [HTTPREQUEST 0c4] Getting matched paramval from found values: ['?1', '1']
[17:15:58.872] [HTTPREQUEST 0c4] Found matched paramval: [string (False)(None)] Sec-Fetch-User=?1
[17:15:58.872] [HTTPREQUEST 0c4] Found matched paramval: [int (False)(None)] id=1
[17:15:58.872] [SQLiFuzz 0c4] Prioritize to fuzz matched SQL value first: [int (False)(None)] id=1
[17:15:58.872] [SQLiFuzz 0c4] Mutation applied. old='1' char='(' strategy='front' new='(1'
[17:15:58.872] [HTTPREQUEST 0c4] Update url and body param from paramvals:
[17:15:58.872] [HTTPREQUEST None] New post_data_encoded: 
[17:15:58.872] [HTTPREQUEST None] New param encoded: Submit=Submit&id=%281
[17:15:58.872] [GENERALFUNCTION 0c4] ---SENDING THE REQUEST [1790975758-a91d3a9d-c3e0-415b-93f1-7a5d882fd0c4] TO : [GET] http://localhost:8081/a2_filtered.php?Submit=Submit&id=%281
[17:15:58.872] [GENERALFUNCTION 0c4] Post data encoded: 
[17:15:58.872] [GENERALFUNCTION 0c4] Adjusted Referer to http://localhost:8081/a2_filtered.php
[17:15:58.872] [GENERALFUNCTION 0c4] DEBUG OUTGOING request.full_url: http://localhost:8081/a2_filtered.php?Submit=Submit&id=%281
[17:15:58.872] [GENERALFUNCTION 0c4] DEBUG OUTGOING headers: {'Host': 'localhost:8081', 'User-Agent': 'Mozilla/5.0 (X11; Ubuntu; Linux x86_64; rv:155.0) Gecko/20100101 Firefox/155.0', 'Accept': 'text/html,application/xhtml+xml,application/xml;q=0.9,*/*;q=0.8', 'Accept-Language': 'en-US,en;q=0.9', 'Accept-Encoding': 'gzip, deflate, br, zstd', 'Connection': 'keep-alive', 'Referer': 'http://localhost:8081/a2_filtered.php', 'Cookie': 'PHPSESSID=0d8290ddf05033f4c53fb9096583b0f1; security=impossible', 'Upgrade-Insecure-Requests': '1', 'Sec-Fetch-Dest': 'document', 'Sec-Fetch-Mode': 'navigate', 'Sec-Fetch-Site': 'same-origin', 'Sec-Fetch-User': '?1', 'Priority': 'u=0, i'}
[17:15:58.873] [GENERALFUNCTION 0c4] DEBUG OUTGOING post_data_encoded (truncated): 
[17:15:58.894] [SQLiFuzz 0c4] Response status: 200
[17:15:58.894] [SQLiFuzz 0c4] Response URL: http://localhost:8081/a2_filtered.php?Submit=Submit&id=%281
[17:15:58.894] [SQLiFuzz 0c4] Was redirected: False
[17:15:58.894] [SQLiFuzz 0c4] Getting response: <!doctype html>
<html>
<body>
<form method="GET">
  <label>User ID: <input type="text" name="id"></label>
  <input type="submit" name="Submit" value="Submit">
</form>
<pre>INPUT REJECTED</pre>
[17:15:59.895] [SQLAnalysis] Read 1 new lines from SQL log file.
[17:15:59.895] [SQLAnalysis] Appended 1 parsed entries.
[17:15:59.895] [SQLAnalysis 0c4] Extracted 489 Logs 2026-10-02 21:15:59.895832: [{'timestamp': '2026-10-02 21:15:58,882513', 'level': 'INFO', 'ip': '172.18.0.5', 'port': 53616, 'sql': 'USE db *#*#OK'}]
[17:15:59.896] [SQLAnalysis 0c4] Updated param pairs: {'looked_value': '(1'}
[17:15:59.896] [SQLAnalysis 0c4] Looked timestamp 2026-10-02 21:15:58.873100 -- 2026-10-02 21:15:58.891473
[17:15:59.902] [SQLAnalysis 0c4] query_array to be checked: ['use', 'db']
[17:15:59.902] [SQLAnalysis 0c4] normalized_query_array: ['use', 'db']
[17:15:59.902] [SQLiFuzz 0c4] No weird chars exist: GET http://localhost:8081/a2_filtered.php | ['[string (False)(None)] Sec-Fetch-Dest=document', '[string (False)(None)] Sec-Fetch-Mode=navigate', '[string (False)(None)] Sec-Fetch-Site=same-origin', '[string (False)(None)] Sec-Fetch-User=?1', '[string (False)(None)] Priority=u=0, i', '[url (False)(None)] path0=a2_filtered.php', '[int (False)(None)] id=(1', '[string (False)(None)] Submit=Submit'] | None
[17:15:59.903] [SQLiFuzz bd2] Getting prepared_target_request with ID 336 for test_SQLi iteration 30/70
[17:15:59.903] [SQLiFuzz 336] chosen_idx: 2 from 8
[17:15:59.903] [HTTPREQUEST 336] Getting matched paramval from found values: ['?1', '1']
[17:15:59.903] [HTTPREQUEST 336] Found matched paramval: [string (False)(None)] Sec-Fetch-User=?1
[17:15:59.903] [HTTPREQUEST 336] Found matched paramval: [int (False)(None)] id=1
[17:15:59.903] [SQLiFuzz 336] Prioritize to fuzz matched SQL value first: [int (False)(None)] id=1
[17:15:59.903] [SQLiFuzz 336] Mutation applied. old='1' char='-' strategy='tail' new='1-'
[17:15:59.903] [HTTPREQUEST 336] Update url and body param from paramvals:
[17:15:59.903] [HTTPREQUEST None] New post_data_encoded: 
[17:15:59.903] [HTTPREQUEST None] New param encoded: Submit=Submit&id=1-
[17:15:59.903] [GENERALFUNCTION 336] ---SENDING THE REQUEST [1790975759-115f8be1-0ce3-4430-b39c-2360ef95d336] TO : [GET] http://localhost:8081/a2_filtered.php?Submit=Submit&id=1-
[17:15:59.903] [GENERALFUNCTION 336] Post data encoded: 
[17:15:59.904] [GENERALFUNCTION 336] Adjusted Referer to http://localhost:8081/a2_filtered.php
[17:15:59.904] [GENERALFUNCTION 336] DEBUG OUTGOING request.full_url: http://localhost:8081/a2_filtered.php?Submit=Submit&id=1-
[17:15:59.904] [GENERALFUNCTION 336] DEBUG OUTGOING headers: {'Host': 'localhost:8081', 'User-Agent': 'Mozilla/5.0 (X11; Ubuntu; Linux x86_64; rv:155.0) Gecko/20100101 Firefox/155.0', 'Accept': 'text/html,application/xhtml+xml,application/xml;q=0.9,*/*;q=0.8', 'Accept-Language': 'en-US,en;q=0.9', 'Accept-Encoding': 'gzip, deflate, br, zstd', 'Connection': 'keep-alive', 'Referer': 'http://localhost:8081/a2_filtered.php', 'Cookie': 'PHPSESSID=0d8290ddf05033f4c53fb9096583b0f1; security=impossible', 'Upgrade-Insecure-Requests': '1', 'Sec-Fetch-Dest': 'document', 'Sec-Fetch-Mode': 'navigate', 'Sec-Fetch-Site': 'same-origin', 'Sec-Fetch-User': '?1', 'Priority': 'u=0, i'}
[17:15:59.904] [GENERALFUNCTION 336] DEBUG OUTGOING post_data_encoded (truncated): 
[17:15:59.926] [SQLiFuzz 336] Response status: 200
[17:15:59.927] [SQLiFuzz 336] Response URL: http://localhost:8081/a2_filtered.php?Submit=Submit&id=1-
[17:15:59.927] [SQLiFuzz 336] Was redirected: False
[17:15:59.927] [SQLiFuzz 336] Getting response: <!doctype html>
<html>
<body>
<form method="GET">
  <label>User ID: <input type="text" name="id"></label>
  <input type="submit" name="Submit" value="Submit">
</form>
<pre>INPUT REJECTED</pre>
[17:16:00.927] [SQLAnalysis] Read 1 new lines from SQL log file.
[17:16:00.927] [SQLAnalysis] Appended 1 parsed entries.
[17:16:00.928] [SQLAnalysis 336] Extracted 490 Logs 2026-10-02 21:16:00.928053: [{'timestamp': '2026-10-02 21:15:59,915950', 'level': 'INFO', 'ip': '172.18.0.5', 'port': 53636, 'sql': 'USE db *#*#OK'}]
[17:16:00.928] [SQLAnalysis 336] Updated param pairs: {'looked_value': '1-'}
[17:16:00.928] [SQLAnalysis 336] Looked timestamp 2026-10-02 21:15:59.904317 -- 2026-10-02 21:15:59.922654
[17:16:00.933] [SQLAnalysis 336] query_array to be checked: ['use', 'db']
[17:16:00.933] [SQLAnalysis 336] normalized_query_array: ['use', 'db']
[17:16:00.933] [SQLiFuzz 336] No weird chars exist: GET http://localhost:8081/a2_filtered.php | ['[string (False)(None)] Sec-Fetch-Dest=document', '[string (False)(None)] Sec-Fetch-Mode=navigate', '[string (False)(None)] Sec-Fetch-Site=same-origin', '[string (False)(None)] Sec-Fetch-User=?1', '[string (False)(None)] Priority=u=0, i', '[url (False)(None)] path0=a2_filtered.php', '[int (False)(None)] id=1-', '[string (False)(None)] Submit=Submit'] | None
[17:16:00.934] [SQLiFuzz bd2] Getting prepared_target_request with ID af4 for test_SQLi iteration 31/70
[17:16:00.934] [SQLiFuzz af4] chosen_idx: 0 from 8
[17:16:00.934] [HTTPREQUEST af4] Getting matched paramval from found values: ['?1', '1']
[17:16:00.934] [HTTPREQUEST af4] Found matched paramval: [string (False)(None)] Sec-Fetch-User=?1
[17:16:00.934] [HTTPREQUEST af4] Found matched paramval: [int (False)(None)] id=1
[17:16:00.934] [SQLiFuzz af4] Prioritize to fuzz matched SQL value first: [int (False)(None)] id=1
[17:16:00.934] [SQLiFuzz af4] Mutation applied. old='1' char='\' strategy='tail' new='1\'
[17:16:00.934] [HTTPREQUEST af4] Update url and body param from paramvals:
[17:16:00.934] [HTTPREQUEST None] New post_data_encoded: 
[17:16:00.934] [HTTPREQUEST None] New param encoded: Submit=Submit&id=1%5C
[17:16:00.934] [GENERALFUNCTION af4] ---SENDING THE REQUEST [1790975760-2f129f22-111e-452a-aa0b-0f3e06334af4] TO : [GET] http://localhost:8081/a2_filtered.php?Submit=Submit&id=1%5C
[17:16:00.934] [GENERALFUNCTION af4] Post data encoded: 
[17:16:00.935] [GENERALFUNCTION af4] Adjusted Referer to http://localhost:8081/a2_filtered.php
[17:16:00.935] [GENERALFUNCTION af4] DEBUG OUTGOING request.full_url: http://localhost:8081/a2_filtered.php?Submit=Submit&id=1%5C
[17:16:00.935] [GENERALFUNCTION af4] DEBUG OUTGOING headers: {'Host': 'localhost:8081', 'User-Agent': 'Mozilla/5.0 (X11; Ubuntu; Linux x86_64; rv:155.0) Gecko/20100101 Firefox/155.0', 'Accept': 'text/html,application/xhtml+xml,application/xml;q=0.9,*/*;q=0.8', 'Accept-Language': 'en-US,en;q=0.9', 'Accept-Encoding': 'gzip, deflate, br, zstd', 'Connection': 'keep-alive', 'Referer': 'http://localhost:8081/a2_filtered.php', 'Cookie': 'PHPSESSID=0d8290ddf05033f4c53fb9096583b0f1; security=impossible', 'Upgrade-Insecure-Requests': '1', 'Sec-Fetch-Dest': 'document', 'Sec-Fetch-Mode': 'navigate', 'Sec-Fetch-Site': 'same-origin', 'Sec-Fetch-User': '?1', 'Priority': 'u=0, i'}
[17:16:00.935] [GENERALFUNCTION af4] DEBUG OUTGOING post_data_encoded (truncated): 
[17:16:00.952] [SQLiFuzz af4] Response status: 200
[17:16:00.952] [SQLiFuzz af4] Response URL: http://localhost:8081/a2_filtered.php?Submit=Submit&id=1%5C
[17:16:00.953] [SQLiFuzz af4] Was redirected: False
[17:16:00.953] [SQLiFuzz af4] Getting response: <!doctype html>
<html>
<body>
<form method="GET">
  <label>User ID: <input type="text" name="id"></label>
  <input type="submit" name="Submit" value="Submit">
</form>
<pre>INPUT REJECTED</pre>
[17:16:01.953] [SQLAnalysis] Read 1 new lines from SQL log file.
[17:16:01.954] [SQLAnalysis] Appended 1 parsed entries.
[17:16:01.954] [SQLAnalysis af4] Extracted 491 Logs 2026-10-02 21:16:01.954252: [{'timestamp': '2026-10-02 21:16:00,944287', 'level': 'INFO', 'ip': '172.18.0.5', 'port': 53648, 'sql': 'USE db *#*#OK'}]
[17:16:01.954] [SQLAnalysis af4] Updated param pairs: {'looked_value': '1\\'}
[17:16:01.954] [SQLAnalysis af4] Looked timestamp 2026-10-02 21:16:00.935283 -- 2026-10-02 21:16:00.949929
[17:16:01.960] [SQLAnalysis af4] query_array to be checked: ['use', 'db']
[17:16:01.960] [SQLAnalysis af4] normalized_query_array: ['use', 'db']
[17:16:01.960] [SQLiFuzz af4] No weird chars exist: GET http://localhost:8081/a2_filtered.php | ['[string (False)(None)] Sec-Fetch-Dest=document', '[string (False)(None)] Sec-Fetch-Mode=navigate', '[string (False)(None)] Sec-Fetch-Site=same-origin', '[string (False)(None)] Sec-Fetch-User=?1', '[string (False)(None)] Priority=u=0, i', '[url (False)(None)] path0=a2_filtered.php', '[int (False)(None)] id=1\\', '[string (False)(None)] Submit=Submit'] | None
[17:16:01.961] [SQLiFuzz bd2] Getting prepared_target_request with ID 759 for test_SQLi iteration 32/70
[17:16:01.961] [SQLiFuzz 759] chosen_idx: 3 from 8
[17:16:01.961] [HTTPREQUEST 759] Getting matched paramval from found values: ['?1', '1']
[17:16:01.962] [HTTPREQUEST 759] Found matched paramval: [string (False)(None)] Sec-Fetch-User=?1
[17:16:01.962] [HTTPREQUEST 759] Found matched paramval: [int (False)(None)] id=1
[17:16:01.963] [SQLiFuzz 759] Prioritize to fuzz matched SQL value first: [int (False)(None)] id=1
[17:16:01.964] [SQLiFuzz 759] Mutation applied. old='1' char='$' strategy='tail' new='1$'
[17:16:01.964] [HTTPREQUEST 759] Update url and body param from paramvals:
[17:16:01.964] [HTTPREQUEST None] New post_data_encoded: 
[17:16:01.964] [HTTPREQUEST None] New param encoded: Submit=Submit&id=1%24
[17:16:01.964] [GENERALFUNCTION 759] ---SENDING THE REQUEST [1790975761-b1f18c73-0af1-4d59-bf95-5db74106d759] TO : [GET] http://localhost:8081/a2_filtered.php?Submit=Submit&id=1%24
[17:16:01.965] [GENERALFUNCTION 759] Post data encoded: 
[17:16:01.965] [GENERALFUNCTION 759] Adjusted Referer to http://localhost:8081/a2_filtered.php
[17:16:01.965] [GENERALFUNCTION 759] DEBUG OUTGOING request.full_url: http://localhost:8081/a2_filtered.php?Submit=Submit&id=1%24
[17:16:01.965] [GENERALFUNCTION 759] DEBUG OUTGOING headers: {'Host': 'localhost:8081', 'User-Agent': 'Mozilla/5.0 (X11; Ubuntu; Linux x86_64; rv:155.0) Gecko/20100101 Firefox/155.0', 'Accept': 'text/html,application/xhtml+xml,application/xml;q=0.9,*/*;q=0.8', 'Accept-Language': 'en-US,en;q=0.9', 'Accept-Encoding': 'gzip, deflate, br, zstd', 'Connection': 'keep-alive', 'Referer': 'http://localhost:8081/a2_filtered.php', 'Cookie': 'PHPSESSID=0d8290ddf05033f4c53fb9096583b0f1; security=impossible', 'Upgrade-Insecure-Requests': '1', 'Sec-Fetch-Dest': 'document', 'Sec-Fetch-Mode': 'navigate', 'Sec-Fetch-Site': 'same-origin', 'Sec-Fetch-User': '?1', 'Priority': 'u=0, i'}
[17:16:01.965] [GENERALFUNCTION 759] DEBUG OUTGOING post_data_encoded (truncated): 
[17:16:01.997] [SQLiFuzz 759] Response status: 200
[17:16:01.997] [SQLiFuzz 759] Response URL: http://localhost:8081/a2_filtered.php?Submit=Submit&id=1%24
[17:16:01.997] [SQLiFuzz 759] Was redirected: False
[17:16:01.997] [SQLiFuzz 759] Getting response: <!doctype html>
<html>
<body>
<form method="GET">
  <label>User ID: <input type="text" name="id"></label>
  <input type="submit" name="Submit" value="Submit">
</form>
<pre>INPUT REJECTED</pre>
[17:16:02.998] [SQLAnalysis] Read 1 new lines from SQL log file.
[17:16:02.998] [SQLAnalysis] Appended 1 parsed entries.
[17:16:02.998] [SQLAnalysis 759] Extracted 492 Logs 2026-10-02 21:16:02.998705: [{'timestamp': '2026-10-02 21:16:01,985262', 'level': 'INFO', 'ip': '172.18.0.5', 'port': 56216, 'sql': 'USE db *#*#OK'}]
[17:16:02.998] [SQLAnalysis 759] Updated param pairs: {'looked_value': '1$'}
[17:16:02.998] [SQLAnalysis 759] Looked timestamp 2026-10-02 21:16:01.965655 -- 2026-10-02 21:16:01.994586
[17:16:03.003] [SQLAnalysis 759] query_array to be checked: ['use', 'db']
[17:16:03.003] [SQLAnalysis 759] normalized_query_array: ['use', 'db']
[17:16:03.003] [SQLiFuzz 759] No weird chars exist: GET http://localhost:8081/a2_filtered.php | ['[string (False)(None)] Sec-Fetch-Dest=document', '[string (False)(None)] Sec-Fetch-Mode=navigate', '[string (False)(None)] Sec-Fetch-Site=same-origin', '[string (False)(None)] Sec-Fetch-User=?1', '[string (False)(None)] Priority=u=0, i', '[url (False)(None)] path0=a2_filtered.php', '[int (False)(None)] id=1$', '[string (False)(None)] Submit=Submit'] | None
[17:16:03.003] [SQLiFuzz bd2] Getting prepared_target_request with ID 62b for test_SQLi iteration 33/70
[17:16:03.003] [SQLiFuzz 62b] chosen_idx: 2 from 8
[17:16:03.004] [HTTPREQUEST 62b] Getting matched paramval from found values: ['?1', '1']
[17:16:03.004] [HTTPREQUEST 62b] Found matched paramval: [string (False)(None)] Sec-Fetch-User=?1
[17:16:03.004] [HTTPREQUEST 62b] Found matched paramval: [int (False)(None)] id=1
[17:16:03.004] [SQLiFuzz 62b] Prioritize to fuzz matched SQL value first: [int (False)(None)] id=1
[17:16:03.004] [SQLiFuzz 62b] Mutation applied. old='1' char='.' strategy='tail' new='1.'
[17:16:03.004] [HTTPREQUEST 62b] Update url and body param from paramvals:
[17:16:03.004] [HTTPREQUEST None] New post_data_encoded: 
[17:16:03.004] [HTTPREQUEST None] New param encoded: Submit=Submit&id=1.
[17:16:03.005] [GENERALFUNCTION 62b] ---SENDING THE REQUEST [1790975763-5bd171b3-a385-4d34-a324-21949674362b] TO : [GET] http://localhost:8081/a2_filtered.php?Submit=Submit&id=1.
[17:16:03.005] [GENERALFUNCTION 62b] Post data encoded: 
[17:16:03.005] [GENERALFUNCTION 62b] Adjusted Referer to http://localhost:8081/a2_filtered.php
[17:16:03.005] [GENERALFUNCTION 62b] DEBUG OUTGOING request.full_url: http://localhost:8081/a2_filtered.php?Submit=Submit&id=1.
[17:16:03.005] [GENERALFUNCTION 62b] DEBUG OUTGOING headers: {'Host': 'localhost:8081', 'User-Agent': 'Mozilla/5.0 (X11; Ubuntu; Linux x86_64; rv:155.0) Gecko/20100101 Firefox/155.0', 'Accept': 'text/html,application/xhtml+xml,application/xml;q=0.9,*/*;q=0.8', 'Accept-Language': 'en-US,en;q=0.9', 'Accept-Encoding': 'gzip, deflate, br, zstd', 'Connection': 'keep-alive', 'Referer': 'http://localhost:8081/a2_filtered.php', 'Cookie': 'PHPSESSID=0d8290ddf05033f4c53fb9096583b0f1; security=impossible', 'Upgrade-Insecure-Requests': '1', 'Sec-Fetch-Dest': 'document', 'Sec-Fetch-Mode': 'navigate', 'Sec-Fetch-Site': 'same-origin', 'Sec-Fetch-User': '?1', 'Priority': 'u=0, i'}
[17:16:03.005] [GENERALFUNCTION 62b] DEBUG OUTGOING post_data_encoded (truncated): 
[17:16:03.028] [SQLiFuzz 62b] Response status: 200
[17:16:03.028] [SQLiFuzz 62b] Response URL: http://localhost:8081/a2_filtered.php?Submit=Submit&id=1.
[17:16:03.028] [SQLiFuzz 62b] Was redirected: False
[17:16:03.028] [SQLiFuzz 62b] Getting response: <!doctype html>
<html>
<body>
<form method="GET">
  <label>User ID: <input type="text" name="id"></label>
  <input type="submit" name="Submit" value="Submit">
</form>
<pre>INPUT REJECTED</pre>
[17:16:04.028] [SQLAnalysis] Read 1 new lines from SQL log file.
[17:16:04.029] [SQLAnalysis] Appended 1 parsed entries.
[17:16:04.029] [SQLAnalysis 62b] Extracted 493 Logs 2026-10-02 21:16:04.029442: [{'timestamp': '2026-10-02 21:16:03,016422', 'level': 'INFO', 'ip': '172.18.0.5', 'port': 56242, 'sql': 'USE db *#*#OK'}]
[17:16:04.029] [SQLAnalysis 62b] Updated param pairs: {'looked_value': '1.'}
[17:16:04.029] [SQLAnalysis 62b] Looked timestamp 2026-10-02 21:16:03.005427 -- 2026-10-02 21:16:03.024162
[17:16:04.035] [SQLAnalysis 62b] query_array to be checked: ['use', 'db']
[17:16:04.035] [SQLAnalysis 62b] normalized_query_array: ['use', 'db']
[17:16:04.035] [SQLiFuzz 62b] No weird chars exist: GET http://localhost:8081/a2_filtered.php | ['[string (False)(None)] Sec-Fetch-Dest=document', '[string (False)(None)] Sec-Fetch-Mode=navigate', '[string (False)(None)] Sec-Fetch-Site=same-origin', '[string (False)(None)] Sec-Fetch-User=?1', '[string (False)(None)] Priority=u=0, i', '[url (False)(None)] path0=a2_filtered.php', '[int (False)(None)] id=1.', '[string (False)(None)] Submit=Submit'] | None
[17:16:04.036] [SQLiFuzz bd2] Getting prepared_target_request with ID e8c for test_SQLi iteration 34/70
[17:16:04.036] [SQLiFuzz e8c] chosen_idx: 1 from 8
[17:16:04.036] [HTTPREQUEST e8c] Getting matched paramval from found values: ['?1', '1']
[17:16:04.036] [HTTPREQUEST e8c] Found matched paramval: [string (False)(None)] Sec-Fetch-User=?1
[17:16:04.036] [HTTPREQUEST e8c] Found matched paramval: [int (False)(None)] id=1
[17:16:04.036] [SQLiFuzz e8c] Prioritize to fuzz matched SQL value first: [int (False)(None)] id=1
[17:16:04.036] [SQLiFuzz e8c] Mutation applied. old='1' char='(' strategy='drop' new='('
[17:16:04.036] [HTTPREQUEST e8c] Update url and body param from paramvals:
[17:16:04.036] [HTTPREQUEST None] New post_data_encoded: 
[17:16:04.036] [HTTPREQUEST None] New param encoded: Submit=Submit&id=%28
[17:16:04.036] [GENERALFUNCTION e8c] ---SENDING THE REQUEST [1790975764-9f77eac2-010d-45b8-b084-697eda233e8c] TO : [GET] http://localhost:8081/a2_filtered.php?Submit=Submit&id=%28
[17:16:04.036] [GENERALFUNCTION e8c] Post data encoded: 
[17:16:04.037] [GENERALFUNCTION e8c] Adjusted Referer to http://localhost:8081/a2_filtered.php
[17:16:04.037] [GENERALFUNCTION e8c] DEBUG OUTGOING request.full_url: http://localhost:8081/a2_filtered.php?Submit=Submit&id=%28
[17:16:04.037] [GENERALFUNCTION e8c] DEBUG OUTGOING headers: {'Host': 'localhost:8081', 'User-Agent': 'Mozilla/5.0 (X11; Ubuntu; Linux x86_64; rv:155.0) Gecko/20100101 Firefox/155.0', 'Accept': 'text/html,application/xhtml+xml,application/xml;q=0.9,*/*;q=0.8', 'Accept-Language': 'en-US,en;q=0.9', 'Accept-Encoding': 'gzip, deflate, br, zstd', 'Connection': 'keep-alive', 'Referer': 'http://localhost:8081/a2_filtered.php', 'Cookie': 'PHPSESSID=0d8290ddf05033f4c53fb9096583b0f1; security=impossible', 'Upgrade-Insecure-Requests': '1', 'Sec-Fetch-Dest': 'document', 'Sec-Fetch-Mode': 'navigate', 'Sec-Fetch-Site': 'same-origin', 'Sec-Fetch-User': '?1', 'Priority': 'u=0, i'}
[17:16:04.037] [GENERALFUNCTION e8c] DEBUG OUTGOING post_data_encoded (truncated): 
[17:16:04.064] [SQLiFuzz e8c] Response status: 200
[17:16:04.064] [SQLiFuzz e8c] Response URL: http://localhost:8081/a2_filtered.php?Submit=Submit&id=%28
[17:16:04.064] [SQLiFuzz e8c] Was redirected: False
[17:16:04.064] [SQLiFuzz e8c] Getting response: <!doctype html>
<html>
<body>
<form method="GET">
  <label>User ID: <input type="text" name="id"></label>
  <input type="submit" name="Submit" value="Submit">
</form>
<pre>INPUT REJECTED</pre>
[17:16:05.064] [SQLAnalysis] Read 1 new lines from SQL log file.
[17:16:05.065] [SQLAnalysis] Appended 1 parsed entries.
[17:16:05.065] [SQLAnalysis e8c] Extracted 494 Logs 2026-10-02 21:16:05.065211: [{'timestamp': '2026-10-02 21:16:04,049361', 'level': 'INFO', 'ip': '172.18.0.5', 'port': 56258, 'sql': 'USE db *#*#OK'}]
[17:16:05.065] [SQLAnalysis e8c] Updated param pairs: {'looked_value': '('}
[17:16:05.065] [SQLAnalysis e8c] Looked timestamp 2026-10-02 21:16:04.037377 -- 2026-10-02 21:16:04.060248
[17:16:05.069] [SQLAnalysis e8c] query_array to be checked: ['use', 'db']
[17:16:05.069] [SQLAnalysis e8c] normalized_query_array: ['use', 'db']
[17:16:05.069] [SQLiFuzz e8c] No weird chars exist: GET http://localhost:8081/a2_filtered.php | ['[string (False)(None)] Sec-Fetch-Dest=document', '[string (False)(None)] Sec-Fetch-Mode=navigate', '[string (False)(None)] Sec-Fetch-Site=same-origin', '[string (False)(None)] Sec-Fetch-User=?1', '[string (False)(None)] Priority=u=0, i', '[url (False)(None)] path0=a2_filtered.php', '[int (False)(None)] id=(', '[string (False)(None)] Submit=Submit'] | None
[17:16:05.070] [SQLiFuzz bd2] Getting prepared_target_request with ID 387 for test_SQLi iteration 35/70
[17:16:05.070] [SQLiFuzz 387] chosen_idx: 7 from 8
[17:16:05.070] [HTTPREQUEST 387] Getting matched paramval from found values: ['?1', '1']
[17:16:05.070] [HTTPREQUEST 387] Found matched paramval: [string (False)(None)] Sec-Fetch-User=?1
[17:16:05.070] [HTTPREQUEST 387] Found matched paramval: [int (False)(None)] id=1
[17:16:05.070] [SQLiFuzz 387] Prioritize to fuzz matched SQL value first: [int (False)(None)] id=1
[17:16:05.070] [SQLiFuzz 387] Mutation applied. old='1' char='>' strategy='drop' new='>'
[17:16:05.070] [HTTPREQUEST 387] Update url and body param from paramvals:
[17:16:05.070] [HTTPREQUEST None] New post_data_encoded: 
[17:16:05.070] [HTTPREQUEST None] New param encoded: Submit=Submit&id=%3E
[17:16:05.070] [GENERALFUNCTION 387] ---SENDING THE REQUEST [1790975765-49a59e16-f0f1-4c7b-b607-9bc8e7a0c387] TO : [GET] http://localhost:8081/a2_filtered.php?Submit=Submit&id=%3E
[17:16:05.070] [GENERALFUNCTION 387] Post data encoded: 
[17:16:05.070] [GENERALFUNCTION 387] Adjusted Referer to http://localhost:8081/a2_filtered.php
[17:16:05.070] [GENERALFUNCTION 387] DEBUG OUTGOING request.full_url: http://localhost:8081/a2_filtered.php?Submit=Submit&id=%3E
[17:16:05.071] [GENERALFUNCTION 387] DEBUG OUTGOING headers: {'Host': 'localhost:8081', 'User-Agent': 'Mozilla/5.0 (X11; Ubuntu; Linux x86_64; rv:155.0) Gecko/20100101 Firefox/155.0', 'Accept': 'text/html,application/xhtml+xml,application/xml;q=0.9,*/*;q=0.8', 'Accept-Language': 'en-US,en;q=0.9', 'Accept-Encoding': 'gzip, deflate, br, zstd', 'Connection': 'keep-alive', 'Referer': 'http://localhost:8081/a2_filtered.php', 'Cookie': 'PHPSESSID=0d8290ddf05033f4c53fb9096583b0f1; security=impossible', 'Upgrade-Insecure-Requests': '1', 'Sec-Fetch-Dest': 'document', 'Sec-Fetch-Mode': 'navigate', 'Sec-Fetch-Site': 'same-origin', 'Sec-Fetch-User': '?1', 'Priority': 'u=0, i'}
[17:16:05.071] [GENERALFUNCTION 387] DEBUG OUTGOING post_data_encoded (truncated): 
[17:16:05.091] [SQLiFuzz 387] Response status: 200
[17:16:05.091] [SQLiFuzz 387] Response URL: http://localhost:8081/a2_filtered.php?Submit=Submit&id=%3E
[17:16:05.091] [SQLiFuzz 387] Was redirected: False
[17:16:05.091] [SQLiFuzz 387] Getting response: <!doctype html>
<html>
<body>
<form method="GET">
  <label>User ID: <input type="text" name="id"></label>
  <input type="submit" name="Submit" value="Submit">
</form>
<pre>INPUT REJECTED</pre>
[17:16:06.092] [SQLAnalysis] Read 1 new lines from SQL log file.
[17:16:06.092] [SQLAnalysis] Appended 1 parsed entries.
[17:16:06.092] [SQLAnalysis 387] Extracted 495 Logs 2026-10-02 21:16:06.092379: [{'timestamp': '2026-10-02 21:16:05,080610', 'level': 'INFO', 'ip': '172.18.0.5', 'port': 56278, 'sql': 'USE db *#*#OK'}]
[17:16:06.092] [SQLAnalysis 387] Updated param pairs: {'looked_value': '>'}
[17:16:06.092] [SQLAnalysis 387] Looked timestamp 2026-10-02 21:16:05.071441 -- 2026-10-02 21:16:05.088115
[17:16:06.096] [SQLAnalysis 387] query_array to be checked: ['use', 'db']
[17:16:06.096] [SQLAnalysis 387] normalized_query_array: ['use', 'db']
[17:16:06.096] [SQLiFuzz 387] No weird chars exist: GET http://localhost:8081/a2_filtered.php | ['[string (False)(None)] Sec-Fetch-Dest=document', '[string (False)(None)] Sec-Fetch-Mode=navigate', '[string (False)(None)] Sec-Fetch-Site=same-origin', '[string (False)(None)] Sec-Fetch-User=?1', '[string (False)(None)] Priority=u=0, i', '[url (False)(None)] path0=a2_filtered.php', '[int (False)(None)] id=>', '[string (False)(None)] Submit=Submit'] | None
[17:16:06.097] [SQLiFuzz bd2] Getting prepared_target_request with ID 1f3 for test_SQLi iteration 36/70
[17:16:06.097] [SQLiFuzz 1f3] chosen_idx: 7 from 8
[17:16:06.097] [HTTPREQUEST 1f3] Getting matched paramval from found values: ['?1', '1']
[17:16:06.097] [HTTPREQUEST 1f3] Found matched paramval: [string (False)(None)] Sec-Fetch-User=?1
[17:16:06.097] [HTTPREQUEST 1f3] Found matched paramval: [int (False)(None)] id=1
[17:16:06.097] [SQLiFuzz 1f3] Prioritize to fuzz matched SQL value first: [int (False)(None)] id=1
[17:16:06.097] [SQLiFuzz 1f3] Mutation applied. old='1' char='_' strategy='random' new='1_'
[17:16:06.097] [HTTPREQUEST 1f3] Update url and body param from paramvals:
[17:16:06.097] [HTTPREQUEST None] New post_data_encoded: 
[17:16:06.097] [HTTPREQUEST None] New param encoded: Submit=Submit&id=1_
[17:16:06.097] [GENERALFUNCTION 1f3] ---SENDING THE REQUEST [1790975766-0ddc3f50-8c4f-4453-be91-802d1c7a71f3] TO : [GET] http://localhost:8081/a2_filtered.php?Submit=Submit&id=1_
[17:16:06.097] [GENERALFUNCTION 1f3] Post data encoded: 
[17:16:06.098] [GENERALFUNCTION 1f3] Adjusted Referer to http://localhost:8081/a2_filtered.php
[17:16:06.098] [GENERALFUNCTION 1f3] DEBUG OUTGOING request.full_url: http://localhost:8081/a2_filtered.php?Submit=Submit&id=1_
[17:16:06.098] [GENERALFUNCTION 1f3] DEBUG OUTGOING headers: {'Host': 'localhost:8081', 'User-Agent': 'Mozilla/5.0 (X11; Ubuntu; Linux x86_64; rv:155.0) Gecko/20100101 Firefox/155.0', 'Accept': 'text/html,application/xhtml+xml,application/xml;q=0.9,*/*;q=0.8', 'Accept-Language': 'en-US,en;q=0.9', 'Accept-Encoding': 'gzip, deflate, br, zstd', 'Connection': 'keep-alive', 'Referer': 'http://localhost:8081/a2_filtered.php', 'Cookie': 'PHPSESSID=0d8290ddf05033f4c53fb9096583b0f1; security=impossible', 'Upgrade-Insecure-Requests': '1', 'Sec-Fetch-Dest': 'document', 'Sec-Fetch-Mode': 'navigate', 'Sec-Fetch-Site': 'same-origin', 'Sec-Fetch-User': '?1', 'Priority': 'u=0, i'}
[17:16:06.098] [GENERALFUNCTION 1f3] DEBUG OUTGOING post_data_encoded (truncated): 
[17:16:06.119] [SQLiFuzz 1f3] Response status: 200
[17:16:06.119] [SQLiFuzz 1f3] Response URL: http://localhost:8081/a2_filtered.php?Submit=Submit&id=1_
[17:16:06.119] [SQLiFuzz 1f3] Was redirected: False
[17:16:06.120] [SQLiFuzz 1f3] Getting response: <!doctype html>
<html>
<body>
<form method="GET">
  <label>User ID: <input type="text" name="id"></label>
  <input type="submit" name="Submit" value="Submit">
</form>
<pre>INPUT REJECTED</pre>
[17:16:07.120] [SQLAnalysis] Read 1 new lines from SQL log file.
[17:16:07.120] [SQLAnalysis] Appended 1 parsed entries.
[17:16:07.121] [SQLAnalysis 1f3] Extracted 496 Logs 2026-10-02 21:16:07.121067: [{'timestamp': '2026-10-02 21:16:06,110142', 'level': 'INFO', 'ip': '172.18.0.5', 'port': 56304, 'sql': 'USE db *#*#OK'}]
[17:16:07.121] [SQLAnalysis 1f3] Updated param pairs: {'looked_value': '1_'}
[17:16:07.121] [SQLAnalysis 1f3] Looked timestamp 2026-10-02 21:16:06.098713 -- 2026-10-02 21:16:06.116487
[17:16:07.127] [SQLAnalysis 1f3] query_array to be checked: ['use', 'db']
[17:16:07.127] [SQLAnalysis 1f3] normalized_query_array: ['use', 'db']
[17:16:07.127] [SQLiFuzz 1f3] No weird chars exist: GET http://localhost:8081/a2_filtered.php | ['[string (False)(None)] Sec-Fetch-Dest=document', '[string (False)(None)] Sec-Fetch-Mode=navigate', '[string (False)(None)] Sec-Fetch-Site=same-origin', '[string (False)(None)] Sec-Fetch-User=?1', '[string (False)(None)] Priority=u=0, i', '[url (False)(None)] path0=a2_filtered.php', '[int (False)(None)] id=1_', '[string (False)(None)] Submit=Submit'] | None
[17:16:07.127] [SQLiFuzz bd2] Getting prepared_target_request with ID b9e for test_SQLi iteration 37/70
[17:16:07.127] [SQLiFuzz b9e] chosen_idx: 6 from 8
[17:16:07.128] [HTTPREQUEST b9e] Getting matched paramval from found values: ['?1', '1']
[17:16:07.128] [HTTPREQUEST b9e] Found matched paramval: [string (False)(None)] Sec-Fetch-User=?1
[17:16:07.128] [HTTPREQUEST b9e] Found matched paramval: [int (False)(None)] id=1
[17:16:07.128] [SQLiFuzz b9e] Prioritize to fuzz matched SQL value first: [int (False)(None)] id=1
[17:16:07.128] [SQLiFuzz b9e] Mutation applied. old='1' char=']' strategy='drop' new=']'
[17:16:07.128] [HTTPREQUEST b9e] Update url and body param from paramvals:
[17:16:07.128] [HTTPREQUEST None] New post_data_encoded: 
[17:16:07.128] [HTTPREQUEST None] New param encoded: Submit=Submit&id=%5D
[17:16:07.128] [GENERALFUNCTION b9e] ---SENDING THE REQUEST [1790975767-24bbe791-8f54-42a8-ab27-1c2cc343cb9e] TO : [GET] http://localhost:8081/a2_filtered.php?Submit=Submit&id=%5D
[17:16:07.128] [GENERALFUNCTION b9e] Post data encoded: 
[17:16:07.128] [GENERALFUNCTION b9e] Adjusted Referer to http://localhost:8081/a2_filtered.php
[17:16:07.128] [GENERALFUNCTION b9e] DEBUG OUTGOING request.full_url: http://localhost:8081/a2_filtered.php?Submit=Submit&id=%5D
[17:16:07.128] [GENERALFUNCTION b9e] DEBUG OUTGOING headers: {'Host': 'localhost:8081', 'User-Agent': 'Mozilla/5.0 (X11; Ubuntu; Linux x86_64; rv:155.0) Gecko/20100101 Firefox/155.0', 'Accept': 'text/html,application/xhtml+xml,application/xml;q=0.9,*/*;q=0.8', 'Accept-Language': 'en-US,en;q=0.9', 'Accept-Encoding': 'gzip, deflate, br, zstd', 'Connection': 'keep-alive', 'Referer': 'http://localhost:8081/a2_filtered.php', 'Cookie': 'PHPSESSID=0d8290ddf05033f4c53fb9096583b0f1; security=impossible', 'Upgrade-Insecure-Requests': '1', 'Sec-Fetch-Dest': 'document', 'Sec-Fetch-Mode': 'navigate', 'Sec-Fetch-Site': 'same-origin', 'Sec-Fetch-User': '?1', 'Priority': 'u=0, i'}
[17:16:07.129] [GENERALFUNCTION b9e] DEBUG OUTGOING post_data_encoded (truncated): 
[17:16:07.150] [SQLiFuzz b9e] Response status: 200
[17:16:07.151] [SQLiFuzz b9e] Response URL: http://localhost:8081/a2_filtered.php?Submit=Submit&id=%5D
[17:16:07.151] [SQLiFuzz b9e] Was redirected: False
[17:16:07.151] [SQLiFuzz b9e] Getting response: <!doctype html>
<html>
<body>
<form method="GET">
  <label>User ID: <input type="text" name="id"></label>
  <input type="submit" name="Submit" value="Submit">
</form>
<pre>INPUT REJECTED</pre>
[17:16:08.152] [SQLAnalysis] Read 1 new lines from SQL log file.
[17:16:08.152] [SQLAnalysis] Appended 1 parsed entries.
[17:16:08.152] [SQLAnalysis b9e] Extracted 497 Logs 2026-10-02 21:16:08.152722: [{'timestamp': '2026-10-02 21:16:07,140264', 'level': 'INFO', 'ip': '172.18.0.5', 'port': 56318, 'sql': 'USE db *#*#OK'}]
[17:16:08.152] [SQLAnalysis b9e] Updated param pairs: {'looked_value': ']'}
[17:16:08.153] [SQLAnalysis b9e] Looked timestamp 2026-10-02 21:16:07.129085 -- 2026-10-02 21:16:07.147301
[17:16:08.158] [SQLAnalysis b9e] query_array to be checked: ['use', 'db']
[17:16:08.158] [SQLAnalysis b9e] normalized_query_array: ['use', 'db']
[17:16:08.158] [SQLiFuzz b9e] No weird chars exist: GET http://localhost:8081/a2_filtered.php | ['[string (False)(None)] Sec-Fetch-Dest=document', '[string (False)(None)] Sec-Fetch-Mode=navigate', '[string (False)(None)] Sec-Fetch-Site=same-origin', '[string (False)(None)] Sec-Fetch-User=?1', '[string (False)(None)] Priority=u=0, i', '[url (False)(None)] path0=a2_filtered.php', '[int (False)(None)] id=]', '[string (False)(None)] Submit=Submit'] | None
[17:16:08.159] [SQLiFuzz bd2] Getting prepared_target_request with ID d1b for test_SQLi iteration 38/70
[17:16:08.159] [SQLiFuzz d1b] chosen_idx: 7 from 8
[17:16:08.159] [HTTPREQUEST d1b] Getting matched paramval from found values: ['?1', '1']
[17:16:08.159] [HTTPREQUEST d1b] Found matched paramval: [string (False)(None)] Sec-Fetch-User=?1
[17:16:08.159] [HTTPREQUEST d1b] Found matched paramval: [int (False)(None)] id=1
[17:16:08.159] [SQLiFuzz d1b] Prioritize to fuzz matched SQL value first: [int (False)(None)] id=1
[17:16:08.159] [SQLiFuzz d1b] Mutation applied. old='1' char='~' strategy='tail' new='1~'
[17:16:08.159] [HTTPREQUEST d1b] Update url and body param from paramvals:
[17:16:08.159] [HTTPREQUEST None] New post_data_encoded: 
[17:16:08.159] [HTTPREQUEST None] New param encoded: Submit=Submit&id=1~
[17:16:08.159] [GENERALFUNCTION d1b] ---SENDING THE REQUEST [1790975768-28295a47-9880-471f-98c6-0a2f792a0d1b] TO : [GET] http://localhost:8081/a2_filtered.php?Submit=Submit&id=1~
[17:16:08.160] [GENERALFUNCTION d1b] Post data encoded: 
[17:16:08.160] [GENERALFUNCTION d1b] Adjusted Referer to http://localhost:8081/a2_filtered.php
[17:16:08.160] [GENERALFUNCTION d1b] DEBUG OUTGOING request.full_url: http://localhost:8081/a2_filtered.php?Submit=Submit&id=1~
[17:16:08.160] [GENERALFUNCTION d1b] DEBUG OUTGOING headers: {'Host': 'localhost:8081', 'User-Agent': 'Mozilla/5.0 (X11; Ubuntu; Linux x86_64; rv:155.0) Gecko/20100101 Firefox/155.0', 'Accept': 'text/html,application/xhtml+xml,application/xml;q=0.9,*/*;q=0.8', 'Accept-Language': 'en-US,en;q=0.9', 'Accept-Encoding': 'gzip, deflate, br, zstd', 'Connection': 'keep-alive', 'Referer': 'http://localhost:8081/a2_filtered.php', 'Cookie': 'PHPSESSID=0d8290ddf05033f4c53fb9096583b0f1; security=impossible', 'Upgrade-Insecure-Requests': '1', 'Sec-Fetch-Dest': 'document', 'Sec-Fetch-Mode': 'navigate', 'Sec-Fetch-Site': 'same-origin', 'Sec-Fetch-User': '?1', 'Priority': 'u=0, i'}
[17:16:08.160] [GENERALFUNCTION d1b] DEBUG OUTGOING post_data_encoded (truncated): 
[17:16:08.167] [HOOK] Idle monitor: 1 pending tasks, 1 active tasks, idle 1s
[17:16:08.167] [HOOK] Number response: 2 | Memory usage (MB): 86.5625 PID: 38576
[17:16:08.167] [STATS] {'total_req': 2, 'sql_req': 1, 'null_req': 0, 'not_sql_req': 1, 'sql_injection_detected': 0, 'another_sql_error_detected': 0, 'sql_req_not_detected': 0, 'error_req': 0, 'fuzzed_req': 37, 'processing_time_total': 0.8823559999999999, 'processing_time_ave': 0.023847459459459458, 'running_time': 'Not finished yet', 200: 2}
[17:16:08.180] [SQLiFuzz d1b] Response status: 200
[17:16:08.180] [SQLiFuzz d1b] Response URL: http://localhost:8081/a2_filtered.php?Submit=Submit&id=1~
[17:16:08.181] [SQLiFuzz d1b] Was redirected: False
[17:16:08.181] [SQLiFuzz d1b] Getting response: <!doctype html>
<html>
<body>
<form method="GET">
  <label>User ID: <input type="text" name="id"></label>
  <input type="submit" name="Submit" value="Submit">
</form>
<pre>INPUT REJECTED</pre>
[17:16:09.181] [SQLAnalysis] Read 1 new lines from SQL log file.
[17:16:09.181] [SQLAnalysis] Appended 1 parsed entries.
[17:16:09.181] [SQLAnalysis d1b] Extracted 498 Logs 2026-10-02 21:16:09.181959: [{'timestamp': '2026-10-02 21:16:08,171600', 'level': 'INFO', 'ip': '172.18.0.5', 'port': 56334, 'sql': 'USE db *#*#OK'}]
[17:16:09.182] [SQLAnalysis d1b] Updated param pairs: {'looked_value': '1~'}
[17:16:09.182] [SQLAnalysis d1b] Looked timestamp 2026-10-02 21:16:08.160372 -- 2026-10-02 21:16:08.177950
[17:16:09.187] [SQLAnalysis d1b] query_array to be checked: ['use', 'db']
[17:16:09.187] [SQLAnalysis d1b] normalized_query_array: ['use', 'db']
[17:16:09.188] [SQLiFuzz d1b] No weird chars exist: GET http://localhost:8081/a2_filtered.php | ['[string (False)(None)] Sec-Fetch-Dest=document', '[string (False)(None)] Sec-Fetch-Mode=navigate', '[string (False)(None)] Sec-Fetch-Site=same-origin', '[string (False)(None)] Sec-Fetch-User=?1', '[string (False)(None)] Priority=u=0, i', '[url (False)(None)] path0=a2_filtered.php', '[int (False)(None)] id=1~', '[string (False)(None)] Submit=Submit'] | None
[17:16:09.188] [SQLiFuzz bd2] Getting prepared_target_request with ID b91 for test_SQLi iteration 39/70
[17:16:09.188] [SQLiFuzz b91] chosen_idx: 6 from 8
[17:16:09.189] [HTTPREQUEST b91] Getting matched paramval from found values: ['?1', '1']
[17:16:09.189] [HTTPREQUEST b91] Found matched paramval: [string (False)(None)] Sec-Fetch-User=?1
[17:16:09.189] [HTTPREQUEST b91] Found matched paramval: [int (False)(None)] id=1
[17:16:09.189] [SQLiFuzz b91] Prioritize to fuzz matched SQL value first: [int (False)(None)] id=1
[17:16:09.189] [SQLiFuzz b91] Mutation applied. old='1' char='[' strategy='random' new='1['
[17:16:09.189] [HTTPREQUEST b91] Update url and body param from paramvals:
[17:16:09.189] [HTTPREQUEST None] New post_data_encoded: 
[17:16:09.189] [HTTPREQUEST None] New param encoded: Submit=Submit&id=1%5B
[17:16:09.189] [GENERALFUNCTION b91] ---SENDING THE REQUEST [1790975769-9cad7e27-337e-41be-8eec-c575a4f6db91] TO : [GET] http://localhost:8081/a2_filtered.php?Submit=Submit&id=1%5B
[17:16:09.189] [GENERALFUNCTION b91] Post data encoded: 
[17:16:09.189] [GENERALFUNCTION b91] Adjusted Referer to http://localhost:8081/a2_filtered.php
[17:16:09.190] [GENERALFUNCTION b91] DEBUG OUTGOING request.full_url: http://localhost:8081/a2_filtered.php?Submit=Submit&id=1%5B
[17:16:09.190] [GENERALFUNCTION b91] DEBUG OUTGOING headers: {'Host': 'localhost:8081', 'User-Agent': 'Mozilla/5.0 (X11; Ubuntu; Linux x86_64; rv:155.0) Gecko/20100101 Firefox/155.0', 'Accept': 'text/html,application/xhtml+xml,application/xml;q=0.9,*/*;q=0.8', 'Accept-Language': 'en-US,en;q=0.9', 'Accept-Encoding': 'gzip, deflate, br, zstd', 'Connection': 'keep-alive', 'Referer': 'http://localhost:8081/a2_filtered.php', 'Cookie': 'PHPSESSID=0d8290ddf05033f4c53fb9096583b0f1; security=impossible', 'Upgrade-Insecure-Requests': '1', 'Sec-Fetch-Dest': 'document', 'Sec-Fetch-Mode': 'navigate', 'Sec-Fetch-Site': 'same-origin', 'Sec-Fetch-User': '?1', 'Priority': 'u=0, i'}
[17:16:09.190] [GENERALFUNCTION b91] DEBUG OUTGOING post_data_encoded (truncated): 
[17:16:09.216] [SQLiFuzz b91] Response status: 200
[17:16:09.216] [SQLiFuzz b91] Response URL: http://localhost:8081/a2_filtered.php?Submit=Submit&id=1%5B
[17:16:09.216] [SQLiFuzz b91] Was redirected: False
[17:16:09.216] [SQLiFuzz b91] Getting response: <!doctype html>
<html>
<body>
<form method="GET">
  <label>User ID: <input type="text" name="id"></label>
  <input type="submit" name="Submit" value="Submit">
</form>
<pre>INPUT REJECTED</pre>
[17:16:10.217] [SQLAnalysis] Read 1 new lines from SQL log file.
[17:16:10.217] [SQLAnalysis] Appended 1 parsed entries.
[17:16:10.217] [SQLAnalysis b91] Extracted 499 Logs 2026-10-02 21:16:10.217824: [{'timestamp': '2026-10-02 21:16:09,203991', 'level': 'INFO', 'ip': '172.18.0.5', 'port': 56350, 'sql': 'USE db *#*#OK'}]
[17:16:10.218] [SQLAnalysis b91] Updated param pairs: {'looked_value': '1['}
[17:16:10.218] [SQLAnalysis b91] Looked timestamp 2026-10-02 21:16:09.190402 -- 2026-10-02 21:16:09.212389
[17:16:10.227] [SQLAnalysis b91] query_array to be checked: ['use', 'db']
[17:16:10.228] [SQLAnalysis b91] normalized_query_array: ['use', 'db']
[17:16:10.228] [SQLiFuzz b91] No weird chars exist: GET http://localhost:8081/a2_filtered.php | ['[string (False)(None)] Sec-Fetch-Dest=document', '[string (False)(None)] Sec-Fetch-Mode=navigate', '[string (False)(None)] Sec-Fetch-Site=same-origin', '[string (False)(None)] Sec-Fetch-User=?1', '[string (False)(None)] Priority=u=0, i', '[url (False)(None)] path0=a2_filtered.php', '[int (False)(None)] id=1[', '[string (False)(None)] Submit=Submit'] | None
[17:16:10.229] [SQLiFuzz bd2] Getting prepared_target_request with ID 6cc for test_SQLi iteration 40/70
[17:16:10.229] [SQLiFuzz 6cc] chosen_idx: 6 from 8
[17:16:10.229] [HTTPREQUEST 6cc] Getting matched paramval from found values: ['?1', '1']
[17:16:10.229] [HTTPREQUEST 6cc] Found matched paramval: [string (False)(None)] Sec-Fetch-User=?1
[17:16:10.229] [HTTPREQUEST 6cc] Found matched paramval: [int (False)(None)] id=1
[17:16:10.229] [SQLiFuzz 6cc] Prioritize to fuzz matched SQL value first: [int (False)(None)] id=1
[17:16:10.229] [SQLiFuzz 6cc] Mutation applied. old='1' char='-' strategy='front' new='-1'
[17:16:10.229] [HTTPREQUEST 6cc] Update url and body param from paramvals:
[17:16:10.230] [HTTPREQUEST None] New post_data_encoded: 
[17:16:10.230] [HTTPREQUEST None] New param encoded: Submit=Submit&id=-1
[17:16:10.230] [GENERALFUNCTION 6cc] ---SENDING THE REQUEST [1790975770-5fe3ec70-07ce-4209-90a9-c2a633cc16cc] TO : [GET] http://localhost:8081/a2_filtered.php?Submit=Submit&id=-1
[17:16:10.230] [GENERALFUNCTION 6cc] Post data encoded: 
[17:16:10.230] [GENERALFUNCTION 6cc] Adjusted Referer to http://localhost:8081/a2_filtered.php
[17:16:10.230] [GENERALFUNCTION 6cc] DEBUG OUTGOING request.full_url: http://localhost:8081/a2_filtered.php?Submit=Submit&id=-1
[17:16:10.230] [GENERALFUNCTION 6cc] DEBUG OUTGOING headers: {'Host': 'localhost:8081', 'User-Agent': 'Mozilla/5.0 (X11; Ubuntu; Linux x86_64; rv:155.0) Gecko/20100101 Firefox/155.0', 'Accept': 'text/html,application/xhtml+xml,application/xml;q=0.9,*/*;q=0.8', 'Accept-Language': 'en-US,en;q=0.9', 'Accept-Encoding': 'gzip, deflate, br, zstd', 'Connection': 'keep-alive', 'Referer': 'http://localhost:8081/a2_filtered.php', 'Cookie': 'PHPSESSID=0d8290ddf05033f4c53fb9096583b0f1; security=impossible', 'Upgrade-Insecure-Requests': '1', 'Sec-Fetch-Dest': 'document', 'Sec-Fetch-Mode': 'navigate', 'Sec-Fetch-Site': 'same-origin', 'Sec-Fetch-User': '?1', 'Priority': 'u=0, i'}
[17:16:10.230] [GENERALFUNCTION 6cc] DEBUG OUTGOING post_data_encoded (truncated): 
[17:16:10.253] [SQLiFuzz 6cc] Response status: 200
[17:16:10.253] [SQLiFuzz 6cc] Response URL: http://localhost:8081/a2_filtered.php?Submit=Submit&id=-1
[17:16:10.253] [SQLiFuzz 6cc] Was redirected: False
[17:16:10.253] [SQLiFuzz 6cc] Getting response: <!doctype html>
<html>
<body>
<form method="GET">
  <label>User ID: <input type="text" name="id"></label>
  <input type="submit" name="Submit" value="Submit">
</form>
<pre>INPUT REJECTED</pre>
[17:16:11.254] [SQLAnalysis] Read 1 new lines from SQL log file.
[17:16:11.254] [SQLAnalysis] Appended 1 parsed entries.
[17:16:11.254] [SQLAnalysis 6cc] Extracted 500 Logs 2026-10-02 21:16:11.254906: [{'timestamp': '2026-10-02 21:16:10,242749', 'level': 'INFO', 'ip': '172.18.0.5', 'port': 56366, 'sql': 'USE db *#*#OK'}]
[17:16:11.255] [SQLAnalysis 6cc] Updated param pairs: {'looked_value': '-1'}
[17:16:11.255] [SQLAnalysis 6cc] Looked timestamp 2026-10-02 21:16:10.230769 -- 2026-10-02 21:16:10.249807
[17:16:11.261] [SQLAnalysis 6cc] query_array to be checked: ['use', 'db']
[17:16:11.261] [SQLAnalysis 6cc] normalized_query_array: ['use', 'db']
[17:16:11.262] [SQLiFuzz 6cc] No weird chars exist: GET http://localhost:8081/a2_filtered.php | ['[string (False)(None)] Sec-Fetch-Dest=document', '[string (False)(None)] Sec-Fetch-Mode=navigate', '[string (False)(None)] Sec-Fetch-Site=same-origin', '[string (False)(None)] Sec-Fetch-User=?1', '[string (False)(None)] Priority=u=0, i', '[url (False)(None)] path0=a2_filtered.php', '[int (False)(None)] id=-1', '[string (False)(None)] Submit=Submit'] | None
[17:16:11.262] [SQLiFuzz bd2] Getting prepared_target_request with ID ef0 for test_SQLi iteration 41/70
[17:16:11.262] [SQLiFuzz ef0] chosen_idx: 5 from 8
[17:16:11.262] [HTTPREQUEST ef0] Getting matched paramval from found values: ['?1', '1']
[17:16:11.262] [HTTPREQUEST ef0] Found matched paramval: [string (False)(None)] Sec-Fetch-User=?1
[17:16:11.262] [HTTPREQUEST ef0] Found matched paramval: [int (False)(None)] id=1
[17:16:11.262] [SQLiFuzz ef0] Prioritize to fuzz matched SQL value first: [int (False)(None)] id=1
[17:16:11.263] [SQLiFuzz ef0] Mutation applied. old='1' char='|' strategy='front' new='|1'
[17:16:11.263] [HTTPREQUEST ef0] Update url and body param from paramvals:
[17:16:11.263] [HTTPREQUEST None] New post_data_encoded: 
[17:16:11.263] [HTTPREQUEST None] New param encoded: Submit=Submit&id=%7C1
[17:16:11.263] [GENERALFUNCTION ef0] ---SENDING THE REQUEST [1790975771-3df4cb7f-d472-442c-b4d7-81e6b8661ef0] TO : [GET] http://localhost:8081/a2_filtered.php?Submit=Submit&id=%7C1
[17:16:11.263] [GENERALFUNCTION ef0] Post data encoded: 
[17:16:11.263] [GENERALFUNCTION ef0] Adjusted Referer to http://localhost:8081/a2_filtered.php
[17:16:11.263] [GENERALFUNCTION ef0] DEBUG OUTGOING request.full_url: http://localhost:8081/a2_filtered.php?Submit=Submit&id=%7C1
[17:16:11.263] [GENERALFUNCTION ef0] DEBUG OUTGOING headers: {'Host': 'localhost:8081', 'User-Agent': 'Mozilla/5.0 (X11; Ubuntu; Linux x86_64; rv:155.0) Gecko/20100101 Firefox/155.0', 'Accept': 'text/html,application/xhtml+xml,application/xml;q=0.9,*/*;q=0.8', 'Accept-Language': 'en-US,en;q=0.9', 'Accept-Encoding': 'gzip, deflate, br, zstd', 'Connection': 'keep-alive', 'Referer': 'http://localhost:8081/a2_filtered.php', 'Cookie': 'PHPSESSID=0d8290ddf05033f4c53fb9096583b0f1; security=impossible', 'Upgrade-Insecure-Requests': '1', 'Sec-Fetch-Dest': 'document', 'Sec-Fetch-Mode': 'navigate', 'Sec-Fetch-Site': 'same-origin', 'Sec-Fetch-User': '?1', 'Priority': 'u=0, i'}
[17:16:11.264] [GENERALFUNCTION ef0] DEBUG OUTGOING post_data_encoded (truncated): 
[17:16:11.293] [SQLiFuzz ef0] Response status: 200
[17:16:11.294] [SQLiFuzz ef0] Response URL: http://localhost:8081/a2_filtered.php?Submit=Submit&id=%7C1
[17:16:11.294] [SQLiFuzz ef0] Was redirected: False
[17:16:11.294] [SQLiFuzz ef0] Getting response: <!doctype html>
<html>
<body>
<form method="GET">
  <label>User ID: <input type="text" name="id"></label>
  <input type="submit" name="Submit" value="Submit">
</form>
<pre>INPUT REJECTED</pre>
[17:16:12.295] [SQLAnalysis] Read 1 new lines from SQL log file.
[17:16:12.295] [SQLAnalysis] Appended 1 parsed entries.
[17:16:12.295] [SQLAnalysis ef0] Extracted 501 Logs 2026-10-02 21:16:12.295643: [{'timestamp': '2026-10-02 21:16:11,280702', 'level': 'INFO', 'ip': '172.18.0.5', 'port': 56388, 'sql': 'USE db *#*#OK'}]
[17:16:12.295] [SQLAnalysis ef0] Updated param pairs: {'looked_value': '|1'}
[17:16:12.295] [SQLAnalysis ef0] Looked timestamp 2026-10-02 21:16:11.264103 -- 2026-10-02 21:16:11.290466
[17:16:12.301] [SQLAnalysis ef0] query_array to be checked: ['use', 'db']
[17:16:12.301] [SQLAnalysis ef0] normalized_query_array: ['use', 'db']
[17:16:12.302] [SQLiFuzz ef0] No weird chars exist: GET http://localhost:8081/a2_filtered.php | ['[string (False)(None)] Sec-Fetch-Dest=document', '[string (False)(None)] Sec-Fetch-Mode=navigate', '[string (False)(None)] Sec-Fetch-Site=same-origin', '[string (False)(None)] Sec-Fetch-User=?1', '[string (False)(None)] Priority=u=0, i', '[url (False)(None)] path0=a2_filtered.php', '[int (False)(None)] id=|1', '[string (False)(None)] Submit=Submit'] | None
[17:16:12.303] [SQLiFuzz bd2] Getting prepared_target_request with ID 23d for test_SQLi iteration 42/70
[17:16:12.303] [SQLiFuzz 23d] chosen_idx: 4 from 8
[17:16:12.304] [HTTPREQUEST 23d] Getting matched paramval from found values: ['?1', '1']
[17:16:12.304] [HTTPREQUEST 23d] Found matched paramval: [string (False)(None)] Sec-Fetch-User=?1
[17:16:12.304] [HTTPREQUEST 23d] Found matched paramval: [int (False)(None)] id=1
[17:16:12.304] [SQLiFuzz 23d] Prioritize to fuzz matched SQL value first: [int (False)(None)] id=1
[17:16:12.304] [SQLiFuzz 23d] Mutation applied. old='1' char='-' strategy='drop' new='-'
[17:16:12.305] [HTTPREQUEST 23d] Update url and body param from paramvals:
[17:16:12.305] [HTTPREQUEST None] New post_data_encoded: 
[17:16:12.305] [HTTPREQUEST None] New param encoded: Submit=Submit&id=-
[17:16:12.305] [GENERALFUNCTION 23d] ---SENDING THE REQUEST [1790975772-33532ef5-db5e-48de-956a-cf223f83423d] TO : [GET] http://localhost:8081/a2_filtered.php?Submit=Submit&id=-
[17:16:12.306] [GENERALFUNCTION 23d] Post data encoded: 
[17:16:12.306] [GENERALFUNCTION 23d] Adjusted Referer to http://localhost:8081/a2_filtered.php
[17:16:12.306] [GENERALFUNCTION 23d] DEBUG OUTGOING request.full_url: http://localhost:8081/a2_filtered.php?Submit=Submit&id=-
[17:16:12.306] [GENERALFUNCTION 23d] DEBUG OUTGOING headers: {'Host': 'localhost:8081', 'User-Agent': 'Mozilla/5.0 (X11; Ubuntu; Linux x86_64; rv:155.0) Gecko/20100101 Firefox/155.0', 'Accept': 'text/html,application/xhtml+xml,application/xml;q=0.9,*/*;q=0.8', 'Accept-Language': 'en-US,en;q=0.9', 'Accept-Encoding': 'gzip, deflate, br, zstd', 'Connection': 'keep-alive', 'Referer': 'http://localhost:8081/a2_filtered.php', 'Cookie': 'PHPSESSID=0d8290ddf05033f4c53fb9096583b0f1; security=impossible', 'Upgrade-Insecure-Requests': '1', 'Sec-Fetch-Dest': 'document', 'Sec-Fetch-Mode': 'navigate', 'Sec-Fetch-Site': 'same-origin', 'Sec-Fetch-User': '?1', 'Priority': 'u=0, i'}
[17:16:12.306] [GENERALFUNCTION 23d] DEBUG OUTGOING post_data_encoded (truncated): 
[17:16:12.334] [SQLiFuzz 23d] Response status: 200
[17:16:12.334] [SQLiFuzz 23d] Response URL: http://localhost:8081/a2_filtered.php?Submit=Submit&id=-
[17:16:12.334] [SQLiFuzz 23d] Was redirected: False
[17:16:12.334] [SQLiFuzz 23d] Getting response: <!doctype html>
<html>
<body>
<form method="GET">
  <label>User ID: <input type="text" name="id"></label>
  <input type="submit" name="Submit" value="Submit">
</form>
<pre>INPUT REJECTED</pre>
[17:16:13.335] [SQLAnalysis] Read 1 new lines from SQL log file.
[17:16:13.335] [SQLAnalysis] Appended 1 parsed entries.
[17:16:13.335] [SQLAnalysis 23d] Extracted 502 Logs 2026-10-02 21:16:13.335737: [{'timestamp': '2026-10-02 21:16:12,321334', 'level': 'INFO', 'ip': '172.18.0.5', 'port': 44172, 'sql': 'USE db *#*#OK'}]
[17:16:13.335] [SQLAnalysis 23d] Updated param pairs: {'looked_value': '-'}
[17:16:13.336] [SQLAnalysis 23d] Looked timestamp 2026-10-02 21:16:12.306753 -- 2026-10-02 21:16:12.331552
[17:16:13.341] [SQLAnalysis 23d] query_array to be checked: ['use', 'db']
[17:16:13.341] [SQLAnalysis 23d] normalized_query_array: ['use', 'db']
[17:16:13.341] [SQLiFuzz 23d] No weird chars exist: GET http://localhost:8081/a2_filtered.php | ['[string (False)(None)] Sec-Fetch-Dest=document', '[string (False)(None)] Sec-Fetch-Mode=navigate', '[string (False)(None)] Sec-Fetch-Site=same-origin', '[string (False)(None)] Sec-Fetch-User=?1', '[string (False)(None)] Priority=u=0, i', '[url (False)(None)] path0=a2_filtered.php', '[int (False)(None)] id=-', '[string (False)(None)] Submit=Submit'] | None
[17:16:13.342] [SQLiFuzz bd2] Getting prepared_target_request with ID 10d for test_SQLi iteration 43/70
[17:16:13.342] [SQLiFuzz 10d] chosen_idx: 3 from 8
[17:16:13.342] [HTTPREQUEST 10d] Getting matched paramval from found values: ['?1', '1']
[17:16:13.342] [HTTPREQUEST 10d] Found matched paramval: [string (False)(None)] Sec-Fetch-User=?1
[17:16:13.342] [HTTPREQUEST 10d] Found matched paramval: [int (False)(None)] id=1
[17:16:13.342] [SQLiFuzz 10d] Prioritize to fuzz matched SQL value first: [int (False)(None)] id=1
[17:16:13.342] [SQLiFuzz 10d] Mutation applied. old='1' char='.' strategy='front' new='.1'
[17:16:13.342] [HTTPREQUEST 10d] Update url and body param from paramvals:
[17:16:13.343] [HTTPREQUEST None] New post_data_encoded: 
[17:16:13.343] [HTTPREQUEST None] New param encoded: Submit=Submit&id=.1
[17:16:13.343] [GENERALFUNCTION 10d] ---SENDING THE REQUEST [1790975773-9fe20a51-ac03-4536-8b00-5c7aff5f910d] TO : [GET] http://localhost:8081/a2_filtered.php?Submit=Submit&id=.1
[17:16:13.343] [GENERALFUNCTION 10d] Post data encoded: 
[17:16:13.343] [GENERALFUNCTION 10d] Adjusted Referer to http://localhost:8081/a2_filtered.php
[17:16:13.343] [GENERALFUNCTION 10d] DEBUG OUTGOING request.full_url: http://localhost:8081/a2_filtered.php?Submit=Submit&id=.1
[17:16:13.343] [GENERALFUNCTION 10d] DEBUG OUTGOING headers: {'Host': 'localhost:8081', 'User-Agent': 'Mozilla/5.0 (X11; Ubuntu; Linux x86_64; rv:155.0) Gecko/20100101 Firefox/155.0', 'Accept': 'text/html,application/xhtml+xml,application/xml;q=0.9,*/*;q=0.8', 'Accept-Language': 'en-US,en;q=0.9', 'Accept-Encoding': 'gzip, deflate, br, zstd', 'Connection': 'keep-alive', 'Referer': 'http://localhost:8081/a2_filtered.php', 'Cookie': 'PHPSESSID=0d8290ddf05033f4c53fb9096583b0f1; security=impossible', 'Upgrade-Insecure-Requests': '1', 'Sec-Fetch-Dest': 'document', 'Sec-Fetch-Mode': 'navigate', 'Sec-Fetch-Site': 'same-origin', 'Sec-Fetch-User': '?1', 'Priority': 'u=0, i'}
[17:16:13.343] [GENERALFUNCTION 10d] DEBUG OUTGOING post_data_encoded (truncated): 
[17:16:13.366] [SQLiFuzz 10d] Response status: 200
[17:16:13.366] [SQLiFuzz 10d] Response URL: http://localhost:8081/a2_filtered.php?Submit=Submit&id=.1
[17:16:13.366] [SQLiFuzz 10d] Was redirected: False
[17:16:13.367] [SQLiFuzz 10d] Getting response: <!doctype html>
<html>
<body>
<form method="GET">
  <label>User ID: <input type="text" name="id"></label>
  <input type="submit" name="Submit" value="Submit">
</form>
<pre>INPUT REJECTED</pre>
[17:16:14.367] [SQLAnalysis] Read 1 new lines from SQL log file.
[17:16:14.367] [SQLAnalysis] Appended 1 parsed entries.
[17:16:14.367] [SQLAnalysis 10d] Extracted 503 Logs 2026-10-02 21:16:14.367851: [{'timestamp': '2026-10-02 21:16:13,356124', 'level': 'INFO', 'ip': '172.18.0.5', 'port': 44186, 'sql': 'USE db *#*#OK'}]
[17:16:14.368] [SQLAnalysis 10d] Updated param pairs: {'looked_value': '.1'}
[17:16:14.368] [SQLAnalysis 10d] Looked timestamp 2026-10-02 21:16:13.343956 -- 2026-10-02 21:16:13.362983
[17:16:14.372] [SQLAnalysis 10d] query_array to be checked: ['use', 'db']
[17:16:14.372] [SQLAnalysis 10d] normalized_query_array: ['use', 'db']
[17:16:14.372] [SQLiFuzz 10d] No weird chars exist: GET http://localhost:8081/a2_filtered.php | ['[string (False)(None)] Sec-Fetch-Dest=document', '[string (False)(None)] Sec-Fetch-Mode=navigate', '[string (False)(None)] Sec-Fetch-Site=same-origin', '[string (False)(None)] Sec-Fetch-User=?1', '[string (False)(None)] Priority=u=0, i', '[url (False)(None)] path0=a2_filtered.php', '[int (False)(None)] id=.1', '[string (False)(None)] Submit=Submit'] | None
[17:16:14.373] [SQLiFuzz bd2] Getting prepared_target_request with ID 1ae for test_SQLi iteration 44/70
[17:16:14.373] [SQLiFuzz 1ae] chosen_idx: 3 from 8
[17:16:14.373] [HTTPREQUEST 1ae] Getting matched paramval from found values: ['?1', '1']
[17:16:14.373] [HTTPREQUEST 1ae] Found matched paramval: [string (False)(None)] Sec-Fetch-User=?1
[17:16:14.373] [HTTPREQUEST 1ae] Found matched paramval: [int (False)(None)] id=1
[17:16:14.373] [SQLiFuzz 1ae] Prioritize to fuzz matched SQL value first: [int (False)(None)] id=1
[17:16:14.374] [SQLiFuzz 1ae] Mutation applied. old='1' char=']' strategy='tail' new='1]'
[17:16:14.374] [HTTPREQUEST 1ae] Update url and body param from paramvals:
[17:16:14.374] [HTTPREQUEST None] New post_data_encoded: 
[17:16:14.374] [HTTPREQUEST None] New param encoded: Submit=Submit&id=1%5D
[17:16:14.374] [GENERALFUNCTION 1ae] ---SENDING THE REQUEST [1790975774-12a93407-5a34-4cfa-8413-726ff62021ae] TO : [GET] http://localhost:8081/a2_filtered.php?Submit=Submit&id=1%5D
[17:16:14.374] [GENERALFUNCTION 1ae] Post data encoded: 
[17:16:14.374] [GENERALFUNCTION 1ae] Adjusted Referer to http://localhost:8081/a2_filtered.php
[17:16:14.374] [GENERALFUNCTION 1ae] DEBUG OUTGOING request.full_url: http://localhost:8081/a2_filtered.php?Submit=Submit&id=1%5D
[17:16:14.374] [GENERALFUNCTION 1ae] DEBUG OUTGOING headers: {'Host': 'localhost:8081', 'User-Agent': 'Mozilla/5.0 (X11; Ubuntu; Linux x86_64; rv:155.0) Gecko/20100101 Firefox/155.0', 'Accept': 'text/html,application/xhtml+xml,application/xml;q=0.9,*/*;q=0.8', 'Accept-Language': 'en-US,en;q=0.9', 'Accept-Encoding': 'gzip, deflate, br, zstd', 'Connection': 'keep-alive', 'Referer': 'http://localhost:8081/a2_filtered.php', 'Cookie': 'PHPSESSID=0d8290ddf05033f4c53fb9096583b0f1; security=impossible', 'Upgrade-Insecure-Requests': '1', 'Sec-Fetch-Dest': 'document', 'Sec-Fetch-Mode': 'navigate', 'Sec-Fetch-Site': 'same-origin', 'Sec-Fetch-User': '?1', 'Priority': 'u=0, i'}
[17:16:14.375] [GENERALFUNCTION 1ae] DEBUG OUTGOING post_data_encoded (truncated): 
[17:16:14.395] [SQLiFuzz 1ae] Response status: 200
[17:16:14.395] [SQLiFuzz 1ae] Response URL: http://localhost:8081/a2_filtered.php?Submit=Submit&id=1%5D
[17:16:14.395] [SQLiFuzz 1ae] Was redirected: False
[17:16:14.395] [SQLiFuzz 1ae] Getting response: <!doctype html>
<html>
<body>
<form method="GET">
  <label>User ID: <input type="text" name="id"></label>
  <input type="submit" name="Submit" value="Submit">
</form>
<pre>INPUT REJECTED</pre>
[17:16:15.396] [SQLAnalysis] Read 1 new lines from SQL log file.
[17:16:15.396] [SQLAnalysis] Appended 1 parsed entries.
[17:16:15.396] [SQLAnalysis 1ae] Extracted 504 Logs 2026-10-02 21:16:15.396798: [{'timestamp': '2026-10-02 21:16:14,385728', 'level': 'INFO', 'ip': '172.18.0.5', 'port': 44194, 'sql': 'USE db *#*#OK'}]
[17:16:15.396] [SQLAnalysis 1ae] Updated param pairs: {'looked_value': '1]'}
[17:16:15.397] [SQLAnalysis 1ae] Looked timestamp 2026-10-02 21:16:14.375086 -- 2026-10-02 21:16:14.392120
[17:16:15.401] [SQLAnalysis 1ae] query_array to be checked: ['use', 'db']
[17:16:15.401] [SQLAnalysis 1ae] normalized_query_array: ['use', 'db']
[17:16:15.401] [SQLiFuzz 1ae] No weird chars exist: GET http://localhost:8081/a2_filtered.php | ['[string (False)(None)] Sec-Fetch-Dest=document', '[string (False)(None)] Sec-Fetch-Mode=navigate', '[string (False)(None)] Sec-Fetch-Site=same-origin', '[string (False)(None)] Sec-Fetch-User=?1', '[string (False)(None)] Priority=u=0, i', '[url (False)(None)] path0=a2_filtered.php', '[int (False)(None)] id=1]', '[string (False)(None)] Submit=Submit'] | None
[17:16:15.401] [SQLiFuzz bd2] Getting prepared_target_request with ID 0f3 for test_SQLi iteration 45/70
[17:16:15.401] [SQLiFuzz 0f3] chosen_idx: 0 from 8
[17:16:15.401] [HTTPREQUEST 0f3] Getting matched paramval from found values: ['?1', '1']
[17:16:15.401] [HTTPREQUEST 0f3] Found matched paramval: [string (False)(None)] Sec-Fetch-User=?1
[17:16:15.401] [HTTPREQUEST 0f3] Found matched paramval: [int (False)(None)] id=1
[17:16:15.402] [SQLiFuzz 0f3] Prioritize to fuzz matched SQL value first: [int (False)(None)] id=1
[17:16:15.402] [SQLiFuzz 0f3] Mutation applied. old='1' char='.' strategy='random' new='.1'
[17:16:15.402] [HTTPREQUEST 0f3] Update url and body param from paramvals:
[17:16:15.402] [HTTPREQUEST None] New post_data_encoded: 
[17:16:15.402] [HTTPREQUEST None] New param encoded: Submit=Submit&id=.1
[17:16:15.402] [GENERALFUNCTION 0f3] ---SENDING THE REQUEST [1790975775-3fa9beae-a13d-4570-918f-15341f8b60f3] TO : [GET] http://localhost:8081/a2_filtered.php?Submit=Submit&id=.1
[17:16:15.402] [GENERALFUNCTION 0f3] Post data encoded: 
[17:16:15.402] [GENERALFUNCTION 0f3] Adjusted Referer to http://localhost:8081/a2_filtered.php
[17:16:15.402] [GENERALFUNCTION 0f3] DEBUG OUTGOING request.full_url: http://localhost:8081/a2_filtered.php?Submit=Submit&id=.1
[17:16:15.402] [GENERALFUNCTION 0f3] DEBUG OUTGOING headers: {'Host': 'localhost:8081', 'User-Agent': 'Mozilla/5.0 (X11; Ubuntu; Linux x86_64; rv:155.0) Gecko/20100101 Firefox/155.0', 'Accept': 'text/html,application/xhtml+xml,application/xml;q=0.9,*/*;q=0.8', 'Accept-Language': 'en-US,en;q=0.9', 'Accept-Encoding': 'gzip, deflate, br, zstd', 'Connection': 'keep-alive', 'Referer': 'http://localhost:8081/a2_filtered.php', 'Cookie': 'PHPSESSID=0d8290ddf05033f4c53fb9096583b0f1; security=impossible', 'Upgrade-Insecure-Requests': '1', 'Sec-Fetch-Dest': 'document', 'Sec-Fetch-Mode': 'navigate', 'Sec-Fetch-Site': 'same-origin', 'Sec-Fetch-User': '?1', 'Priority': 'u=0, i'}
[17:16:15.403] [GENERALFUNCTION 0f3] DEBUG OUTGOING post_data_encoded (truncated): 
[17:16:15.421] [SQLiFuzz 0f3] Response status: 200
[17:16:15.421] [SQLiFuzz 0f3] Response URL: http://localhost:8081/a2_filtered.php?Submit=Submit&id=.1
[17:16:15.421] [SQLiFuzz 0f3] Was redirected: False
[17:16:15.421] [SQLiFuzz 0f3] Getting response: <!doctype html>
<html>
<body>
<form method="GET">
  <label>User ID: <input type="text" name="id"></label>
  <input type="submit" name="Submit" value="Submit">
</form>
<pre>INPUT REJECTED</pre>
[17:16:16.422] [SQLAnalysis] Read 1 new lines from SQL log file.
[17:16:16.422] [SQLAnalysis] Appended 1 parsed entries.
[17:16:16.422] [SQLAnalysis 0f3] Extracted 505 Logs 2026-10-02 21:16:16.422772: [{'timestamp': '2026-10-02 21:16:15,411970', 'level': 'INFO', 'ip': '172.18.0.5', 'port': 44212, 'sql': 'USE db *#*#OK'}]
[17:16:16.422] [SQLAnalysis 0f3] Updated param pairs: {'looked_value': '.1'}
[17:16:16.422] [SQLAnalysis 0f3] Looked timestamp 2026-10-02 21:16:15.403084 -- 2026-10-02 21:16:15.418261
[17:16:16.426] [SQLAnalysis 0f3] query_array to be checked: ['use', 'db']
[17:16:16.426] [SQLAnalysis 0f3] normalized_query_array: ['use', 'db']
[17:16:16.427] [SQLiFuzz 0f3] No weird chars exist: GET http://localhost:8081/a2_filtered.php | ['[string (False)(None)] Sec-Fetch-Dest=document', '[string (False)(None)] Sec-Fetch-Mode=navigate', '[string (False)(None)] Sec-Fetch-Site=same-origin', '[string (False)(None)] Sec-Fetch-User=?1', '[string (False)(None)] Priority=u=0, i', '[url (False)(None)] path0=a2_filtered.php', '[int (False)(None)] id=.1', '[string (False)(None)] Submit=Submit'] | None
[17:16:16.427] [SQLiFuzz bd2] Getting prepared_target_request with ID 4e2 for test_SQLi iteration 46/70
[17:16:16.427] [SQLiFuzz 4e2] chosen_idx: 7 from 8
[17:16:16.427] [HTTPREQUEST 4e2] Getting matched paramval from found values: ['?1', '1']
[17:16:16.427] [HTTPREQUEST 4e2] Found matched paramval: [string (False)(None)] Sec-Fetch-User=?1
[17:16:16.427] [HTTPREQUEST 4e2] Found matched paramval: [int (False)(None)] id=1
[17:16:16.427] [SQLiFuzz 4e2] Prioritize to fuzz matched SQL value first: [int (False)(None)] id=1
[17:16:16.427] [SQLiFuzz 4e2] Mutation applied. old='1' char='&' strategy='drop' new='&'
[17:16:16.427] [HTTPREQUEST 4e2] Update url and body param from paramvals:
[17:16:16.427] [HTTPREQUEST None] New post_data_encoded: 
[17:16:16.427] [HTTPREQUEST None] New param encoded: Submit=Submit&id=%26
[17:16:16.427] [GENERALFUNCTION 4e2] ---SENDING THE REQUEST [1790975776-c7cd2761-5d73-4abb-82dd-039132bd94e2] TO : [GET] http://localhost:8081/a2_filtered.php?Submit=Submit&id=%26
[17:16:16.427] [GENERALFUNCTION 4e2] Post data encoded: 
[17:16:16.427] [GENERALFUNCTION 4e2] Adjusted Referer to http://localhost:8081/a2_filtered.php
[17:16:16.428] [GENERALFUNCTION 4e2] DEBUG OUTGOING request.full_url: http://localhost:8081/a2_filtered.php?Submit=Submit&id=%26
[17:16:16.428] [GENERALFUNCTION 4e2] DEBUG OUTGOING headers: {'Host': 'localhost:8081', 'User-Agent': 'Mozilla/5.0 (X11; Ubuntu; Linux x86_64; rv:155.0) Gecko/20100101 Firefox/155.0', 'Accept': 'text/html,application/xhtml+xml,application/xml;q=0.9,*/*;q=0.8', 'Accept-Language': 'en-US,en;q=0.9', 'Accept-Encoding': 'gzip, deflate, br, zstd', 'Connection': 'keep-alive', 'Referer': 'http://localhost:8081/a2_filtered.php', 'Cookie': 'PHPSESSID=0d8290ddf05033f4c53fb9096583b0f1; security=impossible', 'Upgrade-Insecure-Requests': '1', 'Sec-Fetch-Dest': 'document', 'Sec-Fetch-Mode': 'navigate', 'Sec-Fetch-Site': 'same-origin', 'Sec-Fetch-User': '?1', 'Priority': 'u=0, i'}
[17:16:16.428] [GENERALFUNCTION 4e2] DEBUG OUTGOING post_data_encoded (truncated): 
[17:16:16.459] [SQLiFuzz 4e2] Response status: 200
[17:16:16.459] [SQLiFuzz 4e2] Response URL: http://localhost:8081/a2_filtered.php?Submit=Submit&id=%26
[17:16:16.459] [SQLiFuzz 4e2] Was redirected: False
[17:16:16.459] [SQLiFuzz 4e2] Getting response: <!doctype html>
<html>
<body>
<form method="GET">
  <label>User ID: <input type="text" name="id"></label>
  <input type="submit" name="Submit" value="Submit">
</form>
<pre>INPUT REJECTED</pre>
[17:16:17.459] [SQLAnalysis] Read 1 new lines from SQL log file.
[17:16:17.460] [SQLAnalysis] Appended 1 parsed entries.
[17:16:17.460] [SQLAnalysis 4e2] Extracted 506 Logs 2026-10-02 21:16:17.460112: [{'timestamp': '2026-10-02 21:16:16,443916', 'level': 'INFO', 'ip': '172.18.0.5', 'port': 44218, 'sql': 'USE db *#*#OK'}]
[17:16:17.460] [SQLAnalysis 4e2] Updated param pairs: {'looked_value': '&'}
[17:16:17.460] [SQLAnalysis 4e2] Looked timestamp 2026-10-02 21:16:16.428424 -- 2026-10-02 21:16:16.456042
[17:16:17.467] [SQLAnalysis 4e2] query_array to be checked: ['use', 'db']
[17:16:17.467] [SQLAnalysis 4e2] normalized_query_array: ['use', 'db']
[17:16:17.467] [SQLiFuzz 4e2] No weird chars exist: GET http://localhost:8081/a2_filtered.php | ['[string (False)(None)] Sec-Fetch-Dest=document', '[string (False)(None)] Sec-Fetch-Mode=navigate', '[string (False)(None)] Sec-Fetch-Site=same-origin', '[string (False)(None)] Sec-Fetch-User=?1', '[string (False)(None)] Priority=u=0, i', '[url (False)(None)] path0=a2_filtered.php', '[int (False)(None)] id=&', '[string (False)(None)] Submit=Submit'] | None
[17:16:17.468] [SQLiFuzz bd2] Getting prepared_target_request with ID 2f8 for test_SQLi iteration 47/70
[17:16:17.468] [SQLiFuzz 2f8] chosen_idx: 0 from 8
[17:16:17.468] [HTTPREQUEST 2f8] Getting matched paramval from found values: ['?1', '1']
[17:16:17.468] [HTTPREQUEST 2f8] Found matched paramval: [string (False)(None)] Sec-Fetch-User=?1
[17:16:17.468] [HTTPREQUEST 2f8] Found matched paramval: [int (False)(None)] id=1
[17:16:17.468] [SQLiFuzz 2f8] Prioritize to fuzz matched SQL value first: [int (False)(None)] id=1
[17:16:17.468] [SQLiFuzz 2f8] Mutation applied. old='1' char='/' strategy='tail' new='1/'
[17:16:17.468] [HTTPREQUEST 2f8] Update url and body param from paramvals:
[17:16:17.468] [HTTPREQUEST None] New post_data_encoded: 
[17:16:17.468] [HTTPREQUEST None] New param encoded: Submit=Submit&id=1%2F
[17:16:17.469] [GENERALFUNCTION 2f8] ---SENDING THE REQUEST [1790975777-cd00f2c1-606c-4a62-8222-3c7d246fa2f8] TO : [GET] http://localhost:8081/a2_filtered.php?Submit=Submit&id=1%2F
[17:16:17.469] [GENERALFUNCTION 2f8] Post data encoded: 
[17:16:17.469] [GENERALFUNCTION 2f8] Adjusted Referer to http://localhost:8081/a2_filtered.php
[17:16:17.469] [GENERALFUNCTION 2f8] DEBUG OUTGOING request.full_url: http://localhost:8081/a2_filtered.php?Submit=Submit&id=1%2F
[17:16:17.469] [GENERALFUNCTION 2f8] DEBUG OUTGOING headers: {'Host': 'localhost:8081', 'User-Agent': 'Mozilla/5.0 (X11; Ubuntu; Linux x86_64; rv:155.0) Gecko/20100101 Firefox/155.0', 'Accept': 'text/html,application/xhtml+xml,application/xml;q=0.9,*/*;q=0.8', 'Accept-Language': 'en-US,en;q=0.9', 'Accept-Encoding': 'gzip, deflate, br, zstd', 'Connection': 'keep-alive', 'Referer': 'http://localhost:8081/a2_filtered.php', 'Cookie': 'PHPSESSID=0d8290ddf05033f4c53fb9096583b0f1; security=impossible', 'Upgrade-Insecure-Requests': '1', 'Sec-Fetch-Dest': 'document', 'Sec-Fetch-Mode': 'navigate', 'Sec-Fetch-Site': 'same-origin', 'Sec-Fetch-User': '?1', 'Priority': 'u=0, i'}
[17:16:17.469] [GENERALFUNCTION 2f8] DEBUG OUTGOING post_data_encoded (truncated): 
[17:16:17.495] [SQLiFuzz 2f8] Response status: 200
[17:16:17.495] [SQLiFuzz 2f8] Response URL: http://localhost:8081/a2_filtered.php?Submit=Submit&id=1%2F
[17:16:17.495] [SQLiFuzz 2f8] Was redirected: False
[17:16:17.495] [SQLiFuzz 2f8] Getting response: <!doctype html>
<html>
<body>
<form method="GET">
  <label>User ID: <input type="text" name="id"></label>
  <input type="submit" name="Submit" value="Submit">
</form>
<pre>INPUT REJECTED</pre>
[17:16:18.496] [SQLAnalysis] Read 1 new lines from SQL log file.
[17:16:18.496] [SQLAnalysis] Appended 1 parsed entries.
[17:16:18.496] [SQLAnalysis 2f8] Extracted 507 Logs 2026-10-02 21:16:18.496561: [{'timestamp': '2026-10-02 21:16:17,481863', 'level': 'INFO', 'ip': '172.18.0.5', 'port': 44240, 'sql': 'USE db *#*#OK'}]
[17:16:18.496] [SQLAnalysis 2f8] Updated param pairs: {'looked_value': '1/'}
[17:16:18.496] [SQLAnalysis 2f8] Looked timestamp 2026-10-02 21:16:17.469657 -- 2026-10-02 21:16:17.492289
[17:16:18.502] [SQLAnalysis 2f8] query_array to be checked: ['use', 'db']
[17:16:18.502] [SQLAnalysis 2f8] normalized_query_array: ['use', 'db']
[17:16:18.502] [SQLiFuzz 2f8] No weird chars exist: GET http://localhost:8081/a2_filtered.php | ['[string (False)(None)] Sec-Fetch-Dest=document', '[string (False)(None)] Sec-Fetch-Mode=navigate', '[string (False)(None)] Sec-Fetch-Site=same-origin', '[string (False)(None)] Sec-Fetch-User=?1', '[string (False)(None)] Priority=u=0, i', '[url (False)(None)] path0=a2_filtered.php', '[int (False)(None)] id=1/', '[string (False)(None)] Submit=Submit'] | None
[17:16:18.502] [SQLiFuzz bd2] Getting prepared_target_request with ID c59 for test_SQLi iteration 48/70
[17:16:18.502] [SQLiFuzz c59] chosen_idx: 4 from 8
[17:16:18.502] [HTTPREQUEST c59] Getting matched paramval from found values: ['?1', '1']
[17:16:18.502] [HTTPREQUEST c59] Found matched paramval: [string (False)(None)] Sec-Fetch-User=?1
[17:16:18.502] [HTTPREQUEST c59] Found matched paramval: [int (False)(None)] id=1
[17:16:18.503] [SQLiFuzz c59] Prioritize to fuzz matched SQL value first: [int (False)(None)] id=1
[17:16:18.503] [SQLiFuzz c59] Mutation applied. old='1' char='=' strategy='tail' new='1='
[17:16:18.503] [HTTPREQUEST c59] Update url and body param from paramvals:
[17:16:18.503] [HTTPREQUEST None] New post_data_encoded: 
[17:16:18.503] [HTTPREQUEST None] New param encoded: Submit=Submit&id=1%3D
[17:16:18.503] [GENERALFUNCTION c59] ---SENDING THE REQUEST [1790975778-387cdff0-4c17-4fa8-b1c6-adec829a2c59] TO : [GET] http://localhost:8081/a2_filtered.php?Submit=Submit&id=1%3D
[17:16:18.503] [GENERALFUNCTION c59] Post data encoded: 
[17:16:18.503] [GENERALFUNCTION c59] Adjusted Referer to http://localhost:8081/a2_filtered.php
[17:16:18.503] [GENERALFUNCTION c59] DEBUG OUTGOING request.full_url: http://localhost:8081/a2_filtered.php?Submit=Submit&id=1%3D
[17:16:18.503] [GENERALFUNCTION c59] DEBUG OUTGOING headers: {'Host': 'localhost:8081', 'User-Agent': 'Mozilla/5.0 (X11; Ubuntu; Linux x86_64; rv:155.0) Gecko/20100101 Firefox/155.0', 'Accept': 'text/html,application/xhtml+xml,application/xml;q=0.9,*/*;q=0.8', 'Accept-Language': 'en-US,en;q=0.9', 'Accept-Encoding': 'gzip, deflate, br, zstd', 'Connection': 'keep-alive', 'Referer': 'http://localhost:8081/a2_filtered.php', 'Cookie': 'PHPSESSID=0d8290ddf05033f4c53fb9096583b0f1; security=impossible', 'Upgrade-Insecure-Requests': '1', 'Sec-Fetch-Dest': 'document', 'Sec-Fetch-Mode': 'navigate', 'Sec-Fetch-Site': 'same-origin', 'Sec-Fetch-User': '?1', 'Priority': 'u=0, i'}
[17:16:18.503] [GENERALFUNCTION c59] DEBUG OUTGOING post_data_encoded (truncated): 
[17:16:18.523] [SQLiFuzz c59] Response status: 200
[17:16:18.523] [SQLiFuzz c59] Response URL: http://localhost:8081/a2_filtered.php?Submit=Submit&id=1%3D
[17:16:18.523] [SQLiFuzz c59] Was redirected: False
[17:16:18.523] [SQLiFuzz c59] Getting response: <!doctype html>
<html>
<body>
<form method="GET">
  <label>User ID: <input type="text" name="id"></label>
  <input type="submit" name="Submit" value="Submit">
</form>
<pre>INPUT REJECTED</pre>
[17:16:19.524] [SQLAnalysis] Read 1 new lines from SQL log file.
[17:16:19.524] [SQLAnalysis] Appended 1 parsed entries.
[17:16:19.524] [SQLAnalysis c59] Extracted 508 Logs 2026-10-02 21:16:19.524736: [{'timestamp': '2026-10-02 21:16:18,513579', 'level': 'INFO', 'ip': '172.18.0.5', 'port': 44258, 'sql': 'USE db *#*#OK'}]
[17:16:19.524] [SQLAnalysis c59] Updated param pairs: {'looked_value': '1='}
[17:16:19.525] [SQLAnalysis c59] Looked timestamp 2026-10-02 21:16:18.503714 -- 2026-10-02 21:16:18.520176
[17:16:19.530] [SQLAnalysis c59] query_array to be checked: ['use', 'db']
[17:16:19.530] [SQLAnalysis c59] normalized_query_array: ['use', 'db']
[17:16:19.530] [SQLiFuzz c59] No weird chars exist: GET http://localhost:8081/a2_filtered.php | ['[string (False)(None)] Sec-Fetch-Dest=document', '[string (False)(None)] Sec-Fetch-Mode=navigate', '[string (False)(None)] Sec-Fetch-Site=same-origin', '[string (False)(None)] Sec-Fetch-User=?1', '[string (False)(None)] Priority=u=0, i', '[url (False)(None)] path0=a2_filtered.php', '[int (False)(None)] id=1=', '[string (False)(None)] Submit=Submit'] | None
[17:16:19.530] [SQLiFuzz bd2] Getting prepared_target_request with ID 497 for test_SQLi iteration 49/70
[17:16:19.530] [SQLiFuzz 497] chosen_idx: 1 from 8
[17:16:19.530] [HTTPREQUEST 497] Getting matched paramval from found values: ['?1', '1']
[17:16:19.530] [HTTPREQUEST 497] Found matched paramval: [string (False)(None)] Sec-Fetch-User=?1
[17:16:19.530] [HTTPREQUEST 497] Found matched paramval: [int (False)(None)] id=1
[17:16:19.530] [SQLiFuzz 497] Prioritize to fuzz matched SQL value first: [int (False)(None)] id=1
[17:16:19.531] [SQLiFuzz 497] Mutation applied. old='1' char='(' strategy='front' new='(1'
[17:16:19.531] [HTTPREQUEST 497] Update url and body param from paramvals:
[17:16:19.531] [HTTPREQUEST None] New post_data_encoded: 
[17:16:19.531] [HTTPREQUEST None] New param encoded: Submit=Submit&id=%281
[17:16:19.531] [GENERALFUNCTION 497] ---SENDING THE REQUEST [1790975779-f48e490f-0a62-42e4-afc5-c7065c1c5497] TO : [GET] http://localhost:8081/a2_filtered.php?Submit=Submit&id=%281
[17:16:19.531] [GENERALFUNCTION 497] Post data encoded: 
[17:16:19.531] [GENERALFUNCTION 497] Adjusted Referer to http://localhost:8081/a2_filtered.php
[17:16:19.531] [GENERALFUNCTION 497] DEBUG OUTGOING request.full_url: http://localhost:8081/a2_filtered.php?Submit=Submit&id=%281
[17:16:19.531] [GENERALFUNCTION 497] DEBUG OUTGOING headers: {'Host': 'localhost:8081', 'User-Agent': 'Mozilla/5.0 (X11; Ubuntu; Linux x86_64; rv:155.0) Gecko/20100101 Firefox/155.0', 'Accept': 'text/html,application/xhtml+xml,application/xml;q=0.9,*/*;q=0.8', 'Accept-Language': 'en-US,en;q=0.9', 'Accept-Encoding': 'gzip, deflate, br, zstd', 'Connection': 'keep-alive', 'Referer': 'http://localhost:8081/a2_filtered.php', 'Cookie': 'PHPSESSID=0d8290ddf05033f4c53fb9096583b0f1; security=impossible', 'Upgrade-Insecure-Requests': '1', 'Sec-Fetch-Dest': 'document', 'Sec-Fetch-Mode': 'navigate', 'Sec-Fetch-Site': 'same-origin', 'Sec-Fetch-User': '?1', 'Priority': 'u=0, i'}
[17:16:19.532] [GENERALFUNCTION 497] DEBUG OUTGOING post_data_encoded (truncated): 
[17:16:19.555] [SQLiFuzz 497] Response status: 200
[17:16:19.555] [SQLiFuzz 497] Response URL: http://localhost:8081/a2_filtered.php?Submit=Submit&id=%281
[17:16:19.556] [SQLiFuzz 497] Was redirected: False
[17:16:19.556] [SQLiFuzz 497] Getting response: <!doctype html>
<html>
<body>
<form method="GET">
  <label>User ID: <input type="text" name="id"></label>
  <input type="submit" name="Submit" value="Submit">
</form>
<pre>INPUT REJECTED</pre>
[17:16:20.556] [SQLAnalysis] Read 1 new lines from SQL log file.
[17:16:20.557] [SQLAnalysis] Appended 1 parsed entries.
[17:16:20.557] [SQLAnalysis 497] Extracted 509 Logs 2026-10-02 21:16:20.557297: [{'timestamp': '2026-10-02 21:16:19,545099', 'level': 'INFO', 'ip': '172.18.0.5', 'port': 44272, 'sql': 'USE db *#*#OK'}]
[17:16:20.557] [SQLAnalysis 497] Updated param pairs: {'looked_value': '(1'}
[17:16:20.557] [SQLAnalysis 497] Looked timestamp 2026-10-02 21:16:19.532080 -- 2026-10-02 21:16:19.552025
[17:16:20.561] [SQLAnalysis 497] query_array to be checked: ['use', 'db']
[17:16:20.561] [SQLAnalysis 497] normalized_query_array: ['use', 'db']
[17:16:20.561] [SQLiFuzz 497] No weird chars exist: GET http://localhost:8081/a2_filtered.php | ['[string (False)(None)] Sec-Fetch-Dest=document', '[string (False)(None)] Sec-Fetch-Mode=navigate', '[string (False)(None)] Sec-Fetch-Site=same-origin', '[string (False)(None)] Sec-Fetch-User=?1', '[string (False)(None)] Priority=u=0, i', '[url (False)(None)] path0=a2_filtered.php', '[int (False)(None)] id=(1', '[string (False)(None)] Submit=Submit'] | None
[17:16:20.561] [SQLiFuzz bd2] Getting prepared_target_request with ID b15 for test_SQLi iteration 50/70
[17:16:20.561] [SQLiFuzz b15] chosen_idx: 3 from 8
[17:16:20.561] [HTTPREQUEST b15] Getting matched paramval from found values: ['?1', '1']
[17:16:20.561] [HTTPREQUEST b15] Found matched paramval: [string (False)(None)] Sec-Fetch-User=?1
[17:16:20.561] [HTTPREQUEST b15] Found matched paramval: [int (False)(None)] id=1
[17:16:20.561] [SQLiFuzz b15] Prioritize to fuzz matched SQL value first: [int (False)(None)] id=1
[17:16:20.561] [SQLiFuzz b15] Mutation applied. old='1' char='|' strategy='drop' new='|'
[17:16:20.561] [HTTPREQUEST b15] Update url and body param from paramvals:
[17:16:20.562] [HTTPREQUEST None] New post_data_encoded: 
[17:16:20.562] [HTTPREQUEST None] New param encoded: Submit=Submit&id=%7C
[17:16:20.562] [GENERALFUNCTION b15] ---SENDING THE REQUEST [1790975780-f0ee9c99-8f5f-4274-8f45-115d707abb15] TO : [GET] http://localhost:8081/a2_filtered.php?Submit=Submit&id=%7C
[17:16:20.562] [GENERALFUNCTION b15] Post data encoded: 
[17:16:20.562] [GENERALFUNCTION b15] Adjusted Referer to http://localhost:8081/a2_filtered.php
[17:16:20.562] [GENERALFUNCTION b15] DEBUG OUTGOING request.full_url: http://localhost:8081/a2_filtered.php?Submit=Submit&id=%7C
[17:16:20.562] [GENERALFUNCTION b15] DEBUG OUTGOING headers: {'Host': 'localhost:8081', 'User-Agent': 'Mozilla/5.0 (X11; Ubuntu; Linux x86_64; rv:155.0) Gecko/20100101 Firefox/155.0', 'Accept': 'text/html,application/xhtml+xml,application/xml;q=0.9,*/*;q=0.8', 'Accept-Language': 'en-US,en;q=0.9', 'Accept-Encoding': 'gzip, deflate, br, zstd', 'Connection': 'keep-alive', 'Referer': 'http://localhost:8081/a2_filtered.php', 'Cookie': 'PHPSESSID=0d8290ddf05033f4c53fb9096583b0f1; security=impossible', 'Upgrade-Insecure-Requests': '1', 'Sec-Fetch-Dest': 'document', 'Sec-Fetch-Mode': 'navigate', 'Sec-Fetch-Site': 'same-origin', 'Sec-Fetch-User': '?1', 'Priority': 'u=0, i'}
[17:16:20.562] [GENERALFUNCTION b15] DEBUG OUTGOING post_data_encoded (truncated): 
[17:16:20.582] [SQLiFuzz b15] Response status: 200
[17:16:20.582] [SQLiFuzz b15] Response URL: http://localhost:8081/a2_filtered.php?Submit=Submit&id=%7C
[17:16:20.582] [SQLiFuzz b15] Was redirected: False
[17:16:20.583] [SQLiFuzz b15] Getting response: <!doctype html>
<html>
<body>
<form method="GET">
  <label>User ID: <input type="text" name="id"></label>
  <input type="submit" name="Submit" value="Submit">
</form>
<pre>INPUT REJECTED</pre>
[17:16:21.583] [SQLAnalysis] Read 1 new lines from SQL log file.
[17:16:21.584] [SQLAnalysis] Appended 1 parsed entries.
[17:16:21.584] [SQLAnalysis b15] Extracted 510 Logs 2026-10-02 21:16:21.584160: [{'timestamp': '2026-10-02 21:16:20,574154', 'level': 'INFO', 'ip': '172.18.0.5', 'port': 44286, 'sql': 'USE db *#*#OK'}]
[17:16:21.584] [SQLAnalysis b15] Updated param pairs: {'looked_value': '|'}
[17:16:21.584] [SQLAnalysis b15] Looked timestamp 2026-10-02 21:16:20.562624 -- 2026-10-02 21:16:20.579125
[17:16:21.590] [SQLAnalysis b15] query_array to be checked: ['use', 'db']
[17:16:21.590] [SQLAnalysis b15] normalized_query_array: ['use', 'db']
[17:16:21.590] [SQLiFuzz b15] No weird chars exist: GET http://localhost:8081/a2_filtered.php | ['[string (False)(None)] Sec-Fetch-Dest=document', '[string (False)(None)] Sec-Fetch-Mode=navigate', '[string (False)(None)] Sec-Fetch-Site=same-origin', '[string (False)(None)] Sec-Fetch-User=?1', '[string (False)(None)] Priority=u=0, i', '[url (False)(None)] path0=a2_filtered.php', '[int (False)(None)] id=|', '[string (False)(None)] Submit=Submit'] | None
[17:16:21.591] [SQLiFuzz bd2] Getting prepared_target_request with ID fc2 for test_SQLi iteration 51/70
[17:16:21.591] [SQLiFuzz fc2] chosen_idx: 2 from 8
[17:16:21.591] [HTTPREQUEST fc2] Getting matched paramval from found values: ['?1', '1']
[17:16:21.591] [HTTPREQUEST fc2] Found matched paramval: [string (False)(None)] Sec-Fetch-User=?1
[17:16:21.591] [HTTPREQUEST fc2] Found matched paramval: [int (False)(None)] id=1
[17:16:21.591] [SQLiFuzz fc2] Prioritize to fuzz matched SQL value first: [int (False)(None)] id=1
[17:16:21.591] [SQLiFuzz fc2] Mutation applied. old='1' char=':' strategy='drop' new=':'
[17:16:21.591] [HTTPREQUEST fc2] Update url and body param from paramvals:
[17:16:21.591] [HTTPREQUEST None] New post_data_encoded: 
[17:16:21.591] [HTTPREQUEST None] New param encoded: Submit=Submit&id=%3A
[17:16:21.592] [GENERALFUNCTION fc2] ---SENDING THE REQUEST [1790975781-e3c161b0-ef0f-4163-9ee8-c037695e7fc2] TO : [GET] http://localhost:8081/a2_filtered.php?Submit=Submit&id=%3A
[17:16:21.592] [GENERALFUNCTION fc2] Post data encoded: 
[17:16:21.592] [GENERALFUNCTION fc2] Adjusted Referer to http://localhost:8081/a2_filtered.php
[17:16:21.592] [GENERALFUNCTION fc2] DEBUG OUTGOING request.full_url: http://localhost:8081/a2_filtered.php?Submit=Submit&id=%3A
[17:16:21.592] [GENERALFUNCTION fc2] DEBUG OUTGOING headers: {'Host': 'localhost:8081', 'User-Agent': 'Mozilla/5.0 (X11; Ubuntu; Linux x86_64; rv:155.0) Gecko/20100101 Firefox/155.0', 'Accept': 'text/html,application/xhtml+xml,application/xml;q=0.9,*/*;q=0.8', 'Accept-Language': 'en-US,en;q=0.9', 'Accept-Encoding': 'gzip, deflate, br, zstd', 'Connection': 'keep-alive', 'Referer': 'http://localhost:8081/a2_filtered.php', 'Cookie': 'PHPSESSID=0d8290ddf05033f4c53fb9096583b0f1; security=impossible', 'Upgrade-Insecure-Requests': '1', 'Sec-Fetch-Dest': 'document', 'Sec-Fetch-Mode': 'navigate', 'Sec-Fetch-Site': 'same-origin', 'Sec-Fetch-User': '?1', 'Priority': 'u=0, i'}
[17:16:21.592] [GENERALFUNCTION fc2] DEBUG OUTGOING post_data_encoded (truncated): 
[17:16:21.623] [SQLiFuzz fc2] Response status: 200
[17:16:21.624] [SQLiFuzz fc2] Response URL: http://localhost:8081/a2_filtered.php?Submit=Submit&id=%3A
[17:16:21.624] [SQLiFuzz fc2] Was redirected: False
[17:16:21.624] [SQLiFuzz fc2] Getting response: <!doctype html>
<html>
<body>
<form method="GET">
  <label>User ID: <input type="text" name="id"></label>
  <input type="submit" name="Submit" value="Submit">
</form>
<pre>INPUT REJECTED</pre>
[17:16:22.624] [SQLAnalysis] Read 1 new lines from SQL log file.
[17:16:22.625] [SQLAnalysis] Appended 1 parsed entries.
[17:16:22.625] [SQLAnalysis fc2] Extracted 511 Logs 2026-10-02 21:16:22.625447: [{'timestamp': '2026-10-02 21:16:21,604853', 'level': 'INFO', 'ip': '172.18.0.5', 'port': 44292, 'sql': 'USE db *#*#OK'}]
[17:16:22.625] [SQLAnalysis fc2] Updated param pairs: {'looked_value': ':'}
[17:16:22.625] [SQLAnalysis fc2] Looked timestamp 2026-10-02 21:16:21.592720 -- 2026-10-02 21:16:21.618388
[17:16:22.631] [SQLAnalysis fc2] query_array to be checked: ['use', 'db']
[17:16:22.631] [SQLAnalysis fc2] normalized_query_array: ['use', 'db']
[17:16:22.632] [SQLiFuzz fc2] No weird chars exist: GET http://localhost:8081/a2_filtered.php | ['[string (False)(None)] Sec-Fetch-Dest=document', '[string (False)(None)] Sec-Fetch-Mode=navigate', '[string (False)(None)] Sec-Fetch-Site=same-origin', '[string (False)(None)] Sec-Fetch-User=?1', '[string (False)(None)] Priority=u=0, i', '[url (False)(None)] path0=a2_filtered.php', '[int (False)(None)] id=:', '[string (False)(None)] Submit=Submit'] | None
[17:16:22.632] [SQLiFuzz bd2] Getting prepared_target_request with ID d13 for test_SQLi iteration 52/70
[17:16:22.632] [SQLiFuzz d13] chosen_idx: 0 from 8
[17:16:22.632] [HTTPREQUEST d13] Getting matched paramval from found values: ['?1', '1']
[17:16:22.633] [HTTPREQUEST d13] Found matched paramval: [string (False)(None)] Sec-Fetch-User=?1
[17:16:22.633] [HTTPREQUEST d13] Found matched paramval: [int (False)(None)] id=1
[17:16:22.633] [SQLiFuzz d13] Prioritize to fuzz matched SQL value first: [int (False)(None)] id=1
[17:16:22.633] [SQLiFuzz d13] Mutation applied. old='1' char='^' strategy='tail' new='1^'
[17:16:22.633] [HTTPREQUEST d13] Update url and body param from paramvals:
[17:16:22.633] [HTTPREQUEST None] New post_data_encoded: 
[17:16:22.633] [HTTPREQUEST None] New param encoded: Submit=Submit&id=1%5E
[17:16:22.633] [GENERALFUNCTION d13] ---SENDING THE REQUEST [1790975782-018edb4a-b27b-413c-83b7-40687bd5fd13] TO : [GET] http://localhost:8081/a2_filtered.php?Submit=Submit&id=1%5E
[17:16:22.633] [GENERALFUNCTION d13] Post data encoded: 
[17:16:22.633] [GENERALFUNCTION d13] Adjusted Referer to http://localhost:8081/a2_filtered.php
[17:16:22.633] [GENERALFUNCTION d13] DEBUG OUTGOING request.full_url: http://localhost:8081/a2_filtered.php?Submit=Submit&id=1%5E
[17:16:22.633] [GENERALFUNCTION d13] DEBUG OUTGOING headers: {'Host': 'localhost:8081', 'User-Agent': 'Mozilla/5.0 (X11; Ubuntu; Linux x86_64; rv:155.0) Gecko/20100101 Firefox/155.0', 'Accept': 'text/html,application/xhtml+xml,application/xml;q=0.9,*/*;q=0.8', 'Accept-Language': 'en-US,en;q=0.9', 'Accept-Encoding': 'gzip, deflate, br, zstd', 'Connection': 'keep-alive', 'Referer': 'http://localhost:8081/a2_filtered.php', 'Cookie': 'PHPSESSID=0d8290ddf05033f4c53fb9096583b0f1; security=impossible', 'Upgrade-Insecure-Requests': '1', 'Sec-Fetch-Dest': 'document', 'Sec-Fetch-Mode': 'navigate', 'Sec-Fetch-Site': 'same-origin', 'Sec-Fetch-User': '?1', 'Priority': 'u=0, i'}
[17:16:22.634] [GENERALFUNCTION d13] DEBUG OUTGOING post_data_encoded (truncated): 
[17:16:22.659] [SQLiFuzz d13] Response status: 200
[17:16:22.660] [SQLiFuzz d13] Response URL: http://localhost:8081/a2_filtered.php?Submit=Submit&id=1%5E
[17:16:22.660] [SQLiFuzz d13] Was redirected: False
[17:16:22.660] [SQLiFuzz d13] Getting response: <!doctype html>
<html>
<body>
<form method="GET">
  <label>User ID: <input type="text" name="id"></label>
  <input type="submit" name="Submit" value="Submit">
</form>
<pre>INPUT REJECTED</pre>
[17:16:23.661] [SQLAnalysis] Read 1 new lines from SQL log file.
[17:16:23.661] [SQLAnalysis] Appended 1 parsed entries.
[17:16:23.661] [SQLAnalysis d13] Extracted 512 Logs 2026-10-02 21:16:23.661782: [{'timestamp': '2026-10-02 21:16:22,646794', 'level': 'INFO', 'ip': '172.18.0.5', 'port': 32968, 'sql': 'USE db *#*#OK'}]
[17:16:23.662] [SQLAnalysis d13] Updated param pairs: {'looked_value': '1^'}
[17:16:23.662] [SQLAnalysis d13] Looked timestamp 2026-10-02 21:16:22.634077 -- 2026-10-02 21:16:22.655692
[17:16:23.670] [SQLAnalysis d13] query_array to be checked: ['use', 'db']
[17:16:23.670] [SQLAnalysis d13] normalized_query_array: ['use', 'db']
[17:16:23.670] [SQLiFuzz d13] No weird chars exist: GET http://localhost:8081/a2_filtered.php | ['[string (False)(None)] Sec-Fetch-Dest=document', '[string (False)(None)] Sec-Fetch-Mode=navigate', '[string (False)(None)] Sec-Fetch-Site=same-origin', '[string (False)(None)] Sec-Fetch-User=?1', '[string (False)(None)] Priority=u=0, i', '[url (False)(None)] path0=a2_filtered.php', '[int (False)(None)] id=1^', '[string (False)(None)] Submit=Submit'] | None
[17:16:23.671] [SQLiFuzz bd2] Getting prepared_target_request with ID b0f for test_SQLi iteration 53/70
[17:16:23.671] [SQLiFuzz b0f] chosen_idx: 6 from 8
[17:16:23.671] [HTTPREQUEST b0f] Getting matched paramval from found values: ['?1', '1']
[17:16:23.671] [HTTPREQUEST b0f] Found matched paramval: [string (False)(None)] Sec-Fetch-User=?1
[17:16:23.671] [HTTPREQUEST b0f] Found matched paramval: [int (False)(None)] id=1
[17:16:23.671] [SQLiFuzz b0f] Prioritize to fuzz matched SQL value first: [int (False)(None)] id=1
[17:16:23.671] [SQLiFuzz b0f] Mutation applied. old='1' char='=' strategy='drop' new='='
[17:16:23.672] [HTTPREQUEST b0f] Update url and body param from paramvals:
[17:16:23.672] [HTTPREQUEST None] New post_data_encoded: 
[17:16:23.672] [HTTPREQUEST None] New param encoded: Submit=Submit&id=%3D
[17:16:23.672] [GENERALFUNCTION b0f] ---SENDING THE REQUEST [1790975783-4f6d6030-86ab-495d-b674-615ef3123b0f] TO : [GET] http://localhost:8081/a2_filtered.php?Submit=Submit&id=%3D
[17:16:23.672] [GENERALFUNCTION b0f] Post data encoded: 
[17:16:23.672] [GENERALFUNCTION b0f] Adjusted Referer to http://localhost:8081/a2_filtered.php
[17:16:23.672] [GENERALFUNCTION b0f] DEBUG OUTGOING request.full_url: http://localhost:8081/a2_filtered.php?Submit=Submit&id=%3D
[17:16:23.672] [GENERALFUNCTION b0f] DEBUG OUTGOING headers: {'Host': 'localhost:8081', 'User-Agent': 'Mozilla/5.0 (X11; Ubuntu; Linux x86_64; rv:155.0) Gecko/20100101 Firefox/155.0', 'Accept': 'text/html,application/xhtml+xml,application/xml;q=0.9,*/*;q=0.8', 'Accept-Language': 'en-US,en;q=0.9', 'Accept-Encoding': 'gzip, deflate, br, zstd', 'Connection': 'keep-alive', 'Referer': 'http://localhost:8081/a2_filtered.php', 'Cookie': 'PHPSESSID=0d8290ddf05033f4c53fb9096583b0f1; security=impossible', 'Upgrade-Insecure-Requests': '1', 'Sec-Fetch-Dest': 'document', 'Sec-Fetch-Mode': 'navigate', 'Sec-Fetch-Site': 'same-origin', 'Sec-Fetch-User': '?1', 'Priority': 'u=0, i'}
[17:16:23.672] [GENERALFUNCTION b0f] DEBUG OUTGOING post_data_encoded (truncated): 
[17:16:23.692] [SQLiFuzz b0f] Response status: 200
[17:16:23.693] [SQLiFuzz b0f] Response URL: http://localhost:8081/a2_filtered.php?Submit=Submit&id=%3D
[17:16:23.693] [SQLiFuzz b0f] Was redirected: False
[17:16:23.693] [SQLiFuzz b0f] Getting response: <!doctype html>
<html>
<body>
<form method="GET">
  <label>User ID: <input type="text" name="id"></label>
  <input type="submit" name="Submit" value="Submit">
</form>
<pre>INPUT REJECTED</pre>
[17:16:24.693] [SQLAnalysis] Read 1 new lines from SQL log file.
[17:16:24.694] [SQLAnalysis] Appended 1 parsed entries.
[17:16:24.694] [SQLAnalysis b0f] Extracted 513 Logs 2026-10-02 21:16:24.694270: [{'timestamp': '2026-10-02 21:16:23,683263', 'level': 'INFO', 'ip': '172.18.0.5', 'port': 32986, 'sql': 'USE db *#*#OK'}]
[17:16:24.695] [SQLAnalysis b0f] Updated param pairs: {'looked_value': '='}
[17:16:24.695] [SQLAnalysis b0f] Looked timestamp 2026-10-02 21:16:23.672789 -- 2026-10-02 21:16:23.689792
[17:16:24.701] [SQLAnalysis b0f] query_array to be checked: ['use', 'db']
[17:16:24.702] [SQLAnalysis b0f] normalized_query_array: ['use', 'db']
[17:16:24.702] [SQLiFuzz b0f] No weird chars exist: GET http://localhost:8081/a2_filtered.php | ['[string (False)(None)] Sec-Fetch-Dest=document', '[string (False)(None)] Sec-Fetch-Mode=navigate', '[string (False)(None)] Sec-Fetch-Site=same-origin', '[string (False)(None)] Sec-Fetch-User=?1', '[string (False)(None)] Priority=u=0, i', '[url (False)(None)] path0=a2_filtered.php', '[int (False)(None)] id==', '[string (False)(None)] Submit=Submit'] | None
[17:16:24.702] [SQLiFuzz bd2] Getting prepared_target_request with ID 1ff for test_SQLi iteration 54/70
[17:16:24.703] [SQLiFuzz 1ff] chosen_idx: 0 from 8
[17:16:24.703] [HTTPREQUEST 1ff] Getting matched paramval from found values: ['?1', '1']
[17:16:24.703] [HTTPREQUEST 1ff] Found matched paramval: [string (False)(None)] Sec-Fetch-User=?1
[17:16:24.703] [HTTPREQUEST 1ff] Found matched paramval: [int (False)(None)] id=1
[17:16:24.703] [SQLiFuzz 1ff] Prioritize to fuzz matched SQL value first: [int (False)(None)] id=1
[17:16:24.703] [SQLiFuzz 1ff] Mutation applied. old='1' char='~' strategy='tail' new='1~'
[17:16:24.703] [HTTPREQUEST 1ff] Update url and body param from paramvals:
[17:16:24.704] [HTTPREQUEST None] New post_data_encoded: 
[17:16:24.704] [HTTPREQUEST None] New param encoded: Submit=Submit&id=1~
[17:16:24.704] [GENERALFUNCTION 1ff] ---SENDING THE REQUEST [1790975784-16c2f229-0cf8-4143-861b-c11c4e4ae1ff] TO : [GET] http://localhost:8081/a2_filtered.php?Submit=Submit&id=1~
[17:16:24.704] [GENERALFUNCTION 1ff] Post data encoded: 
[17:16:24.704] [GENERALFUNCTION 1ff] Adjusted Referer to http://localhost:8081/a2_filtered.php
[17:16:24.704] [GENERALFUNCTION 1ff] DEBUG OUTGOING request.full_url: http://localhost:8081/a2_filtered.php?Submit=Submit&id=1~
[17:16:24.704] [GENERALFUNCTION 1ff] DEBUG OUTGOING headers: {'Host': 'localhost:8081', 'User-Agent': 'Mozilla/5.0 (X11; Ubuntu; Linux x86_64; rv:155.0) Gecko/20100101 Firefox/155.0', 'Accept': 'text/html,application/xhtml+xml,application/xml;q=0.9,*/*;q=0.8', 'Accept-Language': 'en-US,en;q=0.9', 'Accept-Encoding': 'gzip, deflate, br, zstd', 'Connection': 'keep-alive', 'Referer': 'http://localhost:8081/a2_filtered.php', 'Cookie': 'PHPSESSID=0d8290ddf05033f4c53fb9096583b0f1; security=impossible', 'Upgrade-Insecure-Requests': '1', 'Sec-Fetch-Dest': 'document', 'Sec-Fetch-Mode': 'navigate', 'Sec-Fetch-Site': 'same-origin', 'Sec-Fetch-User': '?1', 'Priority': 'u=0, i'}
[17:16:24.704] [GENERALFUNCTION 1ff] DEBUG OUTGOING post_data_encoded (truncated): 
[17:16:24.727] [SQLiFuzz 1ff] Response status: 200
[17:16:24.727] [SQLiFuzz 1ff] Response URL: http://localhost:8081/a2_filtered.php?Submit=Submit&id=1~
[17:16:24.727] [SQLiFuzz 1ff] Was redirected: False
[17:16:24.727] [SQLiFuzz 1ff] Getting response: <!doctype html>
<html>
<body>
<form method="GET">
  <label>User ID: <input type="text" name="id"></label>
  <input type="submit" name="Submit" value="Submit">
</form>
<pre>INPUT REJECTED</pre>
[17:16:25.728] [SQLAnalysis] Read 1 new lines from SQL log file.
[17:16:25.728] [SQLAnalysis] Appended 1 parsed entries.
[17:16:25.728] [SQLAnalysis 1ff] Extracted 514 Logs 2026-10-02 21:16:25.728710: [{'timestamp': '2026-10-02 21:16:24,718642', 'level': 'INFO', 'ip': '172.18.0.5', 'port': 33010, 'sql': 'USE db *#*#OK'}]
[17:16:25.728] [SQLAnalysis 1ff] Updated param pairs: {'looked_value': '1~'}
[17:16:25.729] [SQLAnalysis 1ff] Looked timestamp 2026-10-02 21:16:24.704632 -- 2026-10-02 21:16:24.724320
[17:16:25.737] [SQLAnalysis 1ff] query_array to be checked: ['use', 'db']
[17:16:25.737] [SQLAnalysis 1ff] normalized_query_array: ['use', 'db']
[17:16:25.738] [SQLiFuzz 1ff] No weird chars exist: GET http://localhost:8081/a2_filtered.php | ['[string (False)(None)] Sec-Fetch-Dest=document', '[string (False)(None)] Sec-Fetch-Mode=navigate', '[string (False)(None)] Sec-Fetch-Site=same-origin', '[string (False)(None)] Sec-Fetch-User=?1', '[string (False)(None)] Priority=u=0, i', '[url (False)(None)] path0=a2_filtered.php', '[int (False)(None)] id=1~', '[string (False)(None)] Submit=Submit'] | None
[17:16:25.738] [SQLiFuzz bd2] Getting prepared_target_request with ID f10 for test_SQLi iteration 55/70
[17:16:25.738] [SQLiFuzz f10] chosen_idx: 3 from 8
[17:16:25.738] [HTTPREQUEST f10] Getting matched paramval from found values: ['?1', '1']
[17:16:25.738] [HTTPREQUEST f10] Found matched paramval: [string (False)(None)] Sec-Fetch-User=?1
[17:16:25.739] [HTTPREQUEST f10] Found matched paramval: [int (False)(None)] id=1
[17:16:25.739] [SQLiFuzz f10] Prioritize to fuzz matched SQL value first: [int (False)(None)] id=1
[17:16:25.739] [SQLiFuzz f10] Mutation applied. old='1' char='@' strategy='front' new='@1'
[17:16:25.739] [HTTPREQUEST f10] Update url and body param from paramvals:
[17:16:25.739] [HTTPREQUEST None] New post_data_encoded: 
[17:16:25.739] [HTTPREQUEST None] New param encoded: Submit=Submit&id=%401
[17:16:25.739] [GENERALFUNCTION f10] ---SENDING THE REQUEST [1790975785-bf7f0595-ee93-4812-ba46-97cfa4569f10] TO : [GET] http://localhost:8081/a2_filtered.php?Submit=Submit&id=%401
[17:16:25.739] [GENERALFUNCTION f10] Post data encoded: 
[17:16:25.739] [GENERALFUNCTION f10] Adjusted Referer to http://localhost:8081/a2_filtered.php
[17:16:25.739] [GENERALFUNCTION f10] DEBUG OUTGOING request.full_url: http://localhost:8081/a2_filtered.php?Submit=Submit&id=%401
[17:16:25.740] [GENERALFUNCTION f10] DEBUG OUTGOING headers: {'Host': 'localhost:8081', 'User-Agent': 'Mozilla/5.0 (X11; Ubuntu; Linux x86_64; rv:155.0) Gecko/20100101 Firefox/155.0', 'Accept': 'text/html,application/xhtml+xml,application/xml;q=0.9,*/*;q=0.8', 'Accept-Language': 'en-US,en;q=0.9', 'Accept-Encoding': 'gzip, deflate, br, zstd', 'Connection': 'keep-alive', 'Referer': 'http://localhost:8081/a2_filtered.php', 'Cookie': 'PHPSESSID=0d8290ddf05033f4c53fb9096583b0f1; security=impossible', 'Upgrade-Insecure-Requests': '1', 'Sec-Fetch-Dest': 'document', 'Sec-Fetch-Mode': 'navigate', 'Sec-Fetch-Site': 'same-origin', 'Sec-Fetch-User': '?1', 'Priority': 'u=0, i'}
[17:16:25.740] [GENERALFUNCTION f10] DEBUG OUTGOING post_data_encoded (truncated): 
[17:16:25.769] [SQLiFuzz f10] Response status: 200
[17:16:25.769] [SQLiFuzz f10] Response URL: http://localhost:8081/a2_filtered.php?Submit=Submit&id=%401
[17:16:25.769] [SQLiFuzz f10] Was redirected: False
[17:16:25.769] [SQLiFuzz f10] Getting response: <!doctype html>
<html>
<body>
<form method="GET">
  <label>User ID: <input type="text" name="id"></label>
  <input type="submit" name="Submit" value="Submit">
</form>
<pre>INPUT REJECTED</pre>
[17:16:26.770] [SQLAnalysis] Read 1 new lines from SQL log file.
[17:16:26.770] [SQLAnalysis] Appended 1 parsed entries.
[17:16:26.770] [SQLAnalysis f10] Extracted 515 Logs 2026-10-02 21:16:26.770888: [{'timestamp': '2026-10-02 21:16:25,757617', 'level': 'INFO', 'ip': '172.18.0.5', 'port': 33028, 'sql': 'USE db *#*#OK'}]
[17:16:26.771] [SQLAnalysis f10] Updated param pairs: {'looked_value': '@1'}
[17:16:26.771] [SQLAnalysis f10] Looked timestamp 2026-10-02 21:16:25.740301 -- 2026-10-02 21:16:25.766431
[17:16:26.775] [SQLAnalysis f10] query_array to be checked: ['use', 'db']
[17:16:26.775] [SQLAnalysis f10] normalized_query_array: ['use', 'db']
[17:16:26.775] [SQLiFuzz f10] No weird chars exist: GET http://localhost:8081/a2_filtered.php | ['[string (False)(None)] Sec-Fetch-Dest=document', '[string (False)(None)] Sec-Fetch-Mode=navigate', '[string (False)(None)] Sec-Fetch-Site=same-origin', '[string (False)(None)] Sec-Fetch-User=?1', '[string (False)(None)] Priority=u=0, i', '[url (False)(None)] path0=a2_filtered.php', '[int (False)(None)] id=@1', '[string (False)(None)] Submit=Submit'] | None
[17:16:26.776] [SQLiFuzz bd2] Getting prepared_target_request with ID 0d8 for test_SQLi iteration 56/70
[17:16:26.776] [SQLiFuzz 0d8] chosen_idx: 7 from 8
[17:16:26.776] [HTTPREQUEST 0d8] Getting matched paramval from found values: ['?1', '1']
[17:16:26.776] [HTTPREQUEST 0d8] Found matched paramval: [string (False)(None)] Sec-Fetch-User=?1
[17:16:26.776] [HTTPREQUEST 0d8] Found matched paramval: [int (False)(None)] id=1
[17:16:26.776] [SQLiFuzz 0d8] Prioritize to fuzz matched SQL value first: [int (False)(None)] id=1
[17:16:26.776] [SQLiFuzz 0d8] Mutation applied. old='1' char='.' strategy='tail' new='1.'
[17:16:26.776] [HTTPREQUEST 0d8] Update url and body param from paramvals:
[17:16:26.776] [HTTPREQUEST None] New post_data_encoded: 
[17:16:26.776] [HTTPREQUEST None] New param encoded: Submit=Submit&id=1.
[17:16:26.776] [GENERALFUNCTION 0d8] ---SENDING THE REQUEST [1790975786-5f427721-06a4-4b4d-894c-ee0e80f740d8] TO : [GET] http://localhost:8081/a2_filtered.php?Submit=Submit&id=1.
[17:16:26.776] [GENERALFUNCTION 0d8] Post data encoded: 
[17:16:26.776] [GENERALFUNCTION 0d8] Adjusted Referer to http://localhost:8081/a2_filtered.php
[17:16:26.776] [GENERALFUNCTION 0d8] DEBUG OUTGOING request.full_url: http://localhost:8081/a2_filtered.php?Submit=Submit&id=1.
[17:16:26.776] [GENERALFUNCTION 0d8] DEBUG OUTGOING headers: {'Host': 'localhost:8081', 'User-Agent': 'Mozilla/5.0 (X11; Ubuntu; Linux x86_64; rv:155.0) Gecko/20100101 Firefox/155.0', 'Accept': 'text/html,application/xhtml+xml,application/xml;q=0.9,*/*;q=0.8', 'Accept-Language': 'en-US,en;q=0.9', 'Accept-Encoding': 'gzip, deflate, br, zstd', 'Connection': 'keep-alive', 'Referer': 'http://localhost:8081/a2_filtered.php', 'Cookie': 'PHPSESSID=0d8290ddf05033f4c53fb9096583b0f1; security=impossible', 'Upgrade-Insecure-Requests': '1', 'Sec-Fetch-Dest': 'document', 'Sec-Fetch-Mode': 'navigate', 'Sec-Fetch-Site': 'same-origin', 'Sec-Fetch-User': '?1', 'Priority': 'u=0, i'}
[17:16:26.776] [GENERALFUNCTION 0d8] DEBUG OUTGOING post_data_encoded (truncated): 
[17:16:26.807] [SQLiFuzz 0d8] Response status: 200
[17:16:26.807] [SQLiFuzz 0d8] Response URL: http://localhost:8081/a2_filtered.php?Submit=Submit&id=1.
[17:16:26.807] [SQLiFuzz 0d8] Was redirected: False
[17:16:26.807] [SQLiFuzz 0d8] Getting response: <!doctype html>
<html>
<body>
<form method="GET">
  <label>User ID: <input type="text" name="id"></label>
  <input type="submit" name="Submit" value="Submit">
</form>
<pre>INPUT REJECTED</pre>
[17:16:27.807] [SQLAnalysis] Read 1 new lines from SQL log file.
[17:16:27.808] [SQLAnalysis] Appended 1 parsed entries.
[17:16:27.808] [SQLAnalysis 0d8] Extracted 516 Logs 2026-10-02 21:16:27.808388: [{'timestamp': '2026-10-02 21:16:26,791280', 'level': 'INFO', 'ip': '172.18.0.5', 'port': 33040, 'sql': 'USE db *#*#OK'}]
[17:16:27.808] [SQLAnalysis 0d8] Updated param pairs: {'looked_value': '1.'}
[17:16:27.808] [SQLAnalysis 0d8] Looked timestamp 2026-10-02 21:16:26.776964 -- 2026-10-02 21:16:26.803780
[17:16:27.814] [SQLAnalysis 0d8] query_array to be checked: ['use', 'db']
[17:16:27.814] [SQLAnalysis 0d8] normalized_query_array: ['use', 'db']
[17:16:27.814] [SQLiFuzz 0d8] No weird chars exist: GET http://localhost:8081/a2_filtered.php | ['[string (False)(None)] Sec-Fetch-Dest=document', '[string (False)(None)] Sec-Fetch-Mode=navigate', '[string (False)(None)] Sec-Fetch-Site=same-origin', '[string (False)(None)] Sec-Fetch-User=?1', '[string (False)(None)] Priority=u=0, i', '[url (False)(None)] path0=a2_filtered.php', '[int (False)(None)] id=1.', '[string (False)(None)] Submit=Submit'] | None
[17:16:27.815] [SQLiFuzz bd2] Getting prepared_target_request with ID bb9 for test_SQLi iteration 57/70
[17:16:27.815] [SQLiFuzz bb9] chosen_idx: 3 from 8
[17:16:27.815] [HTTPREQUEST bb9] Getting matched paramval from found values: ['?1', '1']
[17:16:27.815] [HTTPREQUEST bb9] Found matched paramval: [string (False)(None)] Sec-Fetch-User=?1
[17:16:27.815] [HTTPREQUEST bb9] Found matched paramval: [int (False)(None)] id=1
[17:16:27.815] [SQLiFuzz bb9] Prioritize to fuzz matched SQL value first: [int (False)(None)] id=1
[17:16:27.815] [SQLiFuzz bb9] Mutation applied. old='1' char='%' strategy='front' new='%1'
[17:16:27.815] [HTTPREQUEST bb9] Update url and body param from paramvals:
[17:16:27.815] [HTTPREQUEST None] New post_data_encoded: 
[17:16:27.816] [HTTPREQUEST None] New param encoded: Submit=Submit&id=%251
[17:16:27.816] [GENERALFUNCTION bb9] ---SENDING THE REQUEST [1790975787-30fad6e8-27ec-4b39-a52f-550f8c3fabb9] TO : [GET] http://localhost:8081/a2_filtered.php?Submit=Submit&id=%251
[17:16:27.816] [GENERALFUNCTION bb9] Post data encoded: 
[17:16:27.816] [GENERALFUNCTION bb9] Adjusted Referer to http://localhost:8081/a2_filtered.php
[17:16:27.816] [GENERALFUNCTION bb9] DEBUG OUTGOING request.full_url: http://localhost:8081/a2_filtered.php?Submit=Submit&id=%251
[17:16:27.816] [GENERALFUNCTION bb9] DEBUG OUTGOING headers: {'Host': 'localhost:8081', 'User-Agent': 'Mozilla/5.0 (X11; Ubuntu; Linux x86_64; rv:155.0) Gecko/20100101 Firefox/155.0', 'Accept': 'text/html,application/xhtml+xml,application/xml;q=0.9,*/*;q=0.8', 'Accept-Language': 'en-US,en;q=0.9', 'Accept-Encoding': 'gzip, deflate, br, zstd', 'Connection': 'keep-alive', 'Referer': 'http://localhost:8081/a2_filtered.php', 'Cookie': 'PHPSESSID=0d8290ddf05033f4c53fb9096583b0f1; security=impossible', 'Upgrade-Insecure-Requests': '1', 'Sec-Fetch-Dest': 'document', 'Sec-Fetch-Mode': 'navigate', 'Sec-Fetch-Site': 'same-origin', 'Sec-Fetch-User': '?1', 'Priority': 'u=0, i'}
[17:16:27.816] [GENERALFUNCTION bb9] DEBUG OUTGOING post_data_encoded (truncated): 
[17:16:27.841] [SQLiFuzz bb9] Response status: 200
[17:16:27.841] [SQLiFuzz bb9] Response URL: http://localhost:8081/a2_filtered.php?Submit=Submit&id=%251
[17:16:27.841] [SQLiFuzz bb9] Was redirected: False
[17:16:27.841] [SQLiFuzz bb9] Getting response: <!doctype html>
<html>
<body>
<form method="GET">
  <label>User ID: <input type="text" name="id"></label>
  <input type="submit" name="Submit" value="Submit">
</form>
<pre>INPUT REJECTED</pre>
[17:16:28.841] [SQLAnalysis] Read 1 new lines from SQL log file.
[17:16:28.842] [SQLAnalysis] Appended 1 parsed entries.
[17:16:28.842] [SQLAnalysis bb9] Extracted 517 Logs 2026-10-02 21:16:28.842270: [{'timestamp': '2026-10-02 21:16:27,828154', 'level': 'INFO', 'ip': '172.18.0.5', 'port': 33064, 'sql': 'USE db *#*#OK'}]
[17:16:28.842] [SQLAnalysis bb9] Updated param pairs: {'looked_value': '%1'}
[17:16:28.842] [SQLAnalysis bb9] Looked timestamp 2026-10-02 21:16:27.816630 -- 2026-10-02 21:16:27.837794
[17:16:28.845] [SQLAnalysis bb9] query_array to be checked: ['use', 'db']
[17:16:28.845] [SQLAnalysis bb9] normalized_query_array: ['use', 'db']
[17:16:28.845] [SQLiFuzz bb9] No weird chars exist: GET http://localhost:8081/a2_filtered.php | ['[string (False)(None)] Sec-Fetch-Dest=document', '[string (False)(None)] Sec-Fetch-Mode=navigate', '[string (False)(None)] Sec-Fetch-Site=same-origin', '[string (False)(None)] Sec-Fetch-User=?1', '[string (False)(None)] Priority=u=0, i', '[url (False)(None)] path0=a2_filtered.php', '[int (False)(None)] id=%1', '[string (False)(None)] Submit=Submit'] | None
[17:16:28.846] [SQLiFuzz bd2] Getting prepared_target_request with ID c15 for test_SQLi iteration 58/70
[17:16:28.846] [SQLiFuzz c15] chosen_idx: 5 from 8
[17:16:28.846] [HTTPREQUEST c15] Getting matched paramval from found values: ['?1', '1']
[17:16:28.846] [HTTPREQUEST c15] Found matched paramval: [string (False)(None)] Sec-Fetch-User=?1
[17:16:28.846] [HTTPREQUEST c15] Found matched paramval: [int (False)(None)] id=1
[17:16:28.846] [SQLiFuzz c15] Prioritize to fuzz matched SQL value first: [int (False)(None)] id=1
[17:16:28.846] [SQLiFuzz c15] Mutation applied. old='1' char='^' strategy='random' new='1^'
[17:16:28.846] [HTTPREQUEST c15] Update url and body param from paramvals:
[17:16:28.846] [HTTPREQUEST None] New post_data_encoded: 
[17:16:28.846] [HTTPREQUEST None] New param encoded: Submit=Submit&id=1%5E
[17:16:28.846] [GENERALFUNCTION c15] ---SENDING THE REQUEST [1790975788-242d760b-373d-4110-854f-26fd9adb4c15] TO : [GET] http://localhost:8081/a2_filtered.php?Submit=Submit&id=1%5E
[17:16:28.846] [GENERALFUNCTION c15] Post data encoded: 
[17:16:28.846] [GENERALFUNCTION c15] Adjusted Referer to http://localhost:8081/a2_filtered.php
[17:16:28.846] [GENERALFUNCTION c15] DEBUG OUTGOING request.full_url: http://localhost:8081/a2_filtered.php?Submit=Submit&id=1%5E
[17:16:28.846] [GENERALFUNCTION c15] DEBUG OUTGOING headers: {'Host': 'localhost:8081', 'User-Agent': 'Mozilla/5.0 (X11; Ubuntu; Linux x86_64; rv:155.0) Gecko/20100101 Firefox/155.0', 'Accept': 'text/html,application/xhtml+xml,application/xml;q=0.9,*/*;q=0.8', 'Accept-Language': 'en-US,en;q=0.9', 'Accept-Encoding': 'gzip, deflate, br, zstd', 'Connection': 'keep-alive', 'Referer': 'http://localhost:8081/a2_filtered.php', 'Cookie': 'PHPSESSID=0d8290ddf05033f4c53fb9096583b0f1; security=impossible', 'Upgrade-Insecure-Requests': '1', 'Sec-Fetch-Dest': 'document', 'Sec-Fetch-Mode': 'navigate', 'Sec-Fetch-Site': 'same-origin', 'Sec-Fetch-User': '?1', 'Priority': 'u=0, i'}
[17:16:28.847] [GENERALFUNCTION c15] DEBUG OUTGOING post_data_encoded (truncated): 
[17:16:28.852] [HOOK] Idle monitor: 1 pending tasks, 1 active tasks, idle 1s
[17:16:28.852] [HOOK] Number response: 2 | Memory usage (MB): 86.6015625 PID: 38576
[17:16:28.853] [STATS] {'total_req': 2, 'sql_req': 1, 'null_req': 0, 'not_sql_req': 1, 'sql_injection_detected': 0, 'another_sql_error_detected': 0, 'sql_req_not_detected': 0, 'error_req': 0, 'fuzzed_req': 57, 'processing_time_total': 1.304601, 'processing_time_ave': 0.022887736842105263, 'running_time': 'Not finished yet', 200: 2}
[17:16:28.869] [SQLiFuzz c15] Response status: 200
[17:16:28.870] [SQLiFuzz c15] Response URL: http://localhost:8081/a2_filtered.php?Submit=Submit&id=1%5E
[17:16:28.870] [SQLiFuzz c15] Was redirected: False
[17:16:28.870] [SQLiFuzz c15] Getting response: <!doctype html>
<html>
<body>
<form method="GET">
  <label>User ID: <input type="text" name="id"></label>
  <input type="submit" name="Submit" value="Submit">
</form>
<pre>INPUT REJECTED</pre>
[17:16:29.870] [SQLAnalysis] Read 1 new lines from SQL log file.
[17:16:29.870] [SQLAnalysis] Appended 1 parsed entries.
[17:16:29.871] [SQLAnalysis c15] Extracted 518 Logs 2026-10-02 21:16:29.870985: [{'timestamp': '2026-10-02 21:16:28,859610', 'level': 'INFO', 'ip': '172.18.0.5', 'port': 33084, 'sql': 'USE db *#*#OK'}]
[17:16:29.871] [SQLAnalysis c15] Updated param pairs: {'looked_value': '1^'}
[17:16:29.871] [SQLAnalysis c15] Looked timestamp 2026-10-02 21:16:28.847120 -- 2026-10-02 21:16:28.866590
[17:16:29.875] [SQLAnalysis c15] query_array to be checked: ['use', 'db']
[17:16:29.875] [SQLAnalysis c15] normalized_query_array: ['use', 'db']
[17:16:29.875] [SQLiFuzz c15] No weird chars exist: GET http://localhost:8081/a2_filtered.php | ['[string (False)(None)] Sec-Fetch-Dest=document', '[string (False)(None)] Sec-Fetch-Mode=navigate', '[string (False)(None)] Sec-Fetch-Site=same-origin', '[string (False)(None)] Sec-Fetch-User=?1', '[string (False)(None)] Priority=u=0, i', '[url (False)(None)] path0=a2_filtered.php', '[int (False)(None)] id=1^', '[string (False)(None)] Submit=Submit'] | None
[17:16:29.875] [SQLiFuzz bd2] Getting prepared_target_request with ID 409 for test_SQLi iteration 59/70
[17:16:29.875] [SQLiFuzz 409] chosen_idx: 4 from 8
[17:16:29.875] [HTTPREQUEST 409] Getting matched paramval from found values: ['?1', '1']
[17:16:29.876] [HTTPREQUEST 409] Found matched paramval: [string (False)(None)] Sec-Fetch-User=?1
[17:16:29.876] [HTTPREQUEST 409] Found matched paramval: [int (False)(None)] id=1
[17:16:29.876] [SQLiFuzz 409] Prioritize to fuzz matched SQL value first: [int (False)(None)] id=1
[17:16:29.876] [SQLiFuzz 409] Mutation applied. old='1' char='-' strategy='tail' new='1-'
[17:16:29.876] [HTTPREQUEST 409] Update url and body param from paramvals:
[17:16:29.876] [HTTPREQUEST None] New post_data_encoded: 
[17:16:29.876] [HTTPREQUEST None] New param encoded: Submit=Submit&id=1-
[17:16:29.876] [GENERALFUNCTION 409] ---SENDING THE REQUEST [1790975789-480681fd-f42b-4e4e-97b2-79a4075ee409] TO : [GET] http://localhost:8081/a2_filtered.php?Submit=Submit&id=1-
[17:16:29.876] [GENERALFUNCTION 409] Post data encoded: 
[17:16:29.876] [GENERALFUNCTION 409] Adjusted Referer to http://localhost:8081/a2_filtered.php
[17:16:29.876] [GENERALFUNCTION 409] DEBUG OUTGOING request.full_url: http://localhost:8081/a2_filtered.php?Submit=Submit&id=1-
[17:16:29.876] [GENERALFUNCTION 409] DEBUG OUTGOING headers: {'Host': 'localhost:8081', 'User-Agent': 'Mozilla/5.0 (X11; Ubuntu; Linux x86_64; rv:155.0) Gecko/20100101 Firefox/155.0', 'Accept': 'text/html,application/xhtml+xml,application/xml;q=0.9,*/*;q=0.8', 'Accept-Language': 'en-US,en;q=0.9', 'Accept-Encoding': 'gzip, deflate, br, zstd', 'Connection': 'keep-alive', 'Referer': 'http://localhost:8081/a2_filtered.php', 'Cookie': 'PHPSESSID=0d8290ddf05033f4c53fb9096583b0f1; security=impossible', 'Upgrade-Insecure-Requests': '1', 'Sec-Fetch-Dest': 'document', 'Sec-Fetch-Mode': 'navigate', 'Sec-Fetch-Site': 'same-origin', 'Sec-Fetch-User': '?1', 'Priority': 'u=0, i'}
[17:16:29.876] [GENERALFUNCTION 409] DEBUG OUTGOING post_data_encoded (truncated): 
[17:16:29.900] [SQLiFuzz 409] Response status: 200
[17:16:29.900] [SQLiFuzz 409] Response URL: http://localhost:8081/a2_filtered.php?Submit=Submit&id=1-
[17:16:29.900] [SQLiFuzz 409] Was redirected: False
[17:16:29.900] [SQLiFuzz 409] Getting response: <!doctype html>
<html>
<body>
<form method="GET">
  <label>User ID: <input type="text" name="id"></label>
  <input type="submit" name="Submit" value="Submit">
</form>
<pre>INPUT REJECTED</pre>
[17:16:30.901] [SQLAnalysis] Read 1 new lines from SQL log file.
[17:16:30.901] [SQLAnalysis] Appended 1 parsed entries.
[17:16:30.901] [SQLAnalysis 409] Extracted 519 Logs 2026-10-02 21:16:30.901460: [{'timestamp': '2026-10-02 21:16:29,888768', 'level': 'INFO', 'ip': '172.18.0.5', 'port': 33096, 'sql': 'USE db *#*#OK'}]
[17:16:30.901] [SQLAnalysis 409] Updated param pairs: {'looked_value': '1-'}
[17:16:30.902] [SQLAnalysis 409] Looked timestamp 2026-10-02 21:16:29.876777 -- 2026-10-02 21:16:29.897070
[17:16:30.905] [SQLAnalysis 409] query_array to be checked: ['use', 'db']
[17:16:30.906] [SQLAnalysis 409] normalized_query_array: ['use', 'db']
[17:16:30.906] [SQLiFuzz 409] No weird chars exist: GET http://localhost:8081/a2_filtered.php | ['[string (False)(None)] Sec-Fetch-Dest=document', '[string (False)(None)] Sec-Fetch-Mode=navigate', '[string (False)(None)] Sec-Fetch-Site=same-origin', '[string (False)(None)] Sec-Fetch-User=?1', '[string (False)(None)] Priority=u=0, i', '[url (False)(None)] path0=a2_filtered.php', '[int (False)(None)] id=1-', '[string (False)(None)] Submit=Submit'] | None
[17:16:30.906] [SQLiFuzz bd2] Getting prepared_target_request with ID 5c9 for test_SQLi iteration 60/70
[17:16:30.906] [SQLiFuzz 5c9] chosen_idx: 3 from 8
[17:16:30.906] [HTTPREQUEST 5c9] Getting matched paramval from found values: ['?1', '1']
[17:16:30.906] [HTTPREQUEST 5c9] Found matched paramval: [string (False)(None)] Sec-Fetch-User=?1
[17:16:30.906] [HTTPREQUEST 5c9] Found matched paramval: [int (False)(None)] id=1
[17:16:30.906] [SQLiFuzz 5c9] Prioritize to fuzz matched SQL value first: [int (False)(None)] id=1
[17:16:30.906] [SQLiFuzz 5c9] Mutation applied. old='1' char=')' strategy='random' new=')1'
[17:16:30.906] [HTTPREQUEST 5c9] Update url and body param from paramvals:
[17:16:30.906] [HTTPREQUEST None] New post_data_encoded: 
[17:16:30.906] [HTTPREQUEST None] New param encoded: Submit=Submit&id=%291
[17:16:30.906] [GENERALFUNCTION 5c9] ---SENDING THE REQUEST [1790975790-918e9a31-ac63-4fca-a9ee-71e4d8a105c9] TO : [GET] http://localhost:8081/a2_filtered.php?Submit=Submit&id=%291
[17:16:30.907] [GENERALFUNCTION 5c9] Post data encoded: 
[17:16:30.907] [GENERALFUNCTION 5c9] Adjusted Referer to http://localhost:8081/a2_filtered.php
[17:16:30.907] [GENERALFUNCTION 5c9] DEBUG OUTGOING request.full_url: http://localhost:8081/a2_filtered.php?Submit=Submit&id=%291
[17:16:30.907] [GENERALFUNCTION 5c9] DEBUG OUTGOING headers: {'Host': 'localhost:8081', 'User-Agent': 'Mozilla/5.0 (X11; Ubuntu; Linux x86_64; rv:155.0) Gecko/20100101 Firefox/155.0', 'Accept': 'text/html,application/xhtml+xml,application/xml;q=0.9,*/*;q=0.8', 'Accept-Language': 'en-US,en;q=0.9', 'Accept-Encoding': 'gzip, deflate, br, zstd', 'Connection': 'keep-alive', 'Referer': 'http://localhost:8081/a2_filtered.php', 'Cookie': 'PHPSESSID=0d8290ddf05033f4c53fb9096583b0f1; security=impossible', 'Upgrade-Insecure-Requests': '1', 'Sec-Fetch-Dest': 'document', 'Sec-Fetch-Mode': 'navigate', 'Sec-Fetch-Site': 'same-origin', 'Sec-Fetch-User': '?1', 'Priority': 'u=0, i'}
[17:16:30.907] [GENERALFUNCTION 5c9] DEBUG OUTGOING post_data_encoded (truncated): 
[17:16:30.930] [SQLiFuzz 5c9] Response status: 200
[17:16:30.930] [SQLiFuzz 5c9] Response URL: http://localhost:8081/a2_filtered.php?Submit=Submit&id=%291
[17:16:30.930] [SQLiFuzz 5c9] Was redirected: False
[17:16:30.930] [SQLiFuzz 5c9] Getting response: <!doctype html>
<html>
<body>
<form method="GET">
  <label>User ID: <input type="text" name="id"></label>
  <input type="submit" name="Submit" value="Submit">
</form>
<pre>INPUT REJECTED</pre>
[17:16:31.931] [SQLAnalysis] Read 1 new lines from SQL log file.
[17:16:31.931] [SQLAnalysis] Appended 1 parsed entries.
[17:16:31.931] [SQLAnalysis 5c9] Extracted 520 Logs 2026-10-02 21:16:31.931674: [{'timestamp': '2026-10-02 21:16:30,918528', 'level': 'INFO', 'ip': '172.18.0.5', 'port': 33116, 'sql': 'USE db *#*#OK'}]
[17:16:31.931] [SQLAnalysis 5c9] Updated param pairs: {'looked_value': ')1'}
[17:16:31.931] [SQLAnalysis 5c9] Looked timestamp 2026-10-02 21:16:30.907333 -- 2026-10-02 21:16:30.925825
[17:16:31.937] [SQLAnalysis 5c9] query_array to be checked: ['use', 'db']
[17:16:31.937] [SQLAnalysis 5c9] normalized_query_array: ['use', 'db']
[17:16:31.937] [SQLiFuzz 5c9] No weird chars exist: GET http://localhost:8081/a2_filtered.php | ['[string (False)(None)] Sec-Fetch-Dest=document', '[string (False)(None)] Sec-Fetch-Mode=navigate', '[string (False)(None)] Sec-Fetch-Site=same-origin', '[string (False)(None)] Sec-Fetch-User=?1', '[string (False)(None)] Priority=u=0, i', '[url (False)(None)] path0=a2_filtered.php', '[int (False)(None)] id=)1', '[string (False)(None)] Submit=Submit'] | None
[17:16:31.937] [SQLiFuzz bd2] Getting prepared_target_request with ID 59d for test_SQLi iteration 61/70
[17:16:31.937] [SQLiFuzz 59d] chosen_idx: 3 from 8
[17:16:31.938] [HTTPREQUEST 59d] Getting matched paramval from found values: ['?1', '1']
[17:16:31.938] [HTTPREQUEST 59d] Found matched paramval: [string (False)(None)] Sec-Fetch-User=?1
[17:16:31.938] [HTTPREQUEST 59d] Found matched paramval: [int (False)(None)] id=1
[17:16:31.938] [SQLiFuzz 59d] Prioritize to fuzz matched SQL value first: [int (False)(None)] id=1
[17:16:31.938] [SQLiFuzz 59d] Mutation applied. old='1' char='~' strategy='random' new='~1'
[17:16:31.938] [HTTPREQUEST 59d] Update url and body param from paramvals:
[17:16:31.938] [HTTPREQUEST None] New post_data_encoded: 
[17:16:31.938] [HTTPREQUEST None] New param encoded: Submit=Submit&id=~1
[17:16:31.938] [GENERALFUNCTION 59d] ---SENDING THE REQUEST [1790975791-4f141a99-5061-48d3-bbf1-be8d7757559d] TO : [GET] http://localhost:8081/a2_filtered.php?Submit=Submit&id=~1
[17:16:31.938] [GENERALFUNCTION 59d] Post data encoded: 
[17:16:31.938] [GENERALFUNCTION 59d] Adjusted Referer to http://localhost:8081/a2_filtered.php
[17:16:31.938] [GENERALFUNCTION 59d] DEBUG OUTGOING request.full_url: http://localhost:8081/a2_filtered.php?Submit=Submit&id=~1
[17:16:31.938] [GENERALFUNCTION 59d] DEBUG OUTGOING headers: {'Host': 'localhost:8081', 'User-Agent': 'Mozilla/5.0 (X11; Ubuntu; Linux x86_64; rv:155.0) Gecko/20100101 Firefox/155.0', 'Accept': 'text/html,application/xhtml+xml,application/xml;q=0.9,*/*;q=0.8', 'Accept-Language': 'en-US,en;q=0.9', 'Accept-Encoding': 'gzip, deflate, br, zstd', 'Connection': 'keep-alive', 'Referer': 'http://localhost:8081/a2_filtered.php', 'Cookie': 'PHPSESSID=0d8290ddf05033f4c53fb9096583b0f1; security=impossible', 'Upgrade-Insecure-Requests': '1', 'Sec-Fetch-Dest': 'document', 'Sec-Fetch-Mode': 'navigate', 'Sec-Fetch-Site': 'same-origin', 'Sec-Fetch-User': '?1', 'Priority': 'u=0, i'}
[17:16:31.939] [GENERALFUNCTION 59d] DEBUG OUTGOING post_data_encoded (truncated): 
[17:16:31.962] [SQLiFuzz 59d] Response status: 200
[17:16:31.962] [SQLiFuzz 59d] Response URL: http://localhost:8081/a2_filtered.php?Submit=Submit&id=~1
[17:16:31.963] [SQLiFuzz 59d] Was redirected: False
[17:16:31.963] [SQLiFuzz 59d] Getting response: <!doctype html>
<html>
<body>
<form method="GET">
  <label>User ID: <input type="text" name="id"></label>
  <input type="submit" name="Submit" value="Submit">
</form>
<pre>INPUT REJECTED</pre>
[17:16:32.963] [SQLAnalysis] Read 1 new lines from SQL log file.
[17:16:32.963] [SQLAnalysis] Appended 1 parsed entries.
[17:16:32.963] [SQLAnalysis 59d] Extracted 521 Logs 2026-10-02 21:16:32.963943: [{'timestamp': '2026-10-02 21:16:31,950703', 'level': 'INFO', 'ip': '172.18.0.5', 'port': 37618, 'sql': 'USE db *#*#OK'}]
[17:16:32.964] [SQLAnalysis 59d] Updated param pairs: {'looked_value': '~1'}
[17:16:32.964] [SQLAnalysis 59d] Looked timestamp 2026-10-02 21:16:31.939070 -- 2026-10-02 21:16:31.957431
[17:16:32.967] [SQLAnalysis 59d] query_array to be checked: ['use', 'db']
[17:16:32.967] [SQLAnalysis 59d] normalized_query_array: ['use', 'db']
[17:16:32.967] [SQLiFuzz 59d] No weird chars exist: GET http://localhost:8081/a2_filtered.php | ['[string (False)(None)] Sec-Fetch-Dest=document', '[string (False)(None)] Sec-Fetch-Mode=navigate', '[string (False)(None)] Sec-Fetch-Site=same-origin', '[string (False)(None)] Sec-Fetch-User=?1', '[string (False)(None)] Priority=u=0, i', '[url (False)(None)] path0=a2_filtered.php', '[int (False)(None)] id=~1', '[string (False)(None)] Submit=Submit'] | None
[17:16:32.967] [SQLiFuzz bd2] Getting prepared_target_request with ID c20 for test_SQLi iteration 62/70
[17:16:32.967] [SQLiFuzz c20] chosen_idx: 4 from 8
[17:16:32.967] [HTTPREQUEST c20] Getting matched paramval from found values: ['?1', '1']
[17:16:32.968] [HTTPREQUEST c20] Found matched paramval: [string (False)(None)] Sec-Fetch-User=?1
[17:16:32.968] [HTTPREQUEST c20] Found matched paramval: [int (False)(None)] id=1
[17:16:32.968] [SQLiFuzz c20] Prioritize to fuzz matched SQL value first: [int (False)(None)] id=1
[17:16:32.968] [SQLiFuzz c20] Mutation applied. old='1' char='^' strategy='tail' new='1^'
[17:16:32.968] [HTTPREQUEST c20] Update url and body param from paramvals:
[17:16:32.968] [HTTPREQUEST None] New post_data_encoded: 
[17:16:32.968] [HTTPREQUEST None] New param encoded: Submit=Submit&id=1%5E
[17:16:32.968] [GENERALFUNCTION c20] ---SENDING THE REQUEST [1790975792-106acbb6-01b5-4243-8a74-149b34788c20] TO : [GET] http://localhost:8081/a2_filtered.php?Submit=Submit&id=1%5E
[17:16:32.968] [GENERALFUNCTION c20] Post data encoded: 
[17:16:32.968] [GENERALFUNCTION c20] Adjusted Referer to http://localhost:8081/a2_filtered.php
[17:16:32.968] [GENERALFUNCTION c20] DEBUG OUTGOING request.full_url: http://localhost:8081/a2_filtered.php?Submit=Submit&id=1%5E
[17:16:32.968] [GENERALFUNCTION c20] DEBUG OUTGOING headers: {'Host': 'localhost:8081', 'User-Agent': 'Mozilla/5.0 (X11; Ubuntu; Linux x86_64; rv:155.0) Gecko/20100101 Firefox/155.0', 'Accept': 'text/html,application/xhtml+xml,application/xml;q=0.9,*/*;q=0.8', 'Accept-Language': 'en-US,en;q=0.9', 'Accept-Encoding': 'gzip, deflate, br, zstd', 'Connection': 'keep-alive', 'Referer': 'http://localhost:8081/a2_filtered.php', 'Cookie': 'PHPSESSID=0d8290ddf05033f4c53fb9096583b0f1; security=impossible', 'Upgrade-Insecure-Requests': '1', 'Sec-Fetch-Dest': 'document', 'Sec-Fetch-Mode': 'navigate', 'Sec-Fetch-Site': 'same-origin', 'Sec-Fetch-User': '?1', 'Priority': 'u=0, i'}
[17:16:32.968] [GENERALFUNCTION c20] DEBUG OUTGOING post_data_encoded (truncated): 
[17:16:32.990] [SQLiFuzz c20] Response status: 200
[17:16:32.990] [SQLiFuzz c20] Response URL: http://localhost:8081/a2_filtered.php?Submit=Submit&id=1%5E
[17:16:32.990] [SQLiFuzz c20] Was redirected: False
[17:16:32.990] [SQLiFuzz c20] Getting response: <!doctype html>
<html>
<body>
<form method="GET">
  <label>User ID: <input type="text" name="id"></label>
  <input type="submit" name="Submit" value="Submit">
</form>
<pre>INPUT REJECTED</pre>
[17:16:33.991] [SQLAnalysis] Read 1 new lines from SQL log file.
[17:16:33.991] [SQLAnalysis] Appended 1 parsed entries.
[17:16:33.991] [SQLAnalysis c20] Extracted 522 Logs 2026-10-02 21:16:33.991433: [{'timestamp': '2026-10-02 21:16:32,979606', 'level': 'INFO', 'ip': '172.18.0.5', 'port': 37644, 'sql': 'USE db *#*#OK'}]
[17:16:33.991] [SQLAnalysis c20] Updated param pairs: {'looked_value': '1^'}
[17:16:33.991] [SQLAnalysis c20] Looked timestamp 2026-10-02 21:16:32.968707 -- 2026-10-02 21:16:32.986394
[17:16:33.997] [SQLAnalysis c20] query_array to be checked: ['use', 'db']
[17:16:33.997] [SQLAnalysis c20] normalized_query_array: ['use', 'db']
[17:16:33.997] [SQLiFuzz c20] No weird chars exist: GET http://localhost:8081/a2_filtered.php | ['[string (False)(None)] Sec-Fetch-Dest=document', '[string (False)(None)] Sec-Fetch-Mode=navigate', '[string (False)(None)] Sec-Fetch-Site=same-origin', '[string (False)(None)] Sec-Fetch-User=?1', '[string (False)(None)] Priority=u=0, i', '[url (False)(None)] path0=a2_filtered.php', '[int (False)(None)] id=1^', '[string (False)(None)] Submit=Submit'] | None
[17:16:33.997] [SQLiFuzz bd2] Getting prepared_target_request with ID 862 for test_SQLi iteration 63/70
[17:16:33.997] [SQLiFuzz 862] chosen_idx: 4 from 8
[17:16:33.997] [HTTPREQUEST 862] Getting matched paramval from found values: ['?1', '1']
[17:16:33.997] [HTTPREQUEST 862] Found matched paramval: [string (False)(None)] Sec-Fetch-User=?1
[17:16:33.998] [HTTPREQUEST 862] Found matched paramval: [int (False)(None)] id=1
[17:16:33.998] [SQLiFuzz 862] Prioritize to fuzz matched SQL value first: [int (False)(None)] id=1
[17:16:33.998] [SQLiFuzz 862] Mutation applied. old='1' char='}' strategy='drop' new='}'
[17:16:33.998] [HTTPREQUEST 862] Update url and body param from paramvals:
[17:16:33.998] [HTTPREQUEST None] New post_data_encoded: 
[17:16:33.998] [HTTPREQUEST None] New param encoded: Submit=Submit&id=%7D
[17:16:33.998] [GENERALFUNCTION 862] ---SENDING THE REQUEST [1790975793-d8384c7b-6161-4874-8203-ea90ad851862] TO : [GET] http://localhost:8081/a2_filtered.php?Submit=Submit&id=%7D
[17:16:33.998] [GENERALFUNCTION 862] Post data encoded: 
[17:16:33.998] [GENERALFUNCTION 862] Adjusted Referer to http://localhost:8081/a2_filtered.php
[17:16:33.998] [GENERALFUNCTION 862] DEBUG OUTGOING request.full_url: http://localhost:8081/a2_filtered.php?Submit=Submit&id=%7D
[17:16:33.998] [GENERALFUNCTION 862] DEBUG OUTGOING headers: {'Host': 'localhost:8081', 'User-Agent': 'Mozilla/5.0 (X11; Ubuntu; Linux x86_64; rv:155.0) Gecko/20100101 Firefox/155.0', 'Accept': 'text/html,application/xhtml+xml,application/xml;q=0.9,*/*;q=0.8', 'Accept-Language': 'en-US,en;q=0.9', 'Accept-Encoding': 'gzip, deflate, br, zstd', 'Connection': 'keep-alive', 'Referer': 'http://localhost:8081/a2_filtered.php', 'Cookie': 'PHPSESSID=0d8290ddf05033f4c53fb9096583b0f1; security=impossible', 'Upgrade-Insecure-Requests': '1', 'Sec-Fetch-Dest': 'document', 'Sec-Fetch-Mode': 'navigate', 'Sec-Fetch-Site': 'same-origin', 'Sec-Fetch-User': '?1', 'Priority': 'u=0, i'}
[17:16:33.998] [GENERALFUNCTION 862] DEBUG OUTGOING post_data_encoded (truncated): 
[17:16:34.017] [SQLiFuzz 862] Response status: 200
[17:16:34.017] [SQLiFuzz 862] Response URL: http://localhost:8081/a2_filtered.php?Submit=Submit&id=%7D
[17:16:34.017] [SQLiFuzz 862] Was redirected: False
[17:16:34.017] [SQLiFuzz 862] Getting response: <!doctype html>
<html>
<body>
<form method="GET">
  <label>User ID: <input type="text" name="id"></label>
  <input type="submit" name="Submit" value="Submit">
</form>
<pre>INPUT REJECTED</pre>
[17:16:35.018] [SQLAnalysis] Read 1 new lines from SQL log file.
[17:16:35.018] [SQLAnalysis] Appended 1 parsed entries.
[17:16:35.018] [SQLAnalysis 862] Extracted 523 Logs 2026-10-02 21:16:35.018903: [{'timestamp': '2026-10-02 21:16:34,008854', 'level': 'INFO', 'ip': '172.18.0.5', 'port': 37668, 'sql': 'USE db *#*#OK'}]
[17:16:35.019] [SQLAnalysis 862] Updated param pairs: {'looked_value': '}'}
[17:16:35.019] [SQLAnalysis 862] Looked timestamp 2026-10-02 21:16:33.998727 -- 2026-10-02 21:16:34.013928
[17:16:35.023] [SQLAnalysis 862] query_array to be checked: ['use', 'db']
[17:16:35.023] [SQLAnalysis 862] normalized_query_array: ['use', 'db']
[17:16:35.023] [SQLiFuzz 862] No weird chars exist: GET http://localhost:8081/a2_filtered.php | ['[string (False)(None)] Sec-Fetch-Dest=document', '[string (False)(None)] Sec-Fetch-Mode=navigate', '[string (False)(None)] Sec-Fetch-Site=same-origin', '[string (False)(None)] Sec-Fetch-User=?1', '[string (False)(None)] Priority=u=0, i', '[url (False)(None)] path0=a2_filtered.php', '[int (False)(None)] id=}', '[string (False)(None)] Submit=Submit'] | None
[17:16:35.023] [SQLiFuzz bd2] Getting prepared_target_request with ID 9d0 for test_SQLi iteration 64/70
[17:16:35.023] [SQLiFuzz 9d0] chosen_idx: 0 from 8
[17:16:35.023] [HTTPREQUEST 9d0] Getting matched paramval from found values: ['?1', '1']
[17:16:35.023] [HTTPREQUEST 9d0] Found matched paramval: [string (False)(None)] Sec-Fetch-User=?1
[17:16:35.023] [HTTPREQUEST 9d0] Found matched paramval: [int (False)(None)] id=1
[17:16:35.023] [SQLiFuzz 9d0] Prioritize to fuzz matched SQL value first: [int (False)(None)] id=1
[17:16:35.023] [SQLiFuzz 9d0] Mutation applied. old='1' char=')' strategy='drop' new=')'
[17:16:35.024] [HTTPREQUEST 9d0] Update url and body param from paramvals:
[17:16:35.024] [HTTPREQUEST None] New post_data_encoded: 
[17:16:35.024] [HTTPREQUEST None] New param encoded: Submit=Submit&id=%29
[17:16:35.024] [GENERALFUNCTION 9d0] ---SENDING THE REQUEST [1790975795-dba91199-ef32-409f-917f-67fd90bb69d0] TO : [GET] http://localhost:8081/a2_filtered.php?Submit=Submit&id=%29
[17:16:35.024] [GENERALFUNCTION 9d0] Post data encoded: 
[17:16:35.024] [GENERALFUNCTION 9d0] Adjusted Referer to http://localhost:8081/a2_filtered.php
[17:16:35.024] [GENERALFUNCTION 9d0] DEBUG OUTGOING request.full_url: http://localhost:8081/a2_filtered.php?Submit=Submit&id=%29
[17:16:35.024] [GENERALFUNCTION 9d0] DEBUG OUTGOING headers: {'Host': 'localhost:8081', 'User-Agent': 'Mozilla/5.0 (X11; Ubuntu; Linux x86_64; rv:155.0) Gecko/20100101 Firefox/155.0', 'Accept': 'text/html,application/xhtml+xml,application/xml;q=0.9,*/*;q=0.8', 'Accept-Language': 'en-US,en;q=0.9', 'Accept-Encoding': 'gzip, deflate, br, zstd', 'Connection': 'keep-alive', 'Referer': 'http://localhost:8081/a2_filtered.php', 'Cookie': 'PHPSESSID=0d8290ddf05033f4c53fb9096583b0f1; security=impossible', 'Upgrade-Insecure-Requests': '1', 'Sec-Fetch-Dest': 'document', 'Sec-Fetch-Mode': 'navigate', 'Sec-Fetch-Site': 'same-origin', 'Sec-Fetch-User': '?1', 'Priority': 'u=0, i'}
[17:16:35.024] [GENERALFUNCTION 9d0] DEBUG OUTGOING post_data_encoded (truncated): 
[17:16:35.079] [SQLiFuzz 9d0] Response status: 200
[17:16:35.079] [SQLiFuzz 9d0] Response URL: http://localhost:8081/a2_filtered.php?Submit=Submit&id=%29
[17:16:35.079] [SQLiFuzz 9d0] Was redirected: False
[17:16:35.079] [SQLiFuzz 9d0] Getting response: <!doctype html>
<html>
<body>
<form method="GET">
  <label>User ID: <input type="text" name="id"></label>
  <input type="submit" name="Submit" value="Submit">
</form>
<pre>INPUT REJECTED</pre>
[17:16:36.080] [SQLAnalysis] Read 1 new lines from SQL log file.
[17:16:36.080] [SQLAnalysis] Appended 1 parsed entries.
[17:16:36.080] [SQLAnalysis 9d0] Extracted 524 Logs 2026-10-02 21:16:36.080936: [{'timestamp': '2026-10-02 21:16:35,068999', 'level': 'INFO', 'ip': '172.18.0.5', 'port': 37694, 'sql': 'USE db *#*#OK'}]
[17:16:36.081] [SQLAnalysis 9d0] Updated param pairs: {'looked_value': ')'}
[17:16:36.081] [SQLAnalysis 9d0] Looked timestamp 2026-10-02 21:16:35.024567 -- 2026-10-02 21:16:35.076106
[17:16:36.087] [SQLAnalysis 9d0] query_array to be checked: ['use', 'db']
[17:16:36.087] [SQLAnalysis 9d0] normalized_query_array: ['use', 'db']
[17:16:36.087] [SQLiFuzz 9d0] No weird chars exist: GET http://localhost:8081/a2_filtered.php | ['[string (False)(None)] Sec-Fetch-Dest=document', '[string (False)(None)] Sec-Fetch-Mode=navigate', '[string (False)(None)] Sec-Fetch-Site=same-origin', '[string (False)(None)] Sec-Fetch-User=?1', '[string (False)(None)] Priority=u=0, i', '[url (False)(None)] path0=a2_filtered.php', '[int (False)(None)] id=)', '[string (False)(None)] Submit=Submit'] | None
[17:16:36.087] [SQLiFuzz bd2] Getting prepared_target_request with ID 89f for test_SQLi iteration 65/70
[17:16:36.088] [SQLiFuzz 89f] chosen_idx: 4 from 8
[17:16:36.088] [HTTPREQUEST 89f] Getting matched paramval from found values: ['?1', '1']
[17:16:36.088] [HTTPREQUEST 89f] Found matched paramval: [string (False)(None)] Sec-Fetch-User=?1
[17:16:36.088] [HTTPREQUEST 89f] Found matched paramval: [int (False)(None)] id=1
[17:16:36.088] [SQLiFuzz 89f] Prioritize to fuzz matched SQL value first: [int (False)(None)] id=1
[17:16:36.088] [SQLiFuzz 89f] Mutation applied. old='1' char='{' strategy='tail' new='1{'
[17:16:36.088] [HTTPREQUEST 89f] Update url and body param from paramvals:
[17:16:36.088] [HTTPREQUEST None] New post_data_encoded: 
[17:16:36.088] [HTTPREQUEST None] New param encoded: Submit=Submit&id=1%7B
[17:16:36.088] [GENERALFUNCTION 89f] ---SENDING THE REQUEST [1790975796-d40ad719-58cb-471a-b682-ad01c3d5d89f] TO : [GET] http://localhost:8081/a2_filtered.php?Submit=Submit&id=1%7B
[17:16:36.088] [GENERALFUNCTION 89f] Post data encoded: 
[17:16:36.088] [GENERALFUNCTION 89f] Adjusted Referer to http://localhost:8081/a2_filtered.php
[17:16:36.089] [GENERALFUNCTION 89f] DEBUG OUTGOING request.full_url: http://localhost:8081/a2_filtered.php?Submit=Submit&id=1%7B
[17:16:36.089] [GENERALFUNCTION 89f] DEBUG OUTGOING headers: {'Host': 'localhost:8081', 'User-Agent': 'Mozilla/5.0 (X11; Ubuntu; Linux x86_64; rv:155.0) Gecko/20100101 Firefox/155.0', 'Accept': 'text/html,application/xhtml+xml,application/xml;q=0.9,*/*;q=0.8', 'Accept-Language': 'en-US,en;q=0.9', 'Accept-Encoding': 'gzip, deflate, br, zstd', 'Connection': 'keep-alive', 'Referer': 'http://localhost:8081/a2_filtered.php', 'Cookie': 'PHPSESSID=0d8290ddf05033f4c53fb9096583b0f1; security=impossible', 'Upgrade-Insecure-Requests': '1', 'Sec-Fetch-Dest': 'document', 'Sec-Fetch-Mode': 'navigate', 'Sec-Fetch-Site': 'same-origin', 'Sec-Fetch-User': '?1', 'Priority': 'u=0, i'}
[17:16:36.089] [GENERALFUNCTION 89f] DEBUG OUTGOING post_data_encoded (truncated): 
[17:16:36.117] [SQLiFuzz 89f] Response status: 200
[17:16:36.117] [SQLiFuzz 89f] Response URL: http://localhost:8081/a2_filtered.php?Submit=Submit&id=1%7B
[17:16:36.117] [SQLiFuzz 89f] Was redirected: False
[17:16:36.117] [SQLiFuzz 89f] Getting response: <!doctype html>
<html>
<body>
<form method="GET">
  <label>User ID: <input type="text" name="id"></label>
  <input type="submit" name="Submit" value="Submit">
</form>
<pre>INPUT REJECTED</pre>
[17:16:37.118] [SQLAnalysis] Read 1 new lines from SQL log file.
[17:16:37.119] [SQLAnalysis] Appended 1 parsed entries.
[17:16:37.119] [SQLAnalysis 89f] Extracted 525 Logs 2026-10-02 21:16:37.119235: [{'timestamp': '2026-10-02 21:16:36,102345', 'level': 'INFO', 'ip': '172.18.0.5', 'port': 37716, 'sql': 'USE db *#*#OK'}]
[17:16:37.119] [SQLAnalysis 89f] Updated param pairs: {'looked_value': '1{'}
[17:16:37.119] [SQLAnalysis 89f] Looked timestamp 2026-10-02 21:16:36.089705 -- 2026-10-02 21:16:36.112737
[17:16:37.126] [SQLAnalysis 89f] query_array to be checked: ['use', 'db']
[17:16:37.127] [SQLAnalysis 89f] normalized_query_array: ['use', 'db']
[17:16:37.127] [SQLiFuzz 89f] No weird chars exist: GET http://localhost:8081/a2_filtered.php | ['[string (False)(None)] Sec-Fetch-Dest=document', '[string (False)(None)] Sec-Fetch-Mode=navigate', '[string (False)(None)] Sec-Fetch-Site=same-origin', '[string (False)(None)] Sec-Fetch-User=?1', '[string (False)(None)] Priority=u=0, i', '[url (False)(None)] path0=a2_filtered.php', '[int (False)(None)] id=1{', '[string (False)(None)] Submit=Submit'] | None
[17:16:37.128] [SQLiFuzz bd2] Getting prepared_target_request with ID 3ed for test_SQLi iteration 66/70
[17:16:37.128] [SQLiFuzz 3ed] chosen_idx: 2 from 8
[17:16:37.128] [HTTPREQUEST 3ed] Getting matched paramval from found values: ['?1', '1']
[17:16:37.128] [HTTPREQUEST 3ed] Found matched paramval: [string (False)(None)] Sec-Fetch-User=?1
[17:16:37.128] [HTTPREQUEST 3ed] Found matched paramval: [int (False)(None)] id=1
[17:16:37.128] [SQLiFuzz 3ed] Prioritize to fuzz matched SQL value first: [int (False)(None)] id=1
[17:16:37.128] [SQLiFuzz 3ed] Mutation applied. old='1' char='?' strategy='random' new='1?'
[17:16:37.128] [HTTPREQUEST 3ed] Update url and body param from paramvals:
[17:16:37.128] [HTTPREQUEST None] New post_data_encoded: 
[17:16:37.128] [HTTPREQUEST None] New param encoded: Submit=Submit&id=1%3F
[17:16:37.129] [GENERALFUNCTION 3ed] ---SENDING THE REQUEST [1790975797-db59c6b7-1773-4d31-80a3-1749031fe3ed] TO : [GET] http://localhost:8081/a2_filtered.php?Submit=Submit&id=1%3F
[17:16:37.129] [GENERALFUNCTION 3ed] Post data encoded: 
[17:16:37.129] [GENERALFUNCTION 3ed] Adjusted Referer to http://localhost:8081/a2_filtered.php
[17:16:37.129] [GENERALFUNCTION 3ed] DEBUG OUTGOING request.full_url: http://localhost:8081/a2_filtered.php?Submit=Submit&id=1%3F
[17:16:37.129] [GENERALFUNCTION 3ed] DEBUG OUTGOING headers: {'Host': 'localhost:8081', 'User-Agent': 'Mozilla/5.0 (X11; Ubuntu; Linux x86_64; rv:155.0) Gecko/20100101 Firefox/155.0', 'Accept': 'text/html,application/xhtml+xml,application/xml;q=0.9,*/*;q=0.8', 'Accept-Language': 'en-US,en;q=0.9', 'Accept-Encoding': 'gzip, deflate, br, zstd', 'Connection': 'keep-alive', 'Referer': 'http://localhost:8081/a2_filtered.php', 'Cookie': 'PHPSESSID=0d8290ddf05033f4c53fb9096583b0f1; security=impossible', 'Upgrade-Insecure-Requests': '1', 'Sec-Fetch-Dest': 'document', 'Sec-Fetch-Mode': 'navigate', 'Sec-Fetch-Site': 'same-origin', 'Sec-Fetch-User': '?1', 'Priority': 'u=0, i'}
[17:16:37.129] [GENERALFUNCTION 3ed] DEBUG OUTGOING post_data_encoded (truncated): 
[17:16:37.154] [SQLiFuzz 3ed] Response status: 200
[17:16:37.154] [SQLiFuzz 3ed] Response URL: http://localhost:8081/a2_filtered.php?Submit=Submit&id=1%3F
[17:16:37.154] [SQLiFuzz 3ed] Was redirected: False
[17:16:37.154] [SQLiFuzz 3ed] Getting response: <!doctype html>
<html>
<body>
<form method="GET">
  <label>User ID: <input type="text" name="id"></label>
  <input type="submit" name="Submit" value="Submit">
</form>
<pre>INPUT REJECTED</pre>
[17:16:38.155] [SQLAnalysis] Read 1 new lines from SQL log file.
[17:16:38.155] [SQLAnalysis] Appended 1 parsed entries.
[17:16:38.155] [SQLAnalysis 3ed] Extracted 526 Logs 2026-10-02 21:16:38.155613: [{'timestamp': '2026-10-02 21:16:37,142350', 'level': 'INFO', 'ip': '172.18.0.5', 'port': 37742, 'sql': 'USE db *#*#OK'}]
[17:16:38.155] [SQLAnalysis 3ed] Updated param pairs: {'looked_value': '1?'}
[17:16:38.155] [SQLAnalysis 3ed] Looked timestamp 2026-10-02 21:16:37.129809 -- 2026-10-02 21:16:37.150066
[17:16:38.161] [SQLAnalysis 3ed] query_array to be checked: ['use', 'db']
[17:16:38.161] [SQLAnalysis 3ed] normalized_query_array: ['use', 'db']
[17:16:38.161] [SQLiFuzz 3ed] No weird chars exist: GET http://localhost:8081/a2_filtered.php | ['[string (False)(None)] Sec-Fetch-Dest=document', '[string (False)(None)] Sec-Fetch-Mode=navigate', '[string (False)(None)] Sec-Fetch-Site=same-origin', '[string (False)(None)] Sec-Fetch-User=?1', '[string (False)(None)] Priority=u=0, i', '[url (False)(None)] path0=a2_filtered.php', '[int (False)(None)] id=1?', '[string (False)(None)] Submit=Submit'] | None
[17:16:38.162] [SQLiFuzz bd2] Getting prepared_target_request with ID 6b1 for test_SQLi iteration 67/70
[17:16:38.162] [SQLiFuzz 6b1] chosen_idx: 0 from 8
[17:16:38.162] [HTTPREQUEST 6b1] Getting matched paramval from found values: ['?1', '1']
[17:16:38.162] [HTTPREQUEST 6b1] Found matched paramval: [string (False)(None)] Sec-Fetch-User=?1
[17:16:38.162] [HTTPREQUEST 6b1] Found matched paramval: [int (False)(None)] id=1
[17:16:38.162] [SQLiFuzz 6b1] Prioritize to fuzz matched SQL value first: [int (False)(None)] id=1
[17:16:38.162] [SQLiFuzz 6b1] Mutation applied. old='1' char='%' strategy='random' new='1%'
[17:16:38.162] [HTTPREQUEST 6b1] Update url and body param from paramvals:
[17:16:38.162] [HTTPREQUEST None] New post_data_encoded: 
[17:16:38.162] [HTTPREQUEST None] New param encoded: Submit=Submit&id=1%25
[17:16:38.163] [GENERALFUNCTION 6b1] ---SENDING THE REQUEST [1790975798-e0bcb605-89a6-48d6-b91b-c373226036b1] TO : [GET] http://localhost:8081/a2_filtered.php?Submit=Submit&id=1%25
[17:16:38.163] [GENERALFUNCTION 6b1] Post data encoded: 
[17:16:38.163] [GENERALFUNCTION 6b1] Adjusted Referer to http://localhost:8081/a2_filtered.php
[17:16:38.163] [GENERALFUNCTION 6b1] DEBUG OUTGOING request.full_url: http://localhost:8081/a2_filtered.php?Submit=Submit&id=1%25
[17:16:38.163] [GENERALFUNCTION 6b1] DEBUG OUTGOING headers: {'Host': 'localhost:8081', 'User-Agent': 'Mozilla/5.0 (X11; Ubuntu; Linux x86_64; rv:155.0) Gecko/20100101 Firefox/155.0', 'Accept': 'text/html,application/xhtml+xml,application/xml;q=0.9,*/*;q=0.8', 'Accept-Language': 'en-US,en;q=0.9', 'Accept-Encoding': 'gzip, deflate, br, zstd', 'Connection': 'keep-alive', 'Referer': 'http://localhost:8081/a2_filtered.php', 'Cookie': 'PHPSESSID=0d8290ddf05033f4c53fb9096583b0f1; security=impossible', 'Upgrade-Insecure-Requests': '1', 'Sec-Fetch-Dest': 'document', 'Sec-Fetch-Mode': 'navigate', 'Sec-Fetch-Site': 'same-origin', 'Sec-Fetch-User': '?1', 'Priority': 'u=0, i'}
[17:16:38.163] [GENERALFUNCTION 6b1] DEBUG OUTGOING post_data_encoded (truncated): 
[17:16:38.188] [SQLiFuzz 6b1] Response status: 200
[17:16:38.188] [SQLiFuzz 6b1] Response URL: http://localhost:8081/a2_filtered.php?Submit=Submit&id=1%25
[17:16:38.188] [SQLiFuzz 6b1] Was redirected: False
[17:16:38.188] [SQLiFuzz 6b1] Getting response: <!doctype html>
<html>
<body>
<form method="GET">
  <label>User ID: <input type="text" name="id"></label>
  <input type="submit" name="Submit" value="Submit">
</form>
<pre>INPUT REJECTED</pre>
[17:16:39.189] [SQLAnalysis] Read 1 new lines from SQL log file.
[17:16:39.189] [SQLAnalysis] Appended 1 parsed entries.
[17:16:39.189] [SQLAnalysis 6b1] Extracted 527 Logs 2026-10-02 21:16:39.189956: [{'timestamp': '2026-10-02 21:16:38,174701', 'level': 'INFO', 'ip': '172.18.0.5', 'port': 37762, 'sql': 'USE db *#*#OK'}]
[17:16:39.190] [SQLAnalysis 6b1] Updated param pairs: {'looked_value': '1%'}
[17:16:39.190] [SQLAnalysis 6b1] Looked timestamp 2026-10-02 21:16:38.163452 -- 2026-10-02 21:16:38.184262
[17:16:39.198] [SQLAnalysis 6b1] query_array to be checked: ['use', 'db']
[17:16:39.198] [SQLAnalysis 6b1] normalized_query_array: ['use', 'db']
[17:16:39.198] [SQLiFuzz 6b1] No weird chars exist: GET http://localhost:8081/a2_filtered.php | ['[string (False)(None)] Sec-Fetch-Dest=document', '[string (False)(None)] Sec-Fetch-Mode=navigate', '[string (False)(None)] Sec-Fetch-Site=same-origin', '[string (False)(None)] Sec-Fetch-User=?1', '[string (False)(None)] Priority=u=0, i', '[url (False)(None)] path0=a2_filtered.php', '[int (False)(None)] id=1%', '[string (False)(None)] Submit=Submit'] | None
[17:16:39.198] [SQLiFuzz bd2] Getting prepared_target_request with ID 9f2 for test_SQLi iteration 68/70
[17:16:39.198] [SQLiFuzz 9f2] chosen_idx: 0 from 8
[17:16:39.199] [HTTPREQUEST 9f2] Getting matched paramval from found values: ['?1', '1']
[17:16:39.199] [HTTPREQUEST 9f2] Found matched paramval: [string (False)(None)] Sec-Fetch-User=?1
[17:16:39.199] [HTTPREQUEST 9f2] Found matched paramval: [int (False)(None)] id=1
[17:16:39.199] [SQLiFuzz 9f2] Prioritize to fuzz matched SQL value first: [int (False)(None)] id=1
[17:16:39.199] [SQLiFuzz 9f2] Mutation applied. old='1' char='/' strategy='front' new='/1'
[17:16:39.199] [HTTPREQUEST 9f2] Update url and body param from paramvals:
[17:16:39.199] [HTTPREQUEST None] New post_data_encoded: 
[17:16:39.199] [HTTPREQUEST None] New param encoded: Submit=Submit&id=%2F1
[17:16:39.199] [GENERALFUNCTION 9f2] ---SENDING THE REQUEST [1790975799-de08d856-80e0-4da1-82ef-1a082786f9f2] TO : [GET] http://localhost:8081/a2_filtered.php?Submit=Submit&id=%2F1
[17:16:39.199] [GENERALFUNCTION 9f2] Post data encoded: 
[17:16:39.200] [GENERALFUNCTION 9f2] Adjusted Referer to http://localhost:8081/a2_filtered.php
[17:16:39.200] [GENERALFUNCTION 9f2] DEBUG OUTGOING request.full_url: http://localhost:8081/a2_filtered.php?Submit=Submit&id=%2F1
[17:16:39.200] [GENERALFUNCTION 9f2] DEBUG OUTGOING headers: {'Host': 'localhost:8081', 'User-Agent': 'Mozilla/5.0 (X11; Ubuntu; Linux x86_64; rv:155.0) Gecko/20100101 Firefox/155.0', 'Accept': 'text/html,application/xhtml+xml,application/xml;q=0.9,*/*;q=0.8', 'Accept-Language': 'en-US,en;q=0.9', 'Accept-Encoding': 'gzip, deflate, br, zstd', 'Connection': 'keep-alive', 'Referer': 'http://localhost:8081/a2_filtered.php', 'Cookie': 'PHPSESSID=0d8290ddf05033f4c53fb9096583b0f1; security=impossible', 'Upgrade-Insecure-Requests': '1', 'Sec-Fetch-Dest': 'document', 'Sec-Fetch-Mode': 'navigate', 'Sec-Fetch-Site': 'same-origin', 'Sec-Fetch-User': '?1', 'Priority': 'u=0, i'}
[17:16:39.200] [GENERALFUNCTION 9f2] DEBUG OUTGOING post_data_encoded (truncated): 
[17:16:39.220] [SQLiFuzz 9f2] Response status: 200
[17:16:39.220] [SQLiFuzz 9f2] Response URL: http://localhost:8081/a2_filtered.php?Submit=Submit&id=%2F1
[17:16:39.220] [SQLiFuzz 9f2] Was redirected: False
[17:16:39.220] [SQLiFuzz 9f2] Getting response: <!doctype html>
<html>
<body>
<form method="GET">
  <label>User ID: <input type="text" name="id"></label>
  <input type="submit" name="Submit" value="Submit">
</form>
<pre>INPUT REJECTED</pre>
[17:16:40.221] [SQLAnalysis] Read 1 new lines from SQL log file.
[17:16:40.221] [SQLAnalysis] Appended 1 parsed entries.
[17:16:40.221] [SQLAnalysis 9f2] Extracted 528 Logs 2026-10-02 21:16:40.221928: [{'timestamp': '2026-10-02 21:16:39,212910', 'level': 'INFO', 'ip': '172.18.0.5', 'port': 37794, 'sql': 'USE db *#*#OK'}]
[17:16:40.222] [SQLAnalysis 9f2] Updated param pairs: {'looked_value': '/1'}
[17:16:40.222] [SQLAnalysis 9f2] Looked timestamp 2026-10-02 21:16:39.200388 -- 2026-10-02 21:16:39.218112
[17:16:40.229] [SQLAnalysis 9f2] query_array to be checked: ['use', 'db']
[17:16:40.229] [SQLAnalysis 9f2] normalized_query_array: ['use', 'db']
[17:16:40.230] [SQLiFuzz 9f2] No weird chars exist: GET http://localhost:8081/a2_filtered.php | ['[string (False)(None)] Sec-Fetch-Dest=document', '[string (False)(None)] Sec-Fetch-Mode=navigate', '[string (False)(None)] Sec-Fetch-Site=same-origin', '[string (False)(None)] Sec-Fetch-User=?1', '[string (False)(None)] Priority=u=0, i', '[url (False)(None)] path0=a2_filtered.php', '[int (False)(None)] id=/1', '[string (False)(None)] Submit=Submit'] | None
[17:16:40.230] [SQLiFuzz bd2] Getting prepared_target_request with ID 0d6 for test_SQLi iteration 69/70
[17:16:40.230] [SQLiFuzz 0d6] chosen_idx: 1 from 8
[17:16:40.230] [HTTPREQUEST 0d6] Getting matched paramval from found values: ['?1', '1']
[17:16:40.231] [HTTPREQUEST 0d6] Found matched paramval: [string (False)(None)] Sec-Fetch-User=?1
[17:16:40.231] [HTTPREQUEST 0d6] Found matched paramval: [int (False)(None)] id=1
[17:16:40.231] [SQLiFuzz 0d6] Prioritize to fuzz matched SQL value first: [int (False)(None)] id=1
[17:16:40.231] [SQLiFuzz 0d6] Mutation applied. old='1' char='^' strategy='tail' new='1^'
[17:16:40.231] [HTTPREQUEST 0d6] Update url and body param from paramvals:
[17:16:40.231] [HTTPREQUEST None] New post_data_encoded: 
[17:16:40.231] [HTTPREQUEST None] New param encoded: Submit=Submit&id=1%5E
[17:16:40.231] [GENERALFUNCTION 0d6] ---SENDING THE REQUEST [1790975800-acc46415-5cde-4e3f-9375-0e4fa8a5b0d6] TO : [GET] http://localhost:8081/a2_filtered.php?Submit=Submit&id=1%5E
[17:16:40.231] [GENERALFUNCTION 0d6] Post data encoded: 
[17:16:40.231] [GENERALFUNCTION 0d6] Adjusted Referer to http://localhost:8081/a2_filtered.php
[17:16:40.231] [GENERALFUNCTION 0d6] DEBUG OUTGOING request.full_url: http://localhost:8081/a2_filtered.php?Submit=Submit&id=1%5E
[17:16:40.232] [GENERALFUNCTION 0d6] DEBUG OUTGOING headers: {'Host': 'localhost:8081', 'User-Agent': 'Mozilla/5.0 (X11; Ubuntu; Linux x86_64; rv:155.0) Gecko/20100101 Firefox/155.0', 'Accept': 'text/html,application/xhtml+xml,application/xml;q=0.9,*/*;q=0.8', 'Accept-Language': 'en-US,en;q=0.9', 'Accept-Encoding': 'gzip, deflate, br, zstd', 'Connection': 'keep-alive', 'Referer': 'http://localhost:8081/a2_filtered.php', 'Cookie': 'PHPSESSID=0d8290ddf05033f4c53fb9096583b0f1; security=impossible', 'Upgrade-Insecure-Requests': '1', 'Sec-Fetch-Dest': 'document', 'Sec-Fetch-Mode': 'navigate', 'Sec-Fetch-Site': 'same-origin', 'Sec-Fetch-User': '?1', 'Priority': 'u=0, i'}
[17:16:40.232] [GENERALFUNCTION 0d6] DEBUG OUTGOING post_data_encoded (truncated): 
[17:16:40.257] [SQLiFuzz 0d6] Response status: 200
[17:16:40.257] [SQLiFuzz 0d6] Response URL: http://localhost:8081/a2_filtered.php?Submit=Submit&id=1%5E
[17:16:40.257] [SQLiFuzz 0d6] Was redirected: False
[17:16:40.257] [SQLiFuzz 0d6] Getting response: <!doctype html>
<html>
<body>
<form method="GET">
  <label>User ID: <input type="text" name="id"></label>
  <input type="submit" name="Submit" value="Submit">
</form>
<pre>INPUT REJECTED</pre>
[17:16:41.258] [SQLAnalysis] Read 1 new lines from SQL log file.
[17:16:41.258] [SQLAnalysis] Appended 1 parsed entries.
[17:16:41.258] [SQLAnalysis 0d6] Extracted 529 Logs 2026-10-02 21:16:41.258868: [{'timestamp': '2026-10-02 21:16:40,244964', 'level': 'INFO', 'ip': '172.18.0.5', 'port': 37804, 'sql': 'USE db *#*#OK'}]
[17:16:41.259] [SQLAnalysis 0d6] Updated param pairs: {'looked_value': '1^'}
[17:16:41.259] [SQLAnalysis 0d6] Looked timestamp 2026-10-02 21:16:40.232260 -- 2026-10-02 21:16:40.253092
[17:16:41.270] [SQLAnalysis 0d6] query_array to be checked: ['use', 'db']
[17:16:41.270] [SQLAnalysis 0d6] normalized_query_array: ['use', 'db']
[17:16:41.271] [SQLiFuzz 0d6] No weird chars exist: GET http://localhost:8081/a2_filtered.php | ['[string (False)(None)] Sec-Fetch-Dest=document', '[string (False)(None)] Sec-Fetch-Mode=navigate', '[string (False)(None)] Sec-Fetch-Site=same-origin', '[string (False)(None)] Sec-Fetch-User=?1', '[string (False)(None)] Priority=u=0, i', '[url (False)(None)] path0=a2_filtered.php', '[int (False)(None)] id=1^', '[string (False)(None)] Submit=Submit'] | None
[17:16:41.272] [SQLiFuzz bd2] Getting prepared_target_request with ID 400 for test_SQLi iteration 70/70
[17:16:41.273] [SQLiFuzz 400] chosen_idx: 3 from 8
[17:16:41.273] [HTTPREQUEST 400] Getting matched paramval from found values: ['?1', '1']
[17:16:41.274] [HTTPREQUEST 400] Found matched paramval: [string (False)(None)] Sec-Fetch-User=?1
[17:16:41.274] [HTTPREQUEST 400] Found matched paramval: [int (False)(None)] id=1
[17:16:41.274] [SQLiFuzz 400] Prioritize to fuzz matched SQL value first: [int (False)(None)] id=1
[17:16:41.275] [SQLiFuzz 400] Mutation applied. old='1' char='<' strategy='drop' new='<'
[17:16:41.275] [HTTPREQUEST 400] Update url and body param from paramvals:
[17:16:41.276] [HTTPREQUEST None] New post_data_encoded: 
[17:16:41.277] [HTTPREQUEST None] New param encoded: Submit=Submit&id=%3C
[17:16:41.277] [GENERALFUNCTION 400] ---SENDING THE REQUEST [1790975801-bb3aa45b-2174-49a2-b72c-6957ce2b7400] TO : [GET] http://localhost:8081/a2_filtered.php?Submit=Submit&id=%3C
[17:16:41.277] [GENERALFUNCTION 400] Post data encoded: 
[17:16:41.277] [GENERALFUNCTION 400] Adjusted Referer to http://localhost:8081/a2_filtered.php
[17:16:41.277] [GENERALFUNCTION 400] DEBUG OUTGOING request.full_url: http://localhost:8081/a2_filtered.php?Submit=Submit&id=%3C
[17:16:41.277] [GENERALFUNCTION 400] DEBUG OUTGOING headers: {'Host': 'localhost:8081', 'User-Agent': 'Mozilla/5.0 (X11; Ubuntu; Linux x86_64; rv:155.0) Gecko/20100101 Firefox/155.0', 'Accept': 'text/html,application/xhtml+xml,application/xml;q=0.9,*/*;q=0.8', 'Accept-Language': 'en-US,en;q=0.9', 'Accept-Encoding': 'gzip, deflate, br, zstd', 'Connection': 'keep-alive', 'Referer': 'http://localhost:8081/a2_filtered.php', 'Cookie': 'PHPSESSID=0d8290ddf05033f4c53fb9096583b0f1; security=impossible', 'Upgrade-Insecure-Requests': '1', 'Sec-Fetch-Dest': 'document', 'Sec-Fetch-Mode': 'navigate', 'Sec-Fetch-Site': 'same-origin', 'Sec-Fetch-User': '?1', 'Priority': 'u=0, i'}
[17:16:41.278] [GENERALFUNCTION 400] DEBUG OUTGOING post_data_encoded (truncated): 
[17:16:41.306] [SQLiFuzz 400] Response status: 200
[17:16:41.306] [SQLiFuzz 400] Response URL: http://localhost:8081/a2_filtered.php?Submit=Submit&id=%3C
[17:16:41.306] [SQLiFuzz 400] Was redirected: False
[17:16:41.306] [SQLiFuzz 400] Getting response: <!doctype html>
<html>
<body>
<form method="GET">
  <label>User ID: <input type="text" name="id"></label>
  <input type="submit" name="Submit" value="Submit">
</form>
<pre>INPUT REJECTED</pre>
[17:16:42.307] [SQLAnalysis] Read 1 new lines from SQL log file.
[17:16:42.307] [SQLAnalysis] Appended 1 parsed entries.
[17:16:42.308] [SQLAnalysis 400] Extracted 530 Logs 2026-10-02 21:16:42.307968: [{'timestamp': '2026-10-02 21:16:41,294484', 'level': 'INFO', 'ip': '172.18.0.5', 'port': 37814, 'sql': 'USE db *#*#OK'}]
[17:16:42.308] [SQLAnalysis 400] Updated param pairs: {'looked_value': '<'}
[17:16:42.308] [SQLAnalysis 400] Looked timestamp 2026-10-02 21:16:41.278386 -- 2026-10-02 21:16:41.302922
[17:16:42.314] [SQLAnalysis 400] query_array to be checked: ['use', 'db']
[17:16:42.314] [SQLAnalysis 400] normalized_query_array: ['use', 'db']
[17:16:42.314] [SQLiFuzz 400] No weird chars exist: GET http://localhost:8081/a2_filtered.php | ['[string (False)(None)] Sec-Fetch-Dest=document', '[string (False)(None)] Sec-Fetch-Mode=navigate', '[string (False)(None)] Sec-Fetch-Site=same-origin', '[string (False)(None)] Sec-Fetch-User=?1', '[string (False)(None)] Priority=u=0, i', '[url (False)(None)] path0=a2_filtered.php', '[int (False)(None)] id=<', '[string (False)(None)] Submit=Submit'] | None
[17:16:42.315] [SQLiFuzz 400] No SQL Injection. Drop it. GET http://localhost:8081/a2_filtered.php | ['[string (False)(None)] Sec-Fetch-Dest=document', '[string (False)(None)] Sec-Fetch-Mode=navigate', '[string (False)(None)] Sec-Fetch-Site=same-origin', '[string (False)(None)] Sec-Fetch-User=?1', '[string (False)(None)] Priority=u=0, i', '[url (False)(None)] path0=a2_filtered.php', '[int (False)(None)] id=<', '[string (False)(None)] Submit=Submit'] | None
[17:16:42.324] [HOOK bd2] Completed fuzz (remaining: 0)
[17:18:48.863] [HOOK] Idle timeout (120s) reached with no pending tasks. Initiating shutdown...
[HOOK] Idle timeout reached. Saving results and shutting down...
[17:18:48.863] 


-----FINAL RESULT------
FINAL RESULT
[17:18:48.864] ###Matched SQL Injection Detected: [METHOD] | [URL] | [PARAMS] | [POST_DATA] [MATCHED_PAYLOAD] ==> [SQL_DETECTED] || [ERROR_SQL_DETECTED]

###Matched SQL Injection Detected: [METHOD] | [URL] | [PARAMS] | [POST_DATA] [MATCHED_PAYLOAD] ==> [SQL_DETECTED] || [ERROR_SQL_DETECTED]

[17:18:48.864] No SQL Injection Detected.

No SQL Injection Detected.

[17:18:48.864] [SQLICollection] Result will be saved in final_result/FR/FR-dvwa--emmalee-VMware-Virtual-Platform-1790975708.txt
[17:18:48.864] [SQLICollection] Statistics: {'total_req': 2, 'sql_req': 1, 'null_req': 0, 'not_sql_req': 1, 'sql_injection_detected': 0, 'another_sql_error_detected': 0, 'sql_req_not_detected': 1, 'error_req': 0, 'fuzzed_req': 70, 'processing_time_total': 1.5928349999999998, 'processing_time_ave': 0.02275478571428571, 'running_time': '0:03:40.748286', 200: 2}
[17:18:48.865] [HOOK] FINISH on 2026-10-02 17:18:48.863876. Total run time: 0:03:40.748286
[HOOK] FINISH on 2026-10-02 17:18:48.863876. Total run time: 0:03:40.748286
