[17:32:25.328] Loading script sqlifuzz/mitmproxy_addon.py
[17:32:25.456] [CONFIG] A config file from configs/config-general.yaml is loaded.
[17:32:25.456] [HOOK] Idle shutdown monitor started. Will check after 60s initial wait...
[17:32:25.456] [HOOK] Idle shutdown monitor scheduled (timeout: 120s)
[17:32:25.456] Starting Time: 2026-10-02 17:32:25.439935
[17:32:25.456] Start MITM Addon with 10 max concurrent fuzzing tasks
[17:32:25.457] [HOOK] Number response: 0 | Memory usage (MB): 80.97265625 PID: 44217
[17:32:25.457] [STATS] {'total_req': 0, 'sql_req': 0, 'null_req': 0, 'not_sql_req': 0, 'sql_injection_detected': 0, 'another_sql_error_detected': 0, 'sql_req_not_detected': 0, 'error_req': 0, 'fuzzed_req': 0, 'processing_time_total': 0.0, 'processing_time_ave': 0.0, 'running_time': 'Not finished yet'}
[17:32:25.458] reverse proxy to http://localhost:8081 listening at *:8888.
[17:32:33.310][127.0.0.1:37192] client connect
[17:32:33.316][127.0.0.1:37192] server connect localhost:8081 (127.0.0.1:8081)
[17:32:39.038][127.0.0.1:37192] client disconnect
[17:32:39.039][127.0.0.1:37192] server disconnect localhost:8081 (127.0.0.1:8081)
[17:32:40.233][127.0.0.1:37208] client connect
[17:32:40.237][127.0.0.1:37208] server connect localhost:8081 (127.0.0.1:8081)
[17:32:41.306] [HOOK e01] Check GET http://localhost:8081/a2_filtered.php || 
[17:32:41.306] [HTTPREQUEST e01] Converting Request Entry to HTTP Request: 8e264ea9-e1c1-4e50-ad15-efb333045e01
[17:32:41.307] [HTTPREQUEST e01] No content-type is found
[17:32:42.308] [SQLAnalysis] Read 621 new lines from SQL log file.
[17:32:42.310] [SQLAnalysis] Appended 612 parsed entries.
[17:32:42.310] [SQLAnalysis e01] Extracted 612 Logs 2026-10-02 21:32:42.310850: [{'timestamp': '2026-10-02 21:32:41,296002', 'level': 'INFO', 'ip': '172.18.0.5', 'port': 34254, 'sql': 'USE db *#*#OK'}]
[17:32:42.312] [SQLAnalysis e01] Checking Request: GET http://localhost:8081/a2_filtered.php | ['[string (False)(None)] Sec-Fetch-Dest=document', '[string (False)(None)] Sec-Fetch-Mode=navigate', '[string (False)(None)] Sec-Fetch-Site=none', '[string (False)(None)] Sec-Fetch-User=?1', '[string (False)(None)] Priority=u=0, i', '[url (False)(None)] path0=a2_filtered.php'] | None
[17:32:42.312] [SQLAnalysis e01] Updated param pairs: {'Sec-Fetch-Dest': 'document', 'Sec-Fetch-Mode': 'navigate', 'Sec-Fetch-Site': 'none', 'Sec-Fetch-User': '?1', 'Priority': 'u=0, i', 'path0': 'a2_filtered.php'}
[17:32:42.312] [SQLAnalysis e01] Looked timestamp 2026-10-02 21:32:41.289000 -- 2026-10-02 21:32:41.305000
[17:32:42.316] [SQLAnalysis e01] query_array to be checked: ['use', 'db']
[17:32:42.316] [SQLAnalysis e01] normalized_query_array: ['use', 'db']
[17:32:42.316] [HTTPREQUEST e01] Getting null paramvals
[17:32:42.316] [HOOK e01] The request does not trigger SQL query. Drop it. GET http://localhost:8081/a2_filtered.php || 
127.0.0.1:37208: GET http://localhost:8081/a2_filtered.php
              << 200 OK 142b
[17:32:44.749] [HOOK 9c8] Check GET http://localhost:8081/a2_filtered.php?id=1&Submit=Submit || 
[17:32:44.749] [HTTPREQUEST 9c8] Converting Request Entry to HTTP Request: 5cc30928-e323-484e-8f97-ccc5916ef9c8
[17:32:44.749] [HTTPREQUEST 9c8] No content-type is found
[17:32:45.750] [SQLAnalysis] Read 2 new lines from SQL log file.
[17:32:45.750] [SQLAnalysis] Appended 2 parsed entries.
[17:32:45.750] [SQLAnalysis 9c8] Extracted 614 Logs 2026-10-02 21:32:45.750885: [{'timestamp': '2026-10-02 21:32:44,745669', 'level': 'INFO', 'ip': '172.18.0.5', 'port': 44698, 'sql': 'SELECT first_name, last_name FROM users WHERE user_id = 1 *#*#Result Set'}]
[17:32:45.751] [SQLAnalysis 9c8] Checking Request: GET http://localhost:8081/a2_filtered.php | ['[string (False)(None)] Sec-Fetch-Dest=document', '[string (False)(None)] Sec-Fetch-Mode=navigate', '[string (False)(None)] Sec-Fetch-Site=same-origin', '[string (False)(None)] Sec-Fetch-User=?1', '[string (False)(None)] Priority=u=0, i', '[url (False)(None)] path0=a2_filtered.php', '[int (False)(None)] id=1', '[string (False)(None)] Submit=Submit'] | None
[17:32:45.751] [SQLAnalysis 9c8] Updated param pairs: {'Sec-Fetch-Dest': 'document', 'Sec-Fetch-Mode': 'navigate', 'Sec-Fetch-Site': 'same-origin', 'Sec-Fetch-User': '?1', 'Priority': 'u=0, i', 'path0': 'a2_filtered.php', 'id': '1', 'Submit': 'Submit'}
[17:32:45.751] [SQLAnalysis 9c8] Looked timestamp 2026-10-02 21:32:44.725000 -- 2026-10-02 21:32:44.748000
[17:32:45.758] [SQLAnalysis 9c8] query_array to be checked: ['use', 'db']
[17:32:45.758] [SQLAnalysis 9c8] normalized_query_array: ['use', 'db']
[17:32:45.758] [SQLAnalysis 9c8] query_array to be checked: ['select', 'first_name', 'last_name', 'from', 'users', 'where', 'user_id', '=', '1']
[17:32:45.758] [SQLAnalysis 9c8] normalized_query_array: ['select', 'firstname', 'lastname', 'from', 'users', 'where', 'userid', '', '1']
[17:32:45.758] [SQLAnalysis 9c8] Getting Sec-Fetch-User==>?1 [1] in ['select', 'firstname', 'lastname', 'from', 'users', 'where', 'userid', '', '1']
[17:32:45.758] [SQLAnalysis 9c8] Getting id==>1 [1] in ['select', 'firstname', 'lastname', 'from', 'users', 'where', 'userid', '', '1']
[17:32:45.758] [HOOK 9c8] Get matching queries: ['select first_name, last_name from users where user_id = 1 *#*#result set', 'select first_name, last_name from users where user_id = 1 *#*#result set'] from GET http://localhost:8081/a2_filtered.php?id=1&Submit=Submit || 
[17:32:45.759] [HOOK 9c8] Async callback triggered for: http://localhost:8081/a2_filtered.php?id=1&Submit=Submit
[HOOK 9c8] Starting fuzz http://localhost:8081/a2_filtered.php?id=1&Submit=Submit (pending: 1 requests)
[17:32:45.759] [HOOK 9c8] Starting fuzz (pending: 1)
[17:32:45.759] [SQLiFuzz 9c8] Calling send_requests for: http://localhost:8081/a2_filtered.php?id=1&Submit=Submit
[17:32:45.759] [SQLiFuzz 9c8] DEBUG Captured request body (truncated): 
[17:32:45.759] [SQLiFuzz 9c8] DEBUG Captured request headers: {'Host': 'localhost:8081', 'User-Agent': 'Mozilla/5.0 (X11; Ubuntu; Linux x86_64; rv:155.0) Gecko/20100101 Firefox/155.0', 'Accept': 'text/html,application/xhtml+xml,application/xml;q=0.9,*/*;q=0.8', 'Accept-Language': 'en-US,en;q=0.9', 'Accept-Encoding': 'gzip, deflate, br, zstd', 'Connection': 'keep-alive', 'Referer': 'http://localhost:8888/a2_filtered.php', 'Cookie': 'PHPSESSID=885a673eaaf625374cc2fff3bc51861d; security=impossible', 'Upgrade-Insecure-Requests': '1', 'Sec-Fetch-Dest': 'document', 'Sec-Fetch-Mode': 'navigate', 'Sec-Fetch-Site': 'same-origin', 'Sec-Fetch-User': '?1', 'Priority': 'u=0, i'}
[17:32:45.759] [SQLiFuzz 9c8] DEBUG Converted request.post_data_encoded (truncated): 
[17:32:45.759] [SQLiFuzz 9c8] DEBUG Converted request.header: {'Host': 'localhost:8081', 'User-Agent': 'Mozilla/5.0 (X11; Ubuntu; Linux x86_64; rv:155.0) Gecko/20100101 Firefox/155.0', 'Accept': 'text/html,application/xhtml+xml,application/xml;q=0.9,*/*;q=0.8', 'Accept-Language': 'en-US,en;q=0.9', 'Accept-Encoding': 'gzip, deflate, br, zstd', 'Connection': 'keep-alive', 'Referer': 'http://localhost:8888/a2_filtered.php', 'Cookie': 'PHPSESSID=885a673eaaf625374cc2fff3bc51861d; security=impossible', 'Upgrade-Insecure-Requests': '1', 'Sec-Fetch-Dest': 'document', 'Sec-Fetch-Mode': 'navigate', 'Sec-Fetch-Site': 'same-origin', 'Sec-Fetch-User': '?1', 'Priority': 'u=0, i'}
[17:32:45.759] [SQLiFuzz 9c8] DEBUG Converted request.content_type: None
127.0.0.1:37208: GET http://localhost:8081/a2_filtered.php?id=1&Submit=Submi…
              << 200 OK 155b
[17:32:46.057] [SQLiFuzz 9c8] test_SQLi for GET http://localhost:8081/a2_filtered.php | ['[string (False)(None)] Sec-Fetch-Dest=document', '[string (False)(None)] Sec-Fetch-Mode=navigate', '[string (False)(None)] Sec-Fetch-Site=same-origin', '[string (False)(None)] Sec-Fetch-User=?1', '[string (False)(None)] Priority=u=0, i', '[url (False)(None)] path0=a2_filtered.php', '[int (False)(None)] id=1', '[string (False)(None)] Submit=Submit'] | None
[17:32:46.057] [SQLiFuzz 9c8] Getting prepared_target_request with ID 005 for test_SQLi iteration 1/70
[17:32:46.057] [SQLiFuzz 005] chosen_idx: 0 from 8
[17:32:46.057] [HTTPREQUEST 005] Getting matched paramval from found values: ['?1', '1']
[17:32:46.057] [HTTPREQUEST 005] Found matched paramval: [string (False)(None)] Sec-Fetch-User=?1
[17:32:46.057] [HTTPREQUEST 005] Found matched paramval: [int (False)(None)] id=1
[17:32:46.058] [SQLiFuzz 005] Prioritize to fuzz matched SQL value first: [string (False)(None)] Sec-Fetch-User=?1
[17:32:46.058] [SQLiFuzz 005] Mutation applied. old='?1' char=''' strategy='drop' new='''
[17:32:46.058] [HTTPREQUEST 005] Update url and body param from paramvals:
[17:32:46.058] [HTTPREQUEST None] New post_data_encoded: 
[17:32:46.058] [HTTPREQUEST None] New param encoded: Submit=Submit&id=1
[17:32:46.058] [GENERALFUNCTION 005] ---SENDING THE REQUEST [1790976766-e3b9fc2a-56a5-4d9f-87d6-c917464e7005] TO : [GET] http://localhost:8081/a2_filtered.php?Submit=Submit&id=1
[17:32:46.058] [GENERALFUNCTION 005] Post data encoded: 
[17:32:46.058] [GENERALFUNCTION 005] Adjusted Referer to http://localhost:8081/a2_filtered.php
[17:32:46.058] [GENERALFUNCTION 005] DEBUG OUTGOING request.full_url: http://localhost:8081/a2_filtered.php?Submit=Submit&id=1
[17:32:46.058] [GENERALFUNCTION 005] DEBUG OUTGOING headers: {'Host': 'localhost:8081', 'User-Agent': 'Mozilla/5.0 (X11; Ubuntu; Linux x86_64; rv:155.0) Gecko/20100101 Firefox/155.0', 'Accept': 'text/html,application/xhtml+xml,application/xml;q=0.9,*/*;q=0.8', 'Accept-Language': 'en-US,en;q=0.9', 'Accept-Encoding': 'gzip, deflate, br, zstd', 'Connection': 'keep-alive', 'Referer': 'http://localhost:8081/a2_filtered.php', 'Cookie': 'PHPSESSID=885a673eaaf625374cc2fff3bc51861d; security=impossible', 'Upgrade-Insecure-Requests': '1', 'Sec-Fetch-Dest': 'document', 'Sec-Fetch-Mode': 'navigate', 'Sec-Fetch-Site': 'same-origin', 'Sec-Fetch-User': "'", 'Priority': 'u=0, i'}
[17:32:46.058] [GENERALFUNCTION 005] DEBUG OUTGOING post_data_encoded (truncated): 
[17:32:46.099] [SQLiFuzz 005] Response status: 200
[17:32:46.099] [SQLiFuzz 005] Response URL: http://localhost:8081/a2_filtered.php?Submit=Submit&id=1
[17:32:46.100] [SQLiFuzz 005] Was redirected: False
[17:32:46.100] [SQLiFuzz 005] Getting response: <!doctype html>
<html>
<body>
<form method="GET">
  <label>User ID: <input type="text" name="id"></label>
  <input type="submit" name="Submit" value="Submit">
</form>
<pre>ROWS=1</pre></body>
</html>

[17:32:47.100] [SQLAnalysis] Read 2 new lines from SQL log file.
[17:32:47.101] [SQLAnalysis] Appended 2 parsed entries.
[17:32:47.101] [SQLAnalysis 005] Extracted 616 Logs 2026-10-02 21:32:47.101645: [{'timestamp': '2026-10-02 21:32:46,085776', 'level': 'INFO', 'ip': '172.18.0.5', 'port': 44726, 'sql': 'SELECT first_name, last_name FROM users WHERE user_id = 1 *#*#Result Set'}]
[17:32:47.101] [SQLAnalysis 005] Updated param pairs: {'looked_value': "'"}
[17:32:47.101] [SQLAnalysis 005] Looked timestamp 2026-10-02 21:32:46.058742 -- 2026-10-02 21:32:46.096579
[17:32:47.107] [SQLAnalysis 005] query_array to be checked: ['use', 'db']
[17:32:47.107] [SQLAnalysis 005] normalized_query_array: ['use', 'db']
[17:32:47.107] [SQLAnalysis 005] query_array to be checked: ['select', 'first_name', 'last_name', 'from', 'users', 'where', 'user_id', '=', '1']
[17:32:47.107] [SQLAnalysis 005] normalized_query_array: ['select', 'firstname', 'lastname', 'from', 'users', 'where', 'userid', '', '1']
[17:32:47.108] [SQLiFuzz 005] No weird chars exist: GET http://localhost:8081/a2_filtered.php | ['[string (False)(None)] Sec-Fetch-Dest=document', '[string (False)(None)] Sec-Fetch-Mode=navigate', '[string (False)(None)] Sec-Fetch-Site=same-origin', "[string (False)(None)] Sec-Fetch-User='", '[string (False)(None)] Priority=u=0, i', '[url (False)(None)] path0=a2_filtered.php', '[int (False)(None)] id=1', '[string (False)(None)] Submit=Submit'] | None
[17:32:47.108] [SQLiFuzz 9c8] Getting prepared_target_request with ID 789 for test_SQLi iteration 2/70
[17:32:47.108] [SQLiFuzz 789] chosen_idx: 7 from 8
[17:32:47.108] [HTTPREQUEST 789] Getting matched paramval from found values: ['?1', '1']
[17:32:47.108] [HTTPREQUEST 789] Found matched paramval: [string (False)(None)] Sec-Fetch-User=?1
[17:32:47.108] [HTTPREQUEST 789] Found matched paramval: [int (False)(None)] id=1
[17:32:47.108] [SQLiFuzz 789] Prioritize to fuzz matched SQL value first: [int (False)(None)] id=1
[17:32:47.108] [SQLiFuzz 789] Mutation applied. old='1' char=''' strategy='tail' new='1''
[17:32:47.108] [HTTPREQUEST 789] Update url and body param from paramvals:
[17:32:47.108] [HTTPREQUEST None] New post_data_encoded: 
[17:32:47.109] [HTTPREQUEST None] New param encoded: Submit=Submit&id=1%27
[17:32:47.109] [GENERALFUNCTION 789] ---SENDING THE REQUEST [1790976767-8f0ffeda-2f30-4bcd-bbbc-5395d4c2e789] TO : [GET] http://localhost:8081/a2_filtered.php?Submit=Submit&id=1%27
[17:32:47.109] [GENERALFUNCTION 789] Post data encoded: 
[17:32:47.109] [GENERALFUNCTION 789] Adjusted Referer to http://localhost:8081/a2_filtered.php
[17:32:47.109] [GENERALFUNCTION 789] DEBUG OUTGOING request.full_url: http://localhost:8081/a2_filtered.php?Submit=Submit&id=1%27
[17:32:47.109] [GENERALFUNCTION 789] DEBUG OUTGOING headers: {'Host': 'localhost:8081', 'User-Agent': 'Mozilla/5.0 (X11; Ubuntu; Linux x86_64; rv:155.0) Gecko/20100101 Firefox/155.0', 'Accept': 'text/html,application/xhtml+xml,application/xml;q=0.9,*/*;q=0.8', 'Accept-Language': 'en-US,en;q=0.9', 'Accept-Encoding': 'gzip, deflate, br, zstd', 'Connection': 'keep-alive', 'Referer': 'http://localhost:8081/a2_filtered.php', 'Cookie': 'PHPSESSID=885a673eaaf625374cc2fff3bc51861d; security=impossible', 'Upgrade-Insecure-Requests': '1', 'Sec-Fetch-Dest': 'document', 'Sec-Fetch-Mode': 'navigate', 'Sec-Fetch-Site': 'same-origin', 'Sec-Fetch-User': '?1', 'Priority': 'u=0, i'}
[17:32:47.109] [GENERALFUNCTION 789] DEBUG OUTGOING post_data_encoded (truncated): 
[17:32:47.128] [SQLiFuzz 789] Response status: 200
[17:32:47.128] [SQLiFuzz 789] Response URL: http://localhost:8081/a2_filtered.php?Submit=Submit&id=1%27
[17:32:47.128] [SQLiFuzz 789] Was redirected: False
[17:32:47.128] [SQLiFuzz 789] Getting response: <!doctype html>
<html>
<body>
<form method="GET">
  <label>User ID: <input type="text" name="id"></label>
  <input type="submit" name="Submit" value="Submit">
</form>
<pre>INPUT REJECTED</pre>
[17:32:48.129] [SQLAnalysis] Read 1 new lines from SQL log file.
[17:32:48.129] [SQLAnalysis] Appended 1 parsed entries.
[17:32:48.129] [SQLAnalysis 789] Extracted 617 Logs 2026-10-02 21:32:48.129656: [{'timestamp': '2026-10-02 21:32:47,119147', 'level': 'INFO', 'ip': '172.18.0.5', 'port': 44742, 'sql': 'USE db *#*#OK'}]
[17:32:48.129] [SQLAnalysis 789] Updated param pairs: {'looked_value': "1'"}
[17:32:48.129] [SQLAnalysis 789] Looked timestamp 2026-10-02 21:32:47.109972 -- 2026-10-02 21:32:47.125513
[17:32:48.133] [SQLAnalysis 789] query_array to be checked: ['use', 'db']
[17:32:48.133] [SQLAnalysis 789] normalized_query_array: ['use', 'db']
[17:32:48.133] [SQLiFuzz 789] No weird chars exist: GET http://localhost:8081/a2_filtered.php | ['[string (False)(None)] Sec-Fetch-Dest=document', '[string (False)(None)] Sec-Fetch-Mode=navigate', '[string (False)(None)] Sec-Fetch-Site=same-origin', '[string (False)(None)] Sec-Fetch-User=?1', '[string (False)(None)] Priority=u=0, i', '[url (False)(None)] path0=a2_filtered.php', "[int (False)(None)] id=1'", '[string (False)(None)] Submit=Submit'] | None
[17:32:48.134] [SQLiFuzz 9c8] Getting prepared_target_request with ID 343 for test_SQLi iteration 3/70
[17:32:48.134] [SQLiFuzz 343] chosen_idx: 0 from 8
[17:32:48.134] [HTTPREQUEST 343] Getting matched paramval from found values: ['?1', '1']
[17:32:48.134] [HTTPREQUEST 343] Found matched paramval: [string (False)(None)] Sec-Fetch-User=?1
[17:32:48.134] [HTTPREQUEST 343] Found matched paramval: [int (False)(None)] id=1
[17:32:48.134] [SQLiFuzz 343] Prioritize to fuzz matched SQL value first: [int (False)(None)] id=1
[17:32:48.134] [SQLiFuzz 343] Mutation applied. old='1' char=''' strategy='front' new=''1'
[17:32:48.134] [HTTPREQUEST 343] Update url and body param from paramvals:
[17:32:48.135] [HTTPREQUEST None] New post_data_encoded: 
[17:32:48.135] [HTTPREQUEST None] New param encoded: Submit=Submit&id=%271
[17:32:48.135] [GENERALFUNCTION 343] ---SENDING THE REQUEST [1790976768-91e80045-085e-4f0e-ba1d-c06abcb34343] TO : [GET] http://localhost:8081/a2_filtered.php?Submit=Submit&id=%271
[17:32:48.135] [GENERALFUNCTION 343] Post data encoded: 
[17:32:48.135] [GENERALFUNCTION 343] Adjusted Referer to http://localhost:8081/a2_filtered.php
[17:32:48.135] [GENERALFUNCTION 343] DEBUG OUTGOING request.full_url: http://localhost:8081/a2_filtered.php?Submit=Submit&id=%271
[17:32:48.135] [GENERALFUNCTION 343] DEBUG OUTGOING headers: {'Host': 'localhost:8081', 'User-Agent': 'Mozilla/5.0 (X11; Ubuntu; Linux x86_64; rv:155.0) Gecko/20100101 Firefox/155.0', 'Accept': 'text/html,application/xhtml+xml,application/xml;q=0.9,*/*;q=0.8', 'Accept-Language': 'en-US,en;q=0.9', 'Accept-Encoding': 'gzip, deflate, br, zstd', 'Connection': 'keep-alive', 'Referer': 'http://localhost:8081/a2_filtered.php', 'Cookie': 'PHPSESSID=885a673eaaf625374cc2fff3bc51861d; security=impossible', 'Upgrade-Insecure-Requests': '1', 'Sec-Fetch-Dest': 'document', 'Sec-Fetch-Mode': 'navigate', 'Sec-Fetch-Site': 'same-origin', 'Sec-Fetch-User': '?1', 'Priority': 'u=0, i'}
[17:32:48.135] [GENERALFUNCTION 343] DEBUG OUTGOING post_data_encoded (truncated): 
[17:32:48.160] [SQLiFuzz 343] Response status: 200
[17:32:48.160] [SQLiFuzz 343] Response URL: http://localhost:8081/a2_filtered.php?Submit=Submit&id=%271
[17:32:48.160] [SQLiFuzz 343] Was redirected: False
[17:32:48.160] [SQLiFuzz 343] Getting response: <!doctype html>
<html>
<body>
<form method="GET">
  <label>User ID: <input type="text" name="id"></label>
  <input type="submit" name="Submit" value="Submit">
</form>
<pre>INPUT REJECTED</pre>
[17:32:49.161] [SQLAnalysis] Read 1 new lines from SQL log file.
[17:32:49.161] [SQLAnalysis] Appended 1 parsed entries.
[17:32:49.161] [SQLAnalysis 343] Extracted 618 Logs 2026-10-02 21:32:49.161610: [{'timestamp': '2026-10-02 21:32:48,149660', 'level': 'INFO', 'ip': '172.18.0.5', 'port': 44754, 'sql': 'USE db *#*#OK'}]
[17:32:49.161] [SQLAnalysis 343] Updated param pairs: {'looked_value': "'1"}
[17:32:49.161] [SQLAnalysis 343] Looked timestamp 2026-10-02 21:32:48.135628 -- 2026-10-02 21:32:48.156798
[17:32:49.167] [SQLAnalysis 343] query_array to be checked: ['use', 'db']
[17:32:49.167] [SQLAnalysis 343] normalized_query_array: ['use', 'db']
[17:32:49.167] [SQLiFuzz 343] No weird chars exist: GET http://localhost:8081/a2_filtered.php | ['[string (False)(None)] Sec-Fetch-Dest=document', '[string (False)(None)] Sec-Fetch-Mode=navigate', '[string (False)(None)] Sec-Fetch-Site=same-origin', '[string (False)(None)] Sec-Fetch-User=?1', '[string (False)(None)] Priority=u=0, i', '[url (False)(None)] path0=a2_filtered.php', "[int (False)(None)] id='1", '[string (False)(None)] Submit=Submit'] | None
[17:32:49.167] [SQLiFuzz 9c8] Getting prepared_target_request with ID 52b for test_SQLi iteration 4/70
[17:32:49.167] [SQLiFuzz 52b] chosen_idx: 4 from 8
[17:32:49.167] [HTTPREQUEST 52b] Getting matched paramval from found values: ['?1', '1']
[17:32:49.167] [HTTPREQUEST 52b] Found matched paramval: [string (False)(None)] Sec-Fetch-User=?1
[17:32:49.168] [HTTPREQUEST 52b] Found matched paramval: [int (False)(None)] id=1
[17:32:49.168] [SQLiFuzz 52b] Prioritize to fuzz matched SQL value first: [int (False)(None)] id=1
[17:32:49.168] [SQLiFuzz 52b] Mutation applied. old='1' char='*' strategy='drop' new='*'
[17:32:49.168] [HTTPREQUEST 52b] Update url and body param from paramvals:
[17:32:49.168] [HTTPREQUEST None] New post_data_encoded: 
[17:32:49.169] [HTTPREQUEST None] New param encoded: Submit=Submit&id=%2A
[17:32:49.169] [GENERALFUNCTION 52b] ---SENDING THE REQUEST [1790976769-2f62859b-84e1-4747-a802-125622c1d52b] TO : [GET] http://localhost:8081/a2_filtered.php?Submit=Submit&id=%2A
[17:32:49.169] [GENERALFUNCTION 52b] Post data encoded: 
[17:32:49.169] [GENERALFUNCTION 52b] Adjusted Referer to http://localhost:8081/a2_filtered.php
[17:32:49.169] [GENERALFUNCTION 52b] DEBUG OUTGOING request.full_url: http://localhost:8081/a2_filtered.php?Submit=Submit&id=%2A
[17:32:49.169] [GENERALFUNCTION 52b] DEBUG OUTGOING headers: {'Host': 'localhost:8081', 'User-Agent': 'Mozilla/5.0 (X11; Ubuntu; Linux x86_64; rv:155.0) Gecko/20100101 Firefox/155.0', 'Accept': 'text/html,application/xhtml+xml,application/xml;q=0.9,*/*;q=0.8', 'Accept-Language': 'en-US,en;q=0.9', 'Accept-Encoding': 'gzip, deflate, br, zstd', 'Connection': 'keep-alive', 'Referer': 'http://localhost:8081/a2_filtered.php', 'Cookie': 'PHPSESSID=885a673eaaf625374cc2fff3bc51861d; security=impossible', 'Upgrade-Insecure-Requests': '1', 'Sec-Fetch-Dest': 'document', 'Sec-Fetch-Mode': 'navigate', 'Sec-Fetch-Site': 'same-origin', 'Sec-Fetch-User': '?1', 'Priority': 'u=0, i'}
[17:32:49.169] [GENERALFUNCTION 52b] DEBUG OUTGOING post_data_encoded (truncated): 
[17:32:49.195] [SQLiFuzz 52b] Response status: 200
[17:32:49.195] [SQLiFuzz 52b] Response URL: http://localhost:8081/a2_filtered.php?Submit=Submit&id=%2A
[17:32:49.195] [SQLiFuzz 52b] Was redirected: False
[17:32:49.195] [SQLiFuzz 52b] Getting response: <!doctype html>
<html>
<body>
<form method="GET">
  <label>User ID: <input type="text" name="id"></label>
  <input type="submit" name="Submit" value="Submit">
</form>
<pre>INPUT REJECTED</pre>
[17:32:50.196] [SQLAnalysis] Read 1 new lines from SQL log file.
[17:32:50.196] [SQLAnalysis] Appended 1 parsed entries.
[17:32:50.196] [SQLAnalysis 52b] Extracted 619 Logs 2026-10-02 21:32:50.196388: [{'timestamp': '2026-10-02 21:32:49,180636', 'level': 'INFO', 'ip': '172.18.0.5', 'port': 44778, 'sql': 'USE db *#*#OK'}]
[17:32:50.196] [SQLAnalysis 52b] Updated param pairs: {'looked_value': '*'}
[17:32:50.196] [SQLAnalysis 52b] Looked timestamp 2026-10-02 21:32:49.169640 -- 2026-10-02 21:32:49.191726
[17:32:50.203] [SQLAnalysis 52b] query_array to be checked: ['use', 'db']
[17:32:50.204] [SQLAnalysis 52b] normalized_query_array: ['use', 'db']
[17:32:50.204] [SQLiFuzz 52b] No weird chars exist: GET http://localhost:8081/a2_filtered.php | ['[string (False)(None)] Sec-Fetch-Dest=document', '[string (False)(None)] Sec-Fetch-Mode=navigate', '[string (False)(None)] Sec-Fetch-Site=same-origin', '[string (False)(None)] Sec-Fetch-User=?1', '[string (False)(None)] Priority=u=0, i', '[url (False)(None)] path0=a2_filtered.php', '[int (False)(None)] id=*', '[string (False)(None)] Submit=Submit'] | None
[17:32:50.204] [SQLiFuzz 9c8] Getting prepared_target_request with ID f9f for test_SQLi iteration 5/70
[17:32:50.204] [SQLiFuzz f9f] chosen_idx: 0 from 8
[17:32:50.204] [HTTPREQUEST f9f] Getting matched paramval from found values: ['?1', '1']
[17:32:50.204] [HTTPREQUEST f9f] Found matched paramval: [string (False)(None)] Sec-Fetch-User=?1
[17:32:50.204] [HTTPREQUEST f9f] Found matched paramval: [int (False)(None)] id=1
[17:32:50.204] [SQLiFuzz f9f] Prioritize to fuzz matched SQL value first: [int (False)(None)] id=1
[17:32:50.204] [SQLiFuzz f9f] Mutation applied. old='1' char='*' strategy='tail' new='1*'
[17:32:50.204] [HTTPREQUEST f9f] Update url and body param from paramvals:
[17:32:50.204] [HTTPREQUEST None] New post_data_encoded: 
[17:32:50.204] [HTTPREQUEST None] New param encoded: Submit=Submit&id=1%2A
[17:32:50.204] [GENERALFUNCTION f9f] ---SENDING THE REQUEST [1790976770-f6ecf730-68d8-4614-b846-688e76c04f9f] TO : [GET] http://localhost:8081/a2_filtered.php?Submit=Submit&id=1%2A
[17:32:50.204] [GENERALFUNCTION f9f] Post data encoded: 
[17:32:50.205] [GENERALFUNCTION f9f] Adjusted Referer to http://localhost:8081/a2_filtered.php
[17:32:50.205] [GENERALFUNCTION f9f] DEBUG OUTGOING request.full_url: http://localhost:8081/a2_filtered.php?Submit=Submit&id=1%2A
[17:32:50.205] [GENERALFUNCTION f9f] DEBUG OUTGOING headers: {'Host': 'localhost:8081', 'User-Agent': 'Mozilla/5.0 (X11; Ubuntu; Linux x86_64; rv:155.0) Gecko/20100101 Firefox/155.0', 'Accept': 'text/html,application/xhtml+xml,application/xml;q=0.9,*/*;q=0.8', 'Accept-Language': 'en-US,en;q=0.9', 'Accept-Encoding': 'gzip, deflate, br, zstd', 'Connection': 'keep-alive', 'Referer': 'http://localhost:8081/a2_filtered.php', 'Cookie': 'PHPSESSID=885a673eaaf625374cc2fff3bc51861d; security=impossible', 'Upgrade-Insecure-Requests': '1', 'Sec-Fetch-Dest': 'document', 'Sec-Fetch-Mode': 'navigate', 'Sec-Fetch-Site': 'same-origin', 'Sec-Fetch-User': '?1', 'Priority': 'u=0, i'}
[17:32:50.205] [GENERALFUNCTION f9f] DEBUG OUTGOING post_data_encoded (truncated): 
[17:32:50.210][127.0.0.1:37208] server disconnect localhost:8081 (127.0.0.1:8081)
[17:32:50.228] [SQLiFuzz f9f] Response status: 200
[17:32:50.228] [SQLiFuzz f9f] Response URL: http://localhost:8081/a2_filtered.php?Submit=Submit&id=1%2A
[17:32:50.228] [SQLiFuzz f9f] Was redirected: False
[17:32:50.228] [SQLiFuzz f9f] Getting response: <!doctype html>
<html>
<body>
<form method="GET">
  <label>User ID: <input type="text" name="id"></label>
  <input type="submit" name="Submit" value="Submit">
</form>
<pre>INPUT REJECTED</pre>
[17:32:51.228] [SQLAnalysis] Read 1 new lines from SQL log file.
[17:32:51.229] [SQLAnalysis] Appended 1 parsed entries.
[17:32:51.229] [SQLAnalysis f9f] Extracted 620 Logs 2026-10-02 21:32:51.229109: [{'timestamp': '2026-10-02 21:32:50,214851', 'level': 'INFO', 'ip': '172.18.0.5', 'port': 44800, 'sql': 'USE db *#*#OK'}]
[17:32:51.229] [SQLAnalysis f9f] Updated param pairs: {'looked_value': '1*'}
[17:32:51.229] [SQLAnalysis f9f] Looked timestamp 2026-10-02 21:32:50.205315 -- 2026-10-02 21:32:50.224002
[17:32:51.233] [SQLAnalysis f9f] query_array to be checked: ['use', 'db']
[17:32:51.234] [SQLAnalysis f9f] normalized_query_array: ['use', 'db']
[17:32:51.234] [SQLiFuzz f9f] No weird chars exist: GET http://localhost:8081/a2_filtered.php | ['[string (False)(None)] Sec-Fetch-Dest=document', '[string (False)(None)] Sec-Fetch-Mode=navigate', '[string (False)(None)] Sec-Fetch-Site=same-origin', '[string (False)(None)] Sec-Fetch-User=?1', '[string (False)(None)] Priority=u=0, i', '[url (False)(None)] path0=a2_filtered.php', '[int (False)(None)] id=1*', '[string (False)(None)] Submit=Submit'] | None
[17:32:51.234] [SQLiFuzz 9c8] Getting prepared_target_request with ID f7c for test_SQLi iteration 6/70
[17:32:51.234] [SQLiFuzz f7c] chosen_idx: 5 from 8
[17:32:51.234] [HTTPREQUEST f7c] Getting matched paramval from found values: ['?1', '1']
[17:32:51.234] [HTTPREQUEST f7c] Found matched paramval: [string (False)(None)] Sec-Fetch-User=?1
[17:32:51.234] [HTTPREQUEST f7c] Found matched paramval: [int (False)(None)] id=1
[17:32:51.234] [SQLiFuzz f7c] Prioritize to fuzz matched SQL value first: [int (False)(None)] id=1
[17:32:51.234] [SQLiFuzz f7c] Mutation applied. old='1' char='*' strategy='front' new='*1'
[17:32:51.234] [HTTPREQUEST f7c] Update url and body param from paramvals:
[17:32:51.234] [HTTPREQUEST None] New post_data_encoded: 
[17:32:51.234] [HTTPREQUEST None] New param encoded: Submit=Submit&id=%2A1
[17:32:51.234] [GENERALFUNCTION f7c] ---SENDING THE REQUEST [1790976771-bea2a738-b6f6-45ee-a20d-988869900f7c] TO : [GET] http://localhost:8081/a2_filtered.php?Submit=Submit&id=%2A1
[17:32:51.235] [GENERALFUNCTION f7c] Post data encoded: 
[17:32:51.235] [GENERALFUNCTION f7c] Adjusted Referer to http://localhost:8081/a2_filtered.php
[17:32:51.235] [GENERALFUNCTION f7c] DEBUG OUTGOING request.full_url: http://localhost:8081/a2_filtered.php?Submit=Submit&id=%2A1
[17:32:51.235] [GENERALFUNCTION f7c] DEBUG OUTGOING headers: {'Host': 'localhost:8081', 'User-Agent': 'Mozilla/5.0 (X11; Ubuntu; Linux x86_64; rv:155.0) Gecko/20100101 Firefox/155.0', 'Accept': 'text/html,application/xhtml+xml,application/xml;q=0.9,*/*;q=0.8', 'Accept-Language': 'en-US,en;q=0.9', 'Accept-Encoding': 'gzip, deflate, br, zstd', 'Connection': 'keep-alive', 'Referer': 'http://localhost:8081/a2_filtered.php', 'Cookie': 'PHPSESSID=885a673eaaf625374cc2fff3bc51861d; security=impossible', 'Upgrade-Insecure-Requests': '1', 'Sec-Fetch-Dest': 'document', 'Sec-Fetch-Mode': 'navigate', 'Sec-Fetch-Site': 'same-origin', 'Sec-Fetch-User': '?1', 'Priority': 'u=0, i'}
[17:32:51.235] [GENERALFUNCTION f7c] DEBUG OUTGOING post_data_encoded (truncated): 
[17:32:51.240][127.0.0.1:37208] client disconnect
[17:32:51.259] [SQLiFuzz f7c] Response status: 200
[17:32:51.260] [SQLiFuzz f7c] Response URL: http://localhost:8081/a2_filtered.php?Submit=Submit&id=%2A1
[17:32:51.260] [SQLiFuzz f7c] Was redirected: False
[17:32:51.260] [SQLiFuzz f7c] Getting response: <!doctype html>
<html>
<body>
<form method="GET">
  <label>User ID: <input type="text" name="id"></label>
  <input type="submit" name="Submit" value="Submit">
</form>
<pre>INPUT REJECTED</pre>
[17:32:52.260] [SQLAnalysis] Read 1 new lines from SQL log file.
[17:32:52.260] [SQLAnalysis] Appended 1 parsed entries.
[17:32:52.260] [SQLAnalysis f7c] Extracted 621 Logs 2026-10-02 21:32:52.260899: [{'timestamp': '2026-10-02 21:32:51,246135', 'level': 'INFO', 'ip': '172.18.0.5', 'port': 44814, 'sql': 'USE db *#*#OK'}]
[17:32:52.261] [SQLAnalysis f7c] Updated param pairs: {'looked_value': '*1'}
[17:32:52.261] [SQLAnalysis f7c] Looked timestamp 2026-10-02 21:32:51.235322 -- 2026-10-02 21:32:51.254036
[17:32:52.265] [SQLAnalysis f7c] query_array to be checked: ['use', 'db']
[17:32:52.266] [SQLAnalysis f7c] normalized_query_array: ['use', 'db']
[17:32:52.266] [SQLiFuzz f7c] No weird chars exist: GET http://localhost:8081/a2_filtered.php | ['[string (False)(None)] Sec-Fetch-Dest=document', '[string (False)(None)] Sec-Fetch-Mode=navigate', '[string (False)(None)] Sec-Fetch-Site=same-origin', '[string (False)(None)] Sec-Fetch-User=?1', '[string (False)(None)] Priority=u=0, i', '[url (False)(None)] path0=a2_filtered.php', '[int (False)(None)] id=*1', '[string (False)(None)] Submit=Submit'] | None
[17:32:52.266] [SQLiFuzz 9c8] Getting prepared_target_request with ID ca0 for test_SQLi iteration 7/70
[17:32:52.266] [SQLiFuzz ca0] chosen_idx: 0 from 8
[17:32:52.266] [HTTPREQUEST ca0] Getting matched paramval from found values: ['?1', '1']
[17:32:52.266] [HTTPREQUEST ca0] Found matched paramval: [string (False)(None)] Sec-Fetch-User=?1
[17:32:52.266] [HTTPREQUEST ca0] Found matched paramval: [int (False)(None)] id=1
[17:32:52.266] [SQLiFuzz ca0] Prioritize to fuzz matched SQL value first: [int (False)(None)] id=1
[17:32:52.266] [SQLiFuzz ca0] Mutation applied. old='1' char=')' strategy='front' new=')1'
[17:32:52.266] [HTTPREQUEST ca0] Update url and body param from paramvals:
[17:32:52.267] [HTTPREQUEST None] New post_data_encoded: 
[17:32:52.267] [HTTPREQUEST None] New param encoded: Submit=Submit&id=%291
[17:32:52.267] [GENERALFUNCTION ca0] ---SENDING THE REQUEST [1790976772-93fff7b2-06d0-4952-9bb6-5e81f1521ca0] TO : [GET] http://localhost:8081/a2_filtered.php?Submit=Submit&id=%291
[17:32:52.267] [GENERALFUNCTION ca0] Post data encoded: 
[17:32:52.267] [GENERALFUNCTION ca0] Adjusted Referer to http://localhost:8081/a2_filtered.php
[17:32:52.267] [GENERALFUNCTION ca0] DEBUG OUTGOING request.full_url: http://localhost:8081/a2_filtered.php?Submit=Submit&id=%291
[17:32:52.267] [GENERALFUNCTION ca0] DEBUG OUTGOING headers: {'Host': 'localhost:8081', 'User-Agent': 'Mozilla/5.0 (X11; Ubuntu; Linux x86_64; rv:155.0) Gecko/20100101 Firefox/155.0', 'Accept': 'text/html,application/xhtml+xml,application/xml;q=0.9,*/*;q=0.8', 'Accept-Language': 'en-US,en;q=0.9', 'Accept-Encoding': 'gzip, deflate, br, zstd', 'Connection': 'keep-alive', 'Referer': 'http://localhost:8081/a2_filtered.php', 'Cookie': 'PHPSESSID=885a673eaaf625374cc2fff3bc51861d; security=impossible', 'Upgrade-Insecure-Requests': '1', 'Sec-Fetch-Dest': 'document', 'Sec-Fetch-Mode': 'navigate', 'Sec-Fetch-Site': 'same-origin', 'Sec-Fetch-User': '?1', 'Priority': 'u=0, i'}
[17:32:52.267] [GENERALFUNCTION ca0] DEBUG OUTGOING post_data_encoded (truncated): 
[17:32:52.287] [SQLiFuzz ca0] Response status: 200
[17:32:52.287] [SQLiFuzz ca0] Response URL: http://localhost:8081/a2_filtered.php?Submit=Submit&id=%291
[17:32:52.287] [SQLiFuzz ca0] Was redirected: False
[17:32:52.287] [SQLiFuzz ca0] Getting response: <!doctype html>
<html>
<body>
<form method="GET">
  <label>User ID: <input type="text" name="id"></label>
  <input type="submit" name="Submit" value="Submit">
</form>
<pre>INPUT REJECTED</pre>
[17:32:53.287] [SQLAnalysis] Read 1 new lines from SQL log file.
[17:32:53.288] [SQLAnalysis] Appended 1 parsed entries.
[17:32:53.288] [SQLAnalysis ca0] Extracted 622 Logs 2026-10-02 21:32:53.288314: [{'timestamp': '2026-10-02 21:32:52,277727', 'level': 'INFO', 'ip': '172.18.0.5', 'port': 41940, 'sql': 'USE db *#*#OK'}]
[17:32:53.288] [SQLAnalysis ca0] Updated param pairs: {'looked_value': ')1'}
[17:32:53.288] [SQLAnalysis ca0] Looked timestamp 2026-10-02 21:32:52.267467 -- 2026-10-02 21:32:52.283986
[17:32:53.293] [SQLAnalysis ca0] query_array to be checked: ['use', 'db']
[17:32:53.293] [SQLAnalysis ca0] normalized_query_array: ['use', 'db']
[17:32:53.293] [SQLiFuzz ca0] No weird chars exist: GET http://localhost:8081/a2_filtered.php | ['[string (False)(None)] Sec-Fetch-Dest=document', '[string (False)(None)] Sec-Fetch-Mode=navigate', '[string (False)(None)] Sec-Fetch-Site=same-origin', '[string (False)(None)] Sec-Fetch-User=?1', '[string (False)(None)] Priority=u=0, i', '[url (False)(None)] path0=a2_filtered.php', '[int (False)(None)] id=)1', '[string (False)(None)] Submit=Submit'] | None
[17:32:53.294] [SQLiFuzz 9c8] Getting prepared_target_request with ID 0a7 for test_SQLi iteration 8/70
[17:32:53.294] [SQLiFuzz 0a7] chosen_idx: 3 from 8
[17:32:53.294] [HTTPREQUEST 0a7] Getting matched paramval from found values: ['?1', '1']
[17:32:53.294] [HTTPREQUEST 0a7] Found matched paramval: [string (False)(None)] Sec-Fetch-User=?1
[17:32:53.294] [HTTPREQUEST 0a7] Found matched paramval: [int (False)(None)] id=1
[17:32:53.294] [SQLiFuzz 0a7] Prioritize to fuzz matched SQL value first: [int (False)(None)] id=1
[17:32:53.294] [SQLiFuzz 0a7] Mutation applied. old='1' char='.' strategy='front' new='.1'
[17:32:53.294] [HTTPREQUEST 0a7] Update url and body param from paramvals:
[17:32:53.294] [HTTPREQUEST None] New post_data_encoded: 
[17:32:53.294] [HTTPREQUEST None] New param encoded: Submit=Submit&id=.1
[17:32:53.294] [GENERALFUNCTION 0a7] ---SENDING THE REQUEST [1790976773-a1db9322-bd3d-45ce-83da-d966064710a7] TO : [GET] http://localhost:8081/a2_filtered.php?Submit=Submit&id=.1
[17:32:53.294] [GENERALFUNCTION 0a7] Post data encoded: 
[17:32:53.294] [GENERALFUNCTION 0a7] Adjusted Referer to http://localhost:8081/a2_filtered.php
[17:32:53.294] [GENERALFUNCTION 0a7] DEBUG OUTGOING request.full_url: http://localhost:8081/a2_filtered.php?Submit=Submit&id=.1
[17:32:53.294] [GENERALFUNCTION 0a7] DEBUG OUTGOING headers: {'Host': 'localhost:8081', 'User-Agent': 'Mozilla/5.0 (X11; Ubuntu; Linux x86_64; rv:155.0) Gecko/20100101 Firefox/155.0', 'Accept': 'text/html,application/xhtml+xml,application/xml;q=0.9,*/*;q=0.8', 'Accept-Language': 'en-US,en;q=0.9', 'Accept-Encoding': 'gzip, deflate, br, zstd', 'Connection': 'keep-alive', 'Referer': 'http://localhost:8081/a2_filtered.php', 'Cookie': 'PHPSESSID=885a673eaaf625374cc2fff3bc51861d; security=impossible', 'Upgrade-Insecure-Requests': '1', 'Sec-Fetch-Dest': 'document', 'Sec-Fetch-Mode': 'navigate', 'Sec-Fetch-Site': 'same-origin', 'Sec-Fetch-User': '?1', 'Priority': 'u=0, i'}
[17:32:53.294] [GENERALFUNCTION 0a7] DEBUG OUTGOING post_data_encoded (truncated): 
[17:32:53.315] [SQLiFuzz 0a7] Response status: 200
[17:32:53.315] [SQLiFuzz 0a7] Response URL: http://localhost:8081/a2_filtered.php?Submit=Submit&id=.1
[17:32:53.315] [SQLiFuzz 0a7] Was redirected: False
[17:32:53.316] [SQLiFuzz 0a7] Getting response: <!doctype html>
<html>
<body>
<form method="GET">
  <label>User ID: <input type="text" name="id"></label>
  <input type="submit" name="Submit" value="Submit">
</form>
<pre>INPUT REJECTED</pre>
[17:32:54.316] [SQLAnalysis] Read 1 new lines from SQL log file.
[17:32:54.317] [SQLAnalysis] Appended 1 parsed entries.
[17:32:54.317] [SQLAnalysis 0a7] Extracted 623 Logs 2026-10-02 21:32:54.317167: [{'timestamp': '2026-10-02 21:32:53,305460', 'level': 'INFO', 'ip': '172.18.0.5', 'port': 41956, 'sql': 'USE db *#*#OK'}]
[17:32:54.317] [SQLAnalysis 0a7] Updated param pairs: {'looked_value': '.1'}
[17:32:54.317] [SQLAnalysis 0a7] Looked timestamp 2026-10-02 21:32:53.294896 -- 2026-10-02 21:32:53.312058
[17:32:54.324] [SQLAnalysis 0a7] query_array to be checked: ['use', 'db']
[17:32:54.324] [SQLAnalysis 0a7] normalized_query_array: ['use', 'db']
[17:32:54.324] [SQLiFuzz 0a7] No weird chars exist: GET http://localhost:8081/a2_filtered.php | ['[string (False)(None)] Sec-Fetch-Dest=document', '[string (False)(None)] Sec-Fetch-Mode=navigate', '[string (False)(None)] Sec-Fetch-Site=same-origin', '[string (False)(None)] Sec-Fetch-User=?1', '[string (False)(None)] Priority=u=0, i', '[url (False)(None)] path0=a2_filtered.php', '[int (False)(None)] id=.1', '[string (False)(None)] Submit=Submit'] | None
[17:32:54.324] [SQLiFuzz 9c8] Getting prepared_target_request with ID e20 for test_SQLi iteration 9/70
[17:32:54.324] [SQLiFuzz e20] chosen_idx: 5 from 8
[17:32:54.324] [HTTPREQUEST e20] Getting matched paramval from found values: ['?1', '1']
[17:32:54.324] [HTTPREQUEST e20] Found matched paramval: [string (False)(None)] Sec-Fetch-User=?1
[17:32:54.324] [HTTPREQUEST e20] Found matched paramval: [int (False)(None)] id=1
[17:32:54.325] [SQLiFuzz e20] Prioritize to fuzz matched SQL value first: [int (False)(None)] id=1
[17:32:54.325] [SQLiFuzz e20] Mutation applied. old='1' char='{' strategy='random' new='1{'
[17:32:54.325] [HTTPREQUEST e20] Update url and body param from paramvals:
[17:32:54.325] [HTTPREQUEST None] New post_data_encoded: 
[17:32:54.325] [HTTPREQUEST None] New param encoded: Submit=Submit&id=1%7B
[17:32:54.325] [GENERALFUNCTION e20] ---SENDING THE REQUEST [1790976774-f4d83d69-6497-4c4e-a8fc-c9629461fe20] TO : [GET] http://localhost:8081/a2_filtered.php?Submit=Submit&id=1%7B
[17:32:54.325] [GENERALFUNCTION e20] Post data encoded: 
[17:32:54.325] [GENERALFUNCTION e20] Adjusted Referer to http://localhost:8081/a2_filtered.php
[17:32:54.325] [GENERALFUNCTION e20] DEBUG OUTGOING request.full_url: http://localhost:8081/a2_filtered.php?Submit=Submit&id=1%7B
[17:32:54.325] [GENERALFUNCTION e20] DEBUG OUTGOING headers: {'Host': 'localhost:8081', 'User-Agent': 'Mozilla/5.0 (X11; Ubuntu; Linux x86_64; rv:155.0) Gecko/20100101 Firefox/155.0', 'Accept': 'text/html,application/xhtml+xml,application/xml;q=0.9,*/*;q=0.8', 'Accept-Language': 'en-US,en;q=0.9', 'Accept-Encoding': 'gzip, deflate, br, zstd', 'Connection': 'keep-alive', 'Referer': 'http://localhost:8081/a2_filtered.php', 'Cookie': 'PHPSESSID=885a673eaaf625374cc2fff3bc51861d; security=impossible', 'Upgrade-Insecure-Requests': '1', 'Sec-Fetch-Dest': 'document', 'Sec-Fetch-Mode': 'navigate', 'Sec-Fetch-Site': 'same-origin', 'Sec-Fetch-User': '?1', 'Priority': 'u=0, i'}
[17:32:54.325] [GENERALFUNCTION e20] DEBUG OUTGOING post_data_encoded (truncated): 
[17:32:54.353] [SQLiFuzz e20] Response status: 200
[17:32:54.353] [SQLiFuzz e20] Response URL: http://localhost:8081/a2_filtered.php?Submit=Submit&id=1%7B
[17:32:54.354] [SQLiFuzz e20] Was redirected: False
[17:32:54.354] [SQLiFuzz e20] Getting response: <!doctype html>
<html>
<body>
<form method="GET">
  <label>User ID: <input type="text" name="id"></label>
  <input type="submit" name="Submit" value="Submit">
</form>
<pre>INPUT REJECTED</pre>
[17:32:55.354] [SQLAnalysis] Read 1 new lines from SQL log file.
[17:32:55.355] [SQLAnalysis] Appended 1 parsed entries.
[17:32:55.355] [SQLAnalysis e20] Extracted 624 Logs 2026-10-02 21:32:55.355761: [{'timestamp': '2026-10-02 21:32:54,339255', 'level': 'INFO', 'ip': '172.18.0.5', 'port': 41974, 'sql': 'USE db *#*#OK'}]
[17:32:55.356] [SQLAnalysis e20] Updated param pairs: {'looked_value': '1{'}
[17:32:55.356] [SQLAnalysis e20] Looked timestamp 2026-10-02 21:32:54.325899 -- 2026-10-02 21:32:54.349468
[17:32:55.362] [SQLAnalysis e20] query_array to be checked: ['use', 'db']
[17:32:55.363] [SQLAnalysis e20] normalized_query_array: ['use', 'db']
[17:32:55.363] [SQLiFuzz e20] No weird chars exist: GET http://localhost:8081/a2_filtered.php | ['[string (False)(None)] Sec-Fetch-Dest=document', '[string (False)(None)] Sec-Fetch-Mode=navigate', '[string (False)(None)] Sec-Fetch-Site=same-origin', '[string (False)(None)] Sec-Fetch-User=?1', '[string (False)(None)] Priority=u=0, i', '[url (False)(None)] path0=a2_filtered.php', '[int (False)(None)] id=1{', '[string (False)(None)] Submit=Submit'] | None
[17:32:55.363] [SQLiFuzz 9c8] Getting prepared_target_request with ID 81e for test_SQLi iteration 10/70
[17:32:55.363] [SQLiFuzz 81e] chosen_idx: 7 from 8
[17:32:55.363] [HTTPREQUEST 81e] Getting matched paramval from found values: ['?1', '1']
[17:32:55.364] [HTTPREQUEST 81e] Found matched paramval: [string (False)(None)] Sec-Fetch-User=?1
[17:32:55.364] [HTTPREQUEST 81e] Found matched paramval: [int (False)(None)] id=1
[17:32:55.364] [SQLiFuzz 81e] Prioritize to fuzz matched SQL value first: [int (False)(None)] id=1
[17:32:55.364] [SQLiFuzz 81e] Mutation applied. old='1' char='&' strategy='front' new='&1'
[17:32:55.364] [HTTPREQUEST 81e] Update url and body param from paramvals:
[17:32:55.364] [HTTPREQUEST None] New post_data_encoded: 
[17:32:55.364] [HTTPREQUEST None] New param encoded: Submit=Submit&id=%261
[17:32:55.364] [GENERALFUNCTION 81e] ---SENDING THE REQUEST [1790976775-43597577-d5c9-4d5f-b8d8-e6fe37ca081e] TO : [GET] http://localhost:8081/a2_filtered.php?Submit=Submit&id=%261
[17:32:55.364] [GENERALFUNCTION 81e] Post data encoded: 
[17:32:55.364] [GENERALFUNCTION 81e] Adjusted Referer to http://localhost:8081/a2_filtered.php
[17:32:55.364] [GENERALFUNCTION 81e] DEBUG OUTGOING request.full_url: http://localhost:8081/a2_filtered.php?Submit=Submit&id=%261
[17:32:55.364] [GENERALFUNCTION 81e] DEBUG OUTGOING headers: {'Host': 'localhost:8081', 'User-Agent': 'Mozilla/5.0 (X11; Ubuntu; Linux x86_64; rv:155.0) Gecko/20100101 Firefox/155.0', 'Accept': 'text/html,application/xhtml+xml,application/xml;q=0.9,*/*;q=0.8', 'Accept-Language': 'en-US,en;q=0.9', 'Accept-Encoding': 'gzip, deflate, br, zstd', 'Connection': 'keep-alive', 'Referer': 'http://localhost:8081/a2_filtered.php', 'Cookie': 'PHPSESSID=885a673eaaf625374cc2fff3bc51861d; security=impossible', 'Upgrade-Insecure-Requests': '1', 'Sec-Fetch-Dest': 'document', 'Sec-Fetch-Mode': 'navigate', 'Sec-Fetch-Site': 'same-origin', 'Sec-Fetch-User': '?1', 'Priority': 'u=0, i'}
[17:32:55.364] [GENERALFUNCTION 81e] DEBUG OUTGOING post_data_encoded (truncated): 
[17:32:55.402] [SQLiFuzz 81e] Response status: 200
[17:32:55.403] [SQLiFuzz 81e] Response URL: http://localhost:8081/a2_filtered.php?Submit=Submit&id=%261
[17:32:55.403] [SQLiFuzz 81e] Was redirected: False
[17:32:55.403] [SQLiFuzz 81e] Getting response: <!doctype html>
<html>
<body>
<form method="GET">
  <label>User ID: <input type="text" name="id"></label>
  <input type="submit" name="Submit" value="Submit">
</form>
<pre>INPUT REJECTED</pre>
[17:32:56.404] [SQLAnalysis] Read 1 new lines from SQL log file.
[17:32:56.404] [SQLAnalysis] Appended 1 parsed entries.
[17:32:56.404] [SQLAnalysis 81e] Extracted 625 Logs 2026-10-02 21:32:56.404867: [{'timestamp': '2026-10-02 21:32:55,387713', 'level': 'INFO', 'ip': '172.18.0.5', 'port': 41984, 'sql': 'USE db *#*#OK'}]
[17:32:56.405] [SQLAnalysis 81e] Updated param pairs: {'looked_value': '&1'}
[17:32:56.405] [SQLAnalysis 81e] Looked timestamp 2026-10-02 21:32:55.364969 -- 2026-10-02 21:32:55.399434
[17:32:56.413] [SQLAnalysis 81e] query_array to be checked: ['use', 'db']
[17:32:56.413] [SQLAnalysis 81e] normalized_query_array: ['use', 'db']
[17:32:56.413] [SQLiFuzz 81e] No weird chars exist: GET http://localhost:8081/a2_filtered.php | ['[string (False)(None)] Sec-Fetch-Dest=document', '[string (False)(None)] Sec-Fetch-Mode=navigate', '[string (False)(None)] Sec-Fetch-Site=same-origin', '[string (False)(None)] Sec-Fetch-User=?1', '[string (False)(None)] Priority=u=0, i', '[url (False)(None)] path0=a2_filtered.php', '[int (False)(None)] id=&1', '[string (False)(None)] Submit=Submit'] | None
[17:32:56.414] [SQLiFuzz 9c8] Getting prepared_target_request with ID ae2 for test_SQLi iteration 11/70
[17:32:56.414] [SQLiFuzz ae2] chosen_idx: 5 from 8
[17:32:56.414] [HTTPREQUEST ae2] Getting matched paramval from found values: ['?1', '1']
[17:32:56.414] [HTTPREQUEST ae2] Found matched paramval: [string (False)(None)] Sec-Fetch-User=?1
[17:32:56.414] [HTTPREQUEST ae2] Found matched paramval: [int (False)(None)] id=1
[17:32:56.414] [SQLiFuzz ae2] Prioritize to fuzz matched SQL value first: [int (False)(None)] id=1
[17:32:56.414] [SQLiFuzz ae2] Mutation applied. old='1' char='^' strategy='drop' new='^'
[17:32:56.414] [HTTPREQUEST ae2] Update url and body param from paramvals:
[17:32:56.414] [HTTPREQUEST None] New post_data_encoded: 
[17:32:56.414] [HTTPREQUEST None] New param encoded: Submit=Submit&id=%5E
[17:32:56.414] [GENERALFUNCTION ae2] ---SENDING THE REQUEST [1790976776-44a533fd-998e-4860-a6cd-72724cc45ae2] TO : [GET] http://localhost:8081/a2_filtered.php?Submit=Submit&id=%5E
[17:32:56.414] [GENERALFUNCTION ae2] Post data encoded: 
[17:32:56.414] [GENERALFUNCTION ae2] Adjusted Referer to http://localhost:8081/a2_filtered.php
[17:32:56.415] [GENERALFUNCTION ae2] DEBUG OUTGOING request.full_url: http://localhost:8081/a2_filtered.php?Submit=Submit&id=%5E
[17:32:56.415] [GENERALFUNCTION ae2] DEBUG OUTGOING headers: {'Host': 'localhost:8081', 'User-Agent': 'Mozilla/5.0 (X11; Ubuntu; Linux x86_64; rv:155.0) Gecko/20100101 Firefox/155.0', 'Accept': 'text/html,application/xhtml+xml,application/xml;q=0.9,*/*;q=0.8', 'Accept-Language': 'en-US,en;q=0.9', 'Accept-Encoding': 'gzip, deflate, br, zstd', 'Connection': 'keep-alive', 'Referer': 'http://localhost:8081/a2_filtered.php', 'Cookie': 'PHPSESSID=885a673eaaf625374cc2fff3bc51861d; security=impossible', 'Upgrade-Insecure-Requests': '1', 'Sec-Fetch-Dest': 'document', 'Sec-Fetch-Mode': 'navigate', 'Sec-Fetch-Site': 'same-origin', 'Sec-Fetch-User': '?1', 'Priority': 'u=0, i'}
[17:32:56.415] [GENERALFUNCTION ae2] DEBUG OUTGOING post_data_encoded (truncated): 
[17:32:56.444] [SQLiFuzz ae2] Response status: 200
[17:32:56.444] [SQLiFuzz ae2] Response URL: http://localhost:8081/a2_filtered.php?Submit=Submit&id=%5E
[17:32:56.444] [SQLiFuzz ae2] Was redirected: False
[17:32:56.444] [SQLiFuzz ae2] Getting response: <!doctype html>
<html>
<body>
<form method="GET">
  <label>User ID: <input type="text" name="id"></label>
  <input type="submit" name="Submit" value="Submit">
</form>
<pre>INPUT REJECTED</pre>
[17:32:57.445] [SQLAnalysis] Read 1 new lines from SQL log file.
[17:32:57.446] [SQLAnalysis] Appended 1 parsed entries.
[17:32:57.446] [SQLAnalysis ae2] Extracted 626 Logs 2026-10-02 21:32:57.446354: [{'timestamp': '2026-10-02 21:32:56,428535', 'level': 'INFO', 'ip': '172.18.0.5', 'port': 42008, 'sql': 'USE db *#*#OK'}]
[17:32:57.446] [SQLAnalysis ae2] Updated param pairs: {'looked_value': '^'}
[17:32:57.446] [SQLAnalysis ae2] Looked timestamp 2026-10-02 21:32:56.415297 -- 2026-10-02 21:32:56.439783
[17:32:57.453] [SQLAnalysis ae2] query_array to be checked: ['use', 'db']
[17:32:57.453] [SQLAnalysis ae2] normalized_query_array: ['use', 'db']
[17:32:57.453] [SQLiFuzz ae2] No weird chars exist: GET http://localhost:8081/a2_filtered.php | ['[string (False)(None)] Sec-Fetch-Dest=document', '[string (False)(None)] Sec-Fetch-Mode=navigate', '[string (False)(None)] Sec-Fetch-Site=same-origin', '[string (False)(None)] Sec-Fetch-User=?1', '[string (False)(None)] Priority=u=0, i', '[url (False)(None)] path0=a2_filtered.php', '[int (False)(None)] id=^', '[string (False)(None)] Submit=Submit'] | None
[17:32:57.454] [SQLiFuzz 9c8] Getting prepared_target_request with ID 4a1 for test_SQLi iteration 12/70
[17:32:57.454] [SQLiFuzz 4a1] chosen_idx: 5 from 8
[17:32:57.454] [HTTPREQUEST 4a1] Getting matched paramval from found values: ['?1', '1']
[17:32:57.454] [HTTPREQUEST 4a1] Found matched paramval: [string (False)(None)] Sec-Fetch-User=?1
[17:32:57.455] [HTTPREQUEST 4a1] Found matched paramval: [int (False)(None)] id=1
[17:32:57.455] [SQLiFuzz 4a1] Prioritize to fuzz matched SQL value first: [int (False)(None)] id=1
[17:32:57.455] [SQLiFuzz 4a1] Mutation applied. old='1' char='{' strategy='drop' new='{'
[17:32:57.455] [HTTPREQUEST 4a1] Update url and body param from paramvals:
[17:32:57.455] [HTTPREQUEST None] New post_data_encoded: 
[17:32:57.455] [HTTPREQUEST None] New param encoded: Submit=Submit&id=%7B
[17:32:57.455] [GENERALFUNCTION 4a1] ---SENDING THE REQUEST [1790976777-3adb7c26-9e54-4d49-90eb-2d04d386c4a1] TO : [GET] http://localhost:8081/a2_filtered.php?Submit=Submit&id=%7B
[17:32:57.455] [GENERALFUNCTION 4a1] Post data encoded: 
[17:32:57.456] [GENERALFUNCTION 4a1] Adjusted Referer to http://localhost:8081/a2_filtered.php
[17:32:57.456] [GENERALFUNCTION 4a1] DEBUG OUTGOING request.full_url: http://localhost:8081/a2_filtered.php?Submit=Submit&id=%7B
[17:32:57.456] [GENERALFUNCTION 4a1] DEBUG OUTGOING headers: {'Host': 'localhost:8081', 'User-Agent': 'Mozilla/5.0 (X11; Ubuntu; Linux x86_64; rv:155.0) Gecko/20100101 Firefox/155.0', 'Accept': 'text/html,application/xhtml+xml,application/xml;q=0.9,*/*;q=0.8', 'Accept-Language': 'en-US,en;q=0.9', 'Accept-Encoding': 'gzip, deflate, br, zstd', 'Connection': 'keep-alive', 'Referer': 'http://localhost:8081/a2_filtered.php', 'Cookie': 'PHPSESSID=885a673eaaf625374cc2fff3bc51861d; security=impossible', 'Upgrade-Insecure-Requests': '1', 'Sec-Fetch-Dest': 'document', 'Sec-Fetch-Mode': 'navigate', 'Sec-Fetch-Site': 'same-origin', 'Sec-Fetch-User': '?1', 'Priority': 'u=0, i'}
[17:32:57.456] [GENERALFUNCTION 4a1] DEBUG OUTGOING post_data_encoded (truncated): 
[17:32:57.485] [SQLiFuzz 4a1] Response status: 200
[17:32:57.485] [SQLiFuzz 4a1] Response URL: http://localhost:8081/a2_filtered.php?Submit=Submit&id=%7B
[17:32:57.485] [SQLiFuzz 4a1] Was redirected: False
[17:32:57.485] [SQLiFuzz 4a1] Getting response: <!doctype html>
<html>
<body>
<form method="GET">
  <label>User ID: <input type="text" name="id"></label>
  <input type="submit" name="Submit" value="Submit">
</form>
<pre>INPUT REJECTED</pre>
[17:32:58.486] [SQLAnalysis] Read 1 new lines from SQL log file.
[17:32:58.486] [SQLAnalysis] Appended 1 parsed entries.
[17:32:58.486] [SQLAnalysis 4a1] Extracted 627 Logs 2026-10-02 21:32:58.486575: [{'timestamp': '2026-10-02 21:32:57,473134', 'level': 'INFO', 'ip': '172.18.0.5', 'port': 42026, 'sql': 'USE db *#*#OK'}]
[17:32:58.486] [SQLAnalysis 4a1] Updated param pairs: {'looked_value': '{'}
[17:32:58.486] [SQLAnalysis 4a1] Looked timestamp 2026-10-02 21:32:57.456379 -- 2026-10-02 21:32:57.481613
[17:32:58.494] [SQLAnalysis 4a1] query_array to be checked: ['use', 'db']
[17:32:58.494] [SQLAnalysis 4a1] normalized_query_array: ['use', 'db']
[17:32:58.494] [SQLiFuzz 4a1] No weird chars exist: GET http://localhost:8081/a2_filtered.php | ['[string (False)(None)] Sec-Fetch-Dest=document', '[string (False)(None)] Sec-Fetch-Mode=navigate', '[string (False)(None)] Sec-Fetch-Site=same-origin', '[string (False)(None)] Sec-Fetch-User=?1', '[string (False)(None)] Priority=u=0, i', '[url (False)(None)] path0=a2_filtered.php', '[int (False)(None)] id={', '[string (False)(None)] Submit=Submit'] | None
[17:32:58.494] [SQLiFuzz 9c8] Getting prepared_target_request with ID 410 for test_SQLi iteration 13/70
[17:32:58.494] [SQLiFuzz 410] chosen_idx: 5 from 8
[17:32:58.494] [HTTPREQUEST 410] Getting matched paramval from found values: ['?1', '1']
[17:32:58.495] [HTTPREQUEST 410] Found matched paramval: [string (False)(None)] Sec-Fetch-User=?1
[17:32:58.495] [HTTPREQUEST 410] Found matched paramval: [int (False)(None)] id=1
[17:32:58.495] [SQLiFuzz 410] Prioritize to fuzz matched SQL value first: [int (False)(None)] id=1
[17:32:58.495] [SQLiFuzz 410] Mutation applied. old='1' char=':' strategy='drop' new=':'
[17:32:58.495] [HTTPREQUEST 410] Update url and body param from paramvals:
[17:32:58.495] [HTTPREQUEST None] New post_data_encoded: 
[17:32:58.495] [HTTPREQUEST None] New param encoded: Submit=Submit&id=%3A
[17:32:58.495] [GENERALFUNCTION 410] ---SENDING THE REQUEST [1790976778-b066e2d8-fd19-466c-91ac-566e7db3f410] TO : [GET] http://localhost:8081/a2_filtered.php?Submit=Submit&id=%3A
[17:32:58.495] [GENERALFUNCTION 410] Post data encoded: 
[17:32:58.495] [GENERALFUNCTION 410] Adjusted Referer to http://localhost:8081/a2_filtered.php
[17:32:58.495] [GENERALFUNCTION 410] DEBUG OUTGOING request.full_url: http://localhost:8081/a2_filtered.php?Submit=Submit&id=%3A
[17:32:58.495] [GENERALFUNCTION 410] DEBUG OUTGOING headers: {'Host': 'localhost:8081', 'User-Agent': 'Mozilla/5.0 (X11; Ubuntu; Linux x86_64; rv:155.0) Gecko/20100101 Firefox/155.0', 'Accept': 'text/html,application/xhtml+xml,application/xml;q=0.9,*/*;q=0.8', 'Accept-Language': 'en-US,en;q=0.9', 'Accept-Encoding': 'gzip, deflate, br, zstd', 'Connection': 'keep-alive', 'Referer': 'http://localhost:8081/a2_filtered.php', 'Cookie': 'PHPSESSID=885a673eaaf625374cc2fff3bc51861d; security=impossible', 'Upgrade-Insecure-Requests': '1', 'Sec-Fetch-Dest': 'document', 'Sec-Fetch-Mode': 'navigate', 'Sec-Fetch-Site': 'same-origin', 'Sec-Fetch-User': '?1', 'Priority': 'u=0, i'}
[17:32:58.495] [GENERALFUNCTION 410] DEBUG OUTGOING post_data_encoded (truncated): 
[17:32:58.517] [SQLiFuzz 410] Response status: 200
[17:32:58.517] [SQLiFuzz 410] Response URL: http://localhost:8081/a2_filtered.php?Submit=Submit&id=%3A
[17:32:58.517] [SQLiFuzz 410] Was redirected: False
[17:32:58.517] [SQLiFuzz 410] Getting response: <!doctype html>
<html>
<body>
<form method="GET">
  <label>User ID: <input type="text" name="id"></label>
  <input type="submit" name="Submit" value="Submit">
</form>
<pre>INPUT REJECTED</pre>
[17:32:59.518] [SQLAnalysis] Read 1 new lines from SQL log file.
[17:32:59.518] [SQLAnalysis] Appended 1 parsed entries.
[17:32:59.518] [SQLAnalysis 410] Extracted 628 Logs 2026-10-02 21:32:59.518548: [{'timestamp': '2026-10-02 21:32:58,507884', 'level': 'INFO', 'ip': '172.18.0.5', 'port': 42046, 'sql': 'USE db *#*#OK'}]
[17:32:59.518] [SQLAnalysis 410] Updated param pairs: {'looked_value': ':'}
[17:32:59.518] [SQLAnalysis 410] Looked timestamp 2026-10-02 21:32:58.495914 -- 2026-10-02 21:32:58.514237
[17:32:59.523] [SQLAnalysis 410] query_array to be checked: ['use', 'db']
[17:32:59.523] [SQLAnalysis 410] normalized_query_array: ['use', 'db']
[17:32:59.523] [SQLiFuzz 410] No weird chars exist: GET http://localhost:8081/a2_filtered.php | ['[string (False)(None)] Sec-Fetch-Dest=document', '[string (False)(None)] Sec-Fetch-Mode=navigate', '[string (False)(None)] Sec-Fetch-Site=same-origin', '[string (False)(None)] Sec-Fetch-User=?1', '[string (False)(None)] Priority=u=0, i', '[url (False)(None)] path0=a2_filtered.php', '[int (False)(None)] id=:', '[string (False)(None)] Submit=Submit'] | None
[17:32:59.523] [SQLiFuzz 9c8] Getting prepared_target_request with ID e37 for test_SQLi iteration 14/70
[17:32:59.523] [SQLiFuzz e37] chosen_idx: 0 from 8
[17:32:59.523] [HTTPREQUEST e37] Getting matched paramval from found values: ['?1', '1']
[17:32:59.523] [HTTPREQUEST e37] Found matched paramval: [string (False)(None)] Sec-Fetch-User=?1
[17:32:59.523] [HTTPREQUEST e37] Found matched paramval: [int (False)(None)] id=1
[17:32:59.524] [SQLiFuzz e37] Prioritize to fuzz matched SQL value first: [int (False)(None)] id=1
[17:32:59.524] [SQLiFuzz e37] Mutation applied. old='1' char='&' strategy='tail' new='1&'
[17:32:59.524] [HTTPREQUEST e37] Update url and body param from paramvals:
[17:32:59.524] [HTTPREQUEST None] New post_data_encoded: 
[17:32:59.524] [HTTPREQUEST None] New param encoded: Submit=Submit&id=1%26
[17:32:59.524] [GENERALFUNCTION e37] ---SENDING THE REQUEST [1790976779-82d1b499-0215-4bcd-9452-9a289793ee37] TO : [GET] http://localhost:8081/a2_filtered.php?Submit=Submit&id=1%26
[17:32:59.524] [GENERALFUNCTION e37] Post data encoded: 
[17:32:59.524] [GENERALFUNCTION e37] Adjusted Referer to http://localhost:8081/a2_filtered.php
[17:32:59.524] [GENERALFUNCTION e37] DEBUG OUTGOING request.full_url: http://localhost:8081/a2_filtered.php?Submit=Submit&id=1%26
[17:32:59.524] [GENERALFUNCTION e37] DEBUG OUTGOING headers: {'Host': 'localhost:8081', 'User-Agent': 'Mozilla/5.0 (X11; Ubuntu; Linux x86_64; rv:155.0) Gecko/20100101 Firefox/155.0', 'Accept': 'text/html,application/xhtml+xml,application/xml;q=0.9,*/*;q=0.8', 'Accept-Language': 'en-US,en;q=0.9', 'Accept-Encoding': 'gzip, deflate, br, zstd', 'Connection': 'keep-alive', 'Referer': 'http://localhost:8081/a2_filtered.php', 'Cookie': 'PHPSESSID=885a673eaaf625374cc2fff3bc51861d; security=impossible', 'Upgrade-Insecure-Requests': '1', 'Sec-Fetch-Dest': 'document', 'Sec-Fetch-Mode': 'navigate', 'Sec-Fetch-Site': 'same-origin', 'Sec-Fetch-User': '?1', 'Priority': 'u=0, i'}
[17:32:59.524] [GENERALFUNCTION e37] DEBUG OUTGOING post_data_encoded (truncated): 
[17:32:59.546] [SQLiFuzz e37] Response status: 200
[17:32:59.546] [SQLiFuzz e37] Response URL: http://localhost:8081/a2_filtered.php?Submit=Submit&id=1%26
[17:32:59.546] [SQLiFuzz e37] Was redirected: False
[17:32:59.546] [SQLiFuzz e37] Getting response: <!doctype html>
<html>
<body>
<form method="GET">
  <label>User ID: <input type="text" name="id"></label>
  <input type="submit" name="Submit" value="Submit">
</form>
<pre>INPUT REJECTED</pre>
[17:33:00.547] [SQLAnalysis] Read 1 new lines from SQL log file.
[17:33:00.547] [SQLAnalysis] Appended 1 parsed entries.
[17:33:00.547] [SQLAnalysis e37] Extracted 629 Logs 2026-10-02 21:33:00.547866: [{'timestamp': '2026-10-02 21:32:59,536641', 'level': 'INFO', 'ip': '172.18.0.5', 'port': 42070, 'sql': 'USE db *#*#OK'}]
[17:33:00.548] [SQLAnalysis e37] Updated param pairs: {'looked_value': '1&'}
[17:33:00.548] [SQLAnalysis e37] Looked timestamp 2026-10-02 21:32:59.524721 -- 2026-10-02 21:32:59.543389
[17:33:00.554] [SQLAnalysis e37] query_array to be checked: ['use', 'db']
[17:33:00.554] [SQLAnalysis e37] normalized_query_array: ['use', 'db']
[17:33:00.554] [SQLiFuzz e37] No weird chars exist: GET http://localhost:8081/a2_filtered.php | ['[string (False)(None)] Sec-Fetch-Dest=document', '[string (False)(None)] Sec-Fetch-Mode=navigate', '[string (False)(None)] Sec-Fetch-Site=same-origin', '[string (False)(None)] Sec-Fetch-User=?1', '[string (False)(None)] Priority=u=0, i', '[url (False)(None)] path0=a2_filtered.php', '[int (False)(None)] id=1&', '[string (False)(None)] Submit=Submit'] | None
[17:33:00.554] [SQLiFuzz 9c8] Getting prepared_target_request with ID 6bd for test_SQLi iteration 15/70
[17:33:00.555] [SQLiFuzz 6bd] chosen_idx: 1 from 8
[17:33:00.555] [HTTPREQUEST 6bd] Getting matched paramval from found values: ['?1', '1']
[17:33:00.555] [HTTPREQUEST 6bd] Found matched paramval: [string (False)(None)] Sec-Fetch-User=?1
[17:33:00.555] [HTTPREQUEST 6bd] Found matched paramval: [int (False)(None)] id=1
[17:33:00.555] [SQLiFuzz 6bd] Prioritize to fuzz matched SQL value first: [int (False)(None)] id=1
[17:33:00.555] [SQLiFuzz 6bd] Mutation applied. old='1' char='.' strategy='front' new='.1'
[17:33:00.555] [HTTPREQUEST 6bd] Update url and body param from paramvals:
[17:33:00.555] [HTTPREQUEST None] New post_data_encoded: 
[17:33:00.555] [HTTPREQUEST None] New param encoded: Submit=Submit&id=.1
[17:33:00.555] [GENERALFUNCTION 6bd] ---SENDING THE REQUEST [1790976780-b33d8503-bea9-4f89-8538-20ac26e136bd] TO : [GET] http://localhost:8081/a2_filtered.php?Submit=Submit&id=.1
[17:33:00.555] [GENERALFUNCTION 6bd] Post data encoded: 
[17:33:00.555] [GENERALFUNCTION 6bd] Adjusted Referer to http://localhost:8081/a2_filtered.php
[17:33:00.555] [GENERALFUNCTION 6bd] DEBUG OUTGOING request.full_url: http://localhost:8081/a2_filtered.php?Submit=Submit&id=.1
[17:33:00.555] [GENERALFUNCTION 6bd] DEBUG OUTGOING headers: {'Host': 'localhost:8081', 'User-Agent': 'Mozilla/5.0 (X11; Ubuntu; Linux x86_64; rv:155.0) Gecko/20100101 Firefox/155.0', 'Accept': 'text/html,application/xhtml+xml,application/xml;q=0.9,*/*;q=0.8', 'Accept-Language': 'en-US,en;q=0.9', 'Accept-Encoding': 'gzip, deflate, br, zstd', 'Connection': 'keep-alive', 'Referer': 'http://localhost:8081/a2_filtered.php', 'Cookie': 'PHPSESSID=885a673eaaf625374cc2fff3bc51861d; security=impossible', 'Upgrade-Insecure-Requests': '1', 'Sec-Fetch-Dest': 'document', 'Sec-Fetch-Mode': 'navigate', 'Sec-Fetch-Site': 'same-origin', 'Sec-Fetch-User': '?1', 'Priority': 'u=0, i'}
[17:33:00.555] [GENERALFUNCTION 6bd] DEBUG OUTGOING post_data_encoded (truncated): 
[17:33:00.577] [SQLiFuzz 6bd] Response status: 200
[17:33:00.577] [SQLiFuzz 6bd] Response URL: http://localhost:8081/a2_filtered.php?Submit=Submit&id=.1
[17:33:00.577] [SQLiFuzz 6bd] Was redirected: False
[17:33:00.577] [SQLiFuzz 6bd] Getting response: <!doctype html>
<html>
<body>
<form method="GET">
  <label>User ID: <input type="text" name="id"></label>
  <input type="submit" name="Submit" value="Submit">
</form>
<pre>INPUT REJECTED</pre>
[17:33:01.577] [SQLAnalysis] Read 1 new lines from SQL log file.
[17:33:01.577] [SQLAnalysis] Appended 1 parsed entries.
[17:33:01.577] [SQLAnalysis 6bd] Extracted 630 Logs 2026-10-02 21:33:01.577967: [{'timestamp': '2026-10-02 21:33:00,566526', 'level': 'INFO', 'ip': '172.18.0.5', 'port': 42090, 'sql': 'USE db *#*#OK'}]
[17:33:01.578] [SQLAnalysis 6bd] Updated param pairs: {'looked_value': '.1'}
[17:33:01.578] [SQLAnalysis 6bd] Looked timestamp 2026-10-02 21:33:00.556037 -- 2026-10-02 21:33:00.573669
[17:33:01.581] [SQLAnalysis 6bd] query_array to be checked: ['use', 'db']
[17:33:01.581] [SQLAnalysis 6bd] normalized_query_array: ['use', 'db']
[17:33:01.581] [SQLiFuzz 6bd] No weird chars exist: GET http://localhost:8081/a2_filtered.php | ['[string (False)(None)] Sec-Fetch-Dest=document', '[string (False)(None)] Sec-Fetch-Mode=navigate', '[string (False)(None)] Sec-Fetch-Site=same-origin', '[string (False)(None)] Sec-Fetch-User=?1', '[string (False)(None)] Priority=u=0, i', '[url (False)(None)] path0=a2_filtered.php', '[int (False)(None)] id=.1', '[string (False)(None)] Submit=Submit'] | None
[17:33:01.582] [SQLiFuzz 9c8] Getting prepared_target_request with ID ea4 for test_SQLi iteration 16/70
[17:33:01.582] [SQLiFuzz ea4] chosen_idx: 6 from 8
[17:33:01.582] [HTTPREQUEST ea4] Getting matched paramval from found values: ['?1', '1']
[17:33:01.582] [HTTPREQUEST ea4] Found matched paramval: [string (False)(None)] Sec-Fetch-User=?1
[17:33:01.582] [HTTPREQUEST ea4] Found matched paramval: [int (False)(None)] id=1
[17:33:01.582] [SQLiFuzz ea4] Prioritize to fuzz matched SQL value first: [int (False)(None)] id=1
[17:33:01.582] [SQLiFuzz ea4] Mutation applied. old='1' char='#' strategy='front' new='#1'
[17:33:01.582] [HTTPREQUEST ea4] Update url and body param from paramvals:
[17:33:01.582] [HTTPREQUEST None] New post_data_encoded: 
[17:33:01.582] [HTTPREQUEST None] New param encoded: Submit=Submit&id=%231
[17:33:01.582] [GENERALFUNCTION ea4] ---SENDING THE REQUEST [1790976781-663c8324-4224-4e46-8187-99b688904ea4] TO : [GET] http://localhost:8081/a2_filtered.php?Submit=Submit&id=%231
[17:33:01.582] [GENERALFUNCTION ea4] Post data encoded: 
[17:33:01.582] [GENERALFUNCTION ea4] Adjusted Referer to http://localhost:8081/a2_filtered.php
[17:33:01.582] [GENERALFUNCTION ea4] DEBUG OUTGOING request.full_url: http://localhost:8081/a2_filtered.php?Submit=Submit&id=%231
[17:33:01.582] [GENERALFUNCTION ea4] DEBUG OUTGOING headers: {'Host': 'localhost:8081', 'User-Agent': 'Mozilla/5.0 (X11; Ubuntu; Linux x86_64; rv:155.0) Gecko/20100101 Firefox/155.0', 'Accept': 'text/html,application/xhtml+xml,application/xml;q=0.9,*/*;q=0.8', 'Accept-Language': 'en-US,en;q=0.9', 'Accept-Encoding': 'gzip, deflate, br, zstd', 'Connection': 'keep-alive', 'Referer': 'http://localhost:8081/a2_filtered.php', 'Cookie': 'PHPSESSID=885a673eaaf625374cc2fff3bc51861d; security=impossible', 'Upgrade-Insecure-Requests': '1', 'Sec-Fetch-Dest': 'document', 'Sec-Fetch-Mode': 'navigate', 'Sec-Fetch-Site': 'same-origin', 'Sec-Fetch-User': '?1', 'Priority': 'u=0, i'}
[17:33:01.582] [GENERALFUNCTION ea4] DEBUG OUTGOING post_data_encoded (truncated): 
[17:33:01.599] [SQLiFuzz ea4] Response status: 200
[17:33:01.599] [SQLiFuzz ea4] Response URL: http://localhost:8081/a2_filtered.php?Submit=Submit&id=%231
[17:33:01.599] [SQLiFuzz ea4] Was redirected: False
[17:33:01.599] [SQLiFuzz ea4] Getting response: <!doctype html>
<html>
<body>
<form method="GET">
  <label>User ID: <input type="text" name="id"></label>
  <input type="submit" name="Submit" value="Submit">
</form>
<pre>INPUT REJECTED</pre>
[17:33:02.600] [SQLAnalysis] Read 1 new lines from SQL log file.
[17:33:02.600] [SQLAnalysis] Appended 1 parsed entries.
[17:33:02.600] [SQLAnalysis ea4] Extracted 631 Logs 2026-10-02 21:33:02.600469: [{'timestamp': '2026-10-02 21:33:01,591075', 'level': 'INFO', 'ip': '172.18.0.5', 'port': 42110, 'sql': 'USE db *#*#OK'}]
[17:33:02.600] [SQLAnalysis ea4] Updated param pairs: {'looked_value': '#1'}
[17:33:02.600] [SQLAnalysis ea4] Looked timestamp 2026-10-02 21:33:01.582916 -- 2026-10-02 21:33:01.597202
[17:33:02.603] [SQLAnalysis ea4] query_array to be checked: ['use', 'db']
[17:33:02.604] [SQLAnalysis ea4] normalized_query_array: ['use', 'db']
[17:33:02.604] [SQLiFuzz ea4] No weird chars exist: GET http://localhost:8081/a2_filtered.php | ['[string (False)(None)] Sec-Fetch-Dest=document', '[string (False)(None)] Sec-Fetch-Mode=navigate', '[string (False)(None)] Sec-Fetch-Site=same-origin', '[string (False)(None)] Sec-Fetch-User=?1', '[string (False)(None)] Priority=u=0, i', '[url (False)(None)] path0=a2_filtered.php', '[int (False)(None)] id=#1', '[string (False)(None)] Submit=Submit'] | None
[17:33:02.604] [SQLiFuzz 9c8] Getting prepared_target_request with ID 385 for test_SQLi iteration 17/70
[17:33:02.604] [SQLiFuzz 385] chosen_idx: 7 from 8
[17:33:02.604] [HTTPREQUEST 385] Getting matched paramval from found values: ['?1', '1']
[17:33:02.604] [HTTPREQUEST 385] Found matched paramval: [string (False)(None)] Sec-Fetch-User=?1
[17:33:02.604] [HTTPREQUEST 385] Found matched paramval: [int (False)(None)] id=1
[17:33:02.604] [SQLiFuzz 385] Prioritize to fuzz matched SQL value first: [int (False)(None)] id=1
[17:33:02.604] [SQLiFuzz 385] Mutation applied. old='1' char='"' strategy='front' new='"1'
[17:33:02.604] [HTTPREQUEST 385] Update url and body param from paramvals:
[17:33:02.604] [HTTPREQUEST None] New post_data_encoded: 
[17:33:02.604] [HTTPREQUEST None] New param encoded: Submit=Submit&id=%221
[17:33:02.604] [GENERALFUNCTION 385] ---SENDING THE REQUEST [1790976782-7e2bcc0f-a150-4578-9b7b-a522a5c6c385] TO : [GET] http://localhost:8081/a2_filtered.php?Submit=Submit&id=%221
[17:33:02.604] [GENERALFUNCTION 385] Post data encoded: 
[17:33:02.604] [GENERALFUNCTION 385] Adjusted Referer to http://localhost:8081/a2_filtered.php
[17:33:02.604] [GENERALFUNCTION 385] DEBUG OUTGOING request.full_url: http://localhost:8081/a2_filtered.php?Submit=Submit&id=%221
[17:33:02.604] [GENERALFUNCTION 385] DEBUG OUTGOING headers: {'Host': 'localhost:8081', 'User-Agent': 'Mozilla/5.0 (X11; Ubuntu; Linux x86_64; rv:155.0) Gecko/20100101 Firefox/155.0', 'Accept': 'text/html,application/xhtml+xml,application/xml;q=0.9,*/*;q=0.8', 'Accept-Language': 'en-US,en;q=0.9', 'Accept-Encoding': 'gzip, deflate, br, zstd', 'Connection': 'keep-alive', 'Referer': 'http://localhost:8081/a2_filtered.php', 'Cookie': 'PHPSESSID=885a673eaaf625374cc2fff3bc51861d; security=impossible', 'Upgrade-Insecure-Requests': '1', 'Sec-Fetch-Dest': 'document', 'Sec-Fetch-Mode': 'navigate', 'Sec-Fetch-Site': 'same-origin', 'Sec-Fetch-User': '?1', 'Priority': 'u=0, i'}
[17:33:02.604] [GENERALFUNCTION 385] DEBUG OUTGOING post_data_encoded (truncated): 
[17:33:02.624] [SQLiFuzz 385] Response status: 200
[17:33:02.624] [SQLiFuzz 385] Response URL: http://localhost:8081/a2_filtered.php?Submit=Submit&id=%221
[17:33:02.624] [SQLiFuzz 385] Was redirected: False
[17:33:02.624] [SQLiFuzz 385] Getting response: <!doctype html>
<html>
<body>
<form method="GET">
  <label>User ID: <input type="text" name="id"></label>
  <input type="submit" name="Submit" value="Submit">
</form>
<pre>INPUT REJECTED</pre>
[17:33:03.625] [SQLAnalysis] Read 1 new lines from SQL log file.
[17:33:03.625] [SQLAnalysis] Appended 1 parsed entries.
[17:33:03.625] [SQLAnalysis 385] Extracted 632 Logs 2026-10-02 21:33:03.625438: [{'timestamp': '2026-10-02 21:33:02,612913', 'level': 'INFO', 'ip': '172.18.0.5', 'port': 37602, 'sql': 'USE db *#*#OK'}]
[17:33:03.625] [SQLAnalysis 385] Updated param pairs: {'looked_value': '"1'}
[17:33:03.625] [SQLAnalysis 385] Looked timestamp 2026-10-02 21:33:02.604910 -- 2026-10-02 21:33:02.619220
[17:33:03.630] [SQLAnalysis 385] query_array to be checked: ['use', 'db']
[17:33:03.630] [SQLAnalysis 385] normalized_query_array: ['use', 'db']
[17:33:03.630] [SQLiFuzz 385] No weird chars exist: GET http://localhost:8081/a2_filtered.php | ['[string (False)(None)] Sec-Fetch-Dest=document', '[string (False)(None)] Sec-Fetch-Mode=navigate', '[string (False)(None)] Sec-Fetch-Site=same-origin', '[string (False)(None)] Sec-Fetch-User=?1', '[string (False)(None)] Priority=u=0, i', '[url (False)(None)] path0=a2_filtered.php', '[int (False)(None)] id="1', '[string (False)(None)] Submit=Submit'] | None
[17:33:03.631] [SQLiFuzz 9c8] Getting prepared_target_request with ID 6c8 for test_SQLi iteration 18/70
[17:33:03.631] [SQLiFuzz 6c8] chosen_idx: 2 from 8
[17:33:03.631] [HTTPREQUEST 6c8] Getting matched paramval from found values: ['?1', '1']
[17:33:03.631] [HTTPREQUEST 6c8] Found matched paramval: [string (False)(None)] Sec-Fetch-User=?1
[17:33:03.631] [HTTPREQUEST 6c8] Found matched paramval: [int (False)(None)] id=1
[17:33:03.631] [SQLiFuzz 6c8] Prioritize to fuzz matched SQL value first: [int (False)(None)] id=1
[17:33:03.631] [SQLiFuzz 6c8] Mutation applied. old='1' char='"' strategy='random' new='1"'
[17:33:03.631] [HTTPREQUEST 6c8] Update url and body param from paramvals:
[17:33:03.631] [HTTPREQUEST None] New post_data_encoded: 
[17:33:03.632] [HTTPREQUEST None] New param encoded: Submit=Submit&id=1%22
[17:33:03.632] [GENERALFUNCTION 6c8] ---SENDING THE REQUEST [1790976783-af9fee45-1ee6-43f7-8174-ec91112456c8] TO : [GET] http://localhost:8081/a2_filtered.php?Submit=Submit&id=1%22
[17:33:03.632] [GENERALFUNCTION 6c8] Post data encoded: 
[17:33:03.632] [GENERALFUNCTION 6c8] Adjusted Referer to http://localhost:8081/a2_filtered.php
[17:33:03.632] [GENERALFUNCTION 6c8] DEBUG OUTGOING request.full_url: http://localhost:8081/a2_filtered.php?Submit=Submit&id=1%22
[17:33:03.632] [GENERALFUNCTION 6c8] DEBUG OUTGOING headers: {'Host': 'localhost:8081', 'User-Agent': 'Mozilla/5.0 (X11; Ubuntu; Linux x86_64; rv:155.0) Gecko/20100101 Firefox/155.0', 'Accept': 'text/html,application/xhtml+xml,application/xml;q=0.9,*/*;q=0.8', 'Accept-Language': 'en-US,en;q=0.9', 'Accept-Encoding': 'gzip, deflate, br, zstd', 'Connection': 'keep-alive', 'Referer': 'http://localhost:8081/a2_filtered.php', 'Cookie': 'PHPSESSID=885a673eaaf625374cc2fff3bc51861d; security=impossible', 'Upgrade-Insecure-Requests': '1', 'Sec-Fetch-Dest': 'document', 'Sec-Fetch-Mode': 'navigate', 'Sec-Fetch-Site': 'same-origin', 'Sec-Fetch-User': '?1', 'Priority': 'u=0, i'}
[17:33:03.632] [GENERALFUNCTION 6c8] DEBUG OUTGOING post_data_encoded (truncated): 
[17:33:03.649] [SQLiFuzz 6c8] Response status: 200
[17:33:03.649] [SQLiFuzz 6c8] Response URL: http://localhost:8081/a2_filtered.php?Submit=Submit&id=1%22
[17:33:03.649] [SQLiFuzz 6c8] Was redirected: False
[17:33:03.649] [SQLiFuzz 6c8] Getting response: <!doctype html>
<html>
<body>
<form method="GET">
  <label>User ID: <input type="text" name="id"></label>
  <input type="submit" name="Submit" value="Submit">
</form>
<pre>INPUT REJECTED</pre>
[17:33:04.650] [SQLAnalysis] Read 1 new lines from SQL log file.
[17:33:04.650] [SQLAnalysis] Appended 1 parsed entries.
[17:33:04.650] [SQLAnalysis 6c8] Extracted 633 Logs 2026-10-02 21:33:04.650356: [{'timestamp': '2026-10-02 21:33:03,641147', 'level': 'INFO', 'ip': '172.18.0.5', 'port': 37630, 'sql': 'USE db *#*#OK'}]
[17:33:04.650] [SQLAnalysis 6c8] Updated param pairs: {'looked_value': '1"'}
[17:33:04.650] [SQLAnalysis 6c8] Looked timestamp 2026-10-02 21:33:03.632511 -- 2026-10-02 21:33:03.646723
[17:33:04.654] [SQLAnalysis 6c8] query_array to be checked: ['use', 'db']
[17:33:04.655] [SQLAnalysis 6c8] normalized_query_array: ['use', 'db']
[17:33:04.655] [SQLiFuzz 6c8] No weird chars exist: GET http://localhost:8081/a2_filtered.php | ['[string (False)(None)] Sec-Fetch-Dest=document', '[string (False)(None)] Sec-Fetch-Mode=navigate', '[string (False)(None)] Sec-Fetch-Site=same-origin', '[string (False)(None)] Sec-Fetch-User=?1', '[string (False)(None)] Priority=u=0, i', '[url (False)(None)] path0=a2_filtered.php', '[int (False)(None)] id=1"', '[string (False)(None)] Submit=Submit'] | None
[17:33:04.655] [SQLiFuzz 9c8] Getting prepared_target_request with ID c94 for test_SQLi iteration 19/70
[17:33:04.655] [SQLiFuzz c94] chosen_idx: 6 from 8
[17:33:04.655] [HTTPREQUEST c94] Getting matched paramval from found values: ['?1', '1']
[17:33:04.655] [HTTPREQUEST c94] Found matched paramval: [string (False)(None)] Sec-Fetch-User=?1
[17:33:04.655] [HTTPREQUEST c94] Found matched paramval: [int (False)(None)] id=1
[17:33:04.655] [SQLiFuzz c94] Prioritize to fuzz matched SQL value first: [int (False)(None)] id=1
[17:33:04.655] [SQLiFuzz c94] Mutation applied. old='1' char='|' strategy='random' new='1|'
[17:33:04.655] [HTTPREQUEST c94] Update url and body param from paramvals:
[17:33:04.655] [HTTPREQUEST None] New post_data_encoded: 
[17:33:04.656] [HTTPREQUEST None] New param encoded: Submit=Submit&id=1%7C
[17:33:04.656] [GENERALFUNCTION c94] ---SENDING THE REQUEST [1790976784-5ca8c472-7eab-4492-a3a5-0487933bcc94] TO : [GET] http://localhost:8081/a2_filtered.php?Submit=Submit&id=1%7C
[17:33:04.656] [GENERALFUNCTION c94] Post data encoded: 
[17:33:04.656] [GENERALFUNCTION c94] Adjusted Referer to http://localhost:8081/a2_filtered.php
[17:33:04.656] [GENERALFUNCTION c94] DEBUG OUTGOING request.full_url: http://localhost:8081/a2_filtered.php?Submit=Submit&id=1%7C
[17:33:04.656] [GENERALFUNCTION c94] DEBUG OUTGOING headers: {'Host': 'localhost:8081', 'User-Agent': 'Mozilla/5.0 (X11; Ubuntu; Linux x86_64; rv:155.0) Gecko/20100101 Firefox/155.0', 'Accept': 'text/html,application/xhtml+xml,application/xml;q=0.9,*/*;q=0.8', 'Accept-Language': 'en-US,en;q=0.9', 'Accept-Encoding': 'gzip, deflate, br, zstd', 'Connection': 'keep-alive', 'Referer': 'http://localhost:8081/a2_filtered.php', 'Cookie': 'PHPSESSID=885a673eaaf625374cc2fff3bc51861d; security=impossible', 'Upgrade-Insecure-Requests': '1', 'Sec-Fetch-Dest': 'document', 'Sec-Fetch-Mode': 'navigate', 'Sec-Fetch-Site': 'same-origin', 'Sec-Fetch-User': '?1', 'Priority': 'u=0, i'}
[17:33:04.656] [GENERALFUNCTION c94] DEBUG OUTGOING post_data_encoded (truncated): 
[17:33:04.676] [SQLiFuzz c94] Response status: 200
[17:33:04.677] [SQLiFuzz c94] Response URL: http://localhost:8081/a2_filtered.php?Submit=Submit&id=1%7C
[17:33:04.677] [SQLiFuzz c94] Was redirected: False
[17:33:04.677] [SQLiFuzz c94] Getting response: <!doctype html>
<html>
<body>
<form method="GET">
  <label>User ID: <input type="text" name="id"></label>
  <input type="submit" name="Submit" value="Submit">
</form>
<pre>INPUT REJECTED</pre>
[17:33:05.677] [SQLAnalysis] Read 1 new lines from SQL log file.
[17:33:05.677] [SQLAnalysis] Appended 1 parsed entries.
[17:33:05.677] [SQLAnalysis c94] Extracted 634 Logs 2026-10-02 21:33:05.677899: [{'timestamp': '2026-10-02 21:33:04,665394', 'level': 'INFO', 'ip': '172.18.0.5', 'port': 37650, 'sql': 'USE db *#*#OK'}]
[17:33:05.678] [SQLAnalysis c94] Updated param pairs: {'looked_value': '1|'}
[17:33:05.678] [SQLAnalysis c94] Looked timestamp 2026-10-02 21:33:04.656474 -- 2026-10-02 21:33:04.672799
[17:33:05.682] [SQLAnalysis c94] query_array to be checked: ['use', 'db']
[17:33:05.682] [SQLAnalysis c94] normalized_query_array: ['use', 'db']
[17:33:05.682] [SQLiFuzz c94] No weird chars exist: GET http://localhost:8081/a2_filtered.php | ['[string (False)(None)] Sec-Fetch-Dest=document', '[string (False)(None)] Sec-Fetch-Mode=navigate', '[string (False)(None)] Sec-Fetch-Site=same-origin', '[string (False)(None)] Sec-Fetch-User=?1', '[string (False)(None)] Priority=u=0, i', '[url (False)(None)] path0=a2_filtered.php', '[int (False)(None)] id=1|', '[string (False)(None)] Submit=Submit'] | None
[17:33:05.682] [SQLiFuzz 9c8] Getting prepared_target_request with ID ec9 for test_SQLi iteration 20/70
[17:33:05.682] [SQLiFuzz ec9] chosen_idx: 5 from 8
[17:33:05.682] [HTTPREQUEST ec9] Getting matched paramval from found values: ['?1', '1']
[17:33:05.682] [HTTPREQUEST ec9] Found matched paramval: [string (False)(None)] Sec-Fetch-User=?1
[17:33:05.682] [HTTPREQUEST ec9] Found matched paramval: [int (False)(None)] id=1
[17:33:05.682] [SQLiFuzz ec9] Prioritize to fuzz matched SQL value first: [int (False)(None)] id=1
[17:33:05.682] [SQLiFuzz ec9] Mutation applied. old='1' char=')' strategy='drop' new=')'
[17:33:05.682] [HTTPREQUEST ec9] Update url and body param from paramvals:
[17:33:05.683] [HTTPREQUEST None] New post_data_encoded: 
[17:33:05.683] [HTTPREQUEST None] New param encoded: Submit=Submit&id=%29
[17:33:05.683] [GENERALFUNCTION ec9] ---SENDING THE REQUEST [1790976785-e9b7089d-50ea-4b69-bf19-11ceed168ec9] TO : [GET] http://localhost:8081/a2_filtered.php?Submit=Submit&id=%29
[17:33:05.683] [GENERALFUNCTION ec9] Post data encoded: 
[17:33:05.683] [GENERALFUNCTION ec9] Adjusted Referer to http://localhost:8081/a2_filtered.php
[17:33:05.683] [GENERALFUNCTION ec9] DEBUG OUTGOING request.full_url: http://localhost:8081/a2_filtered.php?Submit=Submit&id=%29
[17:33:05.683] [GENERALFUNCTION ec9] DEBUG OUTGOING headers: {'Host': 'localhost:8081', 'User-Agent': 'Mozilla/5.0 (X11; Ubuntu; Linux x86_64; rv:155.0) Gecko/20100101 Firefox/155.0', 'Accept': 'text/html,application/xhtml+xml,application/xml;q=0.9,*/*;q=0.8', 'Accept-Language': 'en-US,en;q=0.9', 'Accept-Encoding': 'gzip, deflate, br, zstd', 'Connection': 'keep-alive', 'Referer': 'http://localhost:8081/a2_filtered.php', 'Cookie': 'PHPSESSID=885a673eaaf625374cc2fff3bc51861d; security=impossible', 'Upgrade-Insecure-Requests': '1', 'Sec-Fetch-Dest': 'document', 'Sec-Fetch-Mode': 'navigate', 'Sec-Fetch-Site': 'same-origin', 'Sec-Fetch-User': '?1', 'Priority': 'u=0, i'}
[17:33:05.683] [GENERALFUNCTION ec9] DEBUG OUTGOING post_data_encoded (truncated): 
[17:33:05.703] [SQLiFuzz ec9] Response status: 200
[17:33:05.704] [SQLiFuzz ec9] Response URL: http://localhost:8081/a2_filtered.php?Submit=Submit&id=%29
[17:33:05.704] [SQLiFuzz ec9] Was redirected: False
[17:33:05.704] [SQLiFuzz ec9] Getting response: <!doctype html>
<html>
<body>
<form method="GET">
  <label>User ID: <input type="text" name="id"></label>
  <input type="submit" name="Submit" value="Submit">
</form>
<pre>INPUT REJECTED</pre>
[17:33:06.704] [SQLAnalysis] Read 1 new lines from SQL log file.
[17:33:06.704] [SQLAnalysis] Appended 1 parsed entries.
[17:33:06.705] [SQLAnalysis ec9] Extracted 635 Logs 2026-10-02 21:33:06.705136: [{'timestamp': '2026-10-02 21:33:05,694867', 'level': 'INFO', 'ip': '172.18.0.5', 'port': 37668, 'sql': 'USE db *#*#OK'}]
[17:33:06.705] [SQLAnalysis ec9] Updated param pairs: {'looked_value': ')'}
[17:33:06.705] [SQLAnalysis ec9] Looked timestamp 2026-10-02 21:33:05.683549 -- 2026-10-02 21:33:05.700818
[17:33:06.711] [SQLAnalysis ec9] query_array to be checked: ['use', 'db']
[17:33:06.711] [SQLAnalysis ec9] normalized_query_array: ['use', 'db']
[17:33:06.711] [SQLiFuzz ec9] No weird chars exist: GET http://localhost:8081/a2_filtered.php | ['[string (False)(None)] Sec-Fetch-Dest=document', '[string (False)(None)] Sec-Fetch-Mode=navigate', '[string (False)(None)] Sec-Fetch-Site=same-origin', '[string (False)(None)] Sec-Fetch-User=?1', '[string (False)(None)] Priority=u=0, i', '[url (False)(None)] path0=a2_filtered.php', '[int (False)(None)] id=)', '[string (False)(None)] Submit=Submit'] | None
[17:33:06.711] [SQLiFuzz 9c8] Getting prepared_target_request with ID 97d for test_SQLi iteration 21/70
[17:33:06.711] [SQLiFuzz 97d] chosen_idx: 0 from 8
[17:33:06.711] [HTTPREQUEST 97d] Getting matched paramval from found values: ['?1', '1']
[17:33:06.712] [HTTPREQUEST 97d] Found matched paramval: [string (False)(None)] Sec-Fetch-User=?1
[17:33:06.712] [HTTPREQUEST 97d] Found matched paramval: [int (False)(None)] id=1
[17:33:06.712] [SQLiFuzz 97d] Prioritize to fuzz matched SQL value first: [int (False)(None)] id=1
[17:33:06.712] [SQLiFuzz 97d] Mutation applied. old='1' char='|' strategy='front' new='|1'
[17:33:06.712] [HTTPREQUEST 97d] Update url and body param from paramvals:
[17:33:06.712] [HTTPREQUEST None] New post_data_encoded: 
[17:33:06.712] [HTTPREQUEST None] New param encoded: Submit=Submit&id=%7C1
[17:33:06.712] [GENERALFUNCTION 97d] ---SENDING THE REQUEST [1790976786-c4f53251-3c8a-4a85-bfa8-6939ff9d697d] TO : [GET] http://localhost:8081/a2_filtered.php?Submit=Submit&id=%7C1
[17:33:06.712] [GENERALFUNCTION 97d] Post data encoded: 
[17:33:06.712] [GENERALFUNCTION 97d] Adjusted Referer to http://localhost:8081/a2_filtered.php
[17:33:06.712] [GENERALFUNCTION 97d] DEBUG OUTGOING request.full_url: http://localhost:8081/a2_filtered.php?Submit=Submit&id=%7C1
[17:33:06.712] [GENERALFUNCTION 97d] DEBUG OUTGOING headers: {'Host': 'localhost:8081', 'User-Agent': 'Mozilla/5.0 (X11; Ubuntu; Linux x86_64; rv:155.0) Gecko/20100101 Firefox/155.0', 'Accept': 'text/html,application/xhtml+xml,application/xml;q=0.9,*/*;q=0.8', 'Accept-Language': 'en-US,en;q=0.9', 'Accept-Encoding': 'gzip, deflate, br, zstd', 'Connection': 'keep-alive', 'Referer': 'http://localhost:8081/a2_filtered.php', 'Cookie': 'PHPSESSID=885a673eaaf625374cc2fff3bc51861d; security=impossible', 'Upgrade-Insecure-Requests': '1', 'Sec-Fetch-Dest': 'document', 'Sec-Fetch-Mode': 'navigate', 'Sec-Fetch-Site': 'same-origin', 'Sec-Fetch-User': '?1', 'Priority': 'u=0, i'}
[17:33:06.712] [GENERALFUNCTION 97d] DEBUG OUTGOING post_data_encoded (truncated): 
[17:33:06.734] [SQLiFuzz 97d] Response status: 200
[17:33:06.734] [SQLiFuzz 97d] Response URL: http://localhost:8081/a2_filtered.php?Submit=Submit&id=%7C1
[17:33:06.734] [SQLiFuzz 97d] Was redirected: False
[17:33:06.734] [SQLiFuzz 97d] Getting response: <!doctype html>
<html>
<body>
<form method="GET">
  <label>User ID: <input type="text" name="id"></label>
  <input type="submit" name="Submit" value="Submit">
</form>
<pre>INPUT REJECTED</pre>
[17:33:07.735] [SQLAnalysis] Read 1 new lines from SQL log file.
[17:33:07.735] [SQLAnalysis] Appended 1 parsed entries.
[17:33:07.735] [SQLAnalysis 97d] Extracted 636 Logs 2026-10-02 21:33:07.735712: [{'timestamp': '2026-10-02 21:33:06,723104', 'level': 'INFO', 'ip': '172.18.0.5', 'port': 37688, 'sql': 'USE db *#*#OK'}]
[17:33:07.735] [SQLAnalysis 97d] Updated param pairs: {'looked_value': '|1'}
[17:33:07.736] [SQLAnalysis 97d] Looked timestamp 2026-10-02 21:33:06.713022 -- 2026-10-02 21:33:06.730008
[17:33:07.743] [SQLAnalysis 97d] query_array to be checked: ['use', 'db']
[17:33:07.743] [SQLAnalysis 97d] normalized_query_array: ['use', 'db']
[17:33:07.743] [SQLiFuzz 97d] No weird chars exist: GET http://localhost:8081/a2_filtered.php | ['[string (False)(None)] Sec-Fetch-Dest=document', '[string (False)(None)] Sec-Fetch-Mode=navigate', '[string (False)(None)] Sec-Fetch-Site=same-origin', '[string (False)(None)] Sec-Fetch-User=?1', '[string (False)(None)] Priority=u=0, i', '[url (False)(None)] path0=a2_filtered.php', '[int (False)(None)] id=|1', '[string (False)(None)] Submit=Submit'] | None
[17:33:07.743] [SQLiFuzz 9c8] Getting prepared_target_request with ID 106 for test_SQLi iteration 22/70
[17:33:07.744] [SQLiFuzz 106] chosen_idx: 0 from 8
[17:33:07.744] [HTTPREQUEST 106] Getting matched paramval from found values: ['?1', '1']
[17:33:07.744] [HTTPREQUEST 106] Found matched paramval: [string (False)(None)] Sec-Fetch-User=?1
[17:33:07.744] [HTTPREQUEST 106] Found matched paramval: [int (False)(None)] id=1
[17:33:07.744] [SQLiFuzz 106] Prioritize to fuzz matched SQL value first: [int (False)(None)] id=1
[17:33:07.744] [SQLiFuzz 106] Mutation applied. old='1' char=';' strategy='tail' new='1;'
[17:33:07.744] [HTTPREQUEST 106] Update url and body param from paramvals:
[17:33:07.744] [HTTPREQUEST None] New post_data_encoded: 
[17:33:07.744] [HTTPREQUEST None] New param encoded: Submit=Submit&id=1%3B
[17:33:07.745] [GENERALFUNCTION 106] ---SENDING THE REQUEST [1790976787-76950a0f-0eeb-4f37-8bc1-7f217b633106] TO : [GET] http://localhost:8081/a2_filtered.php?Submit=Submit&id=1%3B
[17:33:07.745] [GENERALFUNCTION 106] Post data encoded: 
[17:33:07.745] [GENERALFUNCTION 106] Adjusted Referer to http://localhost:8081/a2_filtered.php
[17:33:07.745] [GENERALFUNCTION 106] DEBUG OUTGOING request.full_url: http://localhost:8081/a2_filtered.php?Submit=Submit&id=1%3B
[17:33:07.745] [GENERALFUNCTION 106] DEBUG OUTGOING headers: {'Host': 'localhost:8081', 'User-Agent': 'Mozilla/5.0 (X11; Ubuntu; Linux x86_64; rv:155.0) Gecko/20100101 Firefox/155.0', 'Accept': 'text/html,application/xhtml+xml,application/xml;q=0.9,*/*;q=0.8', 'Accept-Language': 'en-US,en;q=0.9', 'Accept-Encoding': 'gzip, deflate, br, zstd', 'Connection': 'keep-alive', 'Referer': 'http://localhost:8081/a2_filtered.php', 'Cookie': 'PHPSESSID=885a673eaaf625374cc2fff3bc51861d; security=impossible', 'Upgrade-Insecure-Requests': '1', 'Sec-Fetch-Dest': 'document', 'Sec-Fetch-Mode': 'navigate', 'Sec-Fetch-Site': 'same-origin', 'Sec-Fetch-User': '?1', 'Priority': 'u=0, i'}
[17:33:07.745] [GENERALFUNCTION 106] DEBUG OUTGOING post_data_encoded (truncated): 
[17:33:07.769] [SQLiFuzz 106] Response status: 200
[17:33:07.769] [SQLiFuzz 106] Response URL: http://localhost:8081/a2_filtered.php?Submit=Submit&id=1%3B
[17:33:07.769] [SQLiFuzz 106] Was redirected: False
[17:33:07.769] [SQLiFuzz 106] Getting response: <!doctype html>
<html>
<body>
<form method="GET">
  <label>User ID: <input type="text" name="id"></label>
  <input type="submit" name="Submit" value="Submit">
</form>
<pre>INPUT REJECTED</pre>
[17:33:08.770] [SQLAnalysis] Read 1 new lines from SQL log file.
[17:33:08.770] [SQLAnalysis] Appended 1 parsed entries.
[17:33:08.770] [SQLAnalysis 106] Extracted 637 Logs 2026-10-02 21:33:08.770601: [{'timestamp': '2026-10-02 21:33:07,759216', 'level': 'INFO', 'ip': '172.18.0.5', 'port': 37692, 'sql': 'USE db *#*#OK'}]
[17:33:08.770] [SQLAnalysis 106] Updated param pairs: {'looked_value': '1;'}
[17:33:08.771] [SQLAnalysis 106] Looked timestamp 2026-10-02 21:33:07.745687 -- 2026-10-02 21:33:07.765785
[17:33:08.778] [SQLAnalysis 106] query_array to be checked: ['use', 'db']
[17:33:08.778] [SQLAnalysis 106] normalized_query_array: ['use', 'db']
[17:33:08.778] [SQLiFuzz 106] No weird chars exist: GET http://localhost:8081/a2_filtered.php | ['[string (False)(None)] Sec-Fetch-Dest=document', '[string (False)(None)] Sec-Fetch-Mode=navigate', '[string (False)(None)] Sec-Fetch-Site=same-origin', '[string (False)(None)] Sec-Fetch-User=?1', '[string (False)(None)] Priority=u=0, i', '[url (False)(None)] path0=a2_filtered.php', '[int (False)(None)] id=1;', '[string (False)(None)] Submit=Submit'] | None
[17:33:08.778] [SQLiFuzz 9c8] Getting prepared_target_request with ID 333 for test_SQLi iteration 23/70
[17:33:08.778] [SQLiFuzz 333] chosen_idx: 2 from 8
[17:33:08.778] [HTTPREQUEST 333] Getting matched paramval from found values: ['?1', '1']
[17:33:08.778] [HTTPREQUEST 333] Found matched paramval: [string (False)(None)] Sec-Fetch-User=?1
[17:33:08.779] [HTTPREQUEST 333] Found matched paramval: [int (False)(None)] id=1
[17:33:08.779] [SQLiFuzz 333] Prioritize to fuzz matched SQL value first: [int (False)(None)] id=1
[17:33:08.779] [SQLiFuzz 333] Mutation applied. old='1' char='[' strategy='tail' new='1['
[17:33:08.779] [HTTPREQUEST 333] Update url and body param from paramvals:
[17:33:08.779] [HTTPREQUEST None] New post_data_encoded: 
[17:33:08.779] [HTTPREQUEST None] New param encoded: Submit=Submit&id=1%5B
[17:33:08.779] [GENERALFUNCTION 333] ---SENDING THE REQUEST [1790976788-503db81c-711d-41e3-9a19-3beabffb9333] TO : [GET] http://localhost:8081/a2_filtered.php?Submit=Submit&id=1%5B
[17:33:08.779] [GENERALFUNCTION 333] Post data encoded: 
[17:33:08.779] [GENERALFUNCTION 333] Adjusted Referer to http://localhost:8081/a2_filtered.php
[17:33:08.779] [GENERALFUNCTION 333] DEBUG OUTGOING request.full_url: http://localhost:8081/a2_filtered.php?Submit=Submit&id=1%5B
[17:33:08.779] [GENERALFUNCTION 333] DEBUG OUTGOING headers: {'Host': 'localhost:8081', 'User-Agent': 'Mozilla/5.0 (X11; Ubuntu; Linux x86_64; rv:155.0) Gecko/20100101 Firefox/155.0', 'Accept': 'text/html,application/xhtml+xml,application/xml;q=0.9,*/*;q=0.8', 'Accept-Language': 'en-US,en;q=0.9', 'Accept-Encoding': 'gzip, deflate, br, zstd', 'Connection': 'keep-alive', 'Referer': 'http://localhost:8081/a2_filtered.php', 'Cookie': 'PHPSESSID=885a673eaaf625374cc2fff3bc51861d; security=impossible', 'Upgrade-Insecure-Requests': '1', 'Sec-Fetch-Dest': 'document', 'Sec-Fetch-Mode': 'navigate', 'Sec-Fetch-Site': 'same-origin', 'Sec-Fetch-User': '?1', 'Priority': 'u=0, i'}
[17:33:08.779] [GENERALFUNCTION 333] DEBUG OUTGOING post_data_encoded (truncated): 
[17:33:08.804] [SQLiFuzz 333] Response status: 200
[17:33:08.805] [SQLiFuzz 333] Response URL: http://localhost:8081/a2_filtered.php?Submit=Submit&id=1%5B
[17:33:08.805] [SQLiFuzz 333] Was redirected: False
[17:33:08.805] [SQLiFuzz 333] Getting response: <!doctype html>
<html>
<body>
<form method="GET">
  <label>User ID: <input type="text" name="id"></label>
  <input type="submit" name="Submit" value="Submit">
</form>
<pre>INPUT REJECTED</pre>
[17:33:09.805] [SQLAnalysis] Read 1 new lines from SQL log file.
[17:33:09.806] [SQLAnalysis] Appended 1 parsed entries.
[17:33:09.806] [SQLAnalysis 333] Extracted 638 Logs 2026-10-02 21:33:09.806507: [{'timestamp': '2026-10-02 21:33:08,792807', 'level': 'INFO', 'ip': '172.18.0.5', 'port': 37708, 'sql': 'USE db *#*#OK'}]
[17:33:09.806] [SQLAnalysis 333] Updated param pairs: {'looked_value': '1['}
[17:33:09.806] [SQLAnalysis 333] Looked timestamp 2026-10-02 21:33:08.779931 -- 2026-10-02 21:33:08.801728
[17:33:09.815] [SQLAnalysis 333] query_array to be checked: ['use', 'db']
[17:33:09.816] [SQLAnalysis 333] normalized_query_array: ['use', 'db']
[17:33:09.816] [SQLiFuzz 333] No weird chars exist: GET http://localhost:8081/a2_filtered.php | ['[string (False)(None)] Sec-Fetch-Dest=document', '[string (False)(None)] Sec-Fetch-Mode=navigate', '[string (False)(None)] Sec-Fetch-Site=same-origin', '[string (False)(None)] Sec-Fetch-User=?1', '[string (False)(None)] Priority=u=0, i', '[url (False)(None)] path0=a2_filtered.php', '[int (False)(None)] id=1[', '[string (False)(None)] Submit=Submit'] | None
[17:33:09.816] [SQLiFuzz 9c8] Getting prepared_target_request with ID 98d for test_SQLi iteration 24/70
[17:33:09.816] [SQLiFuzz 98d] chosen_idx: 4 from 8
[17:33:09.816] [HTTPREQUEST 98d] Getting matched paramval from found values: ['?1', '1']
[17:33:09.816] [HTTPREQUEST 98d] Found matched paramval: [string (False)(None)] Sec-Fetch-User=?1
[17:33:09.817] [HTTPREQUEST 98d] Found matched paramval: [int (False)(None)] id=1
[17:33:09.817] [SQLiFuzz 98d] Prioritize to fuzz matched SQL value first: [int (False)(None)] id=1
[17:33:09.817] [SQLiFuzz 98d] Mutation applied. old='1' char=';' strategy='drop' new=';'
[17:33:09.817] [HTTPREQUEST 98d] Update url and body param from paramvals:
[17:33:09.817] [HTTPREQUEST None] New post_data_encoded: 
[17:33:09.817] [HTTPREQUEST None] New param encoded: Submit=Submit&id=%3B
[17:33:09.817] [GENERALFUNCTION 98d] ---SENDING THE REQUEST [1790976789-7c05fdef-01c5-4271-8d01-4656b761898d] TO : [GET] http://localhost:8081/a2_filtered.php?Submit=Submit&id=%3B
[17:33:09.817] [GENERALFUNCTION 98d] Post data encoded: 
[17:33:09.817] [GENERALFUNCTION 98d] Adjusted Referer to http://localhost:8081/a2_filtered.php
[17:33:09.818] [GENERALFUNCTION 98d] DEBUG OUTGOING request.full_url: http://localhost:8081/a2_filtered.php?Submit=Submit&id=%3B
[17:33:09.818] [GENERALFUNCTION 98d] DEBUG OUTGOING headers: {'Host': 'localhost:8081', 'User-Agent': 'Mozilla/5.0 (X11; Ubuntu; Linux x86_64; rv:155.0) Gecko/20100101 Firefox/155.0', 'Accept': 'text/html,application/xhtml+xml,application/xml;q=0.9,*/*;q=0.8', 'Accept-Language': 'en-US,en;q=0.9', 'Accept-Encoding': 'gzip, deflate, br, zstd', 'Connection': 'keep-alive', 'Referer': 'http://localhost:8081/a2_filtered.php', 'Cookie': 'PHPSESSID=885a673eaaf625374cc2fff3bc51861d; security=impossible', 'Upgrade-Insecure-Requests': '1', 'Sec-Fetch-Dest': 'document', 'Sec-Fetch-Mode': 'navigate', 'Sec-Fetch-Site': 'same-origin', 'Sec-Fetch-User': '?1', 'Priority': 'u=0, i'}
[17:33:09.818] [GENERALFUNCTION 98d] DEBUG OUTGOING post_data_encoded (truncated): 
[17:33:09.848] [SQLiFuzz 98d] Response status: 200
[17:33:09.848] [SQLiFuzz 98d] Response URL: http://localhost:8081/a2_filtered.php?Submit=Submit&id=%3B
[17:33:09.848] [SQLiFuzz 98d] Was redirected: False
[17:33:09.848] [SQLiFuzz 98d] Getting response: <!doctype html>
<html>
<body>
<form method="GET">
  <label>User ID: <input type="text" name="id"></label>
  <input type="submit" name="Submit" value="Submit">
</form>
<pre>INPUT REJECTED</pre>
[17:33:10.849] [SQLAnalysis] Read 1 new lines from SQL log file.
[17:33:10.849] [SQLAnalysis] Appended 1 parsed entries.
[17:33:10.849] [SQLAnalysis 98d] Extracted 639 Logs 2026-10-02 21:33:10.849678: [{'timestamp': '2026-10-02 21:33:09,836311', 'level': 'INFO', 'ip': '172.18.0.5', 'port': 37728, 'sql': 'USE db *#*#OK'}]
[17:33:10.849] [SQLAnalysis 98d] Updated param pairs: {'looked_value': ';'}
[17:33:10.850] [SQLAnalysis 98d] Looked timestamp 2026-10-02 21:33:09.818299 -- 2026-10-02 21:33:09.844431
[17:33:10.859] [SQLAnalysis 98d] query_array to be checked: ['use', 'db']
[17:33:10.859] [SQLAnalysis 98d] normalized_query_array: ['use', 'db']
[17:33:10.860] [SQLiFuzz 98d] No weird chars exist: GET http://localhost:8081/a2_filtered.php | ['[string (False)(None)] Sec-Fetch-Dest=document', '[string (False)(None)] Sec-Fetch-Mode=navigate', '[string (False)(None)] Sec-Fetch-Site=same-origin', '[string (False)(None)] Sec-Fetch-User=?1', '[string (False)(None)] Priority=u=0, i', '[url (False)(None)] path0=a2_filtered.php', '[int (False)(None)] id=;', '[string (False)(None)] Submit=Submit'] | None
[17:33:10.860] [SQLiFuzz 9c8] Getting prepared_target_request with ID ec4 for test_SQLi iteration 25/70
[17:33:10.861] [SQLiFuzz ec4] chosen_idx: 6 from 8
[17:33:10.861] [HTTPREQUEST ec4] Getting matched paramval from found values: ['?1', '1']
[17:33:10.861] [HTTPREQUEST ec4] Found matched paramval: [string (False)(None)] Sec-Fetch-User=?1
[17:33:10.861] [HTTPREQUEST ec4] Found matched paramval: [int (False)(None)] id=1
[17:33:10.861] [SQLiFuzz ec4] Prioritize to fuzz matched SQL value first: [int (False)(None)] id=1
[17:33:10.861] [SQLiFuzz ec4] Mutation applied. old='1' char='#' strategy='drop' new='#'
[17:33:10.861] [HTTPREQUEST ec4] Update url and body param from paramvals:
[17:33:10.861] [HTTPREQUEST None] New post_data_encoded: 
[17:33:10.861] [HTTPREQUEST None] New param encoded: Submit=Submit&id=%23
[17:33:10.862] [GENERALFUNCTION ec4] ---SENDING THE REQUEST [1790976790-f25af47e-366a-4628-b517-2b03c8ab4ec4] TO : [GET] http://localhost:8081/a2_filtered.php?Submit=Submit&id=%23
[17:33:10.862] [GENERALFUNCTION ec4] Post data encoded: 
[17:33:10.862] [GENERALFUNCTION ec4] Adjusted Referer to http://localhost:8081/a2_filtered.php
[17:33:10.862] [GENERALFUNCTION ec4] DEBUG OUTGOING request.full_url: http://localhost:8081/a2_filtered.php?Submit=Submit&id=%23
[17:33:10.862] [GENERALFUNCTION ec4] DEBUG OUTGOING headers: {'Host': 'localhost:8081', 'User-Agent': 'Mozilla/5.0 (X11; Ubuntu; Linux x86_64; rv:155.0) Gecko/20100101 Firefox/155.0', 'Accept': 'text/html,application/xhtml+xml,application/xml;q=0.9,*/*;q=0.8', 'Accept-Language': 'en-US,en;q=0.9', 'Accept-Encoding': 'gzip, deflate, br, zstd', 'Connection': 'keep-alive', 'Referer': 'http://localhost:8081/a2_filtered.php', 'Cookie': 'PHPSESSID=885a673eaaf625374cc2fff3bc51861d; security=impossible', 'Upgrade-Insecure-Requests': '1', 'Sec-Fetch-Dest': 'document', 'Sec-Fetch-Mode': 'navigate', 'Sec-Fetch-Site': 'same-origin', 'Sec-Fetch-User': '?1', 'Priority': 'u=0, i'}
[17:33:10.862] [GENERALFUNCTION ec4] DEBUG OUTGOING post_data_encoded (truncated): 
[17:33:10.882] [SQLiFuzz ec4] Response status: 200
[17:33:10.882] [SQLiFuzz ec4] Response URL: http://localhost:8081/a2_filtered.php?Submit=Submit&id=%23
[17:33:10.883] [SQLiFuzz ec4] Was redirected: False
[17:33:10.883] [SQLiFuzz ec4] Getting response: <!doctype html>
<html>
<body>
<form method="GET">
  <label>User ID: <input type="text" name="id"></label>
  <input type="submit" name="Submit" value="Submit">
</form>
<pre>INPUT REJECTED</pre>
[17:33:11.883] [SQLAnalysis] Read 1 new lines from SQL log file.
[17:33:11.884] [SQLAnalysis] Appended 1 parsed entries.
[17:33:11.884] [SQLAnalysis ec4] Extracted 640 Logs 2026-10-02 21:33:11.884502: [{'timestamp': '2026-10-02 21:33:10,872003', 'level': 'INFO', 'ip': '172.18.0.5', 'port': 37746, 'sql': 'USE db *#*#OK'}]
[17:33:11.884] [SQLAnalysis ec4] Updated param pairs: {'looked_value': '#'}
[17:33:11.884] [SQLAnalysis ec4] Looked timestamp 2026-10-02 21:33:10.862576 -- 2026-10-02 21:33:10.879876
[17:33:11.894] [SQLAnalysis ec4] query_array to be checked: ['use', 'db']
[17:33:11.894] [SQLAnalysis ec4] normalized_query_array: ['use', 'db']
[17:33:11.894] [SQLiFuzz ec4] No weird chars exist: GET http://localhost:8081/a2_filtered.php | ['[string (False)(None)] Sec-Fetch-Dest=document', '[string (False)(None)] Sec-Fetch-Mode=navigate', '[string (False)(None)] Sec-Fetch-Site=same-origin', '[string (False)(None)] Sec-Fetch-User=?1', '[string (False)(None)] Priority=u=0, i', '[url (False)(None)] path0=a2_filtered.php', '[int (False)(None)] id=#', '[string (False)(None)] Submit=Submit'] | None
[17:33:11.895] [SQLiFuzz 9c8] Getting prepared_target_request with ID af6 for test_SQLi iteration 26/70
[17:33:11.895] [SQLiFuzz af6] chosen_idx: 1 from 8
[17:33:11.895] [HTTPREQUEST af6] Getting matched paramval from found values: ['?1', '1']
[17:33:11.895] [HTTPREQUEST af6] Found matched paramval: [string (False)(None)] Sec-Fetch-User=?1
[17:33:11.895] [HTTPREQUEST af6] Found matched paramval: [int (False)(None)] id=1
[17:33:11.895] [SQLiFuzz af6] Prioritize to fuzz matched SQL value first: [int (False)(None)] id=1
[17:33:11.895] [SQLiFuzz af6] Mutation applied. old='1' char='@' strategy='drop' new='@'
[17:33:11.896] [HTTPREQUEST af6] Update url and body param from paramvals:
[17:33:11.896] [HTTPREQUEST None] New post_data_encoded: 
[17:33:11.896] [HTTPREQUEST None] New param encoded: Submit=Submit&id=%40
[17:33:11.896] [GENERALFUNCTION af6] ---SENDING THE REQUEST [1790976791-1fce1e3a-1960-44f2-9e14-85aba48cbaf6] TO : [GET] http://localhost:8081/a2_filtered.php?Submit=Submit&id=%40
[17:33:11.896] [GENERALFUNCTION af6] Post data encoded: 
[17:33:11.896] [GENERALFUNCTION af6] Adjusted Referer to http://localhost:8081/a2_filtered.php
[17:33:11.896] [GENERALFUNCTION af6] DEBUG OUTGOING request.full_url: http://localhost:8081/a2_filtered.php?Submit=Submit&id=%40
[17:33:11.896] [GENERALFUNCTION af6] DEBUG OUTGOING headers: {'Host': 'localhost:8081', 'User-Agent': 'Mozilla/5.0 (X11; Ubuntu; Linux x86_64; rv:155.0) Gecko/20100101 Firefox/155.0', 'Accept': 'text/html,application/xhtml+xml,application/xml;q=0.9,*/*;q=0.8', 'Accept-Language': 'en-US,en;q=0.9', 'Accept-Encoding': 'gzip, deflate, br, zstd', 'Connection': 'keep-alive', 'Referer': 'http://localhost:8081/a2_filtered.php', 'Cookie': 'PHPSESSID=885a673eaaf625374cc2fff3bc51861d; security=impossible', 'Upgrade-Insecure-Requests': '1', 'Sec-Fetch-Dest': 'document', 'Sec-Fetch-Mode': 'navigate', 'Sec-Fetch-Site': 'same-origin', 'Sec-Fetch-User': '?1', 'Priority': 'u=0, i'}
[17:33:11.896] [GENERALFUNCTION af6] DEBUG OUTGOING post_data_encoded (truncated): 
[17:33:11.921] [SQLiFuzz af6] Response status: 200
[17:33:11.921] [SQLiFuzz af6] Response URL: http://localhost:8081/a2_filtered.php?Submit=Submit&id=%40
[17:33:11.921] [SQLiFuzz af6] Was redirected: False
[17:33:11.921] [SQLiFuzz af6] Getting response: <!doctype html>
<html>
<body>
<form method="GET">
  <label>User ID: <input type="text" name="id"></label>
  <input type="submit" name="Submit" value="Submit">
</form>
<pre>INPUT REJECTED</pre>
[17:33:12.921] [SQLAnalysis] Read 1 new lines from SQL log file.
[17:33:12.921] [SQLAnalysis] Appended 1 parsed entries.
[17:33:12.921] [SQLAnalysis af6] Extracted 641 Logs 2026-10-02 21:33:12.921961: [{'timestamp': '2026-10-02 21:33:11,910600', 'level': 'INFO', 'ip': '172.18.0.5', 'port': 47134, 'sql': 'USE db *#*#OK'}]
[17:33:12.922] [SQLAnalysis af6] Updated param pairs: {'looked_value': '@'}
[17:33:12.922] [SQLAnalysis af6] Looked timestamp 2026-10-02 21:33:11.896855 -- 2026-10-02 21:33:11.918026
[17:33:12.927] [SQLAnalysis af6] query_array to be checked: ['use', 'db']
[17:33:12.927] [SQLAnalysis af6] normalized_query_array: ['use', 'db']
[17:33:12.927] [SQLiFuzz af6] No weird chars exist: GET http://localhost:8081/a2_filtered.php | ['[string (False)(None)] Sec-Fetch-Dest=document', '[string (False)(None)] Sec-Fetch-Mode=navigate', '[string (False)(None)] Sec-Fetch-Site=same-origin', '[string (False)(None)] Sec-Fetch-User=?1', '[string (False)(None)] Priority=u=0, i', '[url (False)(None)] path0=a2_filtered.php', '[int (False)(None)] id=@', '[string (False)(None)] Submit=Submit'] | None
[17:33:12.928] [SQLiFuzz 9c8] Getting prepared_target_request with ID ce8 for test_SQLi iteration 27/70
[17:33:12.928] [SQLiFuzz ce8] chosen_idx: 3 from 8
[17:33:12.928] [HTTPREQUEST ce8] Getting matched paramval from found values: ['?1', '1']
[17:33:12.928] [HTTPREQUEST ce8] Found matched paramval: [string (False)(None)] Sec-Fetch-User=?1
[17:33:12.928] [HTTPREQUEST ce8] Found matched paramval: [int (False)(None)] id=1
[17:33:12.929] [SQLiFuzz ce8] Prioritize to fuzz matched SQL value first: [int (False)(None)] id=1
[17:33:12.929] [SQLiFuzz ce8] Mutation applied. old='1' char='~' strategy='tail' new='1~'
[17:33:12.929] [HTTPREQUEST ce8] Update url and body param from paramvals:
[17:33:12.929] [HTTPREQUEST None] New post_data_encoded: 
[17:33:12.929] [HTTPREQUEST None] New param encoded: Submit=Submit&id=1~
[17:33:12.929] [GENERALFUNCTION ce8] ---SENDING THE REQUEST [1790976792-108de6c8-dad2-484d-ad39-30f138fabce8] TO : [GET] http://localhost:8081/a2_filtered.php?Submit=Submit&id=1~
[17:33:12.929] [GENERALFUNCTION ce8] Post data encoded: 
[17:33:12.929] [GENERALFUNCTION ce8] Adjusted Referer to http://localhost:8081/a2_filtered.php
[17:33:12.929] [GENERALFUNCTION ce8] DEBUG OUTGOING request.full_url: http://localhost:8081/a2_filtered.php?Submit=Submit&id=1~
[17:33:12.929] [GENERALFUNCTION ce8] DEBUG OUTGOING headers: {'Host': 'localhost:8081', 'User-Agent': 'Mozilla/5.0 (X11; Ubuntu; Linux x86_64; rv:155.0) Gecko/20100101 Firefox/155.0', 'Accept': 'text/html,application/xhtml+xml,application/xml;q=0.9,*/*;q=0.8', 'Accept-Language': 'en-US,en;q=0.9', 'Accept-Encoding': 'gzip, deflate, br, zstd', 'Connection': 'keep-alive', 'Referer': 'http://localhost:8081/a2_filtered.php', 'Cookie': 'PHPSESSID=885a673eaaf625374cc2fff3bc51861d; security=impossible', 'Upgrade-Insecure-Requests': '1', 'Sec-Fetch-Dest': 'document', 'Sec-Fetch-Mode': 'navigate', 'Sec-Fetch-Site': 'same-origin', 'Sec-Fetch-User': '?1', 'Priority': 'u=0, i'}
[17:33:12.929] [GENERALFUNCTION ce8] DEBUG OUTGOING post_data_encoded (truncated): 
[17:33:12.948] [SQLiFuzz ce8] Response status: 200
[17:33:12.949] [SQLiFuzz ce8] Response URL: http://localhost:8081/a2_filtered.php?Submit=Submit&id=1~
[17:33:12.949] [SQLiFuzz ce8] Was redirected: False
[17:33:12.949] [SQLiFuzz ce8] Getting response: <!doctype html>
<html>
<body>
<form method="GET">
  <label>User ID: <input type="text" name="id"></label>
  <input type="submit" name="Submit" value="Submit">
</form>
<pre>INPUT REJECTED</pre>
[17:33:13.949] [SQLAnalysis] Read 1 new lines from SQL log file.
[17:33:13.949] [SQLAnalysis] Appended 1 parsed entries.
[17:33:13.949] [SQLAnalysis ce8] Extracted 642 Logs 2026-10-02 21:33:13.949841: [{'timestamp': '2026-10-02 21:33:12,939637', 'level': 'INFO', 'ip': '172.18.0.5', 'port': 47162, 'sql': 'USE db *#*#OK'}]
[17:33:13.949] [SQLAnalysis ce8] Updated param pairs: {'looked_value': '1~'}
[17:33:13.950] [SQLAnalysis ce8] Looked timestamp 2026-10-02 21:33:12.930030 -- 2026-10-02 21:33:12.945043
[17:33:13.957] [SQLAnalysis ce8] query_array to be checked: ['use', 'db']
[17:33:13.957] [SQLAnalysis ce8] normalized_query_array: ['use', 'db']
[17:33:13.957] [SQLiFuzz ce8] No weird chars exist: GET http://localhost:8081/a2_filtered.php | ['[string (False)(None)] Sec-Fetch-Dest=document', '[string (False)(None)] Sec-Fetch-Mode=navigate', '[string (False)(None)] Sec-Fetch-Site=same-origin', '[string (False)(None)] Sec-Fetch-User=?1', '[string (False)(None)] Priority=u=0, i', '[url (False)(None)] path0=a2_filtered.php', '[int (False)(None)] id=1~', '[string (False)(None)] Submit=Submit'] | None
[17:33:13.957] [SQLiFuzz 9c8] Getting prepared_target_request with ID a60 for test_SQLi iteration 28/70
[17:33:13.957] [SQLiFuzz a60] chosen_idx: 0 from 8
[17:33:13.957] [HTTPREQUEST a60] Getting matched paramval from found values: ['?1', '1']
[17:33:13.957] [HTTPREQUEST a60] Found matched paramval: [string (False)(None)] Sec-Fetch-User=?1
[17:33:13.957] [HTTPREQUEST a60] Found matched paramval: [int (False)(None)] id=1
[17:33:13.957] [SQLiFuzz a60] Prioritize to fuzz matched SQL value first: [int (False)(None)] id=1
[17:33:13.957] [SQLiFuzz a60] Mutation applied. old='1' char='`' strategy='tail' new='1`'
[17:33:13.957] [HTTPREQUEST a60] Update url and body param from paramvals:
[17:33:13.958] [HTTPREQUEST None] New post_data_encoded: 
[17:33:13.958] [HTTPREQUEST None] New param encoded: Submit=Submit&id=1%60
[17:33:13.958] [GENERALFUNCTION a60] ---SENDING THE REQUEST [1790976793-f6877657-7e0b-441f-aedc-6af9c6948a60] TO : [GET] http://localhost:8081/a2_filtered.php?Submit=Submit&id=1%60
[17:33:13.958] [GENERALFUNCTION a60] Post data encoded: 
[17:33:13.958] [GENERALFUNCTION a60] Adjusted Referer to http://localhost:8081/a2_filtered.php
[17:33:13.958] [GENERALFUNCTION a60] DEBUG OUTGOING request.full_url: http://localhost:8081/a2_filtered.php?Submit=Submit&id=1%60
[17:33:13.958] [GENERALFUNCTION a60] DEBUG OUTGOING headers: {'Host': 'localhost:8081', 'User-Agent': 'Mozilla/5.0 (X11; Ubuntu; Linux x86_64; rv:155.0) Gecko/20100101 Firefox/155.0', 'Accept': 'text/html,application/xhtml+xml,application/xml;q=0.9,*/*;q=0.8', 'Accept-Language': 'en-US,en;q=0.9', 'Accept-Encoding': 'gzip, deflate, br, zstd', 'Connection': 'keep-alive', 'Referer': 'http://localhost:8081/a2_filtered.php', 'Cookie': 'PHPSESSID=885a673eaaf625374cc2fff3bc51861d; security=impossible', 'Upgrade-Insecure-Requests': '1', 'Sec-Fetch-Dest': 'document', 'Sec-Fetch-Mode': 'navigate', 'Sec-Fetch-Site': 'same-origin', 'Sec-Fetch-User': '?1', 'Priority': 'u=0, i'}
[17:33:13.958] [GENERALFUNCTION a60] DEBUG OUTGOING post_data_encoded (truncated): 
[17:33:13.982] [SQLiFuzz a60] Response status: 200
[17:33:13.983] [SQLiFuzz a60] Response URL: http://localhost:8081/a2_filtered.php?Submit=Submit&id=1%60
[17:33:13.983] [SQLiFuzz a60] Was redirected: False
[17:33:13.983] [SQLiFuzz a60] Getting response: <!doctype html>
<html>
<body>
<form method="GET">
  <label>User ID: <input type="text" name="id"></label>
  <input type="submit" name="Submit" value="Submit">
</form>
<pre>INPUT REJECTED</pre>
[17:33:14.983] [SQLAnalysis] Read 1 new lines from SQL log file.
[17:33:14.983] [SQLAnalysis] Appended 1 parsed entries.
[17:33:14.983] [SQLAnalysis a60] Extracted 643 Logs 2026-10-02 21:33:14.983824: [{'timestamp': '2026-10-02 21:33:13,973262', 'level': 'INFO', 'ip': '172.18.0.5', 'port': 47182, 'sql': 'USE db *#*#OK'}]
[17:33:14.983] [SQLAnalysis a60] Updated param pairs: {'looked_value': '1`'}
[17:33:14.984] [SQLAnalysis a60] Looked timestamp 2026-10-02 21:33:13.958602 -- 2026-10-02 21:33:13.979664
[17:33:14.989] [SQLAnalysis a60] query_array to be checked: ['use', 'db']
[17:33:14.989] [SQLAnalysis a60] normalized_query_array: ['use', 'db']
[17:33:14.989] [SQLiFuzz a60] No weird chars exist: GET http://localhost:8081/a2_filtered.php | ['[string (False)(None)] Sec-Fetch-Dest=document', '[string (False)(None)] Sec-Fetch-Mode=navigate', '[string (False)(None)] Sec-Fetch-Site=same-origin', '[string (False)(None)] Sec-Fetch-User=?1', '[string (False)(None)] Priority=u=0, i', '[url (False)(None)] path0=a2_filtered.php', '[int (False)(None)] id=1`', '[string (False)(None)] Submit=Submit'] | None
[17:33:14.989] [SQLiFuzz 9c8] Getting prepared_target_request with ID 949 for test_SQLi iteration 29/70
[17:33:14.989] [SQLiFuzz 949] chosen_idx: 0 from 8
[17:33:14.989] [HTTPREQUEST 949] Getting matched paramval from found values: ['?1', '1']
[17:33:14.989] [HTTPREQUEST 949] Found matched paramval: [string (False)(None)] Sec-Fetch-User=?1
[17:33:14.989] [HTTPREQUEST 949] Found matched paramval: [int (False)(None)] id=1
[17:33:14.989] [SQLiFuzz 949] Prioritize to fuzz matched SQL value first: [int (False)(None)] id=1
[17:33:14.990] [SQLiFuzz 949] Mutation applied. old='1' char='#' strategy='random' new='#1'
[17:33:14.990] [HTTPREQUEST 949] Update url and body param from paramvals:
[17:33:14.990] [HTTPREQUEST None] New post_data_encoded: 
[17:33:14.990] [HTTPREQUEST None] New param encoded: Submit=Submit&id=%231
[17:33:14.990] [GENERALFUNCTION 949] ---SENDING THE REQUEST [1790976794-52d90b18-9be7-4709-a6c3-341ce50b1949] TO : [GET] http://localhost:8081/a2_filtered.php?Submit=Submit&id=%231
[17:33:14.990] [GENERALFUNCTION 949] Post data encoded: 
[17:33:14.990] [GENERALFUNCTION 949] Adjusted Referer to http://localhost:8081/a2_filtered.php
[17:33:14.990] [GENERALFUNCTION 949] DEBUG OUTGOING request.full_url: http://localhost:8081/a2_filtered.php?Submit=Submit&id=%231
[17:33:14.990] [GENERALFUNCTION 949] DEBUG OUTGOING headers: {'Host': 'localhost:8081', 'User-Agent': 'Mozilla/5.0 (X11; Ubuntu; Linux x86_64; rv:155.0) Gecko/20100101 Firefox/155.0', 'Accept': 'text/html,application/xhtml+xml,application/xml;q=0.9,*/*;q=0.8', 'Accept-Language': 'en-US,en;q=0.9', 'Accept-Encoding': 'gzip, deflate, br, zstd', 'Connection': 'keep-alive', 'Referer': 'http://localhost:8081/a2_filtered.php', 'Cookie': 'PHPSESSID=885a673eaaf625374cc2fff3bc51861d; security=impossible', 'Upgrade-Insecure-Requests': '1', 'Sec-Fetch-Dest': 'document', 'Sec-Fetch-Mode': 'navigate', 'Sec-Fetch-Site': 'same-origin', 'Sec-Fetch-User': '?1', 'Priority': 'u=0, i'}
[17:33:14.990] [GENERALFUNCTION 949] DEBUG OUTGOING post_data_encoded (truncated): 
[17:33:15.011] [SQLiFuzz 949] Response status: 200
[17:33:15.011] [SQLiFuzz 949] Response URL: http://localhost:8081/a2_filtered.php?Submit=Submit&id=%231
[17:33:15.011] [SQLiFuzz 949] Was redirected: False
[17:33:15.011] [SQLiFuzz 949] Getting response: <!doctype html>
<html>
<body>
<form method="GET">
  <label>User ID: <input type="text" name="id"></label>
  <input type="submit" name="Submit" value="Submit">
</form>
<pre>INPUT REJECTED</pre>
[17:33:16.012] [SQLAnalysis] Read 1 new lines from SQL log file.
[17:33:16.012] [SQLAnalysis] Appended 1 parsed entries.
[17:33:16.012] [SQLAnalysis 949] Extracted 644 Logs 2026-10-02 21:33:16.012468: [{'timestamp': '2026-10-02 21:33:15,000765', 'level': 'INFO', 'ip': '172.18.0.5', 'port': 47208, 'sql': 'USE db *#*#OK'}]
[17:33:16.012] [SQLAnalysis 949] Updated param pairs: {'looked_value': '#1'}
[17:33:16.012] [SQLAnalysis 949] Looked timestamp 2026-10-02 21:33:14.990595 -- 2026-10-02 21:33:15.008503
[17:33:16.016] [SQLAnalysis 949] query_array to be checked: ['use', 'db']
[17:33:16.016] [SQLAnalysis 949] normalized_query_array: ['use', 'db']
[17:33:16.017] [SQLiFuzz 949] No weird chars exist: GET http://localhost:8081/a2_filtered.php | ['[string (False)(None)] Sec-Fetch-Dest=document', '[string (False)(None)] Sec-Fetch-Mode=navigate', '[string (False)(None)] Sec-Fetch-Site=same-origin', '[string (False)(None)] Sec-Fetch-User=?1', '[string (False)(None)] Priority=u=0, i', '[url (False)(None)] path0=a2_filtered.php', '[int (False)(None)] id=#1', '[string (False)(None)] Submit=Submit'] | None
[17:33:16.017] [SQLiFuzz 9c8] Getting prepared_target_request with ID f3f for test_SQLi iteration 30/70
[17:33:16.017] [SQLiFuzz f3f] chosen_idx: 1 from 8
[17:33:16.017] [HTTPREQUEST f3f] Getting matched paramval from found values: ['?1', '1']
[17:33:16.017] [HTTPREQUEST f3f] Found matched paramval: [string (False)(None)] Sec-Fetch-User=?1
[17:33:16.017] [HTTPREQUEST f3f] Found matched paramval: [int (False)(None)] id=1
[17:33:16.018] [SQLiFuzz f3f] Prioritize to fuzz matched SQL value first: [int (False)(None)] id=1
[17:33:16.018] [SQLiFuzz f3f] Mutation applied. old='1' char='-' strategy='drop' new='-'
[17:33:16.018] [HTTPREQUEST f3f] Update url and body param from paramvals:
[17:33:16.019] [HTTPREQUEST None] New post_data_encoded: 
[17:33:16.019] [HTTPREQUEST None] New param encoded: Submit=Submit&id=-
[17:33:16.019] [GENERALFUNCTION f3f] ---SENDING THE REQUEST [1790976796-d124ed60-01d6-411a-976a-c462d5881f3f] TO : [GET] http://localhost:8081/a2_filtered.php?Submit=Submit&id=-
[17:33:16.019] [GENERALFUNCTION f3f] Post data encoded: 
[17:33:16.019] [GENERALFUNCTION f3f] Adjusted Referer to http://localhost:8081/a2_filtered.php
[17:33:16.019] [GENERALFUNCTION f3f] DEBUG OUTGOING request.full_url: http://localhost:8081/a2_filtered.php?Submit=Submit&id=-
[17:33:16.019] [GENERALFUNCTION f3f] DEBUG OUTGOING headers: {'Host': 'localhost:8081', 'User-Agent': 'Mozilla/5.0 (X11; Ubuntu; Linux x86_64; rv:155.0) Gecko/20100101 Firefox/155.0', 'Accept': 'text/html,application/xhtml+xml,application/xml;q=0.9,*/*;q=0.8', 'Accept-Language': 'en-US,en;q=0.9', 'Accept-Encoding': 'gzip, deflate, br, zstd', 'Connection': 'keep-alive', 'Referer': 'http://localhost:8081/a2_filtered.php', 'Cookie': 'PHPSESSID=885a673eaaf625374cc2fff3bc51861d; security=impossible', 'Upgrade-Insecure-Requests': '1', 'Sec-Fetch-Dest': 'document', 'Sec-Fetch-Mode': 'navigate', 'Sec-Fetch-Site': 'same-origin', 'Sec-Fetch-User': '?1', 'Priority': 'u=0, i'}
[17:33:16.019] [GENERALFUNCTION f3f] DEBUG OUTGOING post_data_encoded (truncated): 
[17:33:16.045] [SQLiFuzz f3f] Response status: 200
[17:33:16.045] [SQLiFuzz f3f] Response URL: http://localhost:8081/a2_filtered.php?Submit=Submit&id=-
[17:33:16.046] [SQLiFuzz f3f] Was redirected: False
[17:33:16.046] [SQLiFuzz f3f] Getting response: <!doctype html>
<html>
<body>
<form method="GET">
  <label>User ID: <input type="text" name="id"></label>
  <input type="submit" name="Submit" value="Submit">
</form>
<pre>INPUT REJECTED</pre>
[17:33:17.046] [SQLAnalysis] Read 1 new lines from SQL log file.
[17:33:17.046] [SQLAnalysis] Appended 1 parsed entries.
[17:33:17.046] [SQLAnalysis f3f] Extracted 645 Logs 2026-10-02 21:33:17.046881: [{'timestamp': '2026-10-02 21:33:16,035523', 'level': 'INFO', 'ip': '172.18.0.5', 'port': 47234, 'sql': 'USE db *#*#OK'}]
[17:33:17.047] [SQLAnalysis f3f] Updated param pairs: {'looked_value': '-'}
[17:33:17.047] [SQLAnalysis f3f] Looked timestamp 2026-10-02 21:33:16.019907 -- 2026-10-02 21:33:16.042616
[17:33:17.053] [SQLAnalysis f3f] query_array to be checked: ['use', 'db']
[17:33:17.054] [SQLAnalysis f3f] normalized_query_array: ['use', 'db']
[17:33:17.054] [SQLiFuzz f3f] No weird chars exist: GET http://localhost:8081/a2_filtered.php | ['[string (False)(None)] Sec-Fetch-Dest=document', '[string (False)(None)] Sec-Fetch-Mode=navigate', '[string (False)(None)] Sec-Fetch-Site=same-origin', '[string (False)(None)] Sec-Fetch-User=?1', '[string (False)(None)] Priority=u=0, i', '[url (False)(None)] path0=a2_filtered.php', '[int (False)(None)] id=-', '[string (False)(None)] Submit=Submit'] | None
[17:33:17.054] [SQLiFuzz 9c8] Getting prepared_target_request with ID 138 for test_SQLi iteration 31/70
[17:33:17.054] [SQLiFuzz 138] chosen_idx: 4 from 8
[17:33:17.054] [HTTPREQUEST 138] Getting matched paramval from found values: ['?1', '1']
[17:33:17.054] [HTTPREQUEST 138] Found matched paramval: [string (False)(None)] Sec-Fetch-User=?1
[17:33:17.054] [HTTPREQUEST 138] Found matched paramval: [int (False)(None)] id=1
[17:33:17.054] [SQLiFuzz 138] Prioritize to fuzz matched SQL value first: [int (False)(None)] id=1
[17:33:17.054] [SQLiFuzz 138] Mutation applied. old='1' char='#' strategy='tail' new='1#'
[17:33:17.054] [HTTPREQUEST 138] Update url and body param from paramvals:
[17:33:17.055] [HTTPREQUEST None] New post_data_encoded: 
[17:33:17.055] [HTTPREQUEST None] New param encoded: Submit=Submit&id=1%23
[17:33:17.055] [GENERALFUNCTION 138] ---SENDING THE REQUEST [1790976797-8561af44-de25-439e-8c3a-d63860065138] TO : [GET] http://localhost:8081/a2_filtered.php?Submit=Submit&id=1%23
[17:33:17.055] [GENERALFUNCTION 138] Post data encoded: 
[17:33:17.055] [GENERALFUNCTION 138] Adjusted Referer to http://localhost:8081/a2_filtered.php
[17:33:17.055] [GENERALFUNCTION 138] DEBUG OUTGOING request.full_url: http://localhost:8081/a2_filtered.php?Submit=Submit&id=1%23
[17:33:17.055] [GENERALFUNCTION 138] DEBUG OUTGOING headers: {'Host': 'localhost:8081', 'User-Agent': 'Mozilla/5.0 (X11; Ubuntu; Linux x86_64; rv:155.0) Gecko/20100101 Firefox/155.0', 'Accept': 'text/html,application/xhtml+xml,application/xml;q=0.9,*/*;q=0.8', 'Accept-Language': 'en-US,en;q=0.9', 'Accept-Encoding': 'gzip, deflate, br, zstd', 'Connection': 'keep-alive', 'Referer': 'http://localhost:8081/a2_filtered.php', 'Cookie': 'PHPSESSID=885a673eaaf625374cc2fff3bc51861d; security=impossible', 'Upgrade-Insecure-Requests': '1', 'Sec-Fetch-Dest': 'document', 'Sec-Fetch-Mode': 'navigate', 'Sec-Fetch-Site': 'same-origin', 'Sec-Fetch-User': '?1', 'Priority': 'u=0, i'}
[17:33:17.055] [GENERALFUNCTION 138] DEBUG OUTGOING post_data_encoded (truncated): 
[17:33:17.079] [SQLiFuzz 138] Response status: 200
[17:33:17.079] [SQLiFuzz 138] Response URL: http://localhost:8081/a2_filtered.php?Submit=Submit&id=1%23
[17:33:17.079] [SQLiFuzz 138] Was redirected: False
[17:33:17.079] [SQLiFuzz 138] Getting response: <!doctype html>
<html>
<body>
<form method="GET">
  <label>User ID: <input type="text" name="id"></label>
  <input type="submit" name="Submit" value="Submit">
</form>
<pre>INPUT REJECTED</pre>
[17:33:18.079] [SQLAnalysis] Read 1 new lines from SQL log file.
[17:33:18.080] [SQLAnalysis] Appended 1 parsed entries.
[17:33:18.080] [SQLAnalysis 138] Extracted 646 Logs 2026-10-02 21:33:18.080342: [{'timestamp': '2026-10-02 21:33:17,065635', 'level': 'INFO', 'ip': '172.18.0.5', 'port': 47250, 'sql': 'USE db *#*#OK'}]
[17:33:18.080] [SQLAnalysis 138] Updated param pairs: {'looked_value': '1#'}
[17:33:18.080] [SQLAnalysis 138] Looked timestamp 2026-10-02 21:33:17.055595 -- 2026-10-02 21:33:17.076241
[17:33:18.087] [SQLAnalysis 138] query_array to be checked: ['use', 'db']
[17:33:18.087] [SQLAnalysis 138] normalized_query_array: ['use', 'db']
[17:33:18.087] [SQLiFuzz 138] No weird chars exist: GET http://localhost:8081/a2_filtered.php | ['[string (False)(None)] Sec-Fetch-Dest=document', '[string (False)(None)] Sec-Fetch-Mode=navigate', '[string (False)(None)] Sec-Fetch-Site=same-origin', '[string (False)(None)] Sec-Fetch-User=?1', '[string (False)(None)] Priority=u=0, i', '[url (False)(None)] path0=a2_filtered.php', '[int (False)(None)] id=1#', '[string (False)(None)] Submit=Submit'] | None
[17:33:18.088] [SQLiFuzz 9c8] Getting prepared_target_request with ID d04 for test_SQLi iteration 32/70
[17:33:18.088] [SQLiFuzz d04] chosen_idx: 7 from 8
[17:33:18.088] [HTTPREQUEST d04] Getting matched paramval from found values: ['?1', '1']
[17:33:18.088] [HTTPREQUEST d04] Found matched paramval: [string (False)(None)] Sec-Fetch-User=?1
[17:33:18.088] [HTTPREQUEST d04] Found matched paramval: [int (False)(None)] id=1
[17:33:18.088] [SQLiFuzz d04] Prioritize to fuzz matched SQL value first: [int (False)(None)] id=1
[17:33:18.088] [SQLiFuzz d04] Mutation applied. old='1' char='~' strategy='tail' new='1~'
[17:33:18.088] [HTTPREQUEST d04] Update url and body param from paramvals:
[17:33:18.088] [HTTPREQUEST None] New post_data_encoded: 
[17:33:18.089] [HTTPREQUEST None] New param encoded: Submit=Submit&id=1~
[17:33:18.089] [GENERALFUNCTION d04] ---SENDING THE REQUEST [1790976798-44ee6f79-cadd-48b5-b822-27a3061dbd04] TO : [GET] http://localhost:8081/a2_filtered.php?Submit=Submit&id=1~
[17:33:18.089] [GENERALFUNCTION d04] Post data encoded: 
[17:33:18.089] [GENERALFUNCTION d04] Adjusted Referer to http://localhost:8081/a2_filtered.php
[17:33:18.089] [GENERALFUNCTION d04] DEBUG OUTGOING request.full_url: http://localhost:8081/a2_filtered.php?Submit=Submit&id=1~
[17:33:18.089] [GENERALFUNCTION d04] DEBUG OUTGOING headers: {'Host': 'localhost:8081', 'User-Agent': 'Mozilla/5.0 (X11; Ubuntu; Linux x86_64; rv:155.0) Gecko/20100101 Firefox/155.0', 'Accept': 'text/html,application/xhtml+xml,application/xml;q=0.9,*/*;q=0.8', 'Accept-Language': 'en-US,en;q=0.9', 'Accept-Encoding': 'gzip, deflate, br, zstd', 'Connection': 'keep-alive', 'Referer': 'http://localhost:8081/a2_filtered.php', 'Cookie': 'PHPSESSID=885a673eaaf625374cc2fff3bc51861d; security=impossible', 'Upgrade-Insecure-Requests': '1', 'Sec-Fetch-Dest': 'document', 'Sec-Fetch-Mode': 'navigate', 'Sec-Fetch-Site': 'same-origin', 'Sec-Fetch-User': '?1', 'Priority': 'u=0, i'}
[17:33:18.089] [GENERALFUNCTION d04] DEBUG OUTGOING post_data_encoded (truncated): 
[17:33:18.113] [SQLiFuzz d04] Response status: 200
[17:33:18.113] [SQLiFuzz d04] Response URL: http://localhost:8081/a2_filtered.php?Submit=Submit&id=1~
[17:33:18.113] [SQLiFuzz d04] Was redirected: False
[17:33:18.113] [SQLiFuzz d04] Getting response: <!doctype html>
<html>
<body>
<form method="GET">
  <label>User ID: <input type="text" name="id"></label>
  <input type="submit" name="Submit" value="Submit">
</form>
<pre>INPUT REJECTED</pre>
[17:33:19.114] [SQLAnalysis] Read 1 new lines from SQL log file.
[17:33:19.114] [SQLAnalysis] Appended 1 parsed entries.
[17:33:19.114] [SQLAnalysis d04] Extracted 647 Logs 2026-10-02 21:33:19.114861: [{'timestamp': '2026-10-02 21:33:18,100728', 'level': 'INFO', 'ip': '172.18.0.5', 'port': 47254, 'sql': 'USE db *#*#OK'}]
[17:33:19.115] [SQLAnalysis d04] Updated param pairs: {'looked_value': '1~'}
[17:33:19.115] [SQLAnalysis d04] Looked timestamp 2026-10-02 21:33:18.089569 -- 2026-10-02 21:33:18.109416
[17:33:19.122] [SQLAnalysis d04] query_array to be checked: ['use', 'db']
[17:33:19.122] [SQLAnalysis d04] normalized_query_array: ['use', 'db']
[17:33:19.123] [SQLiFuzz d04] No weird chars exist: GET http://localhost:8081/a2_filtered.php | ['[string (False)(None)] Sec-Fetch-Dest=document', '[string (False)(None)] Sec-Fetch-Mode=navigate', '[string (False)(None)] Sec-Fetch-Site=same-origin', '[string (False)(None)] Sec-Fetch-User=?1', '[string (False)(None)] Priority=u=0, i', '[url (False)(None)] path0=a2_filtered.php', '[int (False)(None)] id=1~', '[string (False)(None)] Submit=Submit'] | None
[17:33:19.123] [SQLiFuzz 9c8] Getting prepared_target_request with ID db7 for test_SQLi iteration 33/70
[17:33:19.123] [SQLiFuzz db7] chosen_idx: 4 from 8
[17:33:19.123] [HTTPREQUEST db7] Getting matched paramval from found values: ['?1', '1']
[17:33:19.123] [HTTPREQUEST db7] Found matched paramval: [string (False)(None)] Sec-Fetch-User=?1
[17:33:19.123] [HTTPREQUEST db7] Found matched paramval: [int (False)(None)] id=1
[17:33:19.123] [SQLiFuzz db7] Prioritize to fuzz matched SQL value first: [int (False)(None)] id=1
[17:33:19.123] [SQLiFuzz db7] Mutation applied. old='1' char='%' strategy='random' new='1%'
[17:33:19.124] [HTTPREQUEST db7] Update url and body param from paramvals:
[17:33:19.124] [HTTPREQUEST None] New post_data_encoded: 
[17:33:19.124] [HTTPREQUEST None] New param encoded: Submit=Submit&id=1%25
[17:33:19.124] [GENERALFUNCTION db7] ---SENDING THE REQUEST [1790976799-ee4dddbb-b8f0-4773-bab9-ca1ef54eddb7] TO : [GET] http://localhost:8081/a2_filtered.php?Submit=Submit&id=1%25
[17:33:19.124] [GENERALFUNCTION db7] Post data encoded: 
[17:33:19.124] [GENERALFUNCTION db7] Adjusted Referer to http://localhost:8081/a2_filtered.php
[17:33:19.124] [GENERALFUNCTION db7] DEBUG OUTGOING request.full_url: http://localhost:8081/a2_filtered.php?Submit=Submit&id=1%25
[17:33:19.124] [GENERALFUNCTION db7] DEBUG OUTGOING headers: {'Host': 'localhost:8081', 'User-Agent': 'Mozilla/5.0 (X11; Ubuntu; Linux x86_64; rv:155.0) Gecko/20100101 Firefox/155.0', 'Accept': 'text/html,application/xhtml+xml,application/xml;q=0.9,*/*;q=0.8', 'Accept-Language': 'en-US,en;q=0.9', 'Accept-Encoding': 'gzip, deflate, br, zstd', 'Connection': 'keep-alive', 'Referer': 'http://localhost:8081/a2_filtered.php', 'Cookie': 'PHPSESSID=885a673eaaf625374cc2fff3bc51861d; security=impossible', 'Upgrade-Insecure-Requests': '1', 'Sec-Fetch-Dest': 'document', 'Sec-Fetch-Mode': 'navigate', 'Sec-Fetch-Site': 'same-origin', 'Sec-Fetch-User': '?1', 'Priority': 'u=0, i'}
[17:33:19.124] [GENERALFUNCTION db7] DEBUG OUTGOING post_data_encoded (truncated): 
[17:33:19.149] [SQLiFuzz db7] Response status: 200
[17:33:19.149] [SQLiFuzz db7] Response URL: http://localhost:8081/a2_filtered.php?Submit=Submit&id=1%25
[17:33:19.149] [SQLiFuzz db7] Was redirected: False
[17:33:19.149] [SQLiFuzz db7] Getting response: <!doctype html>
<html>
<body>
<form method="GET">
  <label>User ID: <input type="text" name="id"></label>
  <input type="submit" name="Submit" value="Submit">
</form>
<pre>INPUT REJECTED</pre>
[17:33:20.150] [SQLAnalysis] Read 1 new lines from SQL log file.
[17:33:20.150] [SQLAnalysis] Appended 1 parsed entries.
[17:33:20.150] [SQLAnalysis db7] Extracted 648 Logs 2026-10-02 21:33:20.150720: [{'timestamp': '2026-10-02 21:33:19,137853', 'level': 'INFO', 'ip': '172.18.0.5', 'port': 47278, 'sql': 'USE db *#*#OK'}]
[17:33:20.150] [SQLAnalysis db7] Updated param pairs: {'looked_value': '1%'}
[17:33:20.150] [SQLAnalysis db7] Looked timestamp 2026-10-02 21:33:19.124791 -- 2026-10-02 21:33:19.146258
[17:33:20.156] [SQLAnalysis db7] query_array to be checked: ['use', 'db']
[17:33:20.156] [SQLAnalysis db7] normalized_query_array: ['use', 'db']
[17:33:20.156] [SQLiFuzz db7] No weird chars exist: GET http://localhost:8081/a2_filtered.php | ['[string (False)(None)] Sec-Fetch-Dest=document', '[string (False)(None)] Sec-Fetch-Mode=navigate', '[string (False)(None)] Sec-Fetch-Site=same-origin', '[string (False)(None)] Sec-Fetch-User=?1', '[string (False)(None)] Priority=u=0, i', '[url (False)(None)] path0=a2_filtered.php', '[int (False)(None)] id=1%', '[string (False)(None)] Submit=Submit'] | None
[17:33:20.156] [SQLiFuzz 9c8] Getting prepared_target_request with ID 413 for test_SQLi iteration 34/70
[17:33:20.156] [SQLiFuzz 413] chosen_idx: 1 from 8
[17:33:20.156] [HTTPREQUEST 413] Getting matched paramval from found values: ['?1', '1']
[17:33:20.156] [HTTPREQUEST 413] Found matched paramval: [string (False)(None)] Sec-Fetch-User=?1
[17:33:20.156] [HTTPREQUEST 413] Found matched paramval: [int (False)(None)] id=1
[17:33:20.156] [SQLiFuzz 413] Prioritize to fuzz matched SQL value first: [int (False)(None)] id=1
[17:33:20.156] [SQLiFuzz 413] Mutation applied. old='1' char='@' strategy='tail' new='1@'
[17:33:20.156] [HTTPREQUEST 413] Update url and body param from paramvals:
[17:33:20.157] [HTTPREQUEST None] New post_data_encoded: 
[17:33:20.157] [HTTPREQUEST None] New param encoded: Submit=Submit&id=1%40
[17:33:20.157] [GENERALFUNCTION 413] ---SENDING THE REQUEST [1790976800-88fb0e58-e335-41dc-9a39-1288a80ff413] TO : [GET] http://localhost:8081/a2_filtered.php?Submit=Submit&id=1%40
[17:33:20.157] [GENERALFUNCTION 413] Post data encoded: 
[17:33:20.157] [GENERALFUNCTION 413] Adjusted Referer to http://localhost:8081/a2_filtered.php
[17:33:20.157] [GENERALFUNCTION 413] DEBUG OUTGOING request.full_url: http://localhost:8081/a2_filtered.php?Submit=Submit&id=1%40
[17:33:20.157] [GENERALFUNCTION 413] DEBUG OUTGOING headers: {'Host': 'localhost:8081', 'User-Agent': 'Mozilla/5.0 (X11; Ubuntu; Linux x86_64; rv:155.0) Gecko/20100101 Firefox/155.0', 'Accept': 'text/html,application/xhtml+xml,application/xml;q=0.9,*/*;q=0.8', 'Accept-Language': 'en-US,en;q=0.9', 'Accept-Encoding': 'gzip, deflate, br, zstd', 'Connection': 'keep-alive', 'Referer': 'http://localhost:8081/a2_filtered.php', 'Cookie': 'PHPSESSID=885a673eaaf625374cc2fff3bc51861d; security=impossible', 'Upgrade-Insecure-Requests': '1', 'Sec-Fetch-Dest': 'document', 'Sec-Fetch-Mode': 'navigate', 'Sec-Fetch-Site': 'same-origin', 'Sec-Fetch-User': '?1', 'Priority': 'u=0, i'}
[17:33:20.157] [GENERALFUNCTION 413] DEBUG OUTGOING post_data_encoded (truncated): 
[17:33:20.180] [SQLiFuzz 413] Response status: 200
[17:33:20.180] [SQLiFuzz 413] Response URL: http://localhost:8081/a2_filtered.php?Submit=Submit&id=1%40
[17:33:20.180] [SQLiFuzz 413] Was redirected: False
[17:33:20.181] [SQLiFuzz 413] Getting response: <!doctype html>
<html>
<body>
<form method="GET">
  <label>User ID: <input type="text" name="id"></label>
  <input type="submit" name="Submit" value="Submit">
</form>
<pre>INPUT REJECTED</pre>
[17:33:21.181] [SQLAnalysis] Read 1 new lines from SQL log file.
[17:33:21.181] [SQLAnalysis] Appended 1 parsed entries.
[17:33:21.181] [SQLAnalysis 413] Extracted 649 Logs 2026-10-02 21:33:21.181769: [{'timestamp': '2026-10-02 21:33:20,171720', 'level': 'INFO', 'ip': '172.18.0.5', 'port': 47298, 'sql': 'USE db *#*#OK'}]
[17:33:21.181] [SQLAnalysis 413] Updated param pairs: {'looked_value': '1@'}
[17:33:21.182] [SQLAnalysis 413] Looked timestamp 2026-10-02 21:33:20.157568 -- 2026-10-02 21:33:20.177920
[17:33:21.187] [SQLAnalysis 413] query_array to be checked: ['use', 'db']
[17:33:21.187] [SQLAnalysis 413] normalized_query_array: ['use', 'db']
[17:33:21.187] [SQLiFuzz 413] No weird chars exist: GET http://localhost:8081/a2_filtered.php | ['[string (False)(None)] Sec-Fetch-Dest=document', '[string (False)(None)] Sec-Fetch-Mode=navigate', '[string (False)(None)] Sec-Fetch-Site=same-origin', '[string (False)(None)] Sec-Fetch-User=?1', '[string (False)(None)] Priority=u=0, i', '[url (False)(None)] path0=a2_filtered.php', '[int (False)(None)] id=1@', '[string (False)(None)] Submit=Submit'] | None
[17:33:21.187] [SQLiFuzz 9c8] Getting prepared_target_request with ID 0c7 for test_SQLi iteration 35/70
[17:33:21.187] [SQLiFuzz 0c7] chosen_idx: 0 from 8
[17:33:21.188] [HTTPREQUEST 0c7] Getting matched paramval from found values: ['?1', '1']
[17:33:21.188] [HTTPREQUEST 0c7] Found matched paramval: [string (False)(None)] Sec-Fetch-User=?1
[17:33:21.188] [HTTPREQUEST 0c7] Found matched paramval: [int (False)(None)] id=1
[17:33:21.188] [SQLiFuzz 0c7] Prioritize to fuzz matched SQL value first: [int (False)(None)] id=1
[17:33:21.188] [SQLiFuzz 0c7] Mutation applied. old='1' char='&' strategy='random' new='1&'
[17:33:21.188] [HTTPREQUEST 0c7] Update url and body param from paramvals:
[17:33:21.188] [HTTPREQUEST None] New post_data_encoded: 
[17:33:21.188] [HTTPREQUEST None] New param encoded: Submit=Submit&id=1%26
[17:33:21.188] [GENERALFUNCTION 0c7] ---SENDING THE REQUEST [1790976801-356a69a0-5538-459e-bdd6-6556eded70c7] TO : [GET] http://localhost:8081/a2_filtered.php?Submit=Submit&id=1%26
[17:33:21.188] [GENERALFUNCTION 0c7] Post data encoded: 
[17:33:21.188] [GENERALFUNCTION 0c7] Adjusted Referer to http://localhost:8081/a2_filtered.php
[17:33:21.188] [GENERALFUNCTION 0c7] DEBUG OUTGOING request.full_url: http://localhost:8081/a2_filtered.php?Submit=Submit&id=1%26
[17:33:21.188] [GENERALFUNCTION 0c7] DEBUG OUTGOING headers: {'Host': 'localhost:8081', 'User-Agent': 'Mozilla/5.0 (X11; Ubuntu; Linux x86_64; rv:155.0) Gecko/20100101 Firefox/155.0', 'Accept': 'text/html,application/xhtml+xml,application/xml;q=0.9,*/*;q=0.8', 'Accept-Language': 'en-US,en;q=0.9', 'Accept-Encoding': 'gzip, deflate, br, zstd', 'Connection': 'keep-alive', 'Referer': 'http://localhost:8081/a2_filtered.php', 'Cookie': 'PHPSESSID=885a673eaaf625374cc2fff3bc51861d; security=impossible', 'Upgrade-Insecure-Requests': '1', 'Sec-Fetch-Dest': 'document', 'Sec-Fetch-Mode': 'navigate', 'Sec-Fetch-Site': 'same-origin', 'Sec-Fetch-User': '?1', 'Priority': 'u=0, i'}
[17:33:21.188] [GENERALFUNCTION 0c7] DEBUG OUTGOING post_data_encoded (truncated): 
[17:33:21.209] [SQLiFuzz 0c7] Response status: 200
[17:33:21.209] [SQLiFuzz 0c7] Response URL: http://localhost:8081/a2_filtered.php?Submit=Submit&id=1%26
[17:33:21.209] [SQLiFuzz 0c7] Was redirected: False
[17:33:21.209] [SQLiFuzz 0c7] Getting response: <!doctype html>
<html>
<body>
<form method="GET">
  <label>User ID: <input type="text" name="id"></label>
  <input type="submit" name="Submit" value="Submit">
</form>
<pre>INPUT REJECTED</pre>
[17:33:22.210] [SQLAnalysis] Read 1 new lines from SQL log file.
[17:33:22.211] [SQLAnalysis] Appended 1 parsed entries.
[17:33:22.212] [SQLAnalysis 0c7] Extracted 650 Logs 2026-10-02 21:33:22.211938: [{'timestamp': '2026-10-02 21:33:21,200175', 'level': 'INFO', 'ip': '172.18.0.5', 'port': 47316, 'sql': 'USE db *#*#OK'}]
[17:33:22.212] [SQLAnalysis 0c7] Updated param pairs: {'looked_value': '1&'}
[17:33:22.213] [SQLAnalysis 0c7] Looked timestamp 2026-10-02 21:33:21.188885 -- 2026-10-02 21:33:21.206684
[17:33:22.219] [SQLAnalysis 0c7] query_array to be checked: ['use', 'db']
[17:33:22.219] [SQLAnalysis 0c7] normalized_query_array: ['use', 'db']
[17:33:22.219] [SQLiFuzz 0c7] No weird chars exist: GET http://localhost:8081/a2_filtered.php | ['[string (False)(None)] Sec-Fetch-Dest=document', '[string (False)(None)] Sec-Fetch-Mode=navigate', '[string (False)(None)] Sec-Fetch-Site=same-origin', '[string (False)(None)] Sec-Fetch-User=?1', '[string (False)(None)] Priority=u=0, i', '[url (False)(None)] path0=a2_filtered.php', '[int (False)(None)] id=1&', '[string (False)(None)] Submit=Submit'] | None
[17:33:22.219] [SQLiFuzz 9c8] Getting prepared_target_request with ID 28f for test_SQLi iteration 36/70
[17:33:22.219] [SQLiFuzz 28f] chosen_idx: 4 from 8
[17:33:22.220] [HTTPREQUEST 28f] Getting matched paramval from found values: ['?1', '1']
[17:33:22.220] [HTTPREQUEST 28f] Found matched paramval: [string (False)(None)] Sec-Fetch-User=?1
[17:33:22.220] [HTTPREQUEST 28f] Found matched paramval: [int (False)(None)] id=1
[17:33:22.220] [SQLiFuzz 28f] Prioritize to fuzz matched SQL value first: [int (False)(None)] id=1
[17:33:22.220] [SQLiFuzz 28f] Mutation applied. old='1' char='.' strategy='front' new='.1'
[17:33:22.220] [HTTPREQUEST 28f] Update url and body param from paramvals:
[17:33:22.220] [HTTPREQUEST None] New post_data_encoded: 
[17:33:22.220] [HTTPREQUEST None] New param encoded: Submit=Submit&id=.1
[17:33:22.220] [GENERALFUNCTION 28f] ---SENDING THE REQUEST [1790976802-03e6ab9f-96f4-48a0-bb6a-03bc466aa28f] TO : [GET] http://localhost:8081/a2_filtered.php?Submit=Submit&id=.1
[17:33:22.220] [GENERALFUNCTION 28f] Post data encoded: 
[17:33:22.220] [GENERALFUNCTION 28f] Adjusted Referer to http://localhost:8081/a2_filtered.php
[17:33:22.220] [GENERALFUNCTION 28f] DEBUG OUTGOING request.full_url: http://localhost:8081/a2_filtered.php?Submit=Submit&id=.1
[17:33:22.220] [GENERALFUNCTION 28f] DEBUG OUTGOING headers: {'Host': 'localhost:8081', 'User-Agent': 'Mozilla/5.0 (X11; Ubuntu; Linux x86_64; rv:155.0) Gecko/20100101 Firefox/155.0', 'Accept': 'text/html,application/xhtml+xml,application/xml;q=0.9,*/*;q=0.8', 'Accept-Language': 'en-US,en;q=0.9', 'Accept-Encoding': 'gzip, deflate, br, zstd', 'Connection': 'keep-alive', 'Referer': 'http://localhost:8081/a2_filtered.php', 'Cookie': 'PHPSESSID=885a673eaaf625374cc2fff3bc51861d; security=impossible', 'Upgrade-Insecure-Requests': '1', 'Sec-Fetch-Dest': 'document', 'Sec-Fetch-Mode': 'navigate', 'Sec-Fetch-Site': 'same-origin', 'Sec-Fetch-User': '?1', 'Priority': 'u=0, i'}
[17:33:22.220] [GENERALFUNCTION 28f] DEBUG OUTGOING post_data_encoded (truncated): 
[17:33:22.242] [SQLiFuzz 28f] Response status: 200
[17:33:22.242] [SQLiFuzz 28f] Response URL: http://localhost:8081/a2_filtered.php?Submit=Submit&id=.1
[17:33:22.242] [SQLiFuzz 28f] Was redirected: False
[17:33:22.242] [SQLiFuzz 28f] Getting response: <!doctype html>
<html>
<body>
<form method="GET">
  <label>User ID: <input type="text" name="id"></label>
  <input type="submit" name="Submit" value="Submit">
</form>
<pre>INPUT REJECTED</pre>
[17:33:23.243] [SQLAnalysis] Read 1 new lines from SQL log file.
[17:33:23.244] [SQLAnalysis] Appended 1 parsed entries.
[17:33:23.244] [SQLAnalysis 28f] Extracted 651 Logs 2026-10-02 21:33:23.244429: [{'timestamp': '2026-10-02 21:33:22,230524', 'level': 'INFO', 'ip': '172.18.0.5', 'port': 59820, 'sql': 'USE db *#*#OK'}]
[17:33:23.244] [SQLAnalysis 28f] Updated param pairs: {'looked_value': '.1'}
[17:33:23.245] [SQLAnalysis 28f] Looked timestamp 2026-10-02 21:33:22.220723 -- 2026-10-02 21:33:22.237311
[17:33:23.257] [SQLAnalysis 28f] query_array to be checked: ['use', 'db']
[17:33:23.257] [SQLAnalysis 28f] normalized_query_array: ['use', 'db']
[17:33:23.258] [SQLiFuzz 28f] No weird chars exist: GET http://localhost:8081/a2_filtered.php | ['[string (False)(None)] Sec-Fetch-Dest=document', '[string (False)(None)] Sec-Fetch-Mode=navigate', '[string (False)(None)] Sec-Fetch-Site=same-origin', '[string (False)(None)] Sec-Fetch-User=?1', '[string (False)(None)] Priority=u=0, i', '[url (False)(None)] path0=a2_filtered.php', '[int (False)(None)] id=.1', '[string (False)(None)] Submit=Submit'] | None
[17:33:23.258] [SQLiFuzz 9c8] Getting prepared_target_request with ID 3f9 for test_SQLi iteration 37/70
[17:33:23.258] [SQLiFuzz 3f9] chosen_idx: 0 from 8
[17:33:23.259] [HTTPREQUEST 3f9] Getting matched paramval from found values: ['?1', '1']
[17:33:23.259] [HTTPREQUEST 3f9] Found matched paramval: [string (False)(None)] Sec-Fetch-User=?1
[17:33:23.259] [HTTPREQUEST 3f9] Found matched paramval: [int (False)(None)] id=1
[17:33:23.259] [SQLiFuzz 3f9] Prioritize to fuzz matched SQL value first: [int (False)(None)] id=1
[17:33:23.259] [SQLiFuzz 3f9] Mutation applied. old='1' char='!' strategy='drop' new='!'
[17:33:23.259] [HTTPREQUEST 3f9] Update url and body param from paramvals:
[17:33:23.259] [HTTPREQUEST None] New post_data_encoded: 
[17:33:23.259] [HTTPREQUEST None] New param encoded: Submit=Submit&id=%21
[17:33:23.259] [GENERALFUNCTION 3f9] ---SENDING THE REQUEST [1790976803-7dcc6cdc-f115-42f6-8463-8683b12e03f9] TO : [GET] http://localhost:8081/a2_filtered.php?Submit=Submit&id=%21
[17:33:23.259] [GENERALFUNCTION 3f9] Post data encoded: 
[17:33:23.259] [GENERALFUNCTION 3f9] Adjusted Referer to http://localhost:8081/a2_filtered.php
[17:33:23.260] [GENERALFUNCTION 3f9] DEBUG OUTGOING request.full_url: http://localhost:8081/a2_filtered.php?Submit=Submit&id=%21
[17:33:23.260] [GENERALFUNCTION 3f9] DEBUG OUTGOING headers: {'Host': 'localhost:8081', 'User-Agent': 'Mozilla/5.0 (X11; Ubuntu; Linux x86_64; rv:155.0) Gecko/20100101 Firefox/155.0', 'Accept': 'text/html,application/xhtml+xml,application/xml;q=0.9,*/*;q=0.8', 'Accept-Language': 'en-US,en;q=0.9', 'Accept-Encoding': 'gzip, deflate, br, zstd', 'Connection': 'keep-alive', 'Referer': 'http://localhost:8081/a2_filtered.php', 'Cookie': 'PHPSESSID=885a673eaaf625374cc2fff3bc51861d; security=impossible', 'Upgrade-Insecure-Requests': '1', 'Sec-Fetch-Dest': 'document', 'Sec-Fetch-Mode': 'navigate', 'Sec-Fetch-Site': 'same-origin', 'Sec-Fetch-User': '?1', 'Priority': 'u=0, i'}
[17:33:23.260] [GENERALFUNCTION 3f9] DEBUG OUTGOING post_data_encoded (truncated): 
[17:33:23.290] [SQLiFuzz 3f9] Response status: 200
[17:33:23.290] [SQLiFuzz 3f9] Response URL: http://localhost:8081/a2_filtered.php?Submit=Submit&id=%21
[17:33:23.291] [SQLiFuzz 3f9] Was redirected: False
[17:33:23.291] [SQLiFuzz 3f9] Getting response: <!doctype html>
<html>
<body>
<form method="GET">
  <label>User ID: <input type="text" name="id"></label>
  <input type="submit" name="Submit" value="Submit">
</form>
<pre>INPUT REJECTED</pre>
[17:33:24.292] [SQLAnalysis] Read 1 new lines from SQL log file.
[17:33:24.292] [SQLAnalysis] Appended 1 parsed entries.
[17:33:24.292] [SQLAnalysis 3f9] Extracted 652 Logs 2026-10-02 21:33:24.292782: [{'timestamp': '2026-10-02 21:33:23,274342', 'level': 'INFO', 'ip': '172.18.0.5', 'port': 59832, 'sql': 'USE db *#*#OK'}]
[17:33:24.293] [SQLAnalysis 3f9] Updated param pairs: {'looked_value': '!'}
[17:33:24.293] [SQLAnalysis 3f9] Looked timestamp 2026-10-02 21:33:23.260472 -- 2026-10-02 21:33:23.286371
[17:33:24.305] [SQLAnalysis 3f9] query_array to be checked: ['use', 'db']
[17:33:24.305] [SQLAnalysis 3f9] normalized_query_array: ['use', 'db']
[17:33:24.306] [SQLiFuzz 3f9] No weird chars exist: GET http://localhost:8081/a2_filtered.php | ['[string (False)(None)] Sec-Fetch-Dest=document', '[string (False)(None)] Sec-Fetch-Mode=navigate', '[string (False)(None)] Sec-Fetch-Site=same-origin', '[string (False)(None)] Sec-Fetch-User=?1', '[string (False)(None)] Priority=u=0, i', '[url (False)(None)] path0=a2_filtered.php', '[int (False)(None)] id=!', '[string (False)(None)] Submit=Submit'] | None
[17:33:24.306] [SQLiFuzz 9c8] Getting prepared_target_request with ID dc0 for test_SQLi iteration 38/70
[17:33:24.306] [SQLiFuzz dc0] chosen_idx: 3 from 8
[17:33:24.307] [HTTPREQUEST dc0] Getting matched paramval from found values: ['?1', '1']
[17:33:24.307] [HTTPREQUEST dc0] Found matched paramval: [string (False)(None)] Sec-Fetch-User=?1
[17:33:24.307] [HTTPREQUEST dc0] Found matched paramval: [int (False)(None)] id=1
[17:33:24.307] [SQLiFuzz dc0] Prioritize to fuzz matched SQL value first: [int (False)(None)] id=1
[17:33:24.307] [SQLiFuzz dc0] Mutation applied. old='1' char='/' strategy='front' new='/1'
[17:33:24.307] [HTTPREQUEST dc0] Update url and body param from paramvals:
[17:33:24.308] [HTTPREQUEST None] New post_data_encoded: 
[17:33:24.308] [HTTPREQUEST None] New param encoded: Submit=Submit&id=%2F1
[17:33:24.308] [GENERALFUNCTION dc0] ---SENDING THE REQUEST [1790976804-994097b9-2761-4e5d-8691-23bc94d00dc0] TO : [GET] http://localhost:8081/a2_filtered.php?Submit=Submit&id=%2F1
[17:33:24.308] [GENERALFUNCTION dc0] Post data encoded: 
[17:33:24.308] [GENERALFUNCTION dc0] Adjusted Referer to http://localhost:8081/a2_filtered.php
[17:33:24.308] [GENERALFUNCTION dc0] DEBUG OUTGOING request.full_url: http://localhost:8081/a2_filtered.php?Submit=Submit&id=%2F1
[17:33:24.308] [GENERALFUNCTION dc0] DEBUG OUTGOING headers: {'Host': 'localhost:8081', 'User-Agent': 'Mozilla/5.0 (X11; Ubuntu; Linux x86_64; rv:155.0) Gecko/20100101 Firefox/155.0', 'Accept': 'text/html,application/xhtml+xml,application/xml;q=0.9,*/*;q=0.8', 'Accept-Language': 'en-US,en;q=0.9', 'Accept-Encoding': 'gzip, deflate, br, zstd', 'Connection': 'keep-alive', 'Referer': 'http://localhost:8081/a2_filtered.php', 'Cookie': 'PHPSESSID=885a673eaaf625374cc2fff3bc51861d; security=impossible', 'Upgrade-Insecure-Requests': '1', 'Sec-Fetch-Dest': 'document', 'Sec-Fetch-Mode': 'navigate', 'Sec-Fetch-Site': 'same-origin', 'Sec-Fetch-User': '?1', 'Priority': 'u=0, i'}
[17:33:24.308] [GENERALFUNCTION dc0] DEBUG OUTGOING post_data_encoded (truncated): 
[17:33:24.335] [SQLiFuzz dc0] Response status: 200
[17:33:24.335] [SQLiFuzz dc0] Response URL: http://localhost:8081/a2_filtered.php?Submit=Submit&id=%2F1
[17:33:24.335] [SQLiFuzz dc0] Was redirected: False
[17:33:24.335] [SQLiFuzz dc0] Getting response: <!doctype html>
<html>
<body>
<form method="GET">
  <label>User ID: <input type="text" name="id"></label>
  <input type="submit" name="Submit" value="Submit">
</form>
<pre>INPUT REJECTED</pre>
[17:33:25.336] [SQLAnalysis] Read 1 new lines from SQL log file.
[17:33:25.336] [SQLAnalysis] Appended 1 parsed entries.
[17:33:25.337] [SQLAnalysis dc0] Extracted 653 Logs 2026-10-02 21:33:25.337025: [{'timestamp': '2026-10-02 21:33:24,324718', 'level': 'INFO', 'ip': '172.18.0.5', 'port': 59848, 'sql': 'USE db *#*#OK'}]
[17:33:25.337] [SQLAnalysis dc0] Updated param pairs: {'looked_value': '/1'}
[17:33:25.337] [SQLAnalysis dc0] Looked timestamp 2026-10-02 21:33:24.308794 -- 2026-10-02 21:33:24.332575
[17:33:25.349] [SQLAnalysis dc0] query_array to be checked: ['use', 'db']
[17:33:25.350] [SQLAnalysis dc0] normalized_query_array: ['use', 'db']
[17:33:25.350] [SQLiFuzz dc0] No weird chars exist: GET http://localhost:8081/a2_filtered.php | ['[string (False)(None)] Sec-Fetch-Dest=document', '[string (False)(None)] Sec-Fetch-Mode=navigate', '[string (False)(None)] Sec-Fetch-Site=same-origin', '[string (False)(None)] Sec-Fetch-User=?1', '[string (False)(None)] Priority=u=0, i', '[url (False)(None)] path0=a2_filtered.php', '[int (False)(None)] id=/1', '[string (False)(None)] Submit=Submit'] | None
[17:33:25.350] [SQLiFuzz 9c8] Getting prepared_target_request with ID ce5 for test_SQLi iteration 39/70
[17:33:25.350] [SQLiFuzz ce5] chosen_idx: 0 from 8
[17:33:25.350] [HTTPREQUEST ce5] Getting matched paramval from found values: ['?1', '1']
[17:33:25.351] [HTTPREQUEST ce5] Found matched paramval: [string (False)(None)] Sec-Fetch-User=?1
[17:33:25.351] [HTTPREQUEST ce5] Found matched paramval: [int (False)(None)] id=1
[17:33:25.351] [SQLiFuzz ce5] Prioritize to fuzz matched SQL value first: [int (False)(None)] id=1
[17:33:25.351] [SQLiFuzz ce5] Mutation applied. old='1' char='.' strategy='tail' new='1.'
[17:33:25.351] [HTTPREQUEST ce5] Update url and body param from paramvals:
[17:33:25.351] [HTTPREQUEST None] New post_data_encoded: 
[17:33:25.351] [HTTPREQUEST None] New param encoded: Submit=Submit&id=1.
[17:33:25.351] [GENERALFUNCTION ce5] ---SENDING THE REQUEST [1790976805-1cc85866-af35-4dfa-a088-30088acface5] TO : [GET] http://localhost:8081/a2_filtered.php?Submit=Submit&id=1.
[17:33:25.351] [GENERALFUNCTION ce5] Post data encoded: 
[17:33:25.352] [GENERALFUNCTION ce5] Adjusted Referer to http://localhost:8081/a2_filtered.php
[17:33:25.352] [GENERALFUNCTION ce5] DEBUG OUTGOING request.full_url: http://localhost:8081/a2_filtered.php?Submit=Submit&id=1.
[17:33:25.352] [GENERALFUNCTION ce5] DEBUG OUTGOING headers: {'Host': 'localhost:8081', 'User-Agent': 'Mozilla/5.0 (X11; Ubuntu; Linux x86_64; rv:155.0) Gecko/20100101 Firefox/155.0', 'Accept': 'text/html,application/xhtml+xml,application/xml;q=0.9,*/*;q=0.8', 'Accept-Language': 'en-US,en;q=0.9', 'Accept-Encoding': 'gzip, deflate, br, zstd', 'Connection': 'keep-alive', 'Referer': 'http://localhost:8081/a2_filtered.php', 'Cookie': 'PHPSESSID=885a673eaaf625374cc2fff3bc51861d; security=impossible', 'Upgrade-Insecure-Requests': '1', 'Sec-Fetch-Dest': 'document', 'Sec-Fetch-Mode': 'navigate', 'Sec-Fetch-Site': 'same-origin', 'Sec-Fetch-User': '?1', 'Priority': 'u=0, i'}
[17:33:25.352] [GENERALFUNCTION ce5] DEBUG OUTGOING post_data_encoded (truncated): 
[17:33:25.379] [SQLiFuzz ce5] Response status: 200
[17:33:25.379] [SQLiFuzz ce5] Response URL: http://localhost:8081/a2_filtered.php?Submit=Submit&id=1.
[17:33:25.380] [SQLiFuzz ce5] Was redirected: False
[17:33:25.380] [SQLiFuzz ce5] Getting response: <!doctype html>
<html>
<body>
<form method="GET">
  <label>User ID: <input type="text" name="id"></label>
  <input type="submit" name="Submit" value="Submit">
</form>
<pre>INPUT REJECTED</pre>
[17:33:26.381] [SQLAnalysis] Read 1 new lines from SQL log file.
[17:33:26.381] [SQLAnalysis] Appended 1 parsed entries.
[17:33:26.381] [SQLAnalysis ce5] Extracted 654 Logs 2026-10-02 21:33:26.381935: [{'timestamp': '2026-10-02 21:33:25,365393', 'level': 'INFO', 'ip': '172.18.0.5', 'port': 59874, 'sql': 'USE db *#*#OK'}]
[17:33:26.382] [SQLAnalysis ce5] Updated param pairs: {'looked_value': '1.'}
[17:33:26.382] [SQLAnalysis ce5] Looked timestamp 2026-10-02 21:33:25.352403 -- 2026-10-02 21:33:25.375058
[17:33:26.397] [SQLAnalysis ce5] query_array to be checked: ['use', 'db']
[17:33:26.397] [SQLAnalysis ce5] normalized_query_array: ['use', 'db']
[17:33:26.397] [SQLiFuzz ce5] No weird chars exist: GET http://localhost:8081/a2_filtered.php | ['[string (False)(None)] Sec-Fetch-Dest=document', '[string (False)(None)] Sec-Fetch-Mode=navigate', '[string (False)(None)] Sec-Fetch-Site=same-origin', '[string (False)(None)] Sec-Fetch-User=?1', '[string (False)(None)] Priority=u=0, i', '[url (False)(None)] path0=a2_filtered.php', '[int (False)(None)] id=1.', '[string (False)(None)] Submit=Submit'] | None
[17:33:26.398] [SQLiFuzz 9c8] Getting prepared_target_request with ID 9c1 for test_SQLi iteration 40/70
[17:33:26.398] [SQLiFuzz 9c1] chosen_idx: 5 from 8
[17:33:26.398] [HTTPREQUEST 9c1] Getting matched paramval from found values: ['?1', '1']
[17:33:26.398] [HTTPREQUEST 9c1] Found matched paramval: [string (False)(None)] Sec-Fetch-User=?1
[17:33:26.398] [HTTPREQUEST 9c1] Found matched paramval: [int (False)(None)] id=1
[17:33:26.398] [SQLiFuzz 9c1] Prioritize to fuzz matched SQL value first: [int (False)(None)] id=1
[17:33:26.399] [SQLiFuzz 9c1] Mutation applied. old='1' char='|' strategy='front' new='|1'
[17:33:26.399] [HTTPREQUEST 9c1] Update url and body param from paramvals:
[17:33:26.399] [HTTPREQUEST None] New post_data_encoded: 
[17:33:26.399] [HTTPREQUEST None] New param encoded: Submit=Submit&id=%7C1
[17:33:26.399] [GENERALFUNCTION 9c1] ---SENDING THE REQUEST [1790976806-feb1d573-a600-4a6a-ab06-3f88c160e9c1] TO : [GET] http://localhost:8081/a2_filtered.php?Submit=Submit&id=%7C1
[17:33:26.399] [GENERALFUNCTION 9c1] Post data encoded: 
[17:33:26.399] [GENERALFUNCTION 9c1] Adjusted Referer to http://localhost:8081/a2_filtered.php
[17:33:26.399] [GENERALFUNCTION 9c1] DEBUG OUTGOING request.full_url: http://localhost:8081/a2_filtered.php?Submit=Submit&id=%7C1
[17:33:26.399] [GENERALFUNCTION 9c1] DEBUG OUTGOING headers: {'Host': 'localhost:8081', 'User-Agent': 'Mozilla/5.0 (X11; Ubuntu; Linux x86_64; rv:155.0) Gecko/20100101 Firefox/155.0', 'Accept': 'text/html,application/xhtml+xml,application/xml;q=0.9,*/*;q=0.8', 'Accept-Language': 'en-US,en;q=0.9', 'Accept-Encoding': 'gzip, deflate, br, zstd', 'Connection': 'keep-alive', 'Referer': 'http://localhost:8081/a2_filtered.php', 'Cookie': 'PHPSESSID=885a673eaaf625374cc2fff3bc51861d; security=impossible', 'Upgrade-Insecure-Requests': '1', 'Sec-Fetch-Dest': 'document', 'Sec-Fetch-Mode': 'navigate', 'Sec-Fetch-Site': 'same-origin', 'Sec-Fetch-User': '?1', 'Priority': 'u=0, i'}
[17:33:26.400] [GENERALFUNCTION 9c1] DEBUG OUTGOING post_data_encoded (truncated): 
[17:33:26.410] [HOOK] Idle monitor: 1 pending tasks, 1 active tasks, idle 1s
[17:33:26.411] [HOOK] Number response: 2 | Memory usage (MB): 86.5390625 PID: 44217
[17:33:26.411] [STATS] {'total_req': 2, 'sql_req': 1, 'null_req': 0, 'not_sql_req': 1, 'sql_injection_detected': 0, 'another_sql_error_detected': 0, 'sql_req_not_detected': 0, 'error_req': 0, 'fuzzed_req': 39, 'processing_time_total': 0.7957050000000002, 'processing_time_ave': 0.020402692307692313, 'running_time': 'Not finished yet', 200: 2}
[17:33:26.435] [SQLiFuzz 9c1] Response status: 200
[17:33:26.435] [SQLiFuzz 9c1] Response URL: http://localhost:8081/a2_filtered.php?Submit=Submit&id=%7C1
[17:33:26.435] [SQLiFuzz 9c1] Was redirected: False
[17:33:26.435] [SQLiFuzz 9c1] Getting response: <!doctype html>
<html>
<body>
<form method="GET">
  <label>User ID: <input type="text" name="id"></label>
  <input type="submit" name="Submit" value="Submit">
</form>
<pre>INPUT REJECTED</pre>
[17:33:27.436] [SQLAnalysis] Read 1 new lines from SQL log file.
[17:33:27.436] [SQLAnalysis] Appended 1 parsed entries.
[17:33:27.436] [SQLAnalysis 9c1] Extracted 655 Logs 2026-10-02 21:33:27.436375: [{'timestamp': '2026-10-02 21:33:26,417803', 'level': 'INFO', 'ip': '172.18.0.5', 'port': 59896, 'sql': 'USE db *#*#OK'}]
[17:33:27.436] [SQLAnalysis 9c1] Updated param pairs: {'looked_value': '|1'}
[17:33:27.436] [SQLAnalysis 9c1] Looked timestamp 2026-10-02 21:33:26.400124 -- 2026-10-02 21:33:26.430359
[17:33:27.442] [SQLAnalysis 9c1] query_array to be checked: ['use', 'db']
[17:33:27.442] [SQLAnalysis 9c1] normalized_query_array: ['use', 'db']
[17:33:27.442] [SQLiFuzz 9c1] No weird chars exist: GET http://localhost:8081/a2_filtered.php | ['[string (False)(None)] Sec-Fetch-Dest=document', '[string (False)(None)] Sec-Fetch-Mode=navigate', '[string (False)(None)] Sec-Fetch-Site=same-origin', '[string (False)(None)] Sec-Fetch-User=?1', '[string (False)(None)] Priority=u=0, i', '[url (False)(None)] path0=a2_filtered.php', '[int (False)(None)] id=|1', '[string (False)(None)] Submit=Submit'] | None
[17:33:27.442] [SQLiFuzz 9c8] Getting prepared_target_request with ID 912 for test_SQLi iteration 41/70
[17:33:27.442] [SQLiFuzz 912] chosen_idx: 2 from 8
[17:33:27.442] [HTTPREQUEST 912] Getting matched paramval from found values: ['?1', '1']
[17:33:27.443] [HTTPREQUEST 912] Found matched paramval: [string (False)(None)] Sec-Fetch-User=?1
[17:33:27.443] [HTTPREQUEST 912] Found matched paramval: [int (False)(None)] id=1
[17:33:27.443] [SQLiFuzz 912] Prioritize to fuzz matched SQL value first: [int (False)(None)] id=1
[17:33:27.443] [SQLiFuzz 912] Mutation applied. old='1' char='=' strategy='drop' new='='
[17:33:27.443] [HTTPREQUEST 912] Update url and body param from paramvals:
[17:33:27.443] [HTTPREQUEST None] New post_data_encoded: 
[17:33:27.443] [HTTPREQUEST None] New param encoded: Submit=Submit&id=%3D
[17:33:27.443] [GENERALFUNCTION 912] ---SENDING THE REQUEST [1790976807-86e4b485-3e45-4226-9843-5c311714e912] TO : [GET] http://localhost:8081/a2_filtered.php?Submit=Submit&id=%3D
[17:33:27.443] [GENERALFUNCTION 912] Post data encoded: 
[17:33:27.443] [GENERALFUNCTION 912] Adjusted Referer to http://localhost:8081/a2_filtered.php
[17:33:27.443] [GENERALFUNCTION 912] DEBUG OUTGOING request.full_url: http://localhost:8081/a2_filtered.php?Submit=Submit&id=%3D
[17:33:27.443] [GENERALFUNCTION 912] DEBUG OUTGOING headers: {'Host': 'localhost:8081', 'User-Agent': 'Mozilla/5.0 (X11; Ubuntu; Linux x86_64; rv:155.0) Gecko/20100101 Firefox/155.0', 'Accept': 'text/html,application/xhtml+xml,application/xml;q=0.9,*/*;q=0.8', 'Accept-Language': 'en-US,en;q=0.9', 'Accept-Encoding': 'gzip, deflate, br, zstd', 'Connection': 'keep-alive', 'Referer': 'http://localhost:8081/a2_filtered.php', 'Cookie': 'PHPSESSID=885a673eaaf625374cc2fff3bc51861d; security=impossible', 'Upgrade-Insecure-Requests': '1', 'Sec-Fetch-Dest': 'document', 'Sec-Fetch-Mode': 'navigate', 'Sec-Fetch-Site': 'same-origin', 'Sec-Fetch-User': '?1', 'Priority': 'u=0, i'}
[17:33:27.443] [GENERALFUNCTION 912] DEBUG OUTGOING post_data_encoded (truncated): 
[17:33:27.465] [SQLiFuzz 912] Response status: 200
[17:33:27.465] [SQLiFuzz 912] Response URL: http://localhost:8081/a2_filtered.php?Submit=Submit&id=%3D
[17:33:27.465] [SQLiFuzz 912] Was redirected: False
[17:33:27.465] [SQLiFuzz 912] Getting response: <!doctype html>
<html>
<body>
<form method="GET">
  <label>User ID: <input type="text" name="id"></label>
  <input type="submit" name="Submit" value="Submit">
</form>
<pre>INPUT REJECTED</pre>
[17:33:28.466] [SQLAnalysis] Read 1 new lines from SQL log file.
[17:33:28.466] [SQLAnalysis] Appended 1 parsed entries.
[17:33:28.466] [SQLAnalysis 912] Extracted 656 Logs 2026-10-02 21:33:28.466528: [{'timestamp': '2026-10-02 21:33:27,453963', 'level': 'INFO', 'ip': '172.18.0.5', 'port': 59914, 'sql': 'USE db *#*#OK'}]
[17:33:28.466] [SQLAnalysis 912] Updated param pairs: {'looked_value': '='}
[17:33:28.466] [SQLAnalysis 912] Looked timestamp 2026-10-02 21:33:27.443731 -- 2026-10-02 21:33:27.462506
[17:33:28.470] [SQLAnalysis 912] query_array to be checked: ['use', 'db']
[17:33:28.470] [SQLAnalysis 912] normalized_query_array: ['use', 'db']
[17:33:28.470] [SQLiFuzz 912] No weird chars exist: GET http://localhost:8081/a2_filtered.php | ['[string (False)(None)] Sec-Fetch-Dest=document', '[string (False)(None)] Sec-Fetch-Mode=navigate', '[string (False)(None)] Sec-Fetch-Site=same-origin', '[string (False)(None)] Sec-Fetch-User=?1', '[string (False)(None)] Priority=u=0, i', '[url (False)(None)] path0=a2_filtered.php', '[int (False)(None)] id==', '[string (False)(None)] Submit=Submit'] | None
[17:33:28.471] [SQLiFuzz 9c8] Getting prepared_target_request with ID 622 for test_SQLi iteration 42/70
[17:33:28.471] [SQLiFuzz 622] chosen_idx: 7 from 8
[17:33:28.471] [HTTPREQUEST 622] Getting matched paramval from found values: ['?1', '1']
[17:33:28.471] [HTTPREQUEST 622] Found matched paramval: [string (False)(None)] Sec-Fetch-User=?1
[17:33:28.471] [HTTPREQUEST 622] Found matched paramval: [int (False)(None)] id=1
[17:33:28.471] [SQLiFuzz 622] Prioritize to fuzz matched SQL value first: [int (False)(None)] id=1
[17:33:28.471] [SQLiFuzz 622] Mutation applied. old='1' char=';' strategy='front' new=';1'
[17:33:28.471] [HTTPREQUEST 622] Update url and body param from paramvals:
[17:33:28.472] [HTTPREQUEST None] New post_data_encoded: 
[17:33:28.472] [HTTPREQUEST None] New param encoded: Submit=Submit&id=%3B1
[17:33:28.472] [GENERALFUNCTION 622] ---SENDING THE REQUEST [1790976808-abe58b93-ff27-4036-bf91-554de7355622] TO : [GET] http://localhost:8081/a2_filtered.php?Submit=Submit&id=%3B1
[17:33:28.472] [GENERALFUNCTION 622] Post data encoded: 
[17:33:28.472] [GENERALFUNCTION 622] Adjusted Referer to http://localhost:8081/a2_filtered.php
[17:33:28.472] [GENERALFUNCTION 622] DEBUG OUTGOING request.full_url: http://localhost:8081/a2_filtered.php?Submit=Submit&id=%3B1
[17:33:28.472] [GENERALFUNCTION 622] DEBUG OUTGOING headers: {'Host': 'localhost:8081', 'User-Agent': 'Mozilla/5.0 (X11; Ubuntu; Linux x86_64; rv:155.0) Gecko/20100101 Firefox/155.0', 'Accept': 'text/html,application/xhtml+xml,application/xml;q=0.9,*/*;q=0.8', 'Accept-Language': 'en-US,en;q=0.9', 'Accept-Encoding': 'gzip, deflate, br, zstd', 'Connection': 'keep-alive', 'Referer': 'http://localhost:8081/a2_filtered.php', 'Cookie': 'PHPSESSID=885a673eaaf625374cc2fff3bc51861d; security=impossible', 'Upgrade-Insecure-Requests': '1', 'Sec-Fetch-Dest': 'document', 'Sec-Fetch-Mode': 'navigate', 'Sec-Fetch-Site': 'same-origin', 'Sec-Fetch-User': '?1', 'Priority': 'u=0, i'}
[17:33:28.472] [GENERALFUNCTION 622] DEBUG OUTGOING post_data_encoded (truncated): 
[17:33:28.494] [SQLiFuzz 622] Response status: 200
[17:33:28.494] [SQLiFuzz 622] Response URL: http://localhost:8081/a2_filtered.php?Submit=Submit&id=%3B1
[17:33:28.494] [SQLiFuzz 622] Was redirected: False
[17:33:28.494] [SQLiFuzz 622] Getting response: <!doctype html>
<html>
<body>
<form method="GET">
  <label>User ID: <input type="text" name="id"></label>
  <input type="submit" name="Submit" value="Submit">
</form>
<pre>INPUT REJECTED</pre>
[17:33:29.497] [SQLAnalysis] Read 1 new lines from SQL log file.
[17:33:29.497] [SQLAnalysis] Appended 1 parsed entries.
[17:33:29.497] [SQLAnalysis 622] Extracted 657 Logs 2026-10-02 21:33:29.497901: [{'timestamp': '2026-10-02 21:33:28,483581', 'level': 'INFO', 'ip': '172.18.0.5', 'port': 59928, 'sql': 'USE db *#*#OK'}]
[17:33:29.498] [SQLAnalysis 622] Updated param pairs: {'looked_value': ';1'}
[17:33:29.498] [SQLAnalysis 622] Looked timestamp 2026-10-02 21:33:28.472476 -- 2026-10-02 21:33:28.491171
[17:33:29.505] [SQLAnalysis 622] query_array to be checked: ['use', 'db']
[17:33:29.505] [SQLAnalysis 622] normalized_query_array: ['use', 'db']
[17:33:29.505] [SQLiFuzz 622] No weird chars exist: GET http://localhost:8081/a2_filtered.php | ['[string (False)(None)] Sec-Fetch-Dest=document', '[string (False)(None)] Sec-Fetch-Mode=navigate', '[string (False)(None)] Sec-Fetch-Site=same-origin', '[string (False)(None)] Sec-Fetch-User=?1', '[string (False)(None)] Priority=u=0, i', '[url (False)(None)] path0=a2_filtered.php', '[int (False)(None)] id=;1', '[string (False)(None)] Submit=Submit'] | None
[17:33:29.506] [SQLiFuzz 9c8] Getting prepared_target_request with ID cf7 for test_SQLi iteration 43/70
[17:33:29.506] [SQLiFuzz cf7] chosen_idx: 1 from 8
[17:33:29.506] [HTTPREQUEST cf7] Getting matched paramval from found values: ['?1', '1']
[17:33:29.506] [HTTPREQUEST cf7] Found matched paramval: [string (False)(None)] Sec-Fetch-User=?1
[17:33:29.506] [HTTPREQUEST cf7] Found matched paramval: [int (False)(None)] id=1
[17:33:29.507] [SQLiFuzz cf7] Prioritize to fuzz matched SQL value first: [int (False)(None)] id=1
[17:33:29.507] [SQLiFuzz cf7] Mutation applied. old='1' char='@' strategy='random' new='1@'
[17:33:29.507] [HTTPREQUEST cf7] Update url and body param from paramvals:
[17:33:29.508] [HTTPREQUEST None] New post_data_encoded: 
[17:33:29.508] [HTTPREQUEST None] New param encoded: Submit=Submit&id=1%40
[17:33:29.508] [GENERALFUNCTION cf7] ---SENDING THE REQUEST [1790976809-0ec93299-3f93-40f9-acfc-0cf40bd70cf7] TO : [GET] http://localhost:8081/a2_filtered.php?Submit=Submit&id=1%40
[17:33:29.508] [GENERALFUNCTION cf7] Post data encoded: 
[17:33:29.508] [GENERALFUNCTION cf7] Adjusted Referer to http://localhost:8081/a2_filtered.php
[17:33:29.508] [GENERALFUNCTION cf7] DEBUG OUTGOING request.full_url: http://localhost:8081/a2_filtered.php?Submit=Submit&id=1%40
[17:33:29.508] [GENERALFUNCTION cf7] DEBUG OUTGOING headers: {'Host': 'localhost:8081', 'User-Agent': 'Mozilla/5.0 (X11; Ubuntu; Linux x86_64; rv:155.0) Gecko/20100101 Firefox/155.0', 'Accept': 'text/html,application/xhtml+xml,application/xml;q=0.9,*/*;q=0.8', 'Accept-Language': 'en-US,en;q=0.9', 'Accept-Encoding': 'gzip, deflate, br, zstd', 'Connection': 'keep-alive', 'Referer': 'http://localhost:8081/a2_filtered.php', 'Cookie': 'PHPSESSID=885a673eaaf625374cc2fff3bc51861d; security=impossible', 'Upgrade-Insecure-Requests': '1', 'Sec-Fetch-Dest': 'document', 'Sec-Fetch-Mode': 'navigate', 'Sec-Fetch-Site': 'same-origin', 'Sec-Fetch-User': '?1', 'Priority': 'u=0, i'}
[17:33:29.508] [GENERALFUNCTION cf7] DEBUG OUTGOING post_data_encoded (truncated): 
[17:33:29.531] [SQLiFuzz cf7] Response status: 200
[17:33:29.531] [SQLiFuzz cf7] Response URL: http://localhost:8081/a2_filtered.php?Submit=Submit&id=1%40
[17:33:29.531] [SQLiFuzz cf7] Was redirected: False
[17:33:29.531] [SQLiFuzz cf7] Getting response: <!doctype html>
<html>
<body>
<form method="GET">
  <label>User ID: <input type="text" name="id"></label>
  <input type="submit" name="Submit" value="Submit">
</form>
<pre>INPUT REJECTED</pre>
[17:33:30.532] [SQLAnalysis] Read 1 new lines from SQL log file.
[17:33:30.532] [SQLAnalysis] Appended 1 parsed entries.
[17:33:30.532] [SQLAnalysis cf7] Extracted 658 Logs 2026-10-02 21:33:30.532647: [{'timestamp': '2026-10-02 21:33:29,519828', 'level': 'INFO', 'ip': '172.18.0.5', 'port': 59946, 'sql': 'USE db *#*#OK'}]
[17:33:30.532] [SQLAnalysis cf7] Updated param pairs: {'looked_value': '1@'}
[17:33:30.533] [SQLAnalysis cf7] Looked timestamp 2026-10-02 21:33:29.508626 -- 2026-10-02 21:33:29.527875
[17:33:30.542] [SQLAnalysis cf7] query_array to be checked: ['use', 'db']
[17:33:30.542] [SQLAnalysis cf7] normalized_query_array: ['use', 'db']
[17:33:30.542] [SQLiFuzz cf7] No weird chars exist: GET http://localhost:8081/a2_filtered.php | ['[string (False)(None)] Sec-Fetch-Dest=document', '[string (False)(None)] Sec-Fetch-Mode=navigate', '[string (False)(None)] Sec-Fetch-Site=same-origin', '[string (False)(None)] Sec-Fetch-User=?1', '[string (False)(None)] Priority=u=0, i', '[url (False)(None)] path0=a2_filtered.php', '[int (False)(None)] id=1@', '[string (False)(None)] Submit=Submit'] | None
[17:33:30.543] [SQLiFuzz 9c8] Getting prepared_target_request with ID 2ee for test_SQLi iteration 44/70
[17:33:30.543] [SQLiFuzz 2ee] chosen_idx: 4 from 8
[17:33:30.543] [HTTPREQUEST 2ee] Getting matched paramval from found values: ['?1', '1']
[17:33:30.543] [HTTPREQUEST 2ee] Found matched paramval: [string (False)(None)] Sec-Fetch-User=?1
[17:33:30.543] [HTTPREQUEST 2ee] Found matched paramval: [int (False)(None)] id=1
[17:33:30.543] [SQLiFuzz 2ee] Prioritize to fuzz matched SQL value first: [int (False)(None)] id=1
[17:33:30.543] [SQLiFuzz 2ee] Mutation applied. old='1' char='+' strategy='tail' new='1+'
[17:33:30.543] [HTTPREQUEST 2ee] Update url and body param from paramvals:
[17:33:30.544] [HTTPREQUEST None] New post_data_encoded: 
[17:33:30.544] [HTTPREQUEST None] New param encoded: Submit=Submit&id=1%2B
[17:33:30.544] [GENERALFUNCTION 2ee] ---SENDING THE REQUEST [1790976810-2a969b80-eafe-4770-81bf-220a0b77c2ee] TO : [GET] http://localhost:8081/a2_filtered.php?Submit=Submit&id=1%2B
[17:33:30.544] [GENERALFUNCTION 2ee] Post data encoded: 
[17:33:30.544] [GENERALFUNCTION 2ee] Adjusted Referer to http://localhost:8081/a2_filtered.php
[17:33:30.544] [GENERALFUNCTION 2ee] DEBUG OUTGOING request.full_url: http://localhost:8081/a2_filtered.php?Submit=Submit&id=1%2B
[17:33:30.544] [GENERALFUNCTION 2ee] DEBUG OUTGOING headers: {'Host': 'localhost:8081', 'User-Agent': 'Mozilla/5.0 (X11; Ubuntu; Linux x86_64; rv:155.0) Gecko/20100101 Firefox/155.0', 'Accept': 'text/html,application/xhtml+xml,application/xml;q=0.9,*/*;q=0.8', 'Accept-Language': 'en-US,en;q=0.9', 'Accept-Encoding': 'gzip, deflate, br, zstd', 'Connection': 'keep-alive', 'Referer': 'http://localhost:8081/a2_filtered.php', 'Cookie': 'PHPSESSID=885a673eaaf625374cc2fff3bc51861d; security=impossible', 'Upgrade-Insecure-Requests': '1', 'Sec-Fetch-Dest': 'document', 'Sec-Fetch-Mode': 'navigate', 'Sec-Fetch-Site': 'same-origin', 'Sec-Fetch-User': '?1', 'Priority': 'u=0, i'}
[17:33:30.544] [GENERALFUNCTION 2ee] DEBUG OUTGOING post_data_encoded (truncated): 
[17:33:30.570] [SQLiFuzz 2ee] Response status: 200
[17:33:30.570] [SQLiFuzz 2ee] Response URL: http://localhost:8081/a2_filtered.php?Submit=Submit&id=1%2B
[17:33:30.570] [SQLiFuzz 2ee] Was redirected: False
[17:33:30.570] [SQLiFuzz 2ee] Getting response: <!doctype html>
<html>
<body>
<form method="GET">
  <label>User ID: <input type="text" name="id"></label>
  <input type="submit" name="Submit" value="Submit">
</form>
<pre>INPUT REJECTED</pre>
[17:33:31.570] [SQLAnalysis] Read 1 new lines from SQL log file.
[17:33:31.570] [SQLAnalysis] Appended 1 parsed entries.
[17:33:31.570] [SQLAnalysis 2ee] Extracted 659 Logs 2026-10-02 21:33:31.570930: [{'timestamp': '2026-10-02 21:33:30,560031', 'level': 'INFO', 'ip': '172.18.0.5', 'port': 59960, 'sql': 'USE db *#*#OK'}]
[17:33:31.571] [SQLAnalysis 2ee] Updated param pairs: {'looked_value': '1+'}
[17:33:31.571] [SQLAnalysis 2ee] Looked timestamp 2026-10-02 21:33:30.544725 -- 2026-10-02 21:33:30.566740
[17:33:31.575] [SQLAnalysis 2ee] query_array to be checked: ['use', 'db']
[17:33:31.575] [SQLAnalysis 2ee] normalized_query_array: ['use', 'db']
[17:33:31.575] [SQLiFuzz 2ee] No weird chars exist: GET http://localhost:8081/a2_filtered.php | ['[string (False)(None)] Sec-Fetch-Dest=document', '[string (False)(None)] Sec-Fetch-Mode=navigate', '[string (False)(None)] Sec-Fetch-Site=same-origin', '[string (False)(None)] Sec-Fetch-User=?1', '[string (False)(None)] Priority=u=0, i', '[url (False)(None)] path0=a2_filtered.php', '[int (False)(None)] id=1+', '[string (False)(None)] Submit=Submit'] | None
[17:33:31.575] [SQLiFuzz 9c8] Getting prepared_target_request with ID 918 for test_SQLi iteration 45/70
[17:33:31.575] [SQLiFuzz 918] chosen_idx: 3 from 8
[17:33:31.575] [HTTPREQUEST 918] Getting matched paramval from found values: ['?1', '1']
[17:33:31.575] [HTTPREQUEST 918] Found matched paramval: [string (False)(None)] Sec-Fetch-User=?1
[17:33:31.575] [HTTPREQUEST 918] Found matched paramval: [int (False)(None)] id=1
[17:33:31.576] [SQLiFuzz 918] Prioritize to fuzz matched SQL value first: [int (False)(None)] id=1
[17:33:31.576] [SQLiFuzz 918] Mutation applied. old='1' char='>' strategy='front' new='>1'
[17:33:31.576] [HTTPREQUEST 918] Update url and body param from paramvals:
[17:33:31.576] [HTTPREQUEST None] New post_data_encoded: 
[17:33:31.576] [HTTPREQUEST None] New param encoded: Submit=Submit&id=%3E1
[17:33:31.576] [GENERALFUNCTION 918] ---SENDING THE REQUEST [1790976811-1b47f0a0-a4a7-4f09-8b73-0a9a2bf82918] TO : [GET] http://localhost:8081/a2_filtered.php?Submit=Submit&id=%3E1
[17:33:31.576] [GENERALFUNCTION 918] Post data encoded: 
[17:33:31.576] [GENERALFUNCTION 918] Adjusted Referer to http://localhost:8081/a2_filtered.php
[17:33:31.576] [GENERALFUNCTION 918] DEBUG OUTGOING request.full_url: http://localhost:8081/a2_filtered.php?Submit=Submit&id=%3E1
[17:33:31.576] [GENERALFUNCTION 918] DEBUG OUTGOING headers: {'Host': 'localhost:8081', 'User-Agent': 'Mozilla/5.0 (X11; Ubuntu; Linux x86_64; rv:155.0) Gecko/20100101 Firefox/155.0', 'Accept': 'text/html,application/xhtml+xml,application/xml;q=0.9,*/*;q=0.8', 'Accept-Language': 'en-US,en;q=0.9', 'Accept-Encoding': 'gzip, deflate, br, zstd', 'Connection': 'keep-alive', 'Referer': 'http://localhost:8081/a2_filtered.php', 'Cookie': 'PHPSESSID=885a673eaaf625374cc2fff3bc51861d; security=impossible', 'Upgrade-Insecure-Requests': '1', 'Sec-Fetch-Dest': 'document', 'Sec-Fetch-Mode': 'navigate', 'Sec-Fetch-Site': 'same-origin', 'Sec-Fetch-User': '?1', 'Priority': 'u=0, i'}
[17:33:31.576] [GENERALFUNCTION 918] DEBUG OUTGOING post_data_encoded (truncated): 
[17:33:31.596] [SQLiFuzz 918] Response status: 200
[17:33:31.596] [SQLiFuzz 918] Response URL: http://localhost:8081/a2_filtered.php?Submit=Submit&id=%3E1
[17:33:31.596] [SQLiFuzz 918] Was redirected: False
[17:33:31.596] [SQLiFuzz 918] Getting response: <!doctype html>
<html>
<body>
<form method="GET">
  <label>User ID: <input type="text" name="id"></label>
  <input type="submit" name="Submit" value="Submit">
</form>
<pre>INPUT REJECTED</pre>
[17:33:32.596] [SQLAnalysis] Read 1 new lines from SQL log file.
[17:33:32.597] [SQLAnalysis] Appended 1 parsed entries.
[17:33:32.597] [SQLAnalysis 918] Extracted 660 Logs 2026-10-02 21:33:32.597463: [{'timestamp': '2026-10-02 21:33:31,587166', 'level': 'INFO', 'ip': '172.18.0.5', 'port': 59968, 'sql': 'USE db *#*#OK'}]
[17:33:32.597] [SQLAnalysis 918] Updated param pairs: {'looked_value': '>1'}
[17:33:32.597] [SQLAnalysis 918] Looked timestamp 2026-10-02 21:33:31.576930 -- 2026-10-02 21:33:31.592895
[17:33:32.603] [SQLAnalysis 918] query_array to be checked: ['use', 'db']
[17:33:32.603] [SQLAnalysis 918] normalized_query_array: ['use', 'db']
[17:33:32.603] [SQLiFuzz 918] No weird chars exist: GET http://localhost:8081/a2_filtered.php | ['[string (False)(None)] Sec-Fetch-Dest=document', '[string (False)(None)] Sec-Fetch-Mode=navigate', '[string (False)(None)] Sec-Fetch-Site=same-origin', '[string (False)(None)] Sec-Fetch-User=?1', '[string (False)(None)] Priority=u=0, i', '[url (False)(None)] path0=a2_filtered.php', '[int (False)(None)] id=>1', '[string (False)(None)] Submit=Submit'] | None
[17:33:32.603] [SQLiFuzz 9c8] Getting prepared_target_request with ID 877 for test_SQLi iteration 46/70
[17:33:32.603] [SQLiFuzz 877] chosen_idx: 6 from 8
[17:33:32.603] [HTTPREQUEST 877] Getting matched paramval from found values: ['?1', '1']
[17:33:32.603] [HTTPREQUEST 877] Found matched paramval: [string (False)(None)] Sec-Fetch-User=?1
[17:33:32.603] [HTTPREQUEST 877] Found matched paramval: [int (False)(None)] id=1
[17:33:32.603] [SQLiFuzz 877] Prioritize to fuzz matched SQL value first: [int (False)(None)] id=1
[17:33:32.604] [SQLiFuzz 877] Mutation applied. old='1' char='<' strategy='drop' new='<'
[17:33:32.604] [HTTPREQUEST 877] Update url and body param from paramvals:
[17:33:32.604] [HTTPREQUEST None] New post_data_encoded: 
[17:33:32.604] [HTTPREQUEST None] New param encoded: Submit=Submit&id=%3C
[17:33:32.604] [GENERALFUNCTION 877] ---SENDING THE REQUEST [1790976812-ba571a2a-f9b6-492b-aaf5-978039ab4877] TO : [GET] http://localhost:8081/a2_filtered.php?Submit=Submit&id=%3C
[17:33:32.604] [GENERALFUNCTION 877] Post data encoded: 
[17:33:32.604] [GENERALFUNCTION 877] Adjusted Referer to http://localhost:8081/a2_filtered.php
[17:33:32.604] [GENERALFUNCTION 877] DEBUG OUTGOING request.full_url: http://localhost:8081/a2_filtered.php?Submit=Submit&id=%3C
[17:33:32.604] [GENERALFUNCTION 877] DEBUG OUTGOING headers: {'Host': 'localhost:8081', 'User-Agent': 'Mozilla/5.0 (X11; Ubuntu; Linux x86_64; rv:155.0) Gecko/20100101 Firefox/155.0', 'Accept': 'text/html,application/xhtml+xml,application/xml;q=0.9,*/*;q=0.8', 'Accept-Language': 'en-US,en;q=0.9', 'Accept-Encoding': 'gzip, deflate, br, zstd', 'Connection': 'keep-alive', 'Referer': 'http://localhost:8081/a2_filtered.php', 'Cookie': 'PHPSESSID=885a673eaaf625374cc2fff3bc51861d; security=impossible', 'Upgrade-Insecure-Requests': '1', 'Sec-Fetch-Dest': 'document', 'Sec-Fetch-Mode': 'navigate', 'Sec-Fetch-Site': 'same-origin', 'Sec-Fetch-User': '?1', 'Priority': 'u=0, i'}
[17:33:32.604] [GENERALFUNCTION 877] DEBUG OUTGOING post_data_encoded (truncated): 
[17:33:32.629] [SQLiFuzz 877] Response status: 200
[17:33:32.630] [SQLiFuzz 877] Response URL: http://localhost:8081/a2_filtered.php?Submit=Submit&id=%3C
[17:33:32.630] [SQLiFuzz 877] Was redirected: False
[17:33:32.630] [SQLiFuzz 877] Getting response: <!doctype html>
<html>
<body>
<form method="GET">
  <label>User ID: <input type="text" name="id"></label>
  <input type="submit" name="Submit" value="Submit">
</form>
<pre>INPUT REJECTED</pre>
[17:33:33.630] [SQLAnalysis] Read 1 new lines from SQL log file.
[17:33:33.630] [SQLAnalysis] Appended 1 parsed entries.
[17:33:33.630] [SQLAnalysis 877] Extracted 661 Logs 2026-10-02 21:33:33.630802: [{'timestamp': '2026-10-02 21:33:32,618821', 'level': 'INFO', 'ip': '172.18.0.5', 'port': 42330, 'sql': 'USE db *#*#OK'}]
[17:33:33.630] [SQLAnalysis 877] Updated param pairs: {'looked_value': '<'}
[17:33:33.631] [SQLAnalysis 877] Looked timestamp 2026-10-02 21:33:32.604857 -- 2026-10-02 21:33:32.626228
[17:33:33.635] [SQLAnalysis 877] query_array to be checked: ['use', 'db']
[17:33:33.636] [SQLAnalysis 877] normalized_query_array: ['use', 'db']
[17:33:33.636] [SQLiFuzz 877] No weird chars exist: GET http://localhost:8081/a2_filtered.php | ['[string (False)(None)] Sec-Fetch-Dest=document', '[string (False)(None)] Sec-Fetch-Mode=navigate', '[string (False)(None)] Sec-Fetch-Site=same-origin', '[string (False)(None)] Sec-Fetch-User=?1', '[string (False)(None)] Priority=u=0, i', '[url (False)(None)] path0=a2_filtered.php', '[int (False)(None)] id=<', '[string (False)(None)] Submit=Submit'] | None
[17:33:33.636] [SQLiFuzz 9c8] Getting prepared_target_request with ID fbb for test_SQLi iteration 47/70
[17:33:33.636] [SQLiFuzz fbb] chosen_idx: 0 from 8
[17:33:33.636] [HTTPREQUEST fbb] Getting matched paramval from found values: ['?1', '1']
[17:33:33.636] [HTTPREQUEST fbb] Found matched paramval: [string (False)(None)] Sec-Fetch-User=?1
[17:33:33.636] [HTTPREQUEST fbb] Found matched paramval: [int (False)(None)] id=1
[17:33:33.636] [SQLiFuzz fbb] Prioritize to fuzz matched SQL value first: [int (False)(None)] id=1
[17:33:33.636] [SQLiFuzz fbb] Mutation applied. old='1' char='\' strategy='drop' new='\'
[17:33:33.636] [HTTPREQUEST fbb] Update url and body param from paramvals:
[17:33:33.636] [HTTPREQUEST None] New post_data_encoded: 
[17:33:33.636] [HTTPREQUEST None] New param encoded: Submit=Submit&id=%5C
[17:33:33.637] [GENERALFUNCTION fbb] ---SENDING THE REQUEST [1790976813-550c47a2-962b-405d-8dba-11a7b07c4fbb] TO : [GET] http://localhost:8081/a2_filtered.php?Submit=Submit&id=%5C
[17:33:33.637] [GENERALFUNCTION fbb] Post data encoded: 
[17:33:33.637] [GENERALFUNCTION fbb] Adjusted Referer to http://localhost:8081/a2_filtered.php
[17:33:33.637] [GENERALFUNCTION fbb] DEBUG OUTGOING request.full_url: http://localhost:8081/a2_filtered.php?Submit=Submit&id=%5C
[17:33:33.637] [GENERALFUNCTION fbb] DEBUG OUTGOING headers: {'Host': 'localhost:8081', 'User-Agent': 'Mozilla/5.0 (X11; Ubuntu; Linux x86_64; rv:155.0) Gecko/20100101 Firefox/155.0', 'Accept': 'text/html,application/xhtml+xml,application/xml;q=0.9,*/*;q=0.8', 'Accept-Language': 'en-US,en;q=0.9', 'Accept-Encoding': 'gzip, deflate, br, zstd', 'Connection': 'keep-alive', 'Referer': 'http://localhost:8081/a2_filtered.php', 'Cookie': 'PHPSESSID=885a673eaaf625374cc2fff3bc51861d; security=impossible', 'Upgrade-Insecure-Requests': '1', 'Sec-Fetch-Dest': 'document', 'Sec-Fetch-Mode': 'navigate', 'Sec-Fetch-Site': 'same-origin', 'Sec-Fetch-User': '?1', 'Priority': 'u=0, i'}
[17:33:33.637] [GENERALFUNCTION fbb] DEBUG OUTGOING post_data_encoded (truncated): 
[17:33:33.664] [SQLiFuzz fbb] Response status: 200
[17:33:33.664] [SQLiFuzz fbb] Response URL: http://localhost:8081/a2_filtered.php?Submit=Submit&id=%5C
[17:33:33.664] [SQLiFuzz fbb] Was redirected: False
[17:33:33.664] [SQLiFuzz fbb] Getting response: <!doctype html>
<html>
<body>
<form method="GET">
  <label>User ID: <input type="text" name="id"></label>
  <input type="submit" name="Submit" value="Submit">
</form>
<pre>INPUT REJECTED</pre>
[17:33:34.665] [SQLAnalysis] Read 1 new lines from SQL log file.
[17:33:34.665] [SQLAnalysis] Appended 1 parsed entries.
[17:33:34.665] [SQLAnalysis fbb] Extracted 662 Logs 2026-10-02 21:33:34.665803: [{'timestamp': '2026-10-02 21:33:33,651456', 'level': 'INFO', 'ip': '172.18.0.5', 'port': 42344, 'sql': 'USE db *#*#OK'}]
[17:33:34.665] [SQLAnalysis fbb] Updated param pairs: {'looked_value': '\\'}
[17:33:34.666] [SQLAnalysis fbb] Looked timestamp 2026-10-02 21:33:33.637322 -- 2026-10-02 21:33:33.661527
[17:33:34.671] [SQLAnalysis fbb] query_array to be checked: ['use', 'db']
[17:33:34.671] [SQLAnalysis fbb] normalized_query_array: ['use', 'db']
[17:33:34.671] [SQLiFuzz fbb] No weird chars exist: GET http://localhost:8081/a2_filtered.php | ['[string (False)(None)] Sec-Fetch-Dest=document', '[string (False)(None)] Sec-Fetch-Mode=navigate', '[string (False)(None)] Sec-Fetch-Site=same-origin', '[string (False)(None)] Sec-Fetch-User=?1', '[string (False)(None)] Priority=u=0, i', '[url (False)(None)] path0=a2_filtered.php', '[int (False)(None)] id=\\', '[string (False)(None)] Submit=Submit'] | None
[17:33:34.671] [SQLiFuzz 9c8] Getting prepared_target_request with ID 8ad for test_SQLi iteration 48/70
[17:33:34.671] [SQLiFuzz 8ad] chosen_idx: 2 from 8
[17:33:34.671] [HTTPREQUEST 8ad] Getting matched paramval from found values: ['?1', '1']
[17:33:34.672] [HTTPREQUEST 8ad] Found matched paramval: [string (False)(None)] Sec-Fetch-User=?1
[17:33:34.672] [HTTPREQUEST 8ad] Found matched paramval: [int (False)(None)] id=1
[17:33:34.672] [SQLiFuzz 8ad] Prioritize to fuzz matched SQL value first: [int (False)(None)] id=1
[17:33:34.672] [SQLiFuzz 8ad] Mutation applied. old='1' char='?' strategy='front' new='?1'
[17:33:34.672] [HTTPREQUEST 8ad] Update url and body param from paramvals:
[17:33:34.672] [HTTPREQUEST None] New post_data_encoded: 
[17:33:34.672] [HTTPREQUEST None] New param encoded: Submit=Submit&id=%3F1
[17:33:34.672] [GENERALFUNCTION 8ad] ---SENDING THE REQUEST [1790976814-b4e1b068-866b-4465-adbc-49a1fdfe38ad] TO : [GET] http://localhost:8081/a2_filtered.php?Submit=Submit&id=%3F1
[17:33:34.672] [GENERALFUNCTION 8ad] Post data encoded: 
[17:33:34.672] [GENERALFUNCTION 8ad] Adjusted Referer to http://localhost:8081/a2_filtered.php
[17:33:34.672] [GENERALFUNCTION 8ad] DEBUG OUTGOING request.full_url: http://localhost:8081/a2_filtered.php?Submit=Submit&id=%3F1
[17:33:34.672] [GENERALFUNCTION 8ad] DEBUG OUTGOING headers: {'Host': 'localhost:8081', 'User-Agent': 'Mozilla/5.0 (X11; Ubuntu; Linux x86_64; rv:155.0) Gecko/20100101 Firefox/155.0', 'Accept': 'text/html,application/xhtml+xml,application/xml;q=0.9,*/*;q=0.8', 'Accept-Language': 'en-US,en;q=0.9', 'Accept-Encoding': 'gzip, deflate, br, zstd', 'Connection': 'keep-alive', 'Referer': 'http://localhost:8081/a2_filtered.php', 'Cookie': 'PHPSESSID=885a673eaaf625374cc2fff3bc51861d; security=impossible', 'Upgrade-Insecure-Requests': '1', 'Sec-Fetch-Dest': 'document', 'Sec-Fetch-Mode': 'navigate', 'Sec-Fetch-Site': 'same-origin', 'Sec-Fetch-User': '?1', 'Priority': 'u=0, i'}
[17:33:34.672] [GENERALFUNCTION 8ad] DEBUG OUTGOING post_data_encoded (truncated): 
[17:33:34.695] [SQLiFuzz 8ad] Response status: 200
[17:33:34.695] [SQLiFuzz 8ad] Response URL: http://localhost:8081/a2_filtered.php?Submit=Submit&id=%3F1
[17:33:34.695] [SQLiFuzz 8ad] Was redirected: False
[17:33:34.695] [SQLiFuzz 8ad] Getting response: <!doctype html>
<html>
<body>
<form method="GET">
  <label>User ID: <input type="text" name="id"></label>
  <input type="submit" name="Submit" value="Submit">
</form>
<pre>INPUT REJECTED</pre>
[17:33:35.695] [SQLAnalysis] Read 1 new lines from SQL log file.
[17:33:35.696] [SQLAnalysis] Appended 1 parsed entries.
[17:33:35.696] [SQLAnalysis 8ad] Extracted 663 Logs 2026-10-02 21:33:35.696134: [{'timestamp': '2026-10-02 21:33:34,683046', 'level': 'INFO', 'ip': '172.18.0.5', 'port': 42368, 'sql': 'USE db *#*#OK'}]
[17:33:35.696] [SQLAnalysis 8ad] Updated param pairs: {'looked_value': '?1'}
[17:33:35.696] [SQLAnalysis 8ad] Looked timestamp 2026-10-02 21:33:34.672790 -- 2026-10-02 21:33:34.692020
[17:33:35.702] [SQLAnalysis 8ad] query_array to be checked: ['use', 'db']
[17:33:35.702] [SQLAnalysis 8ad] normalized_query_array: ['use', 'db']
[17:33:35.702] [SQLiFuzz 8ad] No weird chars exist: GET http://localhost:8081/a2_filtered.php | ['[string (False)(None)] Sec-Fetch-Dest=document', '[string (False)(None)] Sec-Fetch-Mode=navigate', '[string (False)(None)] Sec-Fetch-Site=same-origin', '[string (False)(None)] Sec-Fetch-User=?1', '[string (False)(None)] Priority=u=0, i', '[url (False)(None)] path0=a2_filtered.php', '[int (False)(None)] id=?1', '[string (False)(None)] Submit=Submit'] | None
[17:33:35.702] [SQLiFuzz 9c8] Getting prepared_target_request with ID 13f for test_SQLi iteration 49/70
[17:33:35.702] [SQLiFuzz 13f] chosen_idx: 5 from 8
[17:33:35.702] [HTTPREQUEST 13f] Getting matched paramval from found values: ['?1', '1']
[17:33:35.702] [HTTPREQUEST 13f] Found matched paramval: [string (False)(None)] Sec-Fetch-User=?1
[17:33:35.702] [HTTPREQUEST 13f] Found matched paramval: [int (False)(None)] id=1
[17:33:35.702] [SQLiFuzz 13f] Prioritize to fuzz matched SQL value first: [int (False)(None)] id=1
[17:33:35.703] [SQLiFuzz 13f] Mutation applied. old='1' char='%' strategy='front' new='%1'
[17:33:35.704] [HTTPREQUEST 13f] Update url and body param from paramvals:
[17:33:35.704] [HTTPREQUEST None] New post_data_encoded: 
[17:33:35.704] [HTTPREQUEST None] New param encoded: Submit=Submit&id=%251
[17:33:35.704] [GENERALFUNCTION 13f] ---SENDING THE REQUEST [1790976815-a45e80ae-6628-4342-acc3-59cfa526013f] TO : [GET] http://localhost:8081/a2_filtered.php?Submit=Submit&id=%251
[17:33:35.705] [GENERALFUNCTION 13f] Post data encoded: 
[17:33:35.705] [GENERALFUNCTION 13f] Adjusted Referer to http://localhost:8081/a2_filtered.php
[17:33:35.705] [GENERALFUNCTION 13f] DEBUG OUTGOING request.full_url: http://localhost:8081/a2_filtered.php?Submit=Submit&id=%251
[17:33:35.705] [GENERALFUNCTION 13f] DEBUG OUTGOING headers: {'Host': 'localhost:8081', 'User-Agent': 'Mozilla/5.0 (X11; Ubuntu; Linux x86_64; rv:155.0) Gecko/20100101 Firefox/155.0', 'Accept': 'text/html,application/xhtml+xml,application/xml;q=0.9,*/*;q=0.8', 'Accept-Language': 'en-US,en;q=0.9', 'Accept-Encoding': 'gzip, deflate, br, zstd', 'Connection': 'keep-alive', 'Referer': 'http://localhost:8081/a2_filtered.php', 'Cookie': 'PHPSESSID=885a673eaaf625374cc2fff3bc51861d; security=impossible', 'Upgrade-Insecure-Requests': '1', 'Sec-Fetch-Dest': 'document', 'Sec-Fetch-Mode': 'navigate', 'Sec-Fetch-Site': 'same-origin', 'Sec-Fetch-User': '?1', 'Priority': 'u=0, i'}
[17:33:35.706] [GENERALFUNCTION 13f] DEBUG OUTGOING post_data_encoded (truncated): 
[17:33:35.729] [SQLiFuzz 13f] Response status: 200
[17:33:35.730] [SQLiFuzz 13f] Response URL: http://localhost:8081/a2_filtered.php?Submit=Submit&id=%251
[17:33:35.730] [SQLiFuzz 13f] Was redirected: False
[17:33:35.730] [SQLiFuzz 13f] Getting response: <!doctype html>
<html>
<body>
<form method="GET">
  <label>User ID: <input type="text" name="id"></label>
  <input type="submit" name="Submit" value="Submit">
</form>
<pre>INPUT REJECTED</pre>
[17:33:36.731] [SQLAnalysis] Read 1 new lines from SQL log file.
[17:33:36.731] [SQLAnalysis] Appended 1 parsed entries.
[17:33:36.731] [SQLAnalysis 13f] Extracted 664 Logs 2026-10-02 21:33:36.731759: [{'timestamp': '2026-10-02 21:33:35,718501', 'level': 'INFO', 'ip': '172.18.0.5', 'port': 42378, 'sql': 'USE db *#*#OK'}]
[17:33:36.731] [SQLAnalysis 13f] Updated param pairs: {'looked_value': '%1'}
[17:33:36.732] [SQLAnalysis 13f] Looked timestamp 2026-10-02 21:33:35.706067 -- 2026-10-02 21:33:35.725869
[17:33:36.738] [SQLAnalysis 13f] query_array to be checked: ['use', 'db']
[17:33:36.738] [SQLAnalysis 13f] normalized_query_array: ['use', 'db']
[17:33:36.738] [SQLiFuzz 13f] No weird chars exist: GET http://localhost:8081/a2_filtered.php | ['[string (False)(None)] Sec-Fetch-Dest=document', '[string (False)(None)] Sec-Fetch-Mode=navigate', '[string (False)(None)] Sec-Fetch-Site=same-origin', '[string (False)(None)] Sec-Fetch-User=?1', '[string (False)(None)] Priority=u=0, i', '[url (False)(None)] path0=a2_filtered.php', '[int (False)(None)] id=%1', '[string (False)(None)] Submit=Submit'] | None
[17:33:36.738] [SQLiFuzz 9c8] Getting prepared_target_request with ID df3 for test_SQLi iteration 50/70
[17:33:36.738] [SQLiFuzz df3] chosen_idx: 1 from 8
[17:33:36.738] [HTTPREQUEST df3] Getting matched paramval from found values: ['?1', '1']
[17:33:36.739] [HTTPREQUEST df3] Found matched paramval: [string (False)(None)] Sec-Fetch-User=?1
[17:33:36.739] [HTTPREQUEST df3] Found matched paramval: [int (False)(None)] id=1
[17:33:36.739] [SQLiFuzz df3] Prioritize to fuzz matched SQL value first: [int (False)(None)] id=1
[17:33:36.739] [SQLiFuzz df3] Mutation applied. old='1' char='"' strategy='front' new='"1'
[17:33:36.739] [HTTPREQUEST df3] Update url and body param from paramvals:
[17:33:36.739] [HTTPREQUEST None] New post_data_encoded: 
[17:33:36.739] [HTTPREQUEST None] New param encoded: Submit=Submit&id=%221
[17:33:36.739] [GENERALFUNCTION df3] ---SENDING THE REQUEST [1790976816-5b5e1ecf-1ed9-400e-9ef2-f0e3dfa65df3] TO : [GET] http://localhost:8081/a2_filtered.php?Submit=Submit&id=%221
[17:33:36.739] [GENERALFUNCTION df3] Post data encoded: 
[17:33:36.739] [GENERALFUNCTION df3] Adjusted Referer to http://localhost:8081/a2_filtered.php
[17:33:36.739] [GENERALFUNCTION df3] DEBUG OUTGOING request.full_url: http://localhost:8081/a2_filtered.php?Submit=Submit&id=%221
[17:33:36.739] [GENERALFUNCTION df3] DEBUG OUTGOING headers: {'Host': 'localhost:8081', 'User-Agent': 'Mozilla/5.0 (X11; Ubuntu; Linux x86_64; rv:155.0) Gecko/20100101 Firefox/155.0', 'Accept': 'text/html,application/xhtml+xml,application/xml;q=0.9,*/*;q=0.8', 'Accept-Language': 'en-US,en;q=0.9', 'Accept-Encoding': 'gzip, deflate, br, zstd', 'Connection': 'keep-alive', 'Referer': 'http://localhost:8081/a2_filtered.php', 'Cookie': 'PHPSESSID=885a673eaaf625374cc2fff3bc51861d; security=impossible', 'Upgrade-Insecure-Requests': '1', 'Sec-Fetch-Dest': 'document', 'Sec-Fetch-Mode': 'navigate', 'Sec-Fetch-Site': 'same-origin', 'Sec-Fetch-User': '?1', 'Priority': 'u=0, i'}
[17:33:36.739] [GENERALFUNCTION df3] DEBUG OUTGOING post_data_encoded (truncated): 
[17:33:36.763] [SQLiFuzz df3] Response status: 200
[17:33:36.763] [SQLiFuzz df3] Response URL: http://localhost:8081/a2_filtered.php?Submit=Submit&id=%221
[17:33:36.763] [SQLiFuzz df3] Was redirected: False
[17:33:36.763] [SQLiFuzz df3] Getting response: <!doctype html>
<html>
<body>
<form method="GET">
  <label>User ID: <input type="text" name="id"></label>
  <input type="submit" name="Submit" value="Submit">
</form>
<pre>INPUT REJECTED</pre>
[17:33:37.765] [SQLAnalysis] Read 1 new lines from SQL log file.
[17:33:37.767] [SQLAnalysis] Appended 1 parsed entries.
[17:33:37.768] [SQLAnalysis df3] Extracted 665 Logs 2026-10-02 21:33:37.768767: [{'timestamp': '2026-10-02 21:33:36,752581', 'level': 'INFO', 'ip': '172.18.0.5', 'port': 42402, 'sql': 'USE db *#*#OK'}]
[17:33:37.769] [SQLAnalysis df3] Updated param pairs: {'looked_value': '"1'}
[17:33:37.770] [SQLAnalysis df3] Looked timestamp 2026-10-02 21:33:36.739942 -- 2026-10-02 21:33:36.759832
[17:33:37.785] [SQLAnalysis df3] query_array to be checked: ['use', 'db']
[17:33:37.785] [SQLAnalysis df3] normalized_query_array: ['use', 'db']
[17:33:37.785] [SQLiFuzz df3] No weird chars exist: GET http://localhost:8081/a2_filtered.php | ['[string (False)(None)] Sec-Fetch-Dest=document', '[string (False)(None)] Sec-Fetch-Mode=navigate', '[string (False)(None)] Sec-Fetch-Site=same-origin', '[string (False)(None)] Sec-Fetch-User=?1', '[string (False)(None)] Priority=u=0, i', '[url (False)(None)] path0=a2_filtered.php', '[int (False)(None)] id="1', '[string (False)(None)] Submit=Submit'] | None
[17:33:37.785] [SQLiFuzz 9c8] Getting prepared_target_request with ID 66d for test_SQLi iteration 51/70
[17:33:37.786] [SQLiFuzz 66d] chosen_idx: 1 from 8
[17:33:37.786] [HTTPREQUEST 66d] Getting matched paramval from found values: ['?1', '1']
[17:33:37.786] [HTTPREQUEST 66d] Found matched paramval: [string (False)(None)] Sec-Fetch-User=?1
[17:33:37.786] [HTTPREQUEST 66d] Found matched paramval: [int (False)(None)] id=1
[17:33:37.786] [SQLiFuzz 66d] Prioritize to fuzz matched SQL value first: [int (False)(None)] id=1
[17:33:37.786] [SQLiFuzz 66d] Mutation applied. old='1' char='@' strategy='random' new='1@'
[17:33:37.786] [HTTPREQUEST 66d] Update url and body param from paramvals:
[17:33:37.786] [HTTPREQUEST None] New post_data_encoded: 
[17:33:37.786] [HTTPREQUEST None] New param encoded: Submit=Submit&id=1%40
[17:33:37.787] [GENERALFUNCTION 66d] ---SENDING THE REQUEST [1790976817-8e64d68a-cb26-4ddf-8caa-8437346a166d] TO : [GET] http://localhost:8081/a2_filtered.php?Submit=Submit&id=1%40
[17:33:37.787] [GENERALFUNCTION 66d] Post data encoded: 
[17:33:37.787] [GENERALFUNCTION 66d] Adjusted Referer to http://localhost:8081/a2_filtered.php
[17:33:37.787] [GENERALFUNCTION 66d] DEBUG OUTGOING request.full_url: http://localhost:8081/a2_filtered.php?Submit=Submit&id=1%40
[17:33:37.787] [GENERALFUNCTION 66d] DEBUG OUTGOING headers: {'Host': 'localhost:8081', 'User-Agent': 'Mozilla/5.0 (X11; Ubuntu; Linux x86_64; rv:155.0) Gecko/20100101 Firefox/155.0', 'Accept': 'text/html,application/xhtml+xml,application/xml;q=0.9,*/*;q=0.8', 'Accept-Language': 'en-US,en;q=0.9', 'Accept-Encoding': 'gzip, deflate, br, zstd', 'Connection': 'keep-alive', 'Referer': 'http://localhost:8081/a2_filtered.php', 'Cookie': 'PHPSESSID=885a673eaaf625374cc2fff3bc51861d; security=impossible', 'Upgrade-Insecure-Requests': '1', 'Sec-Fetch-Dest': 'document', 'Sec-Fetch-Mode': 'navigate', 'Sec-Fetch-Site': 'same-origin', 'Sec-Fetch-User': '?1', 'Priority': 'u=0, i'}
[17:33:37.787] [GENERALFUNCTION 66d] DEBUG OUTGOING post_data_encoded (truncated): 
[17:33:37.828] [SQLiFuzz 66d] Response status: 200
[17:33:37.828] [SQLiFuzz 66d] Response URL: http://localhost:8081/a2_filtered.php?Submit=Submit&id=1%40
[17:33:37.828] [SQLiFuzz 66d] Was redirected: False
[17:33:37.828] [SQLiFuzz 66d] Getting response: <!doctype html>
<html>
<body>
<form method="GET">
  <label>User ID: <input type="text" name="id"></label>
  <input type="submit" name="Submit" value="Submit">
</form>
<pre>INPUT REJECTED</pre>
[17:33:38.829] [SQLAnalysis] Read 1 new lines from SQL log file.
[17:33:38.829] [SQLAnalysis] Appended 1 parsed entries.
[17:33:38.829] [SQLAnalysis 66d] Extracted 666 Logs 2026-10-02 21:33:38.829786: [{'timestamp': '2026-10-02 21:33:37,807873', 'level': 'INFO', 'ip': '172.18.0.5', 'port': 42406, 'sql': 'USE db *#*#OK'}]
[17:33:38.830] [SQLAnalysis 66d] Updated param pairs: {'looked_value': '1@'}
[17:33:38.830] [SQLAnalysis 66d] Looked timestamp 2026-10-02 21:33:37.787965 -- 2026-10-02 21:33:37.821435
[17:33:38.837] [SQLAnalysis 66d] query_array to be checked: ['use', 'db']
[17:33:38.838] [SQLAnalysis 66d] normalized_query_array: ['use', 'db']
[17:33:38.838] [SQLiFuzz 66d] No weird chars exist: GET http://localhost:8081/a2_filtered.php | ['[string (False)(None)] Sec-Fetch-Dest=document', '[string (False)(None)] Sec-Fetch-Mode=navigate', '[string (False)(None)] Sec-Fetch-Site=same-origin', '[string (False)(None)] Sec-Fetch-User=?1', '[string (False)(None)] Priority=u=0, i', '[url (False)(None)] path0=a2_filtered.php', '[int (False)(None)] id=1@', '[string (False)(None)] Submit=Submit'] | None
[17:33:38.838] [SQLiFuzz 9c8] Getting prepared_target_request with ID fd6 for test_SQLi iteration 52/70
[17:33:38.838] [SQLiFuzz fd6] chosen_idx: 4 from 8
[17:33:38.838] [HTTPREQUEST fd6] Getting matched paramval from found values: ['?1', '1']
[17:33:38.838] [HTTPREQUEST fd6] Found matched paramval: [string (False)(None)] Sec-Fetch-User=?1
[17:33:38.838] [HTTPREQUEST fd6] Found matched paramval: [int (False)(None)] id=1
[17:33:38.838] [SQLiFuzz fd6] Prioritize to fuzz matched SQL value first: [int (False)(None)] id=1
[17:33:38.839] [SQLiFuzz fd6] Mutation applied. old='1' char='&' strategy='drop' new='&'
[17:33:38.839] [HTTPREQUEST fd6] Update url and body param from paramvals:
[17:33:38.839] [HTTPREQUEST None] New post_data_encoded: 
[17:33:38.839] [HTTPREQUEST None] New param encoded: Submit=Submit&id=%26
[17:33:38.839] [GENERALFUNCTION fd6] ---SENDING THE REQUEST [1790976818-49c4d294-507b-4091-95d5-c3f8be45ffd6] TO : [GET] http://localhost:8081/a2_filtered.php?Submit=Submit&id=%26
[17:33:38.839] [GENERALFUNCTION fd6] Post data encoded: 
[17:33:38.839] [GENERALFUNCTION fd6] Adjusted Referer to http://localhost:8081/a2_filtered.php
[17:33:38.839] [GENERALFUNCTION fd6] DEBUG OUTGOING request.full_url: http://localhost:8081/a2_filtered.php?Submit=Submit&id=%26
[17:33:38.839] [GENERALFUNCTION fd6] DEBUG OUTGOING headers: {'Host': 'localhost:8081', 'User-Agent': 'Mozilla/5.0 (X11; Ubuntu; Linux x86_64; rv:155.0) Gecko/20100101 Firefox/155.0', 'Accept': 'text/html,application/xhtml+xml,application/xml;q=0.9,*/*;q=0.8', 'Accept-Language': 'en-US,en;q=0.9', 'Accept-Encoding': 'gzip, deflate, br, zstd', 'Connection': 'keep-alive', 'Referer': 'http://localhost:8081/a2_filtered.php', 'Cookie': 'PHPSESSID=885a673eaaf625374cc2fff3bc51861d; security=impossible', 'Upgrade-Insecure-Requests': '1', 'Sec-Fetch-Dest': 'document', 'Sec-Fetch-Mode': 'navigate', 'Sec-Fetch-Site': 'same-origin', 'Sec-Fetch-User': '?1', 'Priority': 'u=0, i'}
[17:33:38.839] [GENERALFUNCTION fd6] DEBUG OUTGOING post_data_encoded (truncated): 
[17:33:38.869] [SQLiFuzz fd6] Response status: 200
[17:33:38.869] [SQLiFuzz fd6] Response URL: http://localhost:8081/a2_filtered.php?Submit=Submit&id=%26
[17:33:38.869] [SQLiFuzz fd6] Was redirected: False
[17:33:38.869] [SQLiFuzz fd6] Getting response: <!doctype html>
<html>
<body>
<form method="GET">
  <label>User ID: <input type="text" name="id"></label>
  <input type="submit" name="Submit" value="Submit">
</form>
<pre>INPUT REJECTED</pre>
[17:33:39.869] [SQLAnalysis] Read 1 new lines from SQL log file.
[17:33:39.870] [SQLAnalysis] Appended 1 parsed entries.
[17:33:39.870] [SQLAnalysis fd6] Extracted 667 Logs 2026-10-02 21:33:39.870687: [{'timestamp': '2026-10-02 21:33:38,853105', 'level': 'INFO', 'ip': '172.18.0.5', 'port': 42410, 'sql': 'USE db *#*#OK'}]
[17:33:39.870] [SQLAnalysis fd6] Updated param pairs: {'looked_value': '&'}
[17:33:39.871] [SQLAnalysis fd6] Looked timestamp 2026-10-02 21:33:38.839826 -- 2026-10-02 21:33:38.864952
[17:33:39.884] [SQLAnalysis fd6] query_array to be checked: ['use', 'db']
[17:33:39.884] [SQLAnalysis fd6] normalized_query_array: ['use', 'db']
[17:33:39.884] [SQLiFuzz fd6] No weird chars exist: GET http://localhost:8081/a2_filtered.php | ['[string (False)(None)] Sec-Fetch-Dest=document', '[string (False)(None)] Sec-Fetch-Mode=navigate', '[string (False)(None)] Sec-Fetch-Site=same-origin', '[string (False)(None)] Sec-Fetch-User=?1', '[string (False)(None)] Priority=u=0, i', '[url (False)(None)] path0=a2_filtered.php', '[int (False)(None)] id=&', '[string (False)(None)] Submit=Submit'] | None
[17:33:39.885] [SQLiFuzz 9c8] Getting prepared_target_request with ID 60e for test_SQLi iteration 53/70
[17:33:39.885] [SQLiFuzz 60e] chosen_idx: 5 from 8
[17:33:39.885] [HTTPREQUEST 60e] Getting matched paramval from found values: ['?1', '1']
[17:33:39.885] [HTTPREQUEST 60e] Found matched paramval: [string (False)(None)] Sec-Fetch-User=?1
[17:33:39.885] [HTTPREQUEST 60e] Found matched paramval: [int (False)(None)] id=1
[17:33:39.885] [SQLiFuzz 60e] Prioritize to fuzz matched SQL value first: [int (False)(None)] id=1
[17:33:39.886] [SQLiFuzz 60e] Mutation applied. old='1' char=')' strategy='front' new=')1'
[17:33:39.886] [HTTPREQUEST 60e] Update url and body param from paramvals:
[17:33:39.886] [HTTPREQUEST None] New post_data_encoded: 
[17:33:39.886] [HTTPREQUEST None] New param encoded: Submit=Submit&id=%291
[17:33:39.886] [GENERALFUNCTION 60e] ---SENDING THE REQUEST [1790976819-1ea31dcd-4b68-4482-8ebb-46b210f8a60e] TO : [GET] http://localhost:8081/a2_filtered.php?Submit=Submit&id=%291
[17:33:39.886] [GENERALFUNCTION 60e] Post data encoded: 
[17:33:39.886] [GENERALFUNCTION 60e] Adjusted Referer to http://localhost:8081/a2_filtered.php
[17:33:39.886] [GENERALFUNCTION 60e] DEBUG OUTGOING request.full_url: http://localhost:8081/a2_filtered.php?Submit=Submit&id=%291
[17:33:39.886] [GENERALFUNCTION 60e] DEBUG OUTGOING headers: {'Host': 'localhost:8081', 'User-Agent': 'Mozilla/5.0 (X11; Ubuntu; Linux x86_64; rv:155.0) Gecko/20100101 Firefox/155.0', 'Accept': 'text/html,application/xhtml+xml,application/xml;q=0.9,*/*;q=0.8', 'Accept-Language': 'en-US,en;q=0.9', 'Accept-Encoding': 'gzip, deflate, br, zstd', 'Connection': 'keep-alive', 'Referer': 'http://localhost:8081/a2_filtered.php', 'Cookie': 'PHPSESSID=885a673eaaf625374cc2fff3bc51861d; security=impossible', 'Upgrade-Insecure-Requests': '1', 'Sec-Fetch-Dest': 'document', 'Sec-Fetch-Mode': 'navigate', 'Sec-Fetch-Site': 'same-origin', 'Sec-Fetch-User': '?1', 'Priority': 'u=0, i'}
[17:33:39.887] [GENERALFUNCTION 60e] DEBUG OUTGOING post_data_encoded (truncated): 
[17:33:39.922] [SQLiFuzz 60e] Response status: 200
[17:33:39.922] [SQLiFuzz 60e] Response URL: http://localhost:8081/a2_filtered.php?Submit=Submit&id=%291
[17:33:39.922] [SQLiFuzz 60e] Was redirected: False
[17:33:39.922] [SQLiFuzz 60e] Getting response: <!doctype html>
<html>
<body>
<form method="GET">
  <label>User ID: <input type="text" name="id"></label>
  <input type="submit" name="Submit" value="Submit">
</form>
<pre>INPUT REJECTED</pre>
[17:33:40.923] [SQLAnalysis] Read 1 new lines from SQL log file.
[17:33:40.923] [SQLAnalysis] Appended 1 parsed entries.
[17:33:40.923] [SQLAnalysis 60e] Extracted 668 Logs 2026-10-02 21:33:40.923870: [{'timestamp': '2026-10-02 21:33:39,905612', 'level': 'INFO', 'ip': '172.18.0.5', 'port': 42424, 'sql': 'USE db *#*#OK'}]
[17:33:40.924] [SQLAnalysis 60e] Updated param pairs: {'looked_value': ')1'}
[17:33:40.924] [SQLAnalysis 60e] Looked timestamp 2026-10-02 21:33:39.887105 -- 2026-10-02 21:33:39.917367
[17:33:40.932] [SQLAnalysis 60e] query_array to be checked: ['use', 'db']
[17:33:40.932] [SQLAnalysis 60e] normalized_query_array: ['use', 'db']
[17:33:40.933] [SQLiFuzz 60e] No weird chars exist: GET http://localhost:8081/a2_filtered.php | ['[string (False)(None)] Sec-Fetch-Dest=document', '[string (False)(None)] Sec-Fetch-Mode=navigate', '[string (False)(None)] Sec-Fetch-Site=same-origin', '[string (False)(None)] Sec-Fetch-User=?1', '[string (False)(None)] Priority=u=0, i', '[url (False)(None)] path0=a2_filtered.php', '[int (False)(None)] id=)1', '[string (False)(None)] Submit=Submit'] | None
[17:33:40.933] [SQLiFuzz 9c8] Getting prepared_target_request with ID 27c for test_SQLi iteration 54/70
[17:33:40.933] [SQLiFuzz 27c] chosen_idx: 4 from 8
[17:33:40.933] [HTTPREQUEST 27c] Getting matched paramval from found values: ['?1', '1']
[17:33:40.933] [HTTPREQUEST 27c] Found matched paramval: [string (False)(None)] Sec-Fetch-User=?1
[17:33:40.933] [HTTPREQUEST 27c] Found matched paramval: [int (False)(None)] id=1
[17:33:40.933] [SQLiFuzz 27c] Prioritize to fuzz matched SQL value first: [int (False)(None)] id=1
[17:33:40.933] [SQLiFuzz 27c] Mutation applied. old='1' char='\' strategy='drop' new='\'
[17:33:40.933] [HTTPREQUEST 27c] Update url and body param from paramvals:
[17:33:40.934] [HTTPREQUEST None] New post_data_encoded: 
[17:33:40.934] [HTTPREQUEST None] New param encoded: Submit=Submit&id=%5C
[17:33:40.934] [GENERALFUNCTION 27c] ---SENDING THE REQUEST [1790976820-88631ed6-13a8-4086-8d68-a52c1c69127c] TO : [GET] http://localhost:8081/a2_filtered.php?Submit=Submit&id=%5C
[17:33:40.934] [GENERALFUNCTION 27c] Post data encoded: 
[17:33:40.935] [GENERALFUNCTION 27c] Adjusted Referer to http://localhost:8081/a2_filtered.php
[17:33:40.935] [GENERALFUNCTION 27c] DEBUG OUTGOING request.full_url: http://localhost:8081/a2_filtered.php?Submit=Submit&id=%5C
[17:33:40.935] [GENERALFUNCTION 27c] DEBUG OUTGOING headers: {'Host': 'localhost:8081', 'User-Agent': 'Mozilla/5.0 (X11; Ubuntu; Linux x86_64; rv:155.0) Gecko/20100101 Firefox/155.0', 'Accept': 'text/html,application/xhtml+xml,application/xml;q=0.9,*/*;q=0.8', 'Accept-Language': 'en-US,en;q=0.9', 'Accept-Encoding': 'gzip, deflate, br, zstd', 'Connection': 'keep-alive', 'Referer': 'http://localhost:8081/a2_filtered.php', 'Cookie': 'PHPSESSID=885a673eaaf625374cc2fff3bc51861d; security=impossible', 'Upgrade-Insecure-Requests': '1', 'Sec-Fetch-Dest': 'document', 'Sec-Fetch-Mode': 'navigate', 'Sec-Fetch-Site': 'same-origin', 'Sec-Fetch-User': '?1', 'Priority': 'u=0, i'}
[17:33:40.935] [GENERALFUNCTION 27c] DEBUG OUTGOING post_data_encoded (truncated): 
[17:33:40.961] [SQLiFuzz 27c] Response status: 200
[17:33:40.961] [SQLiFuzz 27c] Response URL: http://localhost:8081/a2_filtered.php?Submit=Submit&id=%5C
[17:33:40.961] [SQLiFuzz 27c] Was redirected: False
[17:33:40.961] [SQLiFuzz 27c] Getting response: <!doctype html>
<html>
<body>
<form method="GET">
  <label>User ID: <input type="text" name="id"></label>
  <input type="submit" name="Submit" value="Submit">
</form>
<pre>INPUT REJECTED</pre>
[17:33:41.962] [SQLAnalysis] Read 1 new lines from SQL log file.
[17:33:41.962] [SQLAnalysis] Appended 1 parsed entries.
[17:33:41.962] [SQLAnalysis 27c] Extracted 669 Logs 2026-10-02 21:33:41.962492: [{'timestamp': '2026-10-02 21:33:40,948789', 'level': 'INFO', 'ip': '172.18.0.5', 'port': 42436, 'sql': 'USE db *#*#OK'}]
[17:33:41.962] [SQLAnalysis 27c] Updated param pairs: {'looked_value': '\\'}
[17:33:41.962] [SQLAnalysis 27c] Looked timestamp 2026-10-02 21:33:40.935533 -- 2026-10-02 21:33:40.957631
[17:33:41.969] [SQLAnalysis 27c] query_array to be checked: ['use', 'db']
[17:33:41.969] [SQLAnalysis 27c] normalized_query_array: ['use', 'db']
[17:33:41.969] [SQLiFuzz 27c] No weird chars exist: GET http://localhost:8081/a2_filtered.php | ['[string (False)(None)] Sec-Fetch-Dest=document', '[string (False)(None)] Sec-Fetch-Mode=navigate', '[string (False)(None)] Sec-Fetch-Site=same-origin', '[string (False)(None)] Sec-Fetch-User=?1', '[string (False)(None)] Priority=u=0, i', '[url (False)(None)] path0=a2_filtered.php', '[int (False)(None)] id=\\', '[string (False)(None)] Submit=Submit'] | None
[17:33:41.970] [SQLiFuzz 9c8] Getting prepared_target_request with ID dbf for test_SQLi iteration 55/70
[17:33:41.970] [SQLiFuzz dbf] chosen_idx: 3 from 8
[17:33:41.970] [HTTPREQUEST dbf] Getting matched paramval from found values: ['?1', '1']
[17:33:41.970] [HTTPREQUEST dbf] Found matched paramval: [string (False)(None)] Sec-Fetch-User=?1
[17:33:41.970] [HTTPREQUEST dbf] Found matched paramval: [int (False)(None)] id=1
[17:33:41.970] [SQLiFuzz dbf] Prioritize to fuzz matched SQL value first: [int (False)(None)] id=1
[17:33:41.970] [SQLiFuzz dbf] Mutation applied. old='1' char=':' strategy='drop' new=':'
[17:33:41.970] [HTTPREQUEST dbf] Update url and body param from paramvals:
[17:33:41.970] [HTTPREQUEST None] New post_data_encoded: 
[17:33:41.970] [HTTPREQUEST None] New param encoded: Submit=Submit&id=%3A
[17:33:41.971] [GENERALFUNCTION dbf] ---SENDING THE REQUEST [1790976821-3a335d49-144d-4fb4-ba30-3193f8e08dbf] TO : [GET] http://localhost:8081/a2_filtered.php?Submit=Submit&id=%3A
[17:33:41.971] [GENERALFUNCTION dbf] Post data encoded: 
[17:33:41.971] [GENERALFUNCTION dbf] Adjusted Referer to http://localhost:8081/a2_filtered.php
[17:33:41.971] [GENERALFUNCTION dbf] DEBUG OUTGOING request.full_url: http://localhost:8081/a2_filtered.php?Submit=Submit&id=%3A
[17:33:41.971] [GENERALFUNCTION dbf] DEBUG OUTGOING headers: {'Host': 'localhost:8081', 'User-Agent': 'Mozilla/5.0 (X11; Ubuntu; Linux x86_64; rv:155.0) Gecko/20100101 Firefox/155.0', 'Accept': 'text/html,application/xhtml+xml,application/xml;q=0.9,*/*;q=0.8', 'Accept-Language': 'en-US,en;q=0.9', 'Accept-Encoding': 'gzip, deflate, br, zstd', 'Connection': 'keep-alive', 'Referer': 'http://localhost:8081/a2_filtered.php', 'Cookie': 'PHPSESSID=885a673eaaf625374cc2fff3bc51861d; security=impossible', 'Upgrade-Insecure-Requests': '1', 'Sec-Fetch-Dest': 'document', 'Sec-Fetch-Mode': 'navigate', 'Sec-Fetch-Site': 'same-origin', 'Sec-Fetch-User': '?1', 'Priority': 'u=0, i'}
[17:33:41.971] [GENERALFUNCTION dbf] DEBUG OUTGOING post_data_encoded (truncated): 
[17:33:41.988] [SQLiFuzz dbf] Response status: 200
[17:33:41.988] [SQLiFuzz dbf] Response URL: http://localhost:8081/a2_filtered.php?Submit=Submit&id=%3A
[17:33:41.988] [SQLiFuzz dbf] Was redirected: False
[17:33:41.988] [SQLiFuzz dbf] Getting response: <!doctype html>
<html>
<body>
<form method="GET">
  <label>User ID: <input type="text" name="id"></label>
  <input type="submit" name="Submit" value="Submit">
</form>
<pre>INPUT REJECTED</pre>
[17:33:42.989] [SQLAnalysis] Read 1 new lines from SQL log file.
[17:33:42.989] [SQLAnalysis] Appended 1 parsed entries.
[17:33:42.989] [SQLAnalysis dbf] Extracted 670 Logs 2026-10-02 21:33:42.989561: [{'timestamp': '2026-10-02 21:33:41,980929', 'level': 'INFO', 'ip': '172.18.0.5', 'port': 44406, 'sql': 'USE db *#*#OK'}]
[17:33:42.989] [SQLAnalysis dbf] Updated param pairs: {'looked_value': ':'}
[17:33:42.989] [SQLAnalysis dbf] Looked timestamp 2026-10-02 21:33:41.971468 -- 2026-10-02 21:33:41.985928
[17:33:42.994] [SQLAnalysis dbf] query_array to be checked: ['use', 'db']
[17:33:42.994] [SQLAnalysis dbf] normalized_query_array: ['use', 'db']
[17:33:42.994] [SQLiFuzz dbf] No weird chars exist: GET http://localhost:8081/a2_filtered.php | ['[string (False)(None)] Sec-Fetch-Dest=document', '[string (False)(None)] Sec-Fetch-Mode=navigate', '[string (False)(None)] Sec-Fetch-Site=same-origin', '[string (False)(None)] Sec-Fetch-User=?1', '[string (False)(None)] Priority=u=0, i', '[url (False)(None)] path0=a2_filtered.php', '[int (False)(None)] id=:', '[string (False)(None)] Submit=Submit'] | None
[17:33:42.994] [SQLiFuzz 9c8] Getting prepared_target_request with ID c50 for test_SQLi iteration 56/70
[17:33:42.994] [SQLiFuzz c50] chosen_idx: 2 from 8
[17:33:42.995] [HTTPREQUEST c50] Getting matched paramval from found values: ['?1', '1']
[17:33:42.995] [HTTPREQUEST c50] Found matched paramval: [string (False)(None)] Sec-Fetch-User=?1
[17:33:42.995] [HTTPREQUEST c50] Found matched paramval: [int (False)(None)] id=1
[17:33:42.995] [SQLiFuzz c50] Prioritize to fuzz matched SQL value first: [int (False)(None)] id=1
[17:33:42.995] [SQLiFuzz c50] Mutation applied. old='1' char='@' strategy='drop' new='@'
[17:33:42.995] [HTTPREQUEST c50] Update url and body param from paramvals:
[17:33:42.995] [HTTPREQUEST None] New post_data_encoded: 
[17:33:42.995] [HTTPREQUEST None] New param encoded: Submit=Submit&id=%40
[17:33:42.995] [GENERALFUNCTION c50] ---SENDING THE REQUEST [1790976822-7f6843e8-27cd-4da0-afdb-80bc0f614c50] TO : [GET] http://localhost:8081/a2_filtered.php?Submit=Submit&id=%40
[17:33:42.995] [GENERALFUNCTION c50] Post data encoded: 
[17:33:42.995] [GENERALFUNCTION c50] Adjusted Referer to http://localhost:8081/a2_filtered.php
[17:33:42.995] [GENERALFUNCTION c50] DEBUG OUTGOING request.full_url: http://localhost:8081/a2_filtered.php?Submit=Submit&id=%40
[17:33:42.995] [GENERALFUNCTION c50] DEBUG OUTGOING headers: {'Host': 'localhost:8081', 'User-Agent': 'Mozilla/5.0 (X11; Ubuntu; Linux x86_64; rv:155.0) Gecko/20100101 Firefox/155.0', 'Accept': 'text/html,application/xhtml+xml,application/xml;q=0.9,*/*;q=0.8', 'Accept-Language': 'en-US,en;q=0.9', 'Accept-Encoding': 'gzip, deflate, br, zstd', 'Connection': 'keep-alive', 'Referer': 'http://localhost:8081/a2_filtered.php', 'Cookie': 'PHPSESSID=885a673eaaf625374cc2fff3bc51861d; security=impossible', 'Upgrade-Insecure-Requests': '1', 'Sec-Fetch-Dest': 'document', 'Sec-Fetch-Mode': 'navigate', 'Sec-Fetch-Site': 'same-origin', 'Sec-Fetch-User': '?1', 'Priority': 'u=0, i'}
[17:33:42.995] [GENERALFUNCTION c50] DEBUG OUTGOING post_data_encoded (truncated): 
[17:33:43.018] [SQLiFuzz c50] Response status: 200
[17:33:43.018] [SQLiFuzz c50] Response URL: http://localhost:8081/a2_filtered.php?Submit=Submit&id=%40
[17:33:43.018] [SQLiFuzz c50] Was redirected: False
[17:33:43.018] [SQLiFuzz c50] Getting response: <!doctype html>
<html>
<body>
<form method="GET">
  <label>User ID: <input type="text" name="id"></label>
  <input type="submit" name="Submit" value="Submit">
</form>
<pre>INPUT REJECTED</pre>
[17:33:44.019] [SQLAnalysis] Read 1 new lines from SQL log file.
[17:33:44.019] [SQLAnalysis] Appended 1 parsed entries.
[17:33:44.020] [SQLAnalysis c50] Extracted 671 Logs 2026-10-02 21:33:44.019932: [{'timestamp': '2026-10-02 21:33:43,009287', 'level': 'INFO', 'ip': '172.18.0.5', 'port': 44418, 'sql': 'USE db *#*#OK'}]
[17:33:44.020] [SQLAnalysis c50] Updated param pairs: {'looked_value': '@'}
[17:33:44.020] [SQLAnalysis c50] Looked timestamp 2026-10-02 21:33:42.995914 -- 2026-10-02 21:33:43.015664
[17:33:44.028] [SQLAnalysis c50] query_array to be checked: ['use', 'db']
[17:33:44.028] [SQLAnalysis c50] normalized_query_array: ['use', 'db']
[17:33:44.028] [SQLiFuzz c50] No weird chars exist: GET http://localhost:8081/a2_filtered.php | ['[string (False)(None)] Sec-Fetch-Dest=document', '[string (False)(None)] Sec-Fetch-Mode=navigate', '[string (False)(None)] Sec-Fetch-Site=same-origin', '[string (False)(None)] Sec-Fetch-User=?1', '[string (False)(None)] Priority=u=0, i', '[url (False)(None)] path0=a2_filtered.php', '[int (False)(None)] id=@', '[string (False)(None)] Submit=Submit'] | None
[17:33:44.028] [SQLiFuzz 9c8] Getting prepared_target_request with ID 2c2 for test_SQLi iteration 57/70
[17:33:44.029] [SQLiFuzz 2c2] chosen_idx: 6 from 8
[17:33:44.029] [HTTPREQUEST 2c2] Getting matched paramval from found values: ['?1', '1']
[17:33:44.029] [HTTPREQUEST 2c2] Found matched paramval: [string (False)(None)] Sec-Fetch-User=?1
[17:33:44.029] [HTTPREQUEST 2c2] Found matched paramval: [int (False)(None)] id=1
[17:33:44.029] [SQLiFuzz 2c2] Prioritize to fuzz matched SQL value first: [int (False)(None)] id=1
[17:33:44.029] [SQLiFuzz 2c2] Mutation applied. old='1' char='+' strategy='drop' new='+'
[17:33:44.029] [HTTPREQUEST 2c2] Update url and body param from paramvals:
[17:33:44.029] [HTTPREQUEST None] New post_data_encoded: 
[17:33:44.029] [HTTPREQUEST None] New param encoded: Submit=Submit&id=%2B
[17:33:44.029] [GENERALFUNCTION 2c2] ---SENDING THE REQUEST [1790976824-26d8ad9c-4b77-428f-ac15-3a24c04792c2] TO : [GET] http://localhost:8081/a2_filtered.php?Submit=Submit&id=%2B
[17:33:44.029] [GENERALFUNCTION 2c2] Post data encoded: 
[17:33:44.030] [GENERALFUNCTION 2c2] Adjusted Referer to http://localhost:8081/a2_filtered.php
[17:33:44.030] [GENERALFUNCTION 2c2] DEBUG OUTGOING request.full_url: http://localhost:8081/a2_filtered.php?Submit=Submit&id=%2B
[17:33:44.030] [GENERALFUNCTION 2c2] DEBUG OUTGOING headers: {'Host': 'localhost:8081', 'User-Agent': 'Mozilla/5.0 (X11; Ubuntu; Linux x86_64; rv:155.0) Gecko/20100101 Firefox/155.0', 'Accept': 'text/html,application/xhtml+xml,application/xml;q=0.9,*/*;q=0.8', 'Accept-Language': 'en-US,en;q=0.9', 'Accept-Encoding': 'gzip, deflate, br, zstd', 'Connection': 'keep-alive', 'Referer': 'http://localhost:8081/a2_filtered.php', 'Cookie': 'PHPSESSID=885a673eaaf625374cc2fff3bc51861d; security=impossible', 'Upgrade-Insecure-Requests': '1', 'Sec-Fetch-Dest': 'document', 'Sec-Fetch-Mode': 'navigate', 'Sec-Fetch-Site': 'same-origin', 'Sec-Fetch-User': '?1', 'Priority': 'u=0, i'}
[17:33:44.030] [GENERALFUNCTION 2c2] DEBUG OUTGOING post_data_encoded (truncated): 
[17:33:44.053] [SQLiFuzz 2c2] Response status: 200
[17:33:44.053] [SQLiFuzz 2c2] Response URL: http://localhost:8081/a2_filtered.php?Submit=Submit&id=%2B
[17:33:44.053] [SQLiFuzz 2c2] Was redirected: False
[17:33:44.053] [SQLiFuzz 2c2] Getting response: <!doctype html>
<html>
<body>
<form method="GET">
  <label>User ID: <input type="text" name="id"></label>
  <input type="submit" name="Submit" value="Submit">
</form>
<pre>INPUT REJECTED</pre>
[17:33:45.054] [SQLAnalysis] Read 1 new lines from SQL log file.
[17:33:45.054] [SQLAnalysis] Appended 1 parsed entries.
[17:33:45.054] [SQLAnalysis 2c2] Extracted 672 Logs 2026-10-02 21:33:45.054746: [{'timestamp': '2026-10-02 21:33:44,041353', 'level': 'INFO', 'ip': '172.18.0.5', 'port': 44446, 'sql': 'USE db *#*#OK'}]
[17:33:45.055] [SQLAnalysis 2c2] Updated param pairs: {'looked_value': '+'}
[17:33:45.055] [SQLAnalysis 2c2] Looked timestamp 2026-10-02 21:33:44.030392 -- 2026-10-02 21:33:44.049426
[17:33:45.063] [SQLAnalysis 2c2] query_array to be checked: ['use', 'db']
[17:33:45.064] [SQLAnalysis 2c2] normalized_query_array: ['use', 'db']
[17:33:45.064] [SQLiFuzz 2c2] No weird chars exist: GET http://localhost:8081/a2_filtered.php | ['[string (False)(None)] Sec-Fetch-Dest=document', '[string (False)(None)] Sec-Fetch-Mode=navigate', '[string (False)(None)] Sec-Fetch-Site=same-origin', '[string (False)(None)] Sec-Fetch-User=?1', '[string (False)(None)] Priority=u=0, i', '[url (False)(None)] path0=a2_filtered.php', '[int (False)(None)] id=+', '[string (False)(None)] Submit=Submit'] | None
[17:33:45.065] [SQLiFuzz 9c8] Getting prepared_target_request with ID 7fb for test_SQLi iteration 58/70
[17:33:45.065] [SQLiFuzz 7fb] chosen_idx: 2 from 8
[17:33:45.065] [HTTPREQUEST 7fb] Getting matched paramval from found values: ['?1', '1']
[17:33:45.065] [HTTPREQUEST 7fb] Found matched paramval: [string (False)(None)] Sec-Fetch-User=?1
[17:33:45.065] [HTTPREQUEST 7fb] Found matched paramval: [int (False)(None)] id=1
[17:33:45.065] [SQLiFuzz 7fb] Prioritize to fuzz matched SQL value first: [int (False)(None)] id=1
[17:33:45.065] [SQLiFuzz 7fb] Mutation applied. old='1' char=',' strategy='drop' new=','
[17:33:45.065] [HTTPREQUEST 7fb] Update url and body param from paramvals:
[17:33:45.066] [HTTPREQUEST None] New post_data_encoded: 
[17:33:45.066] [HTTPREQUEST None] New param encoded: Submit=Submit&id=%2C
[17:33:45.066] [GENERALFUNCTION 7fb] ---SENDING THE REQUEST [1790976825-4c63c566-7be4-4482-8bdc-67c3262f77fb] TO : [GET] http://localhost:8081/a2_filtered.php?Submit=Submit&id=%2C
[17:33:45.066] [GENERALFUNCTION 7fb] Post data encoded: 
[17:33:45.066] [GENERALFUNCTION 7fb] Adjusted Referer to http://localhost:8081/a2_filtered.php
[17:33:45.066] [GENERALFUNCTION 7fb] DEBUG OUTGOING request.full_url: http://localhost:8081/a2_filtered.php?Submit=Submit&id=%2C
[17:33:45.066] [GENERALFUNCTION 7fb] DEBUG OUTGOING headers: {'Host': 'localhost:8081', 'User-Agent': 'Mozilla/5.0 (X11; Ubuntu; Linux x86_64; rv:155.0) Gecko/20100101 Firefox/155.0', 'Accept': 'text/html,application/xhtml+xml,application/xml;q=0.9,*/*;q=0.8', 'Accept-Language': 'en-US,en;q=0.9', 'Accept-Encoding': 'gzip, deflate, br, zstd', 'Connection': 'keep-alive', 'Referer': 'http://localhost:8081/a2_filtered.php', 'Cookie': 'PHPSESSID=885a673eaaf625374cc2fff3bc51861d; security=impossible', 'Upgrade-Insecure-Requests': '1', 'Sec-Fetch-Dest': 'document', 'Sec-Fetch-Mode': 'navigate', 'Sec-Fetch-Site': 'same-origin', 'Sec-Fetch-User': '?1', 'Priority': 'u=0, i'}
[17:33:45.066] [GENERALFUNCTION 7fb] DEBUG OUTGOING post_data_encoded (truncated): 
[17:33:45.100] [SQLiFuzz 7fb] Response status: 200
[17:33:45.100] [SQLiFuzz 7fb] Response URL: http://localhost:8081/a2_filtered.php?Submit=Submit&id=%2C
[17:33:45.100] [SQLiFuzz 7fb] Was redirected: False
[17:33:45.100] [SQLiFuzz 7fb] Getting response: <!doctype html>
<html>
<body>
<form method="GET">
  <label>User ID: <input type="text" name="id"></label>
  <input type="submit" name="Submit" value="Submit">
</form>
<pre>INPUT REJECTED</pre>
[17:33:46.101] [SQLAnalysis] Read 1 new lines from SQL log file.
[17:33:46.101] [SQLAnalysis] Appended 1 parsed entries.
[17:33:46.101] [SQLAnalysis 7fb] Extracted 673 Logs 2026-10-02 21:33:46.101693: [{'timestamp': '2026-10-02 21:33:45,085646', 'level': 'INFO', 'ip': '172.18.0.5', 'port': 44474, 'sql': 'USE db *#*#OK'}]
[17:33:46.101] [SQLAnalysis 7fb] Updated param pairs: {'looked_value': ','}
[17:33:46.102] [SQLAnalysis 7fb] Looked timestamp 2026-10-02 21:33:45.066845 -- 2026-10-02 21:33:45.096030
[17:33:46.109] [SQLAnalysis 7fb] query_array to be checked: ['use', 'db']
[17:33:46.110] [SQLAnalysis 7fb] normalized_query_array: ['use', 'db']
[17:33:46.110] [SQLiFuzz 7fb] No weird chars exist: GET http://localhost:8081/a2_filtered.php | ['[string (False)(None)] Sec-Fetch-Dest=document', '[string (False)(None)] Sec-Fetch-Mode=navigate', '[string (False)(None)] Sec-Fetch-Site=same-origin', '[string (False)(None)] Sec-Fetch-User=?1', '[string (False)(None)] Priority=u=0, i', '[url (False)(None)] path0=a2_filtered.php', '[int (False)(None)] id=,', '[string (False)(None)] Submit=Submit'] | None
[17:33:46.110] [SQLiFuzz 9c8] Getting prepared_target_request with ID 249 for test_SQLi iteration 59/70
[17:33:46.110] [SQLiFuzz 249] chosen_idx: 7 from 8
[17:33:46.110] [HTTPREQUEST 249] Getting matched paramval from found values: ['?1', '1']
[17:33:46.111] [HTTPREQUEST 249] Found matched paramval: [string (False)(None)] Sec-Fetch-User=?1
[17:33:46.111] [HTTPREQUEST 249] Found matched paramval: [int (False)(None)] id=1
[17:33:46.111] [SQLiFuzz 249] Prioritize to fuzz matched SQL value first: [int (False)(None)] id=1
[17:33:46.111] [SQLiFuzz 249] Mutation applied. old='1' char=':' strategy='random' new=':1'
[17:33:46.111] [HTTPREQUEST 249] Update url and body param from paramvals:
[17:33:46.111] [HTTPREQUEST None] New post_data_encoded: 
[17:33:46.111] [HTTPREQUEST None] New param encoded: Submit=Submit&id=%3A1
[17:33:46.111] [GENERALFUNCTION 249] ---SENDING THE REQUEST [1790976826-dfba5027-1bca-4a60-89d3-e22a05e30249] TO : [GET] http://localhost:8081/a2_filtered.php?Submit=Submit&id=%3A1
[17:33:46.111] [GENERALFUNCTION 249] Post data encoded: 
[17:33:46.112] [GENERALFUNCTION 249] Adjusted Referer to http://localhost:8081/a2_filtered.php
[17:33:46.112] [GENERALFUNCTION 249] DEBUG OUTGOING request.full_url: http://localhost:8081/a2_filtered.php?Submit=Submit&id=%3A1
[17:33:46.112] [GENERALFUNCTION 249] DEBUG OUTGOING headers: {'Host': 'localhost:8081', 'User-Agent': 'Mozilla/5.0 (X11; Ubuntu; Linux x86_64; rv:155.0) Gecko/20100101 Firefox/155.0', 'Accept': 'text/html,application/xhtml+xml,application/xml;q=0.9,*/*;q=0.8', 'Accept-Language': 'en-US,en;q=0.9', 'Accept-Encoding': 'gzip, deflate, br, zstd', 'Connection': 'keep-alive', 'Referer': 'http://localhost:8081/a2_filtered.php', 'Cookie': 'PHPSESSID=885a673eaaf625374cc2fff3bc51861d; security=impossible', 'Upgrade-Insecure-Requests': '1', 'Sec-Fetch-Dest': 'document', 'Sec-Fetch-Mode': 'navigate', 'Sec-Fetch-Site': 'same-origin', 'Sec-Fetch-User': '?1', 'Priority': 'u=0, i'}
[17:33:46.112] [GENERALFUNCTION 249] DEBUG OUTGOING post_data_encoded (truncated): 
[17:33:46.144] [SQLiFuzz 249] Response status: 200
[17:33:46.144] [SQLiFuzz 249] Response URL: http://localhost:8081/a2_filtered.php?Submit=Submit&id=%3A1
[17:33:46.144] [SQLiFuzz 249] Was redirected: False
[17:33:46.144] [SQLiFuzz 249] Getting response: <!doctype html>
<html>
<body>
<form method="GET">
  <label>User ID: <input type="text" name="id"></label>
  <input type="submit" name="Submit" value="Submit">
</form>
<pre>INPUT REJECTED</pre>
[17:33:47.145] [SQLAnalysis] Read 1 new lines from SQL log file.
[17:33:47.145] [SQLAnalysis] Appended 1 parsed entries.
[17:33:47.145] [SQLAnalysis 249] Extracted 674 Logs 2026-10-02 21:33:47.145901: [{'timestamp': '2026-10-02 21:33:46,128736', 'level': 'INFO', 'ip': '172.18.0.5', 'port': 44498, 'sql': 'USE db *#*#OK'}]
[17:33:47.146] [SQLAnalysis 249] Updated param pairs: {'looked_value': ':1'}
[17:33:47.146] [SQLAnalysis 249] Looked timestamp 2026-10-02 21:33:46.112363 -- 2026-10-02 21:33:46.139747
[17:33:47.153] [SQLAnalysis 249] query_array to be checked: ['use', 'db']
[17:33:47.153] [SQLAnalysis 249] normalized_query_array: ['use', 'db']
[17:33:47.153] [SQLiFuzz 249] No weird chars exist: GET http://localhost:8081/a2_filtered.php | ['[string (False)(None)] Sec-Fetch-Dest=document', '[string (False)(None)] Sec-Fetch-Mode=navigate', '[string (False)(None)] Sec-Fetch-Site=same-origin', '[string (False)(None)] Sec-Fetch-User=?1', '[string (False)(None)] Priority=u=0, i', '[url (False)(None)] path0=a2_filtered.php', '[int (False)(None)] id=:1', '[string (False)(None)] Submit=Submit'] | None
[17:33:47.154] [SQLiFuzz 9c8] Getting prepared_target_request with ID 2d5 for test_SQLi iteration 60/70
[17:33:47.154] [SQLiFuzz 2d5] chosen_idx: 2 from 8
[17:33:47.154] [HTTPREQUEST 2d5] Getting matched paramval from found values: ['?1', '1']
[17:33:47.154] [HTTPREQUEST 2d5] Found matched paramval: [string (False)(None)] Sec-Fetch-User=?1
[17:33:47.154] [HTTPREQUEST 2d5] Found matched paramval: [int (False)(None)] id=1
[17:33:47.154] [SQLiFuzz 2d5] Prioritize to fuzz matched SQL value first: [int (False)(None)] id=1
[17:33:47.154] [SQLiFuzz 2d5] Mutation applied. old='1' char='>' strategy='drop' new='>'
[17:33:47.154] [HTTPREQUEST 2d5] Update url and body param from paramvals:
[17:33:47.154] [HTTPREQUEST None] New post_data_encoded: 
[17:33:47.154] [HTTPREQUEST None] New param encoded: Submit=Submit&id=%3E
[17:33:47.154] [GENERALFUNCTION 2d5] ---SENDING THE REQUEST [1790976827-3c008274-3eff-4ac0-8f80-aa951c8be2d5] TO : [GET] http://localhost:8081/a2_filtered.php?Submit=Submit&id=%3E
[17:33:47.154] [GENERALFUNCTION 2d5] Post data encoded: 
[17:33:47.154] [GENERALFUNCTION 2d5] Adjusted Referer to http://localhost:8081/a2_filtered.php
[17:33:47.155] [GENERALFUNCTION 2d5] DEBUG OUTGOING request.full_url: http://localhost:8081/a2_filtered.php?Submit=Submit&id=%3E
[17:33:47.155] [GENERALFUNCTION 2d5] DEBUG OUTGOING headers: {'Host': 'localhost:8081', 'User-Agent': 'Mozilla/5.0 (X11; Ubuntu; Linux x86_64; rv:155.0) Gecko/20100101 Firefox/155.0', 'Accept': 'text/html,application/xhtml+xml,application/xml;q=0.9,*/*;q=0.8', 'Accept-Language': 'en-US,en;q=0.9', 'Accept-Encoding': 'gzip, deflate, br, zstd', 'Connection': 'keep-alive', 'Referer': 'http://localhost:8081/a2_filtered.php', 'Cookie': 'PHPSESSID=885a673eaaf625374cc2fff3bc51861d; security=impossible', 'Upgrade-Insecure-Requests': '1', 'Sec-Fetch-Dest': 'document', 'Sec-Fetch-Mode': 'navigate', 'Sec-Fetch-Site': 'same-origin', 'Sec-Fetch-User': '?1', 'Priority': 'u=0, i'}
[17:33:47.155] [GENERALFUNCTION 2d5] DEBUG OUTGOING post_data_encoded (truncated): 
[17:33:47.161] [HOOK] Idle monitor: 1 pending tasks, 1 active tasks, idle 1s
[17:33:47.162] [HOOK] Number response: 2 | Memory usage (MB): 86.59765625 PID: 44217
[17:33:47.162] [STATS] {'total_req': 2, 'sql_req': 1, 'null_req': 0, 'not_sql_req': 1, 'sql_injection_detected': 0, 'another_sql_error_detected': 0, 'sql_req_not_detected': 0, 'error_req': 0, 'fuzzed_req': 59, 'processing_time_total': 1.2459060000000002, 'processing_time_ave': 0.02111705084745763, 'running_time': 'Not finished yet', 200: 2}
[17:33:47.179] [SQLiFuzz 2d5] Response status: 200
[17:33:47.179] [SQLiFuzz 2d5] Response URL: http://localhost:8081/a2_filtered.php?Submit=Submit&id=%3E
[17:33:47.179] [SQLiFuzz 2d5] Was redirected: False
[17:33:47.179] [SQLiFuzz 2d5] Getting response: <!doctype html>
<html>
<body>
<form method="GET">
  <label>User ID: <input type="text" name="id"></label>
  <input type="submit" name="Submit" value="Submit">
</form>
<pre>INPUT REJECTED</pre>
[17:33:48.180] [SQLAnalysis] Read 1 new lines from SQL log file.
[17:33:48.181] [SQLAnalysis] Appended 1 parsed entries.
[17:33:48.182] [SQLAnalysis 2d5] Extracted 675 Logs 2026-10-02 21:33:48.182166: [{'timestamp': '2026-10-02 21:33:47,166520', 'level': 'INFO', 'ip': '172.18.0.5', 'port': 44516, 'sql': 'USE db *#*#OK'}]
[17:33:48.182] [SQLAnalysis 2d5] Updated param pairs: {'looked_value': '>'}
[17:33:48.182] [SQLAnalysis 2d5] Looked timestamp 2026-10-02 21:33:47.155247 -- 2026-10-02 21:33:47.176677
[17:33:48.191] [SQLAnalysis 2d5] query_array to be checked: ['use', 'db']
[17:33:48.191] [SQLAnalysis 2d5] normalized_query_array: ['use', 'db']
[17:33:48.191] [SQLiFuzz 2d5] No weird chars exist: GET http://localhost:8081/a2_filtered.php | ['[string (False)(None)] Sec-Fetch-Dest=document', '[string (False)(None)] Sec-Fetch-Mode=navigate', '[string (False)(None)] Sec-Fetch-Site=same-origin', '[string (False)(None)] Sec-Fetch-User=?1', '[string (False)(None)] Priority=u=0, i', '[url (False)(None)] path0=a2_filtered.php', '[int (False)(None)] id=>', '[string (False)(None)] Submit=Submit'] | None
[17:33:48.192] [SQLiFuzz 9c8] Getting prepared_target_request with ID 8d8 for test_SQLi iteration 61/70
[17:33:48.192] [SQLiFuzz 8d8] chosen_idx: 7 from 8
[17:33:48.192] [HTTPREQUEST 8d8] Getting matched paramval from found values: ['?1', '1']
[17:33:48.192] [HTTPREQUEST 8d8] Found matched paramval: [string (False)(None)] Sec-Fetch-User=?1
[17:33:48.192] [HTTPREQUEST 8d8] Found matched paramval: [int (False)(None)] id=1
[17:33:48.192] [SQLiFuzz 8d8] Prioritize to fuzz matched SQL value first: [int (False)(None)] id=1
[17:33:48.192] [SQLiFuzz 8d8] Mutation applied. old='1' char='{' strategy='random' new='1{'
[17:33:48.192] [HTTPREQUEST 8d8] Update url and body param from paramvals:
[17:33:48.193] [HTTPREQUEST None] New post_data_encoded: 
[17:33:48.193] [HTTPREQUEST None] New param encoded: Submit=Submit&id=1%7B
[17:33:48.193] [GENERALFUNCTION 8d8] ---SENDING THE REQUEST [1790976828-c24b18ff-5ead-42bf-83a8-fedf0a3928d8] TO : [GET] http://localhost:8081/a2_filtered.php?Submit=Submit&id=1%7B
[17:33:48.193] [GENERALFUNCTION 8d8] Post data encoded: 
[17:33:48.193] [GENERALFUNCTION 8d8] Adjusted Referer to http://localhost:8081/a2_filtered.php
[17:33:48.193] [GENERALFUNCTION 8d8] DEBUG OUTGOING request.full_url: http://localhost:8081/a2_filtered.php?Submit=Submit&id=1%7B
[17:33:48.193] [GENERALFUNCTION 8d8] DEBUG OUTGOING headers: {'Host': 'localhost:8081', 'User-Agent': 'Mozilla/5.0 (X11; Ubuntu; Linux x86_64; rv:155.0) Gecko/20100101 Firefox/155.0', 'Accept': 'text/html,application/xhtml+xml,application/xml;q=0.9,*/*;q=0.8', 'Accept-Language': 'en-US,en;q=0.9', 'Accept-Encoding': 'gzip, deflate, br, zstd', 'Connection': 'keep-alive', 'Referer': 'http://localhost:8081/a2_filtered.php', 'Cookie': 'PHPSESSID=885a673eaaf625374cc2fff3bc51861d; security=impossible', 'Upgrade-Insecure-Requests': '1', 'Sec-Fetch-Dest': 'document', 'Sec-Fetch-Mode': 'navigate', 'Sec-Fetch-Site': 'same-origin', 'Sec-Fetch-User': '?1', 'Priority': 'u=0, i'}
[17:33:48.193] [GENERALFUNCTION 8d8] DEBUG OUTGOING post_data_encoded (truncated): 
[17:33:48.217] [SQLiFuzz 8d8] Response status: 200
[17:33:48.218] [SQLiFuzz 8d8] Response URL: http://localhost:8081/a2_filtered.php?Submit=Submit&id=1%7B
[17:33:48.218] [SQLiFuzz 8d8] Was redirected: False
[17:33:48.218] [SQLiFuzz 8d8] Getting response: <!doctype html>
<html>
<body>
<form method="GET">
  <label>User ID: <input type="text" name="id"></label>
  <input type="submit" name="Submit" value="Submit">
</form>
<pre>INPUT REJECTED</pre>
[17:33:49.219] [SQLAnalysis] Read 1 new lines from SQL log file.
[17:33:49.219] [SQLAnalysis] Appended 1 parsed entries.
[17:33:49.219] [SQLAnalysis 8d8] Extracted 676 Logs 2026-10-02 21:33:49.219552: [{'timestamp': '2026-10-02 21:33:48,206019', 'level': 'INFO', 'ip': '172.18.0.5', 'port': 44544, 'sql': 'USE db *#*#OK'}]
[17:33:49.219] [SQLAnalysis 8d8] Updated param pairs: {'looked_value': '1{'}
[17:33:49.219] [SQLAnalysis 8d8] Looked timestamp 2026-10-02 21:33:48.193818 -- 2026-10-02 21:33:48.213834
[17:33:49.229] [SQLAnalysis 8d8] query_array to be checked: ['use', 'db']
[17:33:49.229] [SQLAnalysis 8d8] normalized_query_array: ['use', 'db']
[17:33:49.229] [SQLiFuzz 8d8] No weird chars exist: GET http://localhost:8081/a2_filtered.php | ['[string (False)(None)] Sec-Fetch-Dest=document', '[string (False)(None)] Sec-Fetch-Mode=navigate', '[string (False)(None)] Sec-Fetch-Site=same-origin', '[string (False)(None)] Sec-Fetch-User=?1', '[string (False)(None)] Priority=u=0, i', '[url (False)(None)] path0=a2_filtered.php', '[int (False)(None)] id=1{', '[string (False)(None)] Submit=Submit'] | None
[17:33:49.230] [SQLiFuzz 9c8] Getting prepared_target_request with ID 959 for test_SQLi iteration 62/70
[17:33:49.230] [SQLiFuzz 959] chosen_idx: 6 from 8
[17:33:49.230] [HTTPREQUEST 959] Getting matched paramval from found values: ['?1', '1']
[17:33:49.230] [HTTPREQUEST 959] Found matched paramval: [string (False)(None)] Sec-Fetch-User=?1
[17:33:49.230] [HTTPREQUEST 959] Found matched paramval: [int (False)(None)] id=1
[17:33:49.231] [SQLiFuzz 959] Prioritize to fuzz matched SQL value first: [int (False)(None)] id=1
[17:33:49.231] [SQLiFuzz 959] Mutation applied. old='1' char='_' strategy='front' new='_1'
[17:33:49.231] [HTTPREQUEST 959] Update url and body param from paramvals:
[17:33:49.231] [HTTPREQUEST None] New post_data_encoded: 
[17:33:49.231] [HTTPREQUEST None] New param encoded: Submit=Submit&id=_1
[17:33:49.231] [GENERALFUNCTION 959] ---SENDING THE REQUEST [1790976829-02b2983d-fe8c-4b5b-a963-b8563b46f959] TO : [GET] http://localhost:8081/a2_filtered.php?Submit=Submit&id=_1
[17:33:49.231] [GENERALFUNCTION 959] Post data encoded: 
[17:33:49.231] [GENERALFUNCTION 959] Adjusted Referer to http://localhost:8081/a2_filtered.php
[17:33:49.232] [GENERALFUNCTION 959] DEBUG OUTGOING request.full_url: http://localhost:8081/a2_filtered.php?Submit=Submit&id=_1
[17:33:49.232] [GENERALFUNCTION 959] DEBUG OUTGOING headers: {'Host': 'localhost:8081', 'User-Agent': 'Mozilla/5.0 (X11; Ubuntu; Linux x86_64; rv:155.0) Gecko/20100101 Firefox/155.0', 'Accept': 'text/html,application/xhtml+xml,application/xml;q=0.9,*/*;q=0.8', 'Accept-Language': 'en-US,en;q=0.9', 'Accept-Encoding': 'gzip, deflate, br, zstd', 'Connection': 'keep-alive', 'Referer': 'http://localhost:8081/a2_filtered.php', 'Cookie': 'PHPSESSID=885a673eaaf625374cc2fff3bc51861d; security=impossible', 'Upgrade-Insecure-Requests': '1', 'Sec-Fetch-Dest': 'document', 'Sec-Fetch-Mode': 'navigate', 'Sec-Fetch-Site': 'same-origin', 'Sec-Fetch-User': '?1', 'Priority': 'u=0, i'}
[17:33:49.232] [GENERALFUNCTION 959] DEBUG OUTGOING post_data_encoded (truncated): 
[17:33:49.257] [SQLiFuzz 959] Response status: 200
[17:33:49.257] [SQLiFuzz 959] Response URL: http://localhost:8081/a2_filtered.php?Submit=Submit&id=_1
[17:33:49.257] [SQLiFuzz 959] Was redirected: False
[17:33:49.257] [SQLiFuzz 959] Getting response: <!doctype html>
<html>
<body>
<form method="GET">
  <label>User ID: <input type="text" name="id"></label>
  <input type="submit" name="Submit" value="Submit">
</form>
<pre>INPUT REJECTED</pre>
[17:33:50.258] [SQLAnalysis] Read 1 new lines from SQL log file.
[17:33:50.260] [SQLAnalysis] Appended 1 parsed entries.
[17:33:50.260] [SQLAnalysis 959] Extracted 677 Logs 2026-10-02 21:33:50.260291: [{'timestamp': '2026-10-02 21:33:49,247104', 'level': 'INFO', 'ip': '172.18.0.5', 'port': 44560, 'sql': 'USE db *#*#OK'}]
[17:33:50.260] [SQLAnalysis 959] Updated param pairs: {'looked_value': '_1'}
[17:33:50.260] [SQLAnalysis 959] Looked timestamp 2026-10-02 21:33:49.232616 -- 2026-10-02 21:33:49.253582
[17:33:50.269] [SQLAnalysis 959] query_array to be checked: ['use', 'db']
[17:33:50.269] [SQLAnalysis 959] normalized_query_array: ['use', 'db']
[17:33:50.270] [SQLiFuzz 959] No weird chars exist: GET http://localhost:8081/a2_filtered.php | ['[string (False)(None)] Sec-Fetch-Dest=document', '[string (False)(None)] Sec-Fetch-Mode=navigate', '[string (False)(None)] Sec-Fetch-Site=same-origin', '[string (False)(None)] Sec-Fetch-User=?1', '[string (False)(None)] Priority=u=0, i', '[url (False)(None)] path0=a2_filtered.php', '[int (False)(None)] id=_1', '[string (False)(None)] Submit=Submit'] | None
[17:33:50.270] [SQLiFuzz 9c8] Getting prepared_target_request with ID 1e6 for test_SQLi iteration 63/70
[17:33:50.270] [SQLiFuzz 1e6] chosen_idx: 4 from 8
[17:33:50.270] [HTTPREQUEST 1e6] Getting matched paramval from found values: ['?1', '1']
[17:33:50.271] [HTTPREQUEST 1e6] Found matched paramval: [string (False)(None)] Sec-Fetch-User=?1
[17:33:50.271] [HTTPREQUEST 1e6] Found matched paramval: [int (False)(None)] id=1
[17:33:50.271] [SQLiFuzz 1e6] Prioritize to fuzz matched SQL value first: [int (False)(None)] id=1
[17:33:50.271] [SQLiFuzz 1e6] Mutation applied. old='1' char='+' strategy='random' new='+1'
[17:33:50.271] [HTTPREQUEST 1e6] Update url and body param from paramvals:
[17:33:50.271] [HTTPREQUEST None] New post_data_encoded: 
[17:33:50.271] [HTTPREQUEST None] New param encoded: Submit=Submit&id=%2B1
[17:33:50.271] [GENERALFUNCTION 1e6] ---SENDING THE REQUEST [1790976830-5146d1d2-c82c-4529-8a78-6c23390561e6] TO : [GET] http://localhost:8081/a2_filtered.php?Submit=Submit&id=%2B1
[17:33:50.272] [GENERALFUNCTION 1e6] Post data encoded: 
[17:33:50.272] [GENERALFUNCTION 1e6] Adjusted Referer to http://localhost:8081/a2_filtered.php
[17:33:50.272] [GENERALFUNCTION 1e6] DEBUG OUTGOING request.full_url: http://localhost:8081/a2_filtered.php?Submit=Submit&id=%2B1
[17:33:50.272] [GENERALFUNCTION 1e6] DEBUG OUTGOING headers: {'Host': 'localhost:8081', 'User-Agent': 'Mozilla/5.0 (X11; Ubuntu; Linux x86_64; rv:155.0) Gecko/20100101 Firefox/155.0', 'Accept': 'text/html,application/xhtml+xml,application/xml;q=0.9,*/*;q=0.8', 'Accept-Language': 'en-US,en;q=0.9', 'Accept-Encoding': 'gzip, deflate, br, zstd', 'Connection': 'keep-alive', 'Referer': 'http://localhost:8081/a2_filtered.php', 'Cookie': 'PHPSESSID=885a673eaaf625374cc2fff3bc51861d; security=impossible', 'Upgrade-Insecure-Requests': '1', 'Sec-Fetch-Dest': 'document', 'Sec-Fetch-Mode': 'navigate', 'Sec-Fetch-Site': 'same-origin', 'Sec-Fetch-User': '?1', 'Priority': 'u=0, i'}
[17:33:50.273] [GENERALFUNCTION 1e6] DEBUG OUTGOING post_data_encoded (truncated): 
[17:33:50.297] [SQLiFuzz 1e6] Response status: 200
[17:33:50.297] [SQLiFuzz 1e6] Response URL: http://localhost:8081/a2_filtered.php?Submit=Submit&id=%2B1
[17:33:50.297] [SQLiFuzz 1e6] Was redirected: False
[17:33:50.297] [SQLiFuzz 1e6] Getting response: <!doctype html>
<html>
<body>
<form method="GET">
  <label>User ID: <input type="text" name="id"></label>
  <input type="submit" name="Submit" value="Submit">
</form>
<pre>INPUT REJECTED</pre>
[17:33:51.299] [SQLAnalysis] Read 1 new lines from SQL log file.
[17:33:51.300] [SQLAnalysis] Appended 1 parsed entries.
[17:33:51.300] [SQLAnalysis 1e6] Extracted 678 Logs 2026-10-02 21:33:51.300418: [{'timestamp': '2026-10-02 21:33:50,285814', 'level': 'INFO', 'ip': '172.18.0.5', 'port': 44572, 'sql': 'USE db *#*#OK'}]
[17:33:51.301] [SQLAnalysis 1e6] Updated param pairs: {'looked_value': '+1'}
[17:33:51.301] [SQLAnalysis 1e6] Looked timestamp 2026-10-02 21:33:50.273328 -- 2026-10-02 21:33:50.294807
[17:33:51.311] [SQLAnalysis 1e6] query_array to be checked: ['use', 'db']
[17:33:51.311] [SQLAnalysis 1e6] normalized_query_array: ['use', 'db']
[17:33:51.311] [SQLiFuzz 1e6] No weird chars exist: GET http://localhost:8081/a2_filtered.php | ['[string (False)(None)] Sec-Fetch-Dest=document', '[string (False)(None)] Sec-Fetch-Mode=navigate', '[string (False)(None)] Sec-Fetch-Site=same-origin', '[string (False)(None)] Sec-Fetch-User=?1', '[string (False)(None)] Priority=u=0, i', '[url (False)(None)] path0=a2_filtered.php', '[int (False)(None)] id=+1', '[string (False)(None)] Submit=Submit'] | None
[17:33:51.311] [SQLiFuzz 9c8] Getting prepared_target_request with ID f49 for test_SQLi iteration 64/70
[17:33:51.312] [SQLiFuzz f49] chosen_idx: 6 from 8
[17:33:51.312] [HTTPREQUEST f49] Getting matched paramval from found values: ['?1', '1']
[17:33:51.312] [HTTPREQUEST f49] Found matched paramval: [string (False)(None)] Sec-Fetch-User=?1
[17:33:51.312] [HTTPREQUEST f49] Found matched paramval: [int (False)(None)] id=1
[17:33:51.312] [SQLiFuzz f49] Prioritize to fuzz matched SQL value first: [int (False)(None)] id=1
[17:33:51.312] [SQLiFuzz f49] Mutation applied. old='1' char='&' strategy='tail' new='1&'
[17:33:51.312] [HTTPREQUEST f49] Update url and body param from paramvals:
[17:33:51.312] [HTTPREQUEST None] New post_data_encoded: 
[17:33:51.312] [HTTPREQUEST None] New param encoded: Submit=Submit&id=1%26
[17:33:51.312] [GENERALFUNCTION f49] ---SENDING THE REQUEST [1790976831-22066659-dd1d-475e-bf6f-968168f70f49] TO : [GET] http://localhost:8081/a2_filtered.php?Submit=Submit&id=1%26
[17:33:51.312] [GENERALFUNCTION f49] Post data encoded: 
[17:33:51.312] [GENERALFUNCTION f49] Adjusted Referer to http://localhost:8081/a2_filtered.php
[17:33:51.313] [GENERALFUNCTION f49] DEBUG OUTGOING request.full_url: http://localhost:8081/a2_filtered.php?Submit=Submit&id=1%26
[17:33:51.313] [GENERALFUNCTION f49] DEBUG OUTGOING headers: {'Host': 'localhost:8081', 'User-Agent': 'Mozilla/5.0 (X11; Ubuntu; Linux x86_64; rv:155.0) Gecko/20100101 Firefox/155.0', 'Accept': 'text/html,application/xhtml+xml,application/xml;q=0.9,*/*;q=0.8', 'Accept-Language': 'en-US,en;q=0.9', 'Accept-Encoding': 'gzip, deflate, br, zstd', 'Connection': 'keep-alive', 'Referer': 'http://localhost:8081/a2_filtered.php', 'Cookie': 'PHPSESSID=885a673eaaf625374cc2fff3bc51861d; security=impossible', 'Upgrade-Insecure-Requests': '1', 'Sec-Fetch-Dest': 'document', 'Sec-Fetch-Mode': 'navigate', 'Sec-Fetch-Site': 'same-origin', 'Sec-Fetch-User': '?1', 'Priority': 'u=0, i'}
[17:33:51.313] [GENERALFUNCTION f49] DEBUG OUTGOING post_data_encoded (truncated): 
[17:33:51.365] [SQLiFuzz f49] Response status: 200
[17:33:51.365] [SQLiFuzz f49] Response URL: http://localhost:8081/a2_filtered.php?Submit=Submit&id=1%26
[17:33:51.365] [SQLiFuzz f49] Was redirected: False
[17:33:51.365] [SQLiFuzz f49] Getting response: <!doctype html>
<html>
<body>
<form method="GET">
  <label>User ID: <input type="text" name="id"></label>
  <input type="submit" name="Submit" value="Submit">
</form>
<pre>INPUT REJECTED</pre>
[17:33:52.366] [SQLAnalysis] Read 1 new lines from SQL log file.
[17:33:52.367] [SQLAnalysis] Appended 1 parsed entries.
[17:33:52.367] [SQLAnalysis f49] Extracted 679 Logs 2026-10-02 21:33:52.367256: [{'timestamp': '2026-10-02 21:33:51,355653', 'level': 'INFO', 'ip': '172.18.0.5', 'port': 44592, 'sql': 'USE db *#*#OK'}]
[17:33:52.367] [SQLAnalysis f49] Updated param pairs: {'looked_value': '1&'}
[17:33:52.367] [SQLAnalysis f49] Looked timestamp 2026-10-02 21:33:51.313553 -- 2026-10-02 21:33:51.361941
[17:33:52.377] [SQLAnalysis f49] query_array to be checked: ['use', 'db']
[17:33:52.377] [SQLAnalysis f49] normalized_query_array: ['use', 'db']
[17:33:52.377] [SQLiFuzz f49] No weird chars exist: GET http://localhost:8081/a2_filtered.php | ['[string (False)(None)] Sec-Fetch-Dest=document', '[string (False)(None)] Sec-Fetch-Mode=navigate', '[string (False)(None)] Sec-Fetch-Site=same-origin', '[string (False)(None)] Sec-Fetch-User=?1', '[string (False)(None)] Priority=u=0, i', '[url (False)(None)] path0=a2_filtered.php', '[int (False)(None)] id=1&', '[string (False)(None)] Submit=Submit'] | None
[17:33:52.377] [SQLiFuzz 9c8] Getting prepared_target_request with ID fb8 for test_SQLi iteration 65/70
[17:33:52.378] [SQLiFuzz fb8] chosen_idx: 4 from 8
[17:33:52.378] [HTTPREQUEST fb8] Getting matched paramval from found values: ['?1', '1']
[17:33:52.378] [HTTPREQUEST fb8] Found matched paramval: [string (False)(None)] Sec-Fetch-User=?1
[17:33:52.378] [HTTPREQUEST fb8] Found matched paramval: [int (False)(None)] id=1
[17:33:52.378] [SQLiFuzz fb8] Prioritize to fuzz matched SQL value first: [int (False)(None)] id=1
[17:33:52.378] [SQLiFuzz fb8] Mutation applied. old='1' char='@' strategy='drop' new='@'
[17:33:52.378] [HTTPREQUEST fb8] Update url and body param from paramvals:
[17:33:52.378] [HTTPREQUEST None] New post_data_encoded: 
[17:33:52.378] [HTTPREQUEST None] New param encoded: Submit=Submit&id=%40
[17:33:52.378] [GENERALFUNCTION fb8] ---SENDING THE REQUEST [1790976832-b6c221db-23c2-4b7a-b2f8-79323e05bfb8] TO : [GET] http://localhost:8081/a2_filtered.php?Submit=Submit&id=%40
[17:33:52.379] [GENERALFUNCTION fb8] Post data encoded: 
[17:33:52.379] [GENERALFUNCTION fb8] Adjusted Referer to http://localhost:8081/a2_filtered.php
[17:33:52.379] [GENERALFUNCTION fb8] DEBUG OUTGOING request.full_url: http://localhost:8081/a2_filtered.php?Submit=Submit&id=%40
[17:33:52.379] [GENERALFUNCTION fb8] DEBUG OUTGOING headers: {'Host': 'localhost:8081', 'User-Agent': 'Mozilla/5.0 (X11; Ubuntu; Linux x86_64; rv:155.0) Gecko/20100101 Firefox/155.0', 'Accept': 'text/html,application/xhtml+xml,application/xml;q=0.9,*/*;q=0.8', 'Accept-Language': 'en-US,en;q=0.9', 'Accept-Encoding': 'gzip, deflate, br, zstd', 'Connection': 'keep-alive', 'Referer': 'http://localhost:8081/a2_filtered.php', 'Cookie': 'PHPSESSID=885a673eaaf625374cc2fff3bc51861d; security=impossible', 'Upgrade-Insecure-Requests': '1', 'Sec-Fetch-Dest': 'document', 'Sec-Fetch-Mode': 'navigate', 'Sec-Fetch-Site': 'same-origin', 'Sec-Fetch-User': '?1', 'Priority': 'u=0, i'}
[17:33:52.379] [GENERALFUNCTION fb8] DEBUG OUTGOING post_data_encoded (truncated): 
[17:33:52.414] [SQLiFuzz fb8] Response status: 200
[17:33:52.414] [SQLiFuzz fb8] Response URL: http://localhost:8081/a2_filtered.php?Submit=Submit&id=%40
[17:33:52.414] [SQLiFuzz fb8] Was redirected: False
[17:33:52.414] [SQLiFuzz fb8] Getting response: <!doctype html>
<html>
<body>
<form method="GET">
  <label>User ID: <input type="text" name="id"></label>
  <input type="submit" name="Submit" value="Submit">
</form>
<pre>INPUT REJECTED</pre>
[17:33:53.415] [SQLAnalysis] Read 1 new lines from SQL log file.
[17:33:53.415] [SQLAnalysis] Appended 1 parsed entries.
[17:33:53.415] [SQLAnalysis fb8] Extracted 680 Logs 2026-10-02 21:33:53.415882: [{'timestamp': '2026-10-02 21:33:52,396574', 'level': 'INFO', 'ip': '172.18.0.5', 'port': 38800, 'sql': 'USE db *#*#OK'}]
[17:33:53.416] [SQLAnalysis fb8] Updated param pairs: {'looked_value': '@'}
[17:33:53.416] [SQLAnalysis fb8] Looked timestamp 2026-10-02 21:33:52.379720 -- 2026-10-02 21:33:52.411597
[17:33:53.420] [SQLAnalysis fb8] query_array to be checked: ['use', 'db']
[17:33:53.420] [SQLAnalysis fb8] normalized_query_array: ['use', 'db']
[17:33:53.420] [SQLiFuzz fb8] No weird chars exist: GET http://localhost:8081/a2_filtered.php | ['[string (False)(None)] Sec-Fetch-Dest=document', '[string (False)(None)] Sec-Fetch-Mode=navigate', '[string (False)(None)] Sec-Fetch-Site=same-origin', '[string (False)(None)] Sec-Fetch-User=?1', '[string (False)(None)] Priority=u=0, i', '[url (False)(None)] path0=a2_filtered.php', '[int (False)(None)] id=@', '[string (False)(None)] Submit=Submit'] | None
[17:33:53.421] [SQLiFuzz 9c8] Getting prepared_target_request with ID 528 for test_SQLi iteration 66/70
[17:33:53.421] [SQLiFuzz 528] chosen_idx: 1 from 8
[17:33:53.421] [HTTPREQUEST 528] Getting matched paramval from found values: ['?1', '1']
[17:33:53.421] [HTTPREQUEST 528] Found matched paramval: [string (False)(None)] Sec-Fetch-User=?1
[17:33:53.421] [HTTPREQUEST 528] Found matched paramval: [int (False)(None)] id=1
[17:33:53.421] [SQLiFuzz 528] Prioritize to fuzz matched SQL value first: [int (False)(None)] id=1
[17:33:53.421] [SQLiFuzz 528] Mutation applied. old='1' char='/' strategy='tail' new='1/'
[17:33:53.421] [HTTPREQUEST 528] Update url and body param from paramvals:
[17:33:53.421] [HTTPREQUEST None] New post_data_encoded: 
[17:33:53.421] [HTTPREQUEST None] New param encoded: Submit=Submit&id=1%2F
[17:33:53.421] [GENERALFUNCTION 528] ---SENDING THE REQUEST [1790976833-3194075d-929b-4dfc-930e-e7a00d414528] TO : [GET] http://localhost:8081/a2_filtered.php?Submit=Submit&id=1%2F
[17:33:53.421] [GENERALFUNCTION 528] Post data encoded: 
[17:33:53.422] [GENERALFUNCTION 528] Adjusted Referer to http://localhost:8081/a2_filtered.php
[17:33:53.422] [GENERALFUNCTION 528] DEBUG OUTGOING request.full_url: http://localhost:8081/a2_filtered.php?Submit=Submit&id=1%2F
[17:33:53.422] [GENERALFUNCTION 528] DEBUG OUTGOING headers: {'Host': 'localhost:8081', 'User-Agent': 'Mozilla/5.0 (X11; Ubuntu; Linux x86_64; rv:155.0) Gecko/20100101 Firefox/155.0', 'Accept': 'text/html,application/xhtml+xml,application/xml;q=0.9,*/*;q=0.8', 'Accept-Language': 'en-US,en;q=0.9', 'Accept-Encoding': 'gzip, deflate, br, zstd', 'Connection': 'keep-alive', 'Referer': 'http://localhost:8081/a2_filtered.php', 'Cookie': 'PHPSESSID=885a673eaaf625374cc2fff3bc51861d; security=impossible', 'Upgrade-Insecure-Requests': '1', 'Sec-Fetch-Dest': 'document', 'Sec-Fetch-Mode': 'navigate', 'Sec-Fetch-Site': 'same-origin', 'Sec-Fetch-User': '?1', 'Priority': 'u=0, i'}
[17:33:53.422] [GENERALFUNCTION 528] DEBUG OUTGOING post_data_encoded (truncated): 
[17:33:53.446] [SQLiFuzz 528] Response status: 200
[17:33:53.447] [SQLiFuzz 528] Response URL: http://localhost:8081/a2_filtered.php?Submit=Submit&id=1%2F
[17:33:53.447] [SQLiFuzz 528] Was redirected: False
[17:33:53.447] [SQLiFuzz 528] Getting response: <!doctype html>
<html>
<body>
<form method="GET">
  <label>User ID: <input type="text" name="id"></label>
  <input type="submit" name="Submit" value="Submit">
</form>
<pre>INPUT REJECTED</pre>
[17:33:54.447] [SQLAnalysis] Read 1 new lines from SQL log file.
[17:33:54.448] [SQLAnalysis] Appended 1 parsed entries.
[17:33:54.448] [SQLAnalysis 528] Extracted 681 Logs 2026-10-02 21:33:54.448600: [{'timestamp': '2026-10-02 21:33:53,433241', 'level': 'INFO', 'ip': '172.18.0.5', 'port': 38820, 'sql': 'USE db *#*#OK'}]
[17:33:54.448] [SQLAnalysis 528] Updated param pairs: {'looked_value': '1/'}
[17:33:54.449] [SQLAnalysis 528] Looked timestamp 2026-10-02 21:33:53.422529 -- 2026-10-02 21:33:53.443353
[17:33:54.459] [SQLAnalysis 528] query_array to be checked: ['use', 'db']
[17:33:54.459] [SQLAnalysis 528] normalized_query_array: ['use', 'db']
[17:33:54.460] [SQLiFuzz 528] No weird chars exist: GET http://localhost:8081/a2_filtered.php | ['[string (False)(None)] Sec-Fetch-Dest=document', '[string (False)(None)] Sec-Fetch-Mode=navigate', '[string (False)(None)] Sec-Fetch-Site=same-origin', '[string (False)(None)] Sec-Fetch-User=?1', '[string (False)(None)] Priority=u=0, i', '[url (False)(None)] path0=a2_filtered.php', '[int (False)(None)] id=1/', '[string (False)(None)] Submit=Submit'] | None
[17:33:54.460] [SQLiFuzz 9c8] Getting prepared_target_request with ID 30b for test_SQLi iteration 67/70
[17:33:54.460] [SQLiFuzz 30b] chosen_idx: 0 from 8
[17:33:54.460] [HTTPREQUEST 30b] Getting matched paramval from found values: ['?1', '1']
[17:33:54.460] [HTTPREQUEST 30b] Found matched paramval: [string (False)(None)] Sec-Fetch-User=?1
[17:33:54.460] [HTTPREQUEST 30b] Found matched paramval: [int (False)(None)] id=1
[17:33:54.461] [SQLiFuzz 30b] Prioritize to fuzz matched SQL value first: [int (False)(None)] id=1
[17:33:54.461] [SQLiFuzz 30b] Mutation applied. old='1' char='}' strategy='tail' new='1}'
[17:33:54.461] [HTTPREQUEST 30b] Update url and body param from paramvals:
[17:33:54.461] [HTTPREQUEST None] New post_data_encoded: 
[17:33:54.461] [HTTPREQUEST None] New param encoded: Submit=Submit&id=1%7D
[17:33:54.461] [GENERALFUNCTION 30b] ---SENDING THE REQUEST [1790976834-8062b221-16fb-4fd1-a485-00c453c3d30b] TO : [GET] http://localhost:8081/a2_filtered.php?Submit=Submit&id=1%7D
[17:33:54.461] [GENERALFUNCTION 30b] Post data encoded: 
[17:33:54.461] [GENERALFUNCTION 30b] Adjusted Referer to http://localhost:8081/a2_filtered.php
[17:33:54.461] [GENERALFUNCTION 30b] DEBUG OUTGOING request.full_url: http://localhost:8081/a2_filtered.php?Submit=Submit&id=1%7D
[17:33:54.461] [GENERALFUNCTION 30b] DEBUG OUTGOING headers: {'Host': 'localhost:8081', 'User-Agent': 'Mozilla/5.0 (X11; Ubuntu; Linux x86_64; rv:155.0) Gecko/20100101 Firefox/155.0', 'Accept': 'text/html,application/xhtml+xml,application/xml;q=0.9,*/*;q=0.8', 'Accept-Language': 'en-US,en;q=0.9', 'Accept-Encoding': 'gzip, deflate, br, zstd', 'Connection': 'keep-alive', 'Referer': 'http://localhost:8081/a2_filtered.php', 'Cookie': 'PHPSESSID=885a673eaaf625374cc2fff3bc51861d; security=impossible', 'Upgrade-Insecure-Requests': '1', 'Sec-Fetch-Dest': 'document', 'Sec-Fetch-Mode': 'navigate', 'Sec-Fetch-Site': 'same-origin', 'Sec-Fetch-User': '?1', 'Priority': 'u=0, i'}
[17:33:54.461] [GENERALFUNCTION 30b] DEBUG OUTGOING post_data_encoded (truncated): 
[17:33:54.486] [SQLiFuzz 30b] Response status: 200
[17:33:54.487] [SQLiFuzz 30b] Response URL: http://localhost:8081/a2_filtered.php?Submit=Submit&id=1%7D
[17:33:54.487] [SQLiFuzz 30b] Was redirected: False
[17:33:54.487] [SQLiFuzz 30b] Getting response: <!doctype html>
<html>
<body>
<form method="GET">
  <label>User ID: <input type="text" name="id"></label>
  <input type="submit" name="Submit" value="Submit">
</form>
<pre>INPUT REJECTED</pre>
[17:33:55.487] [SQLAnalysis] Read 1 new lines from SQL log file.
[17:33:55.488] [SQLAnalysis] Appended 1 parsed entries.
[17:33:55.488] [SQLAnalysis 30b] Extracted 682 Logs 2026-10-02 21:33:55.488761: [{'timestamp': '2026-10-02 21:33:54,475367', 'level': 'INFO', 'ip': '172.18.0.5', 'port': 38840, 'sql': 'USE db *#*#OK'}]
[17:33:55.489] [SQLAnalysis 30b] Updated param pairs: {'looked_value': '1}'}
[17:33:55.489] [SQLAnalysis 30b] Looked timestamp 2026-10-02 21:33:54.461928 -- 2026-10-02 21:33:54.483436
[17:33:55.504] [SQLAnalysis 30b] query_array to be checked: ['use', 'db']
[17:33:55.504] [SQLAnalysis 30b] normalized_query_array: ['use', 'db']
[17:33:55.504] [SQLiFuzz 30b] No weird chars exist: GET http://localhost:8081/a2_filtered.php | ['[string (False)(None)] Sec-Fetch-Dest=document', '[string (False)(None)] Sec-Fetch-Mode=navigate', '[string (False)(None)] Sec-Fetch-Site=same-origin', '[string (False)(None)] Sec-Fetch-User=?1', '[string (False)(None)] Priority=u=0, i', '[url (False)(None)] path0=a2_filtered.php', '[int (False)(None)] id=1}', '[string (False)(None)] Submit=Submit'] | None
[17:33:55.505] [SQLiFuzz 9c8] Getting prepared_target_request with ID 5d8 for test_SQLi iteration 68/70
[17:33:55.505] [SQLiFuzz 5d8] chosen_idx: 2 from 8
[17:33:55.505] [HTTPREQUEST 5d8] Getting matched paramval from found values: ['?1', '1']
[17:33:55.505] [HTTPREQUEST 5d8] Found matched paramval: [string (False)(None)] Sec-Fetch-User=?1
[17:33:55.505] [HTTPREQUEST 5d8] Found matched paramval: [int (False)(None)] id=1
[17:33:55.505] [SQLiFuzz 5d8] Prioritize to fuzz matched SQL value first: [int (False)(None)] id=1
[17:33:55.505] [SQLiFuzz 5d8] Mutation applied. old='1' char='\' strategy='front' new='\1'
[17:33:55.505] [HTTPREQUEST 5d8] Update url and body param from paramvals:
[17:33:55.506] [HTTPREQUEST None] New post_data_encoded: 
[17:33:55.506] [HTTPREQUEST None] New param encoded: Submit=Submit&id=%5C1
[17:33:55.506] [GENERALFUNCTION 5d8] ---SENDING THE REQUEST [1790976835-5a8bb1bd-b5fa-484c-88e3-709fe87be5d8] TO : [GET] http://localhost:8081/a2_filtered.php?Submit=Submit&id=%5C1
[17:33:55.506] [GENERALFUNCTION 5d8] Post data encoded: 
[17:33:55.506] [GENERALFUNCTION 5d8] Adjusted Referer to http://localhost:8081/a2_filtered.php
[17:33:55.506] [GENERALFUNCTION 5d8] DEBUG OUTGOING request.full_url: http://localhost:8081/a2_filtered.php?Submit=Submit&id=%5C1
[17:33:55.506] [GENERALFUNCTION 5d8] DEBUG OUTGOING headers: {'Host': 'localhost:8081', 'User-Agent': 'Mozilla/5.0 (X11; Ubuntu; Linux x86_64; rv:155.0) Gecko/20100101 Firefox/155.0', 'Accept': 'text/html,application/xhtml+xml,application/xml;q=0.9,*/*;q=0.8', 'Accept-Language': 'en-US,en;q=0.9', 'Accept-Encoding': 'gzip, deflate, br, zstd', 'Connection': 'keep-alive', 'Referer': 'http://localhost:8081/a2_filtered.php', 'Cookie': 'PHPSESSID=885a673eaaf625374cc2fff3bc51861d; security=impossible', 'Upgrade-Insecure-Requests': '1', 'Sec-Fetch-Dest': 'document', 'Sec-Fetch-Mode': 'navigate', 'Sec-Fetch-Site': 'same-origin', 'Sec-Fetch-User': '?1', 'Priority': 'u=0, i'}
[17:33:55.507] [GENERALFUNCTION 5d8] DEBUG OUTGOING post_data_encoded (truncated): 
[17:33:55.540] [SQLiFuzz 5d8] Response status: 200
[17:33:55.541] [SQLiFuzz 5d8] Response URL: http://localhost:8081/a2_filtered.php?Submit=Submit&id=%5C1
[17:33:55.541] [SQLiFuzz 5d8] Was redirected: False
[17:33:55.541] [SQLiFuzz 5d8] Getting response: <!doctype html>
<html>
<body>
<form method="GET">
  <label>User ID: <input type="text" name="id"></label>
  <input type="submit" name="Submit" value="Submit">
</form>
<pre>INPUT REJECTED</pre>
[17:33:56.542] [SQLAnalysis] Read 1 new lines from SQL log file.
[17:33:56.543] [SQLAnalysis] Appended 1 parsed entries.
[17:33:56.543] [SQLAnalysis 5d8] Extracted 683 Logs 2026-10-02 21:33:56.543632: [{'timestamp': '2026-10-02 21:33:55,523720', 'level': 'INFO', 'ip': '172.18.0.5', 'port': 38858, 'sql': 'USE db *#*#OK'}]
[17:33:56.544] [SQLAnalysis 5d8] Updated param pairs: {'looked_value': '\\1'}
[17:33:56.544] [SQLAnalysis 5d8] Looked timestamp 2026-10-02 21:33:55.507105 -- 2026-10-02 21:33:55.536127
[17:33:56.558] [SQLAnalysis 5d8] query_array to be checked: ['use', 'db']
[17:33:56.558] [SQLAnalysis 5d8] normalized_query_array: ['use', 'db']
[17:33:56.558] [SQLiFuzz 5d8] No weird chars exist: GET http://localhost:8081/a2_filtered.php | ['[string (False)(None)] Sec-Fetch-Dest=document', '[string (False)(None)] Sec-Fetch-Mode=navigate', '[string (False)(None)] Sec-Fetch-Site=same-origin', '[string (False)(None)] Sec-Fetch-User=?1', '[string (False)(None)] Priority=u=0, i', '[url (False)(None)] path0=a2_filtered.php', '[int (False)(None)] id=\\1', '[string (False)(None)] Submit=Submit'] | None
[17:33:56.559] [SQLiFuzz 9c8] Getting prepared_target_request with ID 394 for test_SQLi iteration 69/70
[17:33:56.559] [SQLiFuzz 394] chosen_idx: 1 from 8
[17:33:56.559] [HTTPREQUEST 394] Getting matched paramval from found values: ['?1', '1']
[17:33:56.559] [HTTPREQUEST 394] Found matched paramval: [string (False)(None)] Sec-Fetch-User=?1
[17:33:56.559] [HTTPREQUEST 394] Found matched paramval: [int (False)(None)] id=1
[17:33:56.559] [SQLiFuzz 394] Prioritize to fuzz matched SQL value first: [int (False)(None)] id=1
[17:33:56.559] [SQLiFuzz 394] Mutation applied. old='1' char='!' strategy='drop' new='!'
[17:33:56.559] [HTTPREQUEST 394] Update url and body param from paramvals:
[17:33:56.559] [HTTPREQUEST None] New post_data_encoded: 
[17:33:56.559] [HTTPREQUEST None] New param encoded: Submit=Submit&id=%21
[17:33:56.560] [GENERALFUNCTION 394] ---SENDING THE REQUEST [1790976836-4ef4f7be-3453-4fe9-aa20-5e360423a394] TO : [GET] http://localhost:8081/a2_filtered.php?Submit=Submit&id=%21
[17:33:56.560] [GENERALFUNCTION 394] Post data encoded: 
[17:33:56.560] [GENERALFUNCTION 394] Adjusted Referer to http://localhost:8081/a2_filtered.php
[17:33:56.560] [GENERALFUNCTION 394] DEBUG OUTGOING request.full_url: http://localhost:8081/a2_filtered.php?Submit=Submit&id=%21
[17:33:56.560] [GENERALFUNCTION 394] DEBUG OUTGOING headers: {'Host': 'localhost:8081', 'User-Agent': 'Mozilla/5.0 (X11; Ubuntu; Linux x86_64; rv:155.0) Gecko/20100101 Firefox/155.0', 'Accept': 'text/html,application/xhtml+xml,application/xml;q=0.9,*/*;q=0.8', 'Accept-Language': 'en-US,en;q=0.9', 'Accept-Encoding': 'gzip, deflate, br, zstd', 'Connection': 'keep-alive', 'Referer': 'http://localhost:8081/a2_filtered.php', 'Cookie': 'PHPSESSID=885a673eaaf625374cc2fff3bc51861d; security=impossible', 'Upgrade-Insecure-Requests': '1', 'Sec-Fetch-Dest': 'document', 'Sec-Fetch-Mode': 'navigate', 'Sec-Fetch-Site': 'same-origin', 'Sec-Fetch-User': '?1', 'Priority': 'u=0, i'}
[17:33:56.560] [GENERALFUNCTION 394] DEBUG OUTGOING post_data_encoded (truncated): 
[17:33:56.593] [SQLiFuzz 394] Response status: 200
[17:33:56.594] [SQLiFuzz 394] Response URL: http://localhost:8081/a2_filtered.php?Submit=Submit&id=%21
[17:33:56.594] [SQLiFuzz 394] Was redirected: False
[17:33:56.594] [SQLiFuzz 394] Getting response: <!doctype html>
<html>
<body>
<form method="GET">
  <label>User ID: <input type="text" name="id"></label>
  <input type="submit" name="Submit" value="Submit">
</form>
<pre>INPUT REJECTED</pre>
[17:33:57.595] [SQLAnalysis] Read 1 new lines from SQL log file.
[17:33:57.596] [SQLAnalysis] Appended 1 parsed entries.
[17:33:57.596] [SQLAnalysis 394] Extracted 684 Logs 2026-10-02 21:33:57.596765: [{'timestamp': '2026-10-02 21:33:56,576023', 'level': 'INFO', 'ip': '172.18.0.5', 'port': 38872, 'sql': 'USE db *#*#OK'}]
[17:33:57.597] [SQLAnalysis 394] Updated param pairs: {'looked_value': '!'}
[17:33:57.597] [SQLAnalysis 394] Looked timestamp 2026-10-02 21:33:56.560622 -- 2026-10-02 21:33:56.588491
[17:33:57.612] [SQLAnalysis 394] query_array to be checked: ['use', 'db']
[17:33:57.612] [SQLAnalysis 394] normalized_query_array: ['use', 'db']
[17:33:57.612] [SQLiFuzz 394] No weird chars exist: GET http://localhost:8081/a2_filtered.php | ['[string (False)(None)] Sec-Fetch-Dest=document', '[string (False)(None)] Sec-Fetch-Mode=navigate', '[string (False)(None)] Sec-Fetch-Site=same-origin', '[string (False)(None)] Sec-Fetch-User=?1', '[string (False)(None)] Priority=u=0, i', '[url (False)(None)] path0=a2_filtered.php', '[int (False)(None)] id=!', '[string (False)(None)] Submit=Submit'] | None
[17:33:57.613] [SQLiFuzz 9c8] Getting prepared_target_request with ID 608 for test_SQLi iteration 70/70
[17:33:57.613] [SQLiFuzz 608] chosen_idx: 7 from 8
[17:33:57.613] [HTTPREQUEST 608] Getting matched paramval from found values: ['?1', '1']
[17:33:57.613] [HTTPREQUEST 608] Found matched paramval: [string (False)(None)] Sec-Fetch-User=?1
[17:33:57.613] [HTTPREQUEST 608] Found matched paramval: [int (False)(None)] id=1
[17:33:57.613] [SQLiFuzz 608] Prioritize to fuzz matched SQL value first: [int (False)(None)] id=1
[17:33:57.613] [SQLiFuzz 608] Mutation applied. old='1' char='^' strategy='random' new='1^'
[17:33:57.613] [HTTPREQUEST 608] Update url and body param from paramvals:
[17:33:57.613] [HTTPREQUEST None] New post_data_encoded: 
[17:33:57.613] [HTTPREQUEST None] New param encoded: Submit=Submit&id=1%5E
[17:33:57.614] [GENERALFUNCTION 608] ---SENDING THE REQUEST [1790976837-3b5a60e3-e308-41ce-a507-b1bb73b6b608] TO : [GET] http://localhost:8081/a2_filtered.php?Submit=Submit&id=1%5E
[17:33:57.614] [GENERALFUNCTION 608] Post data encoded: 
[17:33:57.614] [GENERALFUNCTION 608] Adjusted Referer to http://localhost:8081/a2_filtered.php
[17:33:57.614] [GENERALFUNCTION 608] DEBUG OUTGOING request.full_url: http://localhost:8081/a2_filtered.php?Submit=Submit&id=1%5E
[17:33:57.614] [GENERALFUNCTION 608] DEBUG OUTGOING headers: {'Host': 'localhost:8081', 'User-Agent': 'Mozilla/5.0 (X11; Ubuntu; Linux x86_64; rv:155.0) Gecko/20100101 Firefox/155.0', 'Accept': 'text/html,application/xhtml+xml,application/xml;q=0.9,*/*;q=0.8', 'Accept-Language': 'en-US,en;q=0.9', 'Accept-Encoding': 'gzip, deflate, br, zstd', 'Connection': 'keep-alive', 'Referer': 'http://localhost:8081/a2_filtered.php', 'Cookie': 'PHPSESSID=885a673eaaf625374cc2fff3bc51861d; security=impossible', 'Upgrade-Insecure-Requests': '1', 'Sec-Fetch-Dest': 'document', 'Sec-Fetch-Mode': 'navigate', 'Sec-Fetch-Site': 'same-origin', 'Sec-Fetch-User': '?1', 'Priority': 'u=0, i'}
[17:33:57.614] [GENERALFUNCTION 608] DEBUG OUTGOING post_data_encoded (truncated): 
[17:33:57.652] [SQLiFuzz 608] Response status: 200
[17:33:57.653] [SQLiFuzz 608] Response URL: http://localhost:8081/a2_filtered.php?Submit=Submit&id=1%5E
[17:33:57.653] [SQLiFuzz 608] Was redirected: False
[17:33:57.653] [SQLiFuzz 608] Getting response: <!doctype html>
<html>
<body>
<form method="GET">
  <label>User ID: <input type="text" name="id"></label>
  <input type="submit" name="Submit" value="Submit">
</form>
<pre>INPUT REJECTED</pre>
[17:33:58.654] [SQLAnalysis] Read 1 new lines from SQL log file.
[17:33:58.654] [SQLAnalysis] Appended 1 parsed entries.
[17:33:58.654] [SQLAnalysis 608] Extracted 685 Logs 2026-10-02 21:33:58.654571: [{'timestamp': '2026-10-02 21:33:57,634917', 'level': 'INFO', 'ip': '172.18.0.5', 'port': 38892, 'sql': 'USE db *#*#OK'}]
[17:33:58.654] [SQLAnalysis 608] Updated param pairs: {'looked_value': '1^'}
[17:33:58.654] [SQLAnalysis 608] Looked timestamp 2026-10-02 21:33:57.614848 -- 2026-10-02 21:33:57.647787
[17:33:58.664] [SQLAnalysis 608] query_array to be checked: ['use', 'db']
[17:33:58.664] [SQLAnalysis 608] normalized_query_array: ['use', 'db']
[17:33:58.664] [SQLiFuzz 608] No weird chars exist: GET http://localhost:8081/a2_filtered.php | ['[string (False)(None)] Sec-Fetch-Dest=document', '[string (False)(None)] Sec-Fetch-Mode=navigate', '[string (False)(None)] Sec-Fetch-Site=same-origin', '[string (False)(None)] Sec-Fetch-User=?1', '[string (False)(None)] Priority=u=0, i', '[url (False)(None)] path0=a2_filtered.php', '[int (False)(None)] id=1^', '[string (False)(None)] Submit=Submit'] | None
[17:33:58.664] [SQLiFuzz 608] No SQL Injection. Drop it. GET http://localhost:8081/a2_filtered.php | ['[string (False)(None)] Sec-Fetch-Dest=document', '[string (False)(None)] Sec-Fetch-Mode=navigate', '[string (False)(None)] Sec-Fetch-Site=same-origin', '[string (False)(None)] Sec-Fetch-User=?1', '[string (False)(None)] Priority=u=0, i', '[url (False)(None)] path0=a2_filtered.php', '[int (False)(None)] id=1^', '[string (False)(None)] Submit=Submit'] | None
[17:33:58.676] [HOOK 9c8] Completed fuzz (remaining: 0)
[17:36:07.172] [HOOK] Idle timeout (120s) reached with no pending tasks. Initiating shutdown...
[HOOK] Idle timeout reached. Saving results and shutting down...
[17:36:07.172] 


-----FINAL RESULT------
FINAL RESULT
[17:36:07.172] ###Matched SQL Injection Detected: [METHOD] | [URL] | [PARAMS] | [POST_DATA] [MATCHED_PAYLOAD] ==> [SQL_DETECTED] || [ERROR_SQL_DETECTED]

###Matched SQL Injection Detected: [METHOD] | [URL] | [PARAMS] | [POST_DATA] [MATCHED_PAYLOAD] ==> [SQL_DETECTED] || [ERROR_SQL_DETECTED]

[17:36:07.172] No SQL Injection Detected.

No SQL Injection Detected.

[17:36:07.173] [SQLICollection] Result will be saved in final_result/FR/FR-dvwa--emmalee-VMware-Virtual-Platform-1790976745.txt
[17:36:07.173] [SQLICollection] Statistics: {'total_req': 2, 'sql_req': 1, 'null_req': 0, 'not_sql_req': 1, 'sql_injection_detected': 0, 'another_sql_error_detected': 0, 'sql_req_not_detected': 1, 'error_req': 0, 'fuzzed_req': 70, 'processing_time_total': 1.5422240000000005, 'processing_time_ave': 0.022031771428571434, 'running_time': '0:03:41.732758', 200: 2}
[17:36:07.173] [HOOK] FINISH on 2026-10-02 17:36:07.172693. Total run time: 0:03:41.732758
[HOOK] FINISH on 2026-10-02 17:36:07.172693. Total run time: 0:03:41.732758
