[18:23:26.553] Loading script sqlifuzz/mitmproxy_addon.py
[18:23:26.759] [CONFIG] A config file from configs/config-general.yaml is loaded.
[18:23:26.759] [HOOK] Idle shutdown monitor started. Will check after 60s initial wait...
[18:23:26.759] [HOOK] Idle shutdown monitor scheduled (timeout: 120s)
[18:23:26.759] Starting Time: 2026-10-02 18:23:26.731892
[18:23:26.760] Start MITM Addon with 10 max concurrent fuzzing tasks
[18:23:26.760] [HOOK] Number response: 0 | Memory usage (MB): 81.08984375 PID: 58764
[18:23:26.760] [STATS] {'total_req': 0, 'sql_req': 0, 'null_req': 0, 'not_sql_req': 0, 'sql_injection_detected': 0, 'another_sql_error_detected': 0, 'sql_req_not_detected': 0, 'error_req': 0, 'fuzzed_req': 0, 'processing_time_total': 0.0, 'processing_time_ave': 0.0, 'running_time': 'Not finished yet'}
[18:23:26.762] reverse proxy to http://localhost:8081 listening at *:8888.
[18:23:37.686][127.0.0.1:33564] client connect
[18:23:37.693][127.0.0.1:33564] server connect localhost:8081 (127.0.0.1:8081)
[18:23:43.592][127.0.0.1:33564] client disconnect
[18:23:43.593][127.0.0.1:33564] server disconnect localhost:8081 (127.0.0.1:8081)
[18:23:45.081][127.0.0.1:47102] client connect
[18:23:45.082][127.0.0.1:47102] server connect localhost:8081 (127.0.0.1:8081)
[18:23:45.175] [HOOK 523] Check GET http://localhost:8081/a2_filtered_post.php || 
[18:23:45.176] [HTTPREQUEST 523] Converting Request Entry to HTTP Request: 92791c9d-d274-4986-b0cf-a804a9262523
[18:23:45.176] [HTTPREQUEST 523] No content-type is found
[18:23:46.177] [SQLAnalysis] Read 709 new lines from SQL log file.
[18:23:46.180] [SQLAnalysis] Appended 700 parsed entries.
[18:23:46.181] [SQLAnalysis 523] Extracted 700 Logs 2026-10-02 22:23:46.180984: [{'timestamp': '2026-10-02 22:23:45,152210', 'level': 'INFO', 'ip': '172.18.0.5', 'port': 35364, 'sql': 'USE db *#*#OK'}]
[18:23:46.184] [SQLAnalysis 523] Checking Request: GET http://localhost:8081/a2_filtered_post.php | ['[string (False)(None)] Sec-Fetch-Dest=document', '[string (False)(None)] Sec-Fetch-Mode=navigate', '[string (False)(None)] Sec-Fetch-Site=none', '[string (False)(None)] Sec-Fetch-User=?1', '[string (False)(None)] Priority=u=0, i', '[url (False)(None)] path0=a2_filtered_post.php'] | None
[18:23:46.184] [SQLAnalysis 523] Updated param pairs: {'Sec-Fetch-Dest': 'document', 'Sec-Fetch-Mode': 'navigate', 'Sec-Fetch-Site': 'none', 'Sec-Fetch-User': '?1', 'Priority': 'u=0, i', 'path0': 'a2_filtered_post.php'}
[18:23:46.184] [SQLAnalysis 523] Looked timestamp 2026-10-02 22:23:45.089000 -- 2026-10-02 22:23:45.174000
[18:23:46.191] [SQLAnalysis 523] query_array to be checked: ['use', 'db']
[18:23:46.191] [SQLAnalysis 523] normalized_query_array: ['use', 'db']
[18:23:46.191] [HTTPREQUEST 523] Getting null paramvals
[18:23:46.191] [HOOK 523] The request does not trigger SQL query. Drop it. GET http://localhost:8081/a2_filtered_post.php || 
127.0.0.1:47102: GET http://localhost:8081/a2_filtered_post.php
              << 200 OK 147b
[18:23:50.177][127.0.0.1:47102] server disconnect localhost:8081 (127.0.0.1:8081)
[18:23:51.214][127.0.0.1:47102] client disconnect
[18:23:51.617][127.0.0.1:47106] client connect
[18:23:51.620][127.0.0.1:47106] server connect localhost:8081 (127.0.0.1:8081)
[18:23:51.661] [HOOK 01e] Check POST http://localhost:8081/a2_filtered_post.php || id=1&Submit=Submit
[18:23:51.662] [HTTPREQUEST 01e] Converting Request Entry to HTTP Request: 953212e8-90ef-4d07-948b-4451b253501e
[18:23:51.662] [HTTPREQUEST 01e] Seeing a post data with x-www-form-urlencoded content-type in 953212e8-90ef-4d07-948b-4451b253501e
[18:23:51.662] [FUNCTION] Call parse_post_data for id=1&Submit=Submit
[18:23:52.663] [SQLAnalysis] Read 2 new lines from SQL log file.
[18:23:52.663] [SQLAnalysis] Appended 2 parsed entries.
[18:23:52.663] [SQLAnalysis 01e] Extracted 702 Logs 2026-10-02 22:23:52.663746: [{'timestamp': '2026-10-02 22:23:51,647596', 'level': 'INFO', 'ip': '172.18.0.5', 'port': 35388, 'sql': 'SELECT first_name, last_name FROM users WHERE user_id = 1 *#*#Result Set'}]
[18:23:52.663] [SQLAnalysis 01e] Checking Request: POST http://localhost:8081/a2_filtered_post.php | ['[string (False)(None)] Sec-Fetch-Dest=document', '[string (False)(None)] Sec-Fetch-Mode=navigate', '[string (False)(None)] Sec-Fetch-Site=same-origin', '[string (False)(None)] Sec-Fetch-User=?1', '[string (False)(None)] Priority=u=0, i', '[url (False)(None)] path0=a2_filtered_post.php', '[int (False)(None)] id=1', '[string (False)(None)] Submit=Submit'] | None
[18:23:52.664] [SQLAnalysis 01e] Updated param pairs: {'Sec-Fetch-Dest': 'document', 'Sec-Fetch-Mode': 'navigate', 'Sec-Fetch-Site': 'same-origin', 'Sec-Fetch-User': '?1', 'Priority': 'u=0, i', 'path0': 'a2_filtered_post.php', 'id': '1', 'Submit': 'Submit'}
[18:23:52.664] [SQLAnalysis 01e] Looked timestamp 2026-10-02 22:23:51.622000 -- 2026-10-02 22:23:51.661000
[18:23:52.671] [SQLAnalysis 01e] query_array to be checked: ['use', 'db']
[18:23:52.671] [SQLAnalysis 01e] normalized_query_array: ['use', 'db']
[18:23:52.671] [SQLAnalysis 01e] query_array to be checked: ['select', 'first_name', 'last_name', 'from', 'users', 'where', 'user_id', '=', '1']
[18:23:52.671] [SQLAnalysis 01e] normalized_query_array: ['select', 'firstname', 'lastname', 'from', 'users', 'where', 'userid', '', '1']
[18:23:52.671] [SQLAnalysis 01e] Getting Sec-Fetch-User==>?1 [1] in ['select', 'firstname', 'lastname', 'from', 'users', 'where', 'userid', '', '1']
[18:23:52.671] [SQLAnalysis 01e] Getting id==>1 [1] in ['select', 'firstname', 'lastname', 'from', 'users', 'where', 'userid', '', '1']
[18:23:52.671] [HOOK 01e] Get matching queries: ['select first_name, last_name from users where user_id = 1 *#*#result set', 'select first_name, last_name from users where user_id = 1 *#*#result set'] from POST http://localhost:8081/a2_filtered_post.php || id=1&Submit=Submit
[18:23:52.671] [HOOK 01e] Async callback triggered for: http://localhost:8081/a2_filtered_post.php
[HOOK 01e] Starting fuzz http://localhost:8081/a2_filtered_post.php (pending: 1 requests)
[18:23:52.671] [HOOK 01e] Starting fuzz (pending: 1)
[18:23:52.672] [SQLiFuzz 01e] Calling send_requests for: http://localhost:8081/a2_filtered_post.php
[18:23:52.672] [SQLiFuzz 01e] DEBUG Captured request body (truncated): id=1&Submit=Submit
[18:23:52.672] [SQLiFuzz 01e] DEBUG Captured request headers: {'Host': 'localhost:8081', 'User-Agent': 'Mozilla/5.0 (X11; Ubuntu; Linux x86_64; rv:155.0) Gecko/20100101 Firefox/155.0', 'Accept': 'text/html,application/xhtml+xml,application/xml;q=0.9,*/*;q=0.8', 'Accept-Language': 'en-US,en;q=0.9', 'Accept-Encoding': 'gzip, deflate, br, zstd', 'Content-Type': 'application/x-www-form-urlencoded', 'Content-Length': '18', 'Origin': 'http://localhost:8888', 'Connection': 'keep-alive', 'Referer': 'http://localhost:8888/a2_filtered_post.php', 'Cookie': 'PHPSESSID=89cdc0e04f8a7ffd78d8067977376dc9; security=impossible', 'Upgrade-Insecure-Requests': '1', 'Sec-Fetch-Dest': 'document', 'Sec-Fetch-Mode': 'navigate', 'Sec-Fetch-Site': 'same-origin', 'Sec-Fetch-User': '?1', 'Priority': 'u=0, i'}
[18:23:52.672] [SQLiFuzz 01e] DEBUG Converted request.post_data_encoded (truncated): id=1&Submit=Submit
[18:23:52.672] [SQLiFuzz 01e] DEBUG Converted request.header: {'Host': 'localhost:8081', 'User-Agent': 'Mozilla/5.0 (X11; Ubuntu; Linux x86_64; rv:155.0) Gecko/20100101 Firefox/155.0', 'Accept': 'text/html,application/xhtml+xml,application/xml;q=0.9,*/*;q=0.8', 'Accept-Language': 'en-US,en;q=0.9', 'Accept-Encoding': 'gzip, deflate, br, zstd', 'Content-Type': 'application/x-www-form-urlencoded', 'Content-Length': '18', 'Origin': 'http://localhost:8888', 'Connection': 'keep-alive', 'Referer': 'http://localhost:8888/a2_filtered_post.php', 'Cookie': 'PHPSESSID=89cdc0e04f8a7ffd78d8067977376dc9; security=impossible', 'Upgrade-Insecure-Requests': '1', 'Sec-Fetch-Dest': 'document', 'Sec-Fetch-Mode': 'navigate', 'Sec-Fetch-Site': 'same-origin', 'Sec-Fetch-User': '?1', 'Priority': 'u=0, i'}
[18:23:52.672] [SQLiFuzz 01e] DEBUG Converted request.content_type: application/x-www-form-urlencoded
127.0.0.1:47106: POST http://localhost:8081/a2_filtered_post.php
              << 200 OK 158b
[18:23:53.220] [SQLiFuzz 01e] test_SQLi for POST http://localhost:8081/a2_filtered_post.php | ['[string (False)(None)] Sec-Fetch-Dest=document', '[string (False)(None)] Sec-Fetch-Mode=navigate', '[string (False)(None)] Sec-Fetch-Site=same-origin', '[string (False)(None)] Sec-Fetch-User=?1', '[string (False)(None)] Priority=u=0, i', '[url (False)(None)] path0=a2_filtered_post.php', '[int (False)(None)] id=1', '[string (False)(None)] Submit=Submit'] | None
[18:23:53.221] [SQLiFuzz 01e] Getting prepared_target_request with ID 1fa for test_SQLi iteration 1/70
[18:23:53.221] [SQLiFuzz 1fa] chosen_idx: 0 from 8
[18:23:53.221] [HTTPREQUEST 1fa] Getting matched paramval from found values: ['?1', '1']
[18:23:53.222] [HTTPREQUEST 1fa] Found matched paramval: [string (False)(None)] Sec-Fetch-User=?1
[18:23:53.222] [HTTPREQUEST 1fa] Found matched paramval: [int (False)(None)] id=1
[18:23:53.222] [SQLiFuzz 1fa] Prioritize to fuzz matched SQL value first: [string (False)(None)] Sec-Fetch-User=?1
[18:23:53.222] [SQLiFuzz 1fa] Mutation applied. old='?1' char=''' strategy='drop' new='''
[18:23:53.222] [HTTPREQUEST 1fa] Update url and body param from paramvals:
[18:23:53.222] [HTTPREQUEST None] New post_data_encoded: Submit=Submit&id=1
[18:23:53.222] [HTTPREQUEST None] New param encoded: 
[18:23:53.222] [GENERALFUNCTION 1fa] ---SENDING THE REQUEST [1790979833-8f1c6e26-8407-4a78-a1e7-119d6e7c11fa] TO : [POST] http://localhost:8081/a2_filtered_post.php
[18:23:53.222] [GENERALFUNCTION 1fa] Post data encoded: Submit=Submit&id=1
[18:23:53.222] [GENERALFUNCTION 1fa] Adjusted Content-Length to 18
[18:23:53.222] [GENERALFUNCTION 1fa] Adjusted Origin to http://localhost:8081
[18:23:53.222] [GENERALFUNCTION 1fa] Adjusted Referer to http://localhost:8081/a2_filtered_post.php
[18:23:53.222] [GENERALFUNCTION 1fa] DEBUG OUTGOING request.full_url: http://localhost:8081/a2_filtered_post.php
[18:23:53.222] [GENERALFUNCTION 1fa] DEBUG OUTGOING headers: {'Host': 'localhost:8081', 'User-Agent': 'Mozilla/5.0 (X11; Ubuntu; Linux x86_64; rv:155.0) Gecko/20100101 Firefox/155.0', 'Accept': 'text/html,application/xhtml+xml,application/xml;q=0.9,*/*;q=0.8', 'Accept-Language': 'en-US,en;q=0.9', 'Accept-Encoding': 'gzip, deflate, br, zstd', 'Content-Type': 'application/x-www-form-urlencoded', 'Content-Length': '18', 'Origin': 'http://localhost:8081', 'Connection': 'keep-alive', 'Referer': 'http://localhost:8081/a2_filtered_post.php', 'Cookie': 'PHPSESSID=89cdc0e04f8a7ffd78d8067977376dc9; security=impossible', 'Upgrade-Insecure-Requests': '1', 'Sec-Fetch-Dest': 'document', 'Sec-Fetch-Mode': 'navigate', 'Sec-Fetch-Site': 'same-origin', 'Sec-Fetch-User': "'", 'Priority': 'u=0, i'}
[18:23:53.223] [GENERALFUNCTION 1fa] DEBUG OUTGOING post_data_encoded (truncated): Submit=Submit&id=1
[18:23:53.223] [GENERALFUNCTION 1fa] DEBUG OUTGOING body_param_dict: {'Submit': 'Submit', 'id': '1'}
[18:23:53.308] [SQLiFuzz 1fa] Response status: 200
[18:23:53.309] [SQLiFuzz 1fa] Response URL: http://localhost:8081/a2_filtered_post.php
[18:23:53.309] [SQLiFuzz 1fa] Was redirected: False
[18:23:53.309] [SQLiFuzz 1fa] Getting response: 
<!doctype html>

<html>

<body>

<form method="POST">

  <label>User ID: <input type="text" name="id"></label>

  <input type="submit" name="Submit" value="Submit">

</form>

<pre>ROWS=1</pre>
</body>

</html>

[18:23:54.311] [SQLAnalysis] Read 2 new lines from SQL log file.
[18:23:54.311] [SQLAnalysis] Appended 2 parsed entries.
[18:23:54.312] [SQLAnalysis 1fa] Extracted 704 Logs 2026-10-02 22:23:54.312143: [{'timestamp': '2026-10-02 22:23:53,283272', 'level': 'INFO', 'ip': '172.18.0.5', 'port': 59228, 'sql': 'SELECT first_name, last_name FROM users WHERE user_id = 1 *#*#Result Set'}]
[18:23:54.312] [SQLAnalysis 1fa] Updated param pairs: {'looked_value': "'"}
[18:23:54.312] [SQLAnalysis 1fa] Looked timestamp 2026-10-02 22:23:53.223135 -- 2026-10-02 22:23:53.303578
[18:23:54.321] [SQLAnalysis 1fa] query_array to be checked: ['use', 'db']
[18:23:54.321] [SQLAnalysis 1fa] normalized_query_array: ['use', 'db']
[18:23:54.321] [SQLAnalysis 1fa] query_array to be checked: ['select', 'first_name', 'last_name', 'from', 'users', 'where', 'user_id', '=', '1']
[18:23:54.322] [SQLAnalysis 1fa] normalized_query_array: ['select', 'firstname', 'lastname', 'from', 'users', 'where', 'userid', '', '1']
[18:23:54.322] [SQLiFuzz 1fa] No weird chars exist: POST http://localhost:8081/a2_filtered_post.php | ['[string (False)(None)] Sec-Fetch-Dest=document', '[string (False)(None)] Sec-Fetch-Mode=navigate', '[string (False)(None)] Sec-Fetch-Site=same-origin', "[string (False)(None)] Sec-Fetch-User='", '[string (False)(None)] Priority=u=0, i', '[url (False)(None)] path0=a2_filtered_post.php', '[int (False)(None)] id=1', '[string (False)(None)] Submit=Submit'] | None
[18:23:54.322] [SQLiFuzz 01e] Getting prepared_target_request with ID ab6 for test_SQLi iteration 2/70
[18:23:54.322] [SQLiFuzz ab6] chosen_idx: 0 from 8
[18:23:54.322] [HTTPREQUEST ab6] Getting matched paramval from found values: ['?1', '1']
[18:23:54.323] [HTTPREQUEST ab6] Found matched paramval: [string (False)(None)] Sec-Fetch-User=?1
[18:23:54.323] [HTTPREQUEST ab6] Found matched paramval: [int (False)(None)] id=1
[18:23:54.323] [SQLiFuzz ab6] Prioritize to fuzz matched SQL value first: [int (False)(None)] id=1
[18:23:54.323] [SQLiFuzz ab6] Mutation applied. old='1' char=''' strategy='tail' new='1''
[18:23:54.323] [HTTPREQUEST ab6] Update url and body param from paramvals:
[18:23:54.323] [HTTPREQUEST None] New post_data_encoded: Submit=Submit&id=1%27
[18:23:54.323] [HTTPREQUEST None] New param encoded: 
[18:23:54.323] [GENERALFUNCTION ab6] ---SENDING THE REQUEST [1790979834-90fac70f-851d-46e0-99d7-1c6d02bbaab6] TO : [POST] http://localhost:8081/a2_filtered_post.php
[18:23:54.323] [GENERALFUNCTION ab6] Post data encoded: Submit=Submit&id=1%27
[18:23:54.323] [GENERALFUNCTION ab6] Adjusted Content-Length to 21
[18:23:54.323] [GENERALFUNCTION ab6] Adjusted Origin to http://localhost:8081
[18:23:54.323] [GENERALFUNCTION ab6] Adjusted Referer to http://localhost:8081/a2_filtered_post.php
[18:23:54.323] [GENERALFUNCTION ab6] DEBUG OUTGOING request.full_url: http://localhost:8081/a2_filtered_post.php
[18:23:54.324] [GENERALFUNCTION ab6] DEBUG OUTGOING headers: {'Host': 'localhost:8081', 'User-Agent': 'Mozilla/5.0 (X11; Ubuntu; Linux x86_64; rv:155.0) Gecko/20100101 Firefox/155.0', 'Accept': 'text/html,application/xhtml+xml,application/xml;q=0.9,*/*;q=0.8', 'Accept-Language': 'en-US,en;q=0.9', 'Accept-Encoding': 'gzip, deflate, br, zstd', 'Content-Type': 'application/x-www-form-urlencoded', 'Content-Length': '21', 'Origin': 'http://localhost:8081', 'Connection': 'keep-alive', 'Referer': 'http://localhost:8081/a2_filtered_post.php', 'Cookie': 'PHPSESSID=89cdc0e04f8a7ffd78d8067977376dc9; security=impossible', 'Upgrade-Insecure-Requests': '1', 'Sec-Fetch-Dest': 'document', 'Sec-Fetch-Mode': 'navigate', 'Sec-Fetch-Site': 'same-origin', 'Sec-Fetch-User': '?1', 'Priority': 'u=0, i'}
[18:23:54.324] [GENERALFUNCTION ab6] DEBUG OUTGOING post_data_encoded (truncated): Submit=Submit&id=1%27
[18:23:54.324] [GENERALFUNCTION ab6] DEBUG OUTGOING body_param_dict: {'Submit': 'Submit', 'id': "1'"}
[18:23:54.368] [SQLiFuzz ab6] Response status: 200
[18:23:54.368] [SQLiFuzz ab6] Response URL: http://localhost:8081/a2_filtered_post.php
[18:23:54.368] [SQLiFuzz ab6] Was redirected: False
[18:23:54.368] [SQLiFuzz ab6] Getting response: 
<!doctype html>

<html>

<body>

<form method="POST">

  <label>User ID: <input type="text" name="id"></label>

  <input type="submit" name="Submit" value="Submit">

</form>

<pre>INPUT REJECTED</pre>
[18:23:55.371] [SQLAnalysis] Read 1 new lines from SQL log file.
[18:23:55.371] [SQLAnalysis] Appended 1 parsed entries.
[18:23:55.371] [SQLAnalysis ab6] Extracted 705 Logs 2026-10-02 22:23:55.371779: [{'timestamp': '2026-10-02 22:23:54,349480', 'level': 'INFO', 'ip': '172.18.0.5', 'port': 59242, 'sql': 'USE db *#*#OK'}]
[18:23:55.371] [SQLAnalysis ab6] Updated param pairs: {'looked_value': "1'"}
[18:23:55.372] [SQLAnalysis ab6] Looked timestamp 2026-10-02 22:23:54.325081 -- 2026-10-02 22:23:54.361681
[18:23:55.378] [SQLAnalysis ab6] query_array to be checked: ['use', 'db']
[18:23:55.378] [SQLAnalysis ab6] normalized_query_array: ['use', 'db']
[18:23:55.379] [SQLiFuzz ab6] No weird chars exist: POST http://localhost:8081/a2_filtered_post.php | ['[string (False)(None)] Sec-Fetch-Dest=document', '[string (False)(None)] Sec-Fetch-Mode=navigate', '[string (False)(None)] Sec-Fetch-Site=same-origin', '[string (False)(None)] Sec-Fetch-User=?1', '[string (False)(None)] Priority=u=0, i', '[url (False)(None)] path0=a2_filtered_post.php', "[int (False)(None)] id=1'", '[string (False)(None)] Submit=Submit'] | None
[18:23:55.379] [SQLiFuzz 01e] Getting prepared_target_request with ID cc2 for test_SQLi iteration 3/70
[18:23:55.379] [SQLiFuzz cc2] chosen_idx: 5 from 8
[18:23:55.379] [HTTPREQUEST cc2] Getting matched paramval from found values: ['?1', '1']
[18:23:55.379] [HTTPREQUEST cc2] Found matched paramval: [string (False)(None)] Sec-Fetch-User=?1
[18:23:55.379] [HTTPREQUEST cc2] Found matched paramval: [int (False)(None)] id=1
[18:23:55.379] [SQLiFuzz cc2] Prioritize to fuzz matched SQL value first: [int (False)(None)] id=1
[18:23:55.379] [SQLiFuzz cc2] Mutation applied. old='1' char=''' strategy='front' new=''1'
[18:23:55.379] [HTTPREQUEST cc2] Update url and body param from paramvals:
[18:23:55.379] [HTTPREQUEST None] New post_data_encoded: Submit=Submit&id=%271
[18:23:55.380] [HTTPREQUEST None] New param encoded: 
[18:23:55.380] [GENERALFUNCTION cc2] ---SENDING THE REQUEST [1790979835-7bd14d0b-e598-47ad-9941-a6bfe9ed7cc2] TO : [POST] http://localhost:8081/a2_filtered_post.php
[18:23:55.380] [GENERALFUNCTION cc2] Post data encoded: Submit=Submit&id=%271
[18:23:55.380] [GENERALFUNCTION cc2] Adjusted Content-Length to 21
[18:23:55.380] [GENERALFUNCTION cc2] Adjusted Origin to http://localhost:8081
[18:23:55.380] [GENERALFUNCTION cc2] Adjusted Referer to http://localhost:8081/a2_filtered_post.php
[18:23:55.380] [GENERALFUNCTION cc2] DEBUG OUTGOING request.full_url: http://localhost:8081/a2_filtered_post.php
[18:23:55.380] [GENERALFUNCTION cc2] DEBUG OUTGOING headers: {'Host': 'localhost:8081', 'User-Agent': 'Mozilla/5.0 (X11; Ubuntu; Linux x86_64; rv:155.0) Gecko/20100101 Firefox/155.0', 'Accept': 'text/html,application/xhtml+xml,application/xml;q=0.9,*/*;q=0.8', 'Accept-Language': 'en-US,en;q=0.9', 'Accept-Encoding': 'gzip, deflate, br, zstd', 'Content-Type': 'application/x-www-form-urlencoded', 'Content-Length': '21', 'Origin': 'http://localhost:8081', 'Connection': 'keep-alive', 'Referer': 'http://localhost:8081/a2_filtered_post.php', 'Cookie': 'PHPSESSID=89cdc0e04f8a7ffd78d8067977376dc9; security=impossible', 'Upgrade-Insecure-Requests': '1', 'Sec-Fetch-Dest': 'document', 'Sec-Fetch-Mode': 'navigate', 'Sec-Fetch-Site': 'same-origin', 'Sec-Fetch-User': '?1', 'Priority': 'u=0, i'}
[18:23:55.380] [GENERALFUNCTION cc2] DEBUG OUTGOING post_data_encoded (truncated): Submit=Submit&id=%271
[18:23:55.380] [GENERALFUNCTION cc2] DEBUG OUTGOING body_param_dict: {'Submit': 'Submit', 'id': "'1"}
[18:23:55.423] [SQLiFuzz cc2] Response status: 200
[18:23:55.424] [SQLiFuzz cc2] Response URL: http://localhost:8081/a2_filtered_post.php
[18:23:55.424] [SQLiFuzz cc2] Was redirected: False
[18:23:55.424] [SQLiFuzz cc2] Getting response: 
<!doctype html>

<html>

<body>

<form method="POST">

  <label>User ID: <input type="text" name="id"></label>

  <input type="submit" name="Submit" value="Submit">

</form>

<pre>INPUT REJECTED</pre>
[18:23:56.424] [SQLAnalysis] Read 1 new lines from SQL log file.
[18:23:56.425] [SQLAnalysis] Appended 1 parsed entries.
[18:23:56.425] [SQLAnalysis cc2] Extracted 706 Logs 2026-10-02 22:23:56.425462: [{'timestamp': '2026-10-02 22:23:55,400440', 'level': 'INFO', 'ip': '172.18.0.5', 'port': 59256, 'sql': 'USE db *#*#OK'}]
[18:23:56.425] [SQLAnalysis cc2] Updated param pairs: {'looked_value': "'1"}
[18:23:56.425] [SQLAnalysis cc2] Looked timestamp 2026-10-02 22:23:55.380779 -- 2026-10-02 22:23:55.419398
[18:23:56.433] [SQLAnalysis cc2] query_array to be checked: ['use', 'db']
[18:23:56.434] [SQLAnalysis cc2] normalized_query_array: ['use', 'db']
[18:23:56.434] [SQLiFuzz cc2] No weird chars exist: POST http://localhost:8081/a2_filtered_post.php | ['[string (False)(None)] Sec-Fetch-Dest=document', '[string (False)(None)] Sec-Fetch-Mode=navigate', '[string (False)(None)] Sec-Fetch-Site=same-origin', '[string (False)(None)] Sec-Fetch-User=?1', '[string (False)(None)] Priority=u=0, i', '[url (False)(None)] path0=a2_filtered_post.php', "[int (False)(None)] id='1", '[string (False)(None)] Submit=Submit'] | None
[18:23:56.434] [SQLiFuzz 01e] Getting prepared_target_request with ID 4ca for test_SQLi iteration 4/70
[18:23:56.434] [SQLiFuzz 4ca] chosen_idx: 1 from 8
[18:23:56.434] [HTTPREQUEST 4ca] Getting matched paramval from found values: ['?1', '1']
[18:23:56.434] [HTTPREQUEST 4ca] Found matched paramval: [string (False)(None)] Sec-Fetch-User=?1
[18:23:56.434] [HTTPREQUEST 4ca] Found matched paramval: [int (False)(None)] id=1
[18:23:56.435] [SQLiFuzz 4ca] Prioritize to fuzz matched SQL value first: [int (False)(None)] id=1
[18:23:56.435] [SQLiFuzz 4ca] Mutation applied. old='1' char='*' strategy='drop' new='*'
[18:23:56.435] [HTTPREQUEST 4ca] Update url and body param from paramvals:
[18:23:56.435] [HTTPREQUEST None] New post_data_encoded: Submit=Submit&id=%2A
[18:23:56.435] [HTTPREQUEST None] New param encoded: 
[18:23:56.435] [GENERALFUNCTION 4ca] ---SENDING THE REQUEST [1790979836-a931edc9-b6a2-4dfc-9712-2b76069424ca] TO : [POST] http://localhost:8081/a2_filtered_post.php
[18:23:56.435] [GENERALFUNCTION 4ca] Post data encoded: Submit=Submit&id=%2A
[18:23:56.435] [GENERALFUNCTION 4ca] Adjusted Content-Length to 20
[18:23:56.435] [GENERALFUNCTION 4ca] Adjusted Origin to http://localhost:8081
[18:23:56.435] [GENERALFUNCTION 4ca] Adjusted Referer to http://localhost:8081/a2_filtered_post.php
[18:23:56.436] [GENERALFUNCTION 4ca] DEBUG OUTGOING request.full_url: http://localhost:8081/a2_filtered_post.php
[18:23:56.436] [GENERALFUNCTION 4ca] DEBUG OUTGOING headers: {'Host': 'localhost:8081', 'User-Agent': 'Mozilla/5.0 (X11; Ubuntu; Linux x86_64; rv:155.0) Gecko/20100101 Firefox/155.0', 'Accept': 'text/html,application/xhtml+xml,application/xml;q=0.9,*/*;q=0.8', 'Accept-Language': 'en-US,en;q=0.9', 'Accept-Encoding': 'gzip, deflate, br, zstd', 'Content-Type': 'application/x-www-form-urlencoded', 'Content-Length': '20', 'Origin': 'http://localhost:8081', 'Connection': 'keep-alive', 'Referer': 'http://localhost:8081/a2_filtered_post.php', 'Cookie': 'PHPSESSID=89cdc0e04f8a7ffd78d8067977376dc9; security=impossible', 'Upgrade-Insecure-Requests': '1', 'Sec-Fetch-Dest': 'document', 'Sec-Fetch-Mode': 'navigate', 'Sec-Fetch-Site': 'same-origin', 'Sec-Fetch-User': '?1', 'Priority': 'u=0, i'}
[18:23:56.436] [GENERALFUNCTION 4ca] DEBUG OUTGOING post_data_encoded (truncated): Submit=Submit&id=%2A
[18:23:56.436] [GENERALFUNCTION 4ca] DEBUG OUTGOING body_param_dict: {'Submit': 'Submit', 'id': '*'}
[18:23:56.471] [SQLiFuzz 4ca] Response status: 200
[18:23:56.471] [SQLiFuzz 4ca] Response URL: http://localhost:8081/a2_filtered_post.php
[18:23:56.471] [SQLiFuzz 4ca] Was redirected: False
[18:23:56.471] [SQLiFuzz 4ca] Getting response: 
<!doctype html>

<html>

<body>

<form method="POST">

  <label>User ID: <input type="text" name="id"></label>

  <input type="submit" name="Submit" value="Submit">

</form>

<pre>INPUT REJECTED</pre>
[18:23:57.472] [SQLAnalysis] Read 1 new lines from SQL log file.
[18:23:57.472] [SQLAnalysis] Appended 1 parsed entries.
[18:23:57.472] [SQLAnalysis 4ca] Extracted 707 Logs 2026-10-02 22:23:57.472596: [{'timestamp': '2026-10-02 22:23:56,455167', 'level': 'INFO', 'ip': '172.18.0.5', 'port': 59270, 'sql': 'USE db *#*#OK'}]
[18:23:57.472] [SQLAnalysis 4ca] Updated param pairs: {'looked_value': '*'}
[18:23:57.472] [SQLAnalysis 4ca] Looked timestamp 2026-10-02 22:23:56.436481 -- 2026-10-02 22:23:56.466590
[18:23:57.481] [SQLAnalysis 4ca] query_array to be checked: ['use', 'db']
[18:23:57.481] [SQLAnalysis 4ca] normalized_query_array: ['use', 'db']
[18:23:57.481] [SQLiFuzz 4ca] No weird chars exist: POST http://localhost:8081/a2_filtered_post.php | ['[string (False)(None)] Sec-Fetch-Dest=document', '[string (False)(None)] Sec-Fetch-Mode=navigate', '[string (False)(None)] Sec-Fetch-Site=same-origin', '[string (False)(None)] Sec-Fetch-User=?1', '[string (False)(None)] Priority=u=0, i', '[url (False)(None)] path0=a2_filtered_post.php', '[int (False)(None)] id=*', '[string (False)(None)] Submit=Submit'] | None
[18:23:57.481] [SQLiFuzz 01e] Getting prepared_target_request with ID 746 for test_SQLi iteration 5/70
[18:23:57.481] [SQLiFuzz 746] chosen_idx: 1 from 8
[18:23:57.482] [HTTPREQUEST 746] Getting matched paramval from found values: ['?1', '1']
[18:23:57.482] [HTTPREQUEST 746] Found matched paramval: [string (False)(None)] Sec-Fetch-User=?1
[18:23:57.482] [HTTPREQUEST 746] Found matched paramval: [int (False)(None)] id=1
[18:23:57.482] [SQLiFuzz 746] Prioritize to fuzz matched SQL value first: [int (False)(None)] id=1
[18:23:57.482] [SQLiFuzz 746] Mutation applied. old='1' char='*' strategy='tail' new='1*'
[18:23:57.482] [HTTPREQUEST 746] Update url and body param from paramvals:
[18:23:57.482] [HTTPREQUEST None] New post_data_encoded: Submit=Submit&id=1%2A
[18:23:57.482] [HTTPREQUEST None] New param encoded: 
[18:23:57.482] [GENERALFUNCTION 746] ---SENDING THE REQUEST [1790979837-0ffdfc3f-3a07-4f3e-8915-68d9923f8746] TO : [POST] http://localhost:8081/a2_filtered_post.php
[18:23:57.482] [GENERALFUNCTION 746] Post data encoded: Submit=Submit&id=1%2A
[18:23:57.482] [GENERALFUNCTION 746] Adjusted Content-Length to 21
[18:23:57.482] [GENERALFUNCTION 746] Adjusted Origin to http://localhost:8081
[18:23:57.483] [GENERALFUNCTION 746] Adjusted Referer to http://localhost:8081/a2_filtered_post.php
[18:23:57.483] [GENERALFUNCTION 746] DEBUG OUTGOING request.full_url: http://localhost:8081/a2_filtered_post.php
[18:23:57.483] [GENERALFUNCTION 746] DEBUG OUTGOING headers: {'Host': 'localhost:8081', 'User-Agent': 'Mozilla/5.0 (X11; Ubuntu; Linux x86_64; rv:155.0) Gecko/20100101 Firefox/155.0', 'Accept': 'text/html,application/xhtml+xml,application/xml;q=0.9,*/*;q=0.8', 'Accept-Language': 'en-US,en;q=0.9', 'Accept-Encoding': 'gzip, deflate, br, zstd', 'Content-Type': 'application/x-www-form-urlencoded', 'Content-Length': '21', 'Origin': 'http://localhost:8081', 'Connection': 'keep-alive', 'Referer': 'http://localhost:8081/a2_filtered_post.php', 'Cookie': 'PHPSESSID=89cdc0e04f8a7ffd78d8067977376dc9; security=impossible', 'Upgrade-Insecure-Requests': '1', 'Sec-Fetch-Dest': 'document', 'Sec-Fetch-Mode': 'navigate', 'Sec-Fetch-Site': 'same-origin', 'Sec-Fetch-User': '?1', 'Priority': 'u=0, i'}
[18:23:57.483] [GENERALFUNCTION 746] DEBUG OUTGOING post_data_encoded (truncated): Submit=Submit&id=1%2A
[18:23:57.483] [GENERALFUNCTION 746] DEBUG OUTGOING body_param_dict: {'Submit': 'Submit', 'id': '1*'}
[18:23:57.491][127.0.0.1:47106] server disconnect localhost:8081 (127.0.0.1:8081)
[18:23:57.517] [SQLiFuzz 746] Response status: 200
[18:23:57.517] [SQLiFuzz 746] Response URL: http://localhost:8081/a2_filtered_post.php
[18:23:57.517] [SQLiFuzz 746] Was redirected: False
[18:23:57.517] [SQLiFuzz 746] Getting response: 
<!doctype html>

<html>

<body>

<form method="POST">

  <label>User ID: <input type="text" name="id"></label>

  <input type="submit" name="Submit" value="Submit">

</form>

<pre>INPUT REJECTED</pre>
[18:23:58.519] [SQLAnalysis] Read 1 new lines from SQL log file.
[18:23:58.520] [SQLAnalysis] Appended 1 parsed entries.
[18:23:58.520] [SQLAnalysis 746] Extracted 708 Logs 2026-10-02 22:23:58.520137: [{'timestamp': '2026-10-02 22:23:57,500132', 'level': 'INFO', 'ip': '172.18.0.5', 'port': 59284, 'sql': 'USE db *#*#OK'}]
[18:23:58.520] [SQLAnalysis 746] Updated param pairs: {'looked_value': '1*'}
[18:23:58.520] [SQLAnalysis 746] Looked timestamp 2026-10-02 22:23:57.483492 -- 2026-10-02 22:23:57.512972
[18:23:58.526] [SQLAnalysis 746] query_array to be checked: ['use', 'db']
[18:23:58.526] [SQLAnalysis 746] normalized_query_array: ['use', 'db']
[18:23:58.527] [SQLiFuzz 746] No weird chars exist: POST http://localhost:8081/a2_filtered_post.php | ['[string (False)(None)] Sec-Fetch-Dest=document', '[string (False)(None)] Sec-Fetch-Mode=navigate', '[string (False)(None)] Sec-Fetch-Site=same-origin', '[string (False)(None)] Sec-Fetch-User=?1', '[string (False)(None)] Priority=u=0, i', '[url (False)(None)] path0=a2_filtered_post.php', '[int (False)(None)] id=1*', '[string (False)(None)] Submit=Submit'] | None
[18:23:58.527] [SQLiFuzz 01e] Getting prepared_target_request with ID 740 for test_SQLi iteration 6/70
[18:23:58.527] [SQLiFuzz 740] chosen_idx: 5 from 8
[18:23:58.527] [HTTPREQUEST 740] Getting matched paramval from found values: ['?1', '1']
[18:23:58.528] [HTTPREQUEST 740] Found matched paramval: [string (False)(None)] Sec-Fetch-User=?1
[18:23:58.528] [HTTPREQUEST 740] Found matched paramval: [int (False)(None)] id=1
[18:23:58.528] [SQLiFuzz 740] Prioritize to fuzz matched SQL value first: [int (False)(None)] id=1
[18:23:58.528] [SQLiFuzz 740] Mutation applied. old='1' char='*' strategy='front' new='*1'
[18:23:58.528] [HTTPREQUEST 740] Update url and body param from paramvals:
[18:23:58.528] [HTTPREQUEST None] New post_data_encoded: Submit=Submit&id=%2A1
[18:23:58.528] [HTTPREQUEST None] New param encoded: 
[18:23:58.528] [GENERALFUNCTION 740] ---SENDING THE REQUEST [1790979838-23b2e655-f8ec-40b6-82be-41b730658740] TO : [POST] http://localhost:8081/a2_filtered_post.php
[18:23:58.528] [GENERALFUNCTION 740] Post data encoded: Submit=Submit&id=%2A1
[18:23:58.528] [GENERALFUNCTION 740] Adjusted Content-Length to 21
[18:23:58.528] [GENERALFUNCTION 740] Adjusted Origin to http://localhost:8081
[18:23:58.528] [GENERALFUNCTION 740] Adjusted Referer to http://localhost:8081/a2_filtered_post.php
[18:23:58.528] [GENERALFUNCTION 740] DEBUG OUTGOING request.full_url: http://localhost:8081/a2_filtered_post.php
[18:23:58.528] [GENERALFUNCTION 740] DEBUG OUTGOING headers: {'Host': 'localhost:8081', 'User-Agent': 'Mozilla/5.0 (X11; Ubuntu; Linux x86_64; rv:155.0) Gecko/20100101 Firefox/155.0', 'Accept': 'text/html,application/xhtml+xml,application/xml;q=0.9,*/*;q=0.8', 'Accept-Language': 'en-US,en;q=0.9', 'Accept-Encoding': 'gzip, deflate, br, zstd', 'Content-Type': 'application/x-www-form-urlencoded', 'Content-Length': '21', 'Origin': 'http://localhost:8081', 'Connection': 'keep-alive', 'Referer': 'http://localhost:8081/a2_filtered_post.php', 'Cookie': 'PHPSESSID=89cdc0e04f8a7ffd78d8067977376dc9; security=impossible', 'Upgrade-Insecure-Requests': '1', 'Sec-Fetch-Dest': 'document', 'Sec-Fetch-Mode': 'navigate', 'Sec-Fetch-Site': 'same-origin', 'Sec-Fetch-User': '?1', 'Priority': 'u=0, i'}
[18:23:58.528] [GENERALFUNCTION 740] DEBUG OUTGOING post_data_encoded (truncated): Submit=Submit&id=%2A1
[18:23:58.529] [GENERALFUNCTION 740] DEBUG OUTGOING body_param_dict: {'Submit': 'Submit', 'id': '*1'}
[18:23:58.560] [SQLiFuzz 740] Response status: 200
[18:23:58.560] [SQLiFuzz 740] Response URL: http://localhost:8081/a2_filtered_post.php
[18:23:58.560] [SQLiFuzz 740] Was redirected: False
[18:23:58.560] [SQLiFuzz 740] Getting response: 
<!doctype html>

<html>

<body>

<form method="POST">

  <label>User ID: <input type="text" name="id"></label>

  <input type="submit" name="Submit" value="Submit">

</form>

<pre>INPUT REJECTED</pre>
[18:23:59.560] [SQLAnalysis] Read 1 new lines from SQL log file.
[18:23:59.561] [SQLAnalysis] Appended 1 parsed entries.
[18:23:59.561] [SQLAnalysis 740] Extracted 709 Logs 2026-10-02 22:23:59.561454: [{'timestamp': '2026-10-02 22:23:58,545244', 'level': 'INFO', 'ip': '172.18.0.5', 'port': 59302, 'sql': 'USE db *#*#OK'}]
[18:23:59.561] [SQLAnalysis 740] Updated param pairs: {'looked_value': '*1'}
[18:23:59.561] [SQLAnalysis 740] Looked timestamp 2026-10-02 22:23:58.529104 -- 2026-10-02 22:23:58.555717
[18:23:59.570] [SQLAnalysis 740] query_array to be checked: ['use', 'db']
[18:23:59.570] [SQLAnalysis 740] normalized_query_array: ['use', 'db']
[18:23:59.570] [SQLiFuzz 740] No weird chars exist: POST http://localhost:8081/a2_filtered_post.php | ['[string (False)(None)] Sec-Fetch-Dest=document', '[string (False)(None)] Sec-Fetch-Mode=navigate', '[string (False)(None)] Sec-Fetch-Site=same-origin', '[string (False)(None)] Sec-Fetch-User=?1', '[string (False)(None)] Priority=u=0, i', '[url (False)(None)] path0=a2_filtered_post.php', '[int (False)(None)] id=*1', '[string (False)(None)] Submit=Submit'] | None
[18:23:59.571] [SQLiFuzz 01e] Getting prepared_target_request with ID 49f for test_SQLi iteration 7/70
[18:23:59.571] [SQLiFuzz 49f] chosen_idx: 2 from 8
[18:23:59.571] [HTTPREQUEST 49f] Getting matched paramval from found values: ['?1', '1']
[18:23:59.571] [HTTPREQUEST 49f] Found matched paramval: [string (False)(None)] Sec-Fetch-User=?1
[18:23:59.571] [HTTPREQUEST 49f] Found matched paramval: [int (False)(None)] id=1
[18:23:59.571] [SQLiFuzz 49f] Prioritize to fuzz matched SQL value first: [int (False)(None)] id=1
[18:23:59.572] [SQLiFuzz 49f] Mutation applied. old='1' char='"' strategy='drop' new='"'
[18:23:59.572] [HTTPREQUEST 49f] Update url and body param from paramvals:
[18:23:59.572] [HTTPREQUEST None] New post_data_encoded: Submit=Submit&id=%22
[18:23:59.572] [HTTPREQUEST None] New param encoded: 
[18:23:59.572] [GENERALFUNCTION 49f] ---SENDING THE REQUEST [1790979839-dc7ca615-11bc-4766-b219-d7028f8e549f] TO : [POST] http://localhost:8081/a2_filtered_post.php
[18:23:59.572] [GENERALFUNCTION 49f] Post data encoded: Submit=Submit&id=%22
[18:23:59.572] [GENERALFUNCTION 49f] Adjusted Content-Length to 20
[18:23:59.572] [GENERALFUNCTION 49f] Adjusted Origin to http://localhost:8081
[18:23:59.572] [GENERALFUNCTION 49f] Adjusted Referer to http://localhost:8081/a2_filtered_post.php
[18:23:59.572] [GENERALFUNCTION 49f] DEBUG OUTGOING request.full_url: http://localhost:8081/a2_filtered_post.php
[18:23:59.572] [GENERALFUNCTION 49f] DEBUG OUTGOING headers: {'Host': 'localhost:8081', 'User-Agent': 'Mozilla/5.0 (X11; Ubuntu; Linux x86_64; rv:155.0) Gecko/20100101 Firefox/155.0', 'Accept': 'text/html,application/xhtml+xml,application/xml;q=0.9,*/*;q=0.8', 'Accept-Language': 'en-US,en;q=0.9', 'Accept-Encoding': 'gzip, deflate, br, zstd', 'Content-Type': 'application/x-www-form-urlencoded', 'Content-Length': '20', 'Origin': 'http://localhost:8081', 'Connection': 'keep-alive', 'Referer': 'http://localhost:8081/a2_filtered_post.php', 'Cookie': 'PHPSESSID=89cdc0e04f8a7ffd78d8067977376dc9; security=impossible', 'Upgrade-Insecure-Requests': '1', 'Sec-Fetch-Dest': 'document', 'Sec-Fetch-Mode': 'navigate', 'Sec-Fetch-Site': 'same-origin', 'Sec-Fetch-User': '?1', 'Priority': 'u=0, i'}
[18:23:59.572] [GENERALFUNCTION 49f] DEBUG OUTGOING post_data_encoded (truncated): Submit=Submit&id=%22
[18:23:59.572] [GENERALFUNCTION 49f] DEBUG OUTGOING body_param_dict: {'Submit': 'Submit', 'id': '"'}
[18:23:59.583][127.0.0.1:47106] client disconnect
[18:23:59.607] [SQLiFuzz 49f] Response status: 200
[18:23:59.607] [SQLiFuzz 49f] Response URL: http://localhost:8081/a2_filtered_post.php
[18:23:59.607] [SQLiFuzz 49f] Was redirected: False
[18:23:59.607] [SQLiFuzz 49f] Getting response: 
<!doctype html>

<html>

<body>

<form method="POST">

  <label>User ID: <input type="text" name="id"></label>

  <input type="submit" name="Submit" value="Submit">

</form>

<pre>INPUT REJECTED</pre>
[18:24:00.608] [SQLAnalysis] Read 1 new lines from SQL log file.
[18:24:00.609] [SQLAnalysis] Appended 1 parsed entries.
[18:24:00.609] [SQLAnalysis 49f] Extracted 710 Logs 2026-10-02 22:24:00.609355: [{'timestamp': '2026-10-02 22:23:59,590419', 'level': 'INFO', 'ip': '172.18.0.5', 'port': 59320, 'sql': 'USE db *#*#OK'}]
[18:24:00.609] [SQLAnalysis 49f] Updated param pairs: {'looked_value': '"'}
[18:24:00.609] [SQLAnalysis 49f] Looked timestamp 2026-10-02 22:23:59.573055 -- 2026-10-02 22:23:59.603011
[18:24:00.617] [SQLAnalysis 49f] query_array to be checked: ['use', 'db']
[18:24:00.617] [SQLAnalysis 49f] normalized_query_array: ['use', 'db']
[18:24:00.617] [SQLiFuzz 49f] No weird chars exist: POST http://localhost:8081/a2_filtered_post.php | ['[string (False)(None)] Sec-Fetch-Dest=document', '[string (False)(None)] Sec-Fetch-Mode=navigate', '[string (False)(None)] Sec-Fetch-Site=same-origin', '[string (False)(None)] Sec-Fetch-User=?1', '[string (False)(None)] Priority=u=0, i', '[url (False)(None)] path0=a2_filtered_post.php', '[int (False)(None)] id="', '[string (False)(None)] Submit=Submit'] | None
[18:24:00.617] [SQLiFuzz 01e] Getting prepared_target_request with ID 364 for test_SQLi iteration 8/70
[18:24:00.618] [SQLiFuzz 364] chosen_idx: 6 from 8
[18:24:00.618] [HTTPREQUEST 364] Getting matched paramval from found values: ['?1', '1']
[18:24:00.618] [HTTPREQUEST 364] Found matched paramval: [string (False)(None)] Sec-Fetch-User=?1
[18:24:00.618] [HTTPREQUEST 364] Found matched paramval: [int (False)(None)] id=1
[18:24:00.618] [SQLiFuzz 364] Prioritize to fuzz matched SQL value first: [int (False)(None)] id=1
[18:24:00.618] [SQLiFuzz 364] Mutation applied. old='1' char=')' strategy='random' new='1)'
[18:24:00.618] [HTTPREQUEST 364] Update url and body param from paramvals:
[18:24:00.618] [HTTPREQUEST None] New post_data_encoded: Submit=Submit&id=1%29
[18:24:00.618] [HTTPREQUEST None] New param encoded: 
[18:24:00.618] [GENERALFUNCTION 364] ---SENDING THE REQUEST [1790979840-230c6344-c753-41b7-a9ba-f4775366e364] TO : [POST] http://localhost:8081/a2_filtered_post.php
[18:24:00.618] [GENERALFUNCTION 364] Post data encoded: Submit=Submit&id=1%29
[18:24:00.618] [GENERALFUNCTION 364] Adjusted Content-Length to 21
[18:24:00.618] [GENERALFUNCTION 364] Adjusted Origin to http://localhost:8081
[18:24:00.618] [GENERALFUNCTION 364] Adjusted Referer to http://localhost:8081/a2_filtered_post.php
[18:24:00.619] [GENERALFUNCTION 364] DEBUG OUTGOING request.full_url: http://localhost:8081/a2_filtered_post.php
[18:24:00.619] [GENERALFUNCTION 364] DEBUG OUTGOING headers: {'Host': 'localhost:8081', 'User-Agent': 'Mozilla/5.0 (X11; Ubuntu; Linux x86_64; rv:155.0) Gecko/20100101 Firefox/155.0', 'Accept': 'text/html,application/xhtml+xml,application/xml;q=0.9,*/*;q=0.8', 'Accept-Language': 'en-US,en;q=0.9', 'Accept-Encoding': 'gzip, deflate, br, zstd', 'Content-Type': 'application/x-www-form-urlencoded', 'Content-Length': '21', 'Origin': 'http://localhost:8081', 'Connection': 'keep-alive', 'Referer': 'http://localhost:8081/a2_filtered_post.php', 'Cookie': 'PHPSESSID=89cdc0e04f8a7ffd78d8067977376dc9; security=impossible', 'Upgrade-Insecure-Requests': '1', 'Sec-Fetch-Dest': 'document', 'Sec-Fetch-Mode': 'navigate', 'Sec-Fetch-Site': 'same-origin', 'Sec-Fetch-User': '?1', 'Priority': 'u=0, i'}
[18:24:00.619] [GENERALFUNCTION 364] DEBUG OUTGOING post_data_encoded (truncated): Submit=Submit&id=1%29
[18:24:00.619] [GENERALFUNCTION 364] DEBUG OUTGOING body_param_dict: {'Submit': 'Submit', 'id': '1)'}
[18:24:00.648] [SQLiFuzz 364] Response status: 200
[18:24:00.648] [SQLiFuzz 364] Response URL: http://localhost:8081/a2_filtered_post.php
[18:24:00.648] [SQLiFuzz 364] Was redirected: False
[18:24:00.648] [SQLiFuzz 364] Getting response: 
<!doctype html>

<html>

<body>

<form method="POST">

  <label>User ID: <input type="text" name="id"></label>

  <input type="submit" name="Submit" value="Submit">

</form>

<pre>INPUT REJECTED</pre>
[18:24:01.649] [SQLAnalysis] Read 1 new lines from SQL log file.
[18:24:01.650] [SQLAnalysis] Appended 1 parsed entries.
[18:24:01.650] [SQLAnalysis 364] Extracted 711 Logs 2026-10-02 22:24:01.650562: [{'timestamp': '2026-10-02 22:24:00,633030', 'level': 'INFO', 'ip': '172.18.0.5', 'port': 59326, 'sql': 'USE db *#*#OK'}]
[18:24:01.650] [SQLAnalysis 364] Updated param pairs: {'looked_value': '1)'}
[18:24:01.650] [SQLAnalysis 364] Looked timestamp 2026-10-02 22:24:00.619324 -- 2026-10-02 22:24:00.643096
[18:24:01.657] [SQLAnalysis 364] query_array to be checked: ['use', 'db']
[18:24:01.658] [SQLAnalysis 364] normalized_query_array: ['use', 'db']
[18:24:01.658] [SQLiFuzz 364] No weird chars exist: POST http://localhost:8081/a2_filtered_post.php | ['[string (False)(None)] Sec-Fetch-Dest=document', '[string (False)(None)] Sec-Fetch-Mode=navigate', '[string (False)(None)] Sec-Fetch-Site=same-origin', '[string (False)(None)] Sec-Fetch-User=?1', '[string (False)(None)] Priority=u=0, i', '[url (False)(None)] path0=a2_filtered_post.php', '[int (False)(None)] id=1)', '[string (False)(None)] Submit=Submit'] | None
[18:24:01.658] [SQLiFuzz 01e] Getting prepared_target_request with ID 6f1 for test_SQLi iteration 9/70
[18:24:01.658] [SQLiFuzz 6f1] chosen_idx: 1 from 8
[18:24:01.658] [HTTPREQUEST 6f1] Getting matched paramval from found values: ['?1', '1']
[18:24:01.658] [HTTPREQUEST 6f1] Found matched paramval: [string (False)(None)] Sec-Fetch-User=?1
[18:24:01.658] [HTTPREQUEST 6f1] Found matched paramval: [int (False)(None)] id=1
[18:24:01.658] [SQLiFuzz 6f1] Prioritize to fuzz matched SQL value first: [int (False)(None)] id=1
[18:24:01.658] [SQLiFuzz 6f1] Mutation applied. old='1' char='"' strategy='random' new='1"'
[18:24:01.659] [HTTPREQUEST 6f1] Update url and body param from paramvals:
[18:24:01.659] [HTTPREQUEST None] New post_data_encoded: Submit=Submit&id=1%22
[18:24:01.659] [HTTPREQUEST None] New param encoded: 
[18:24:01.659] [GENERALFUNCTION 6f1] ---SENDING THE REQUEST [1790979841-fcb2199a-0e51-4876-8ad9-63b8b4c646f1] TO : [POST] http://localhost:8081/a2_filtered_post.php
[18:24:01.659] [GENERALFUNCTION 6f1] Post data encoded: Submit=Submit&id=1%22
[18:24:01.659] [GENERALFUNCTION 6f1] Adjusted Content-Length to 21
[18:24:01.659] [GENERALFUNCTION 6f1] Adjusted Origin to http://localhost:8081
[18:24:01.659] [GENERALFUNCTION 6f1] Adjusted Referer to http://localhost:8081/a2_filtered_post.php
[18:24:01.659] [GENERALFUNCTION 6f1] DEBUG OUTGOING request.full_url: http://localhost:8081/a2_filtered_post.php
[18:24:01.659] [GENERALFUNCTION 6f1] DEBUG OUTGOING headers: {'Host': 'localhost:8081', 'User-Agent': 'Mozilla/5.0 (X11; Ubuntu; Linux x86_64; rv:155.0) Gecko/20100101 Firefox/155.0', 'Accept': 'text/html,application/xhtml+xml,application/xml;q=0.9,*/*;q=0.8', 'Accept-Language': 'en-US,en;q=0.9', 'Accept-Encoding': 'gzip, deflate, br, zstd', 'Content-Type': 'application/x-www-form-urlencoded', 'Content-Length': '21', 'Origin': 'http://localhost:8081', 'Connection': 'keep-alive', 'Referer': 'http://localhost:8081/a2_filtered_post.php', 'Cookie': 'PHPSESSID=89cdc0e04f8a7ffd78d8067977376dc9; security=impossible', 'Upgrade-Insecure-Requests': '1', 'Sec-Fetch-Dest': 'document', 'Sec-Fetch-Mode': 'navigate', 'Sec-Fetch-Site': 'same-origin', 'Sec-Fetch-User': '?1', 'Priority': 'u=0, i'}
[18:24:01.659] [GENERALFUNCTION 6f1] DEBUG OUTGOING post_data_encoded (truncated): Submit=Submit&id=1%22
[18:24:01.659] [GENERALFUNCTION 6f1] DEBUG OUTGOING body_param_dict: {'Submit': 'Submit', 'id': '1"'}
[18:24:01.694] [SQLiFuzz 6f1] Response status: 200
[18:24:01.694] [SQLiFuzz 6f1] Response URL: http://localhost:8081/a2_filtered_post.php
[18:24:01.694] [SQLiFuzz 6f1] Was redirected: False
[18:24:01.694] [SQLiFuzz 6f1] Getting response: 
<!doctype html>

<html>

<body>

<form method="POST">

  <label>User ID: <input type="text" name="id"></label>

  <input type="submit" name="Submit" value="Submit">

</form>

<pre>INPUT REJECTED</pre>
[18:24:02.695] [SQLAnalysis] Read 1 new lines from SQL log file.
[18:24:02.696] [SQLAnalysis] Appended 1 parsed entries.
[18:24:02.696] [SQLAnalysis 6f1] Extracted 712 Logs 2026-10-02 22:24:02.696503: [{'timestamp': '2026-10-02 22:24:01,674929', 'level': 'INFO', 'ip': '172.18.0.5', 'port': 59340, 'sql': 'USE db *#*#OK'}]
[18:24:02.696] [SQLAnalysis 6f1] Updated param pairs: {'looked_value': '1"'}
[18:24:02.697] [SQLAnalysis 6f1] Looked timestamp 2026-10-02 22:24:01.659847 -- 2026-10-02 22:24:01.688742
[18:24:02.705] [SQLAnalysis 6f1] query_array to be checked: ['use', 'db']
[18:24:02.705] [SQLAnalysis 6f1] normalized_query_array: ['use', 'db']
[18:24:02.705] [SQLiFuzz 6f1] No weird chars exist: POST http://localhost:8081/a2_filtered_post.php | ['[string (False)(None)] Sec-Fetch-Dest=document', '[string (False)(None)] Sec-Fetch-Mode=navigate', '[string (False)(None)] Sec-Fetch-Site=same-origin', '[string (False)(None)] Sec-Fetch-User=?1', '[string (False)(None)] Priority=u=0, i', '[url (False)(None)] path0=a2_filtered_post.php', '[int (False)(None)] id=1"', '[string (False)(None)] Submit=Submit'] | None
[18:24:02.705] [SQLiFuzz 01e] Getting prepared_target_request with ID 483 for test_SQLi iteration 10/70
[18:24:02.705] [SQLiFuzz 483] chosen_idx: 6 from 8
[18:24:02.706] [HTTPREQUEST 483] Getting matched paramval from found values: ['?1', '1']
[18:24:02.706] [HTTPREQUEST 483] Found matched paramval: [string (False)(None)] Sec-Fetch-User=?1
[18:24:02.706] [HTTPREQUEST 483] Found matched paramval: [int (False)(None)] id=1
[18:24:02.706] [SQLiFuzz 483] Prioritize to fuzz matched SQL value first: [int (False)(None)] id=1
[18:24:02.706] [SQLiFuzz 483] Mutation applied. old='1' char='=' strategy='front' new='=1'
[18:24:02.706] [HTTPREQUEST 483] Update url and body param from paramvals:
[18:24:02.706] [HTTPREQUEST None] New post_data_encoded: Submit=Submit&id=%3D1
[18:24:02.706] [HTTPREQUEST None] New param encoded: 
[18:24:02.706] [GENERALFUNCTION 483] ---SENDING THE REQUEST [1790979842-cd6dfeac-2357-4403-98f6-0e89f2957483] TO : [POST] http://localhost:8081/a2_filtered_post.php
[18:24:02.706] [GENERALFUNCTION 483] Post data encoded: Submit=Submit&id=%3D1
[18:24:02.706] [GENERALFUNCTION 483] Adjusted Content-Length to 21
[18:24:02.706] [GENERALFUNCTION 483] Adjusted Origin to http://localhost:8081
[18:24:02.706] [GENERALFUNCTION 483] Adjusted Referer to http://localhost:8081/a2_filtered_post.php
[18:24:02.706] [GENERALFUNCTION 483] DEBUG OUTGOING request.full_url: http://localhost:8081/a2_filtered_post.php
[18:24:02.706] [GENERALFUNCTION 483] DEBUG OUTGOING headers: {'Host': 'localhost:8081', 'User-Agent': 'Mozilla/5.0 (X11; Ubuntu; Linux x86_64; rv:155.0) Gecko/20100101 Firefox/155.0', 'Accept': 'text/html,application/xhtml+xml,application/xml;q=0.9,*/*;q=0.8', 'Accept-Language': 'en-US,en;q=0.9', 'Accept-Encoding': 'gzip, deflate, br, zstd', 'Content-Type': 'application/x-www-form-urlencoded', 'Content-Length': '21', 'Origin': 'http://localhost:8081', 'Connection': 'keep-alive', 'Referer': 'http://localhost:8081/a2_filtered_post.php', 'Cookie': 'PHPSESSID=89cdc0e04f8a7ffd78d8067977376dc9; security=impossible', 'Upgrade-Insecure-Requests': '1', 'Sec-Fetch-Dest': 'document', 'Sec-Fetch-Mode': 'navigate', 'Sec-Fetch-Site': 'same-origin', 'Sec-Fetch-User': '?1', 'Priority': 'u=0, i'}
[18:24:02.707] [GENERALFUNCTION 483] DEBUG OUTGOING post_data_encoded (truncated): Submit=Submit&id=%3D1
[18:24:02.707] [GENERALFUNCTION 483] DEBUG OUTGOING body_param_dict: {'Submit': 'Submit', 'id': '=1'}
[18:24:02.746] [SQLiFuzz 483] Response status: 200
[18:24:02.746] [SQLiFuzz 483] Response URL: http://localhost:8081/a2_filtered_post.php
[18:24:02.746] [SQLiFuzz 483] Was redirected: False
[18:24:02.746] [SQLiFuzz 483] Getting response: 
<!doctype html>

<html>

<body>

<form method="POST">

  <label>User ID: <input type="text" name="id"></label>

  <input type="submit" name="Submit" value="Submit">

</form>

<pre>INPUT REJECTED</pre>
[18:24:03.747] [SQLAnalysis] Read 1 new lines from SQL log file.
[18:24:03.747] [SQLAnalysis] Appended 1 parsed entries.
[18:24:03.748] [SQLAnalysis 483] Extracted 713 Logs 2026-10-02 22:24:03.748719: [{'timestamp': '2026-10-02 22:24:02,726908', 'level': 'INFO', 'ip': '172.18.0.5', 'port': 53652, 'sql': 'USE db *#*#OK'}]
[18:24:03.748] [SQLAnalysis 483] Updated param pairs: {'looked_value': '=1'}
[18:24:03.749] [SQLAnalysis 483] Looked timestamp 2026-10-02 22:24:02.707167 -- 2026-10-02 22:24:02.741677
[18:24:03.755] [SQLAnalysis 483] query_array to be checked: ['use', 'db']
[18:24:03.755] [SQLAnalysis 483] normalized_query_array: ['use', 'db']
[18:24:03.755] [SQLiFuzz 483] No weird chars exist: POST http://localhost:8081/a2_filtered_post.php | ['[string (False)(None)] Sec-Fetch-Dest=document', '[string (False)(None)] Sec-Fetch-Mode=navigate', '[string (False)(None)] Sec-Fetch-Site=same-origin', '[string (False)(None)] Sec-Fetch-User=?1', '[string (False)(None)] Priority=u=0, i', '[url (False)(None)] path0=a2_filtered_post.php', '[int (False)(None)] id==1', '[string (False)(None)] Submit=Submit'] | None
[18:24:03.755] [SQLiFuzz 01e] Getting prepared_target_request with ID f54 for test_SQLi iteration 11/70
[18:24:03.755] [SQLiFuzz f54] chosen_idx: 2 from 8
[18:24:03.755] [HTTPREQUEST f54] Getting matched paramval from found values: ['?1', '1']
[18:24:03.755] [HTTPREQUEST f54] Found matched paramval: [string (False)(None)] Sec-Fetch-User=?1
[18:24:03.755] [HTTPREQUEST f54] Found matched paramval: [int (False)(None)] id=1
[18:24:03.755] [SQLiFuzz f54] Prioritize to fuzz matched SQL value first: [int (False)(None)] id=1
[18:24:03.756] [SQLiFuzz f54] Mutation applied. old='1' char='#' strategy='front' new='#1'
[18:24:03.756] [HTTPREQUEST f54] Update url and body param from paramvals:
[18:24:03.756] [HTTPREQUEST None] New post_data_encoded: Submit=Submit&id=%231
[18:24:03.756] [HTTPREQUEST None] New param encoded: 
[18:24:03.756] [GENERALFUNCTION f54] ---SENDING THE REQUEST [1790979843-b91400c3-44d9-4606-a167-ee826917ff54] TO : [POST] http://localhost:8081/a2_filtered_post.php
[18:24:03.756] [GENERALFUNCTION f54] Post data encoded: Submit=Submit&id=%231
[18:24:03.756] [GENERALFUNCTION f54] Adjusted Content-Length to 21
[18:24:03.756] [GENERALFUNCTION f54] Adjusted Origin to http://localhost:8081
[18:24:03.756] [GENERALFUNCTION f54] Adjusted Referer to http://localhost:8081/a2_filtered_post.php
[18:24:03.757] [GENERALFUNCTION f54] DEBUG OUTGOING request.full_url: http://localhost:8081/a2_filtered_post.php
[18:24:03.757] [GENERALFUNCTION f54] DEBUG OUTGOING headers: {'Host': 'localhost:8081', 'User-Agent': 'Mozilla/5.0 (X11; Ubuntu; Linux x86_64; rv:155.0) Gecko/20100101 Firefox/155.0', 'Accept': 'text/html,application/xhtml+xml,application/xml;q=0.9,*/*;q=0.8', 'Accept-Language': 'en-US,en;q=0.9', 'Accept-Encoding': 'gzip, deflate, br, zstd', 'Content-Type': 'application/x-www-form-urlencoded', 'Content-Length': '21', 'Origin': 'http://localhost:8081', 'Connection': 'keep-alive', 'Referer': 'http://localhost:8081/a2_filtered_post.php', 'Cookie': 'PHPSESSID=89cdc0e04f8a7ffd78d8067977376dc9; security=impossible', 'Upgrade-Insecure-Requests': '1', 'Sec-Fetch-Dest': 'document', 'Sec-Fetch-Mode': 'navigate', 'Sec-Fetch-Site': 'same-origin', 'Sec-Fetch-User': '?1', 'Priority': 'u=0, i'}
[18:24:03.757] [GENERALFUNCTION f54] DEBUG OUTGOING post_data_encoded (truncated): Submit=Submit&id=%231
[18:24:03.757] [GENERALFUNCTION f54] DEBUG OUTGOING body_param_dict: {'Submit': 'Submit', 'id': '#1'}
[18:24:03.789] [SQLiFuzz f54] Response status: 200
[18:24:03.790] [SQLiFuzz f54] Response URL: http://localhost:8081/a2_filtered_post.php
[18:24:03.790] [SQLiFuzz f54] Was redirected: False
[18:24:03.790] [SQLiFuzz f54] Getting response: 
<!doctype html>

<html>

<body>

<form method="POST">

  <label>User ID: <input type="text" name="id"></label>

  <input type="submit" name="Submit" value="Submit">

</form>

<pre>INPUT REJECTED</pre>
[18:24:04.790] [SQLAnalysis] Read 1 new lines from SQL log file.
[18:24:04.791] [SQLAnalysis] Appended 1 parsed entries.
[18:24:04.791] [SQLAnalysis f54] Extracted 714 Logs 2026-10-02 22:24:04.791118: [{'timestamp': '2026-10-02 22:24:03,773762', 'level': 'INFO', 'ip': '172.18.0.5', 'port': 53680, 'sql': 'USE db *#*#OK'}]
[18:24:04.791] [SQLAnalysis f54] Updated param pairs: {'looked_value': '#1'}
[18:24:04.791] [SQLAnalysis f54] Looked timestamp 2026-10-02 22:24:03.757292 -- 2026-10-02 22:24:03.785328
[18:24:04.798] [SQLAnalysis f54] query_array to be checked: ['use', 'db']
[18:24:04.798] [SQLAnalysis f54] normalized_query_array: ['use', 'db']
[18:24:04.799] [SQLiFuzz f54] No weird chars exist: POST http://localhost:8081/a2_filtered_post.php | ['[string (False)(None)] Sec-Fetch-Dest=document', '[string (False)(None)] Sec-Fetch-Mode=navigate', '[string (False)(None)] Sec-Fetch-Site=same-origin', '[string (False)(None)] Sec-Fetch-User=?1', '[string (False)(None)] Priority=u=0, i', '[url (False)(None)] path0=a2_filtered_post.php', '[int (False)(None)] id=#1', '[string (False)(None)] Submit=Submit'] | None
[18:24:04.799] [SQLiFuzz 01e] Getting prepared_target_request with ID 90b for test_SQLi iteration 12/70
[18:24:04.799] [SQLiFuzz 90b] chosen_idx: 2 from 8
[18:24:04.799] [HTTPREQUEST 90b] Getting matched paramval from found values: ['?1', '1']
[18:24:04.799] [HTTPREQUEST 90b] Found matched paramval: [string (False)(None)] Sec-Fetch-User=?1
[18:24:04.799] [HTTPREQUEST 90b] Found matched paramval: [int (False)(None)] id=1
[18:24:04.799] [SQLiFuzz 90b] Prioritize to fuzz matched SQL value first: [int (False)(None)] id=1
[18:24:04.799] [SQLiFuzz 90b] Mutation applied. old='1' char='_' strategy='front' new='_1'
[18:24:04.799] [HTTPREQUEST 90b] Update url and body param from paramvals:
[18:24:04.799] [HTTPREQUEST None] New post_data_encoded: Submit=Submit&id=_1
[18:24:04.799] [HTTPREQUEST None] New param encoded: 
[18:24:04.800] [GENERALFUNCTION 90b] ---SENDING THE REQUEST [1790979844-4bb2d9d8-c2d8-4d7b-a3b3-79cd1f38390b] TO : [POST] http://localhost:8081/a2_filtered_post.php
[18:24:04.800] [GENERALFUNCTION 90b] Post data encoded: Submit=Submit&id=_1
[18:24:04.800] [GENERALFUNCTION 90b] Adjusted Content-Length to 19
[18:24:04.800] [GENERALFUNCTION 90b] Adjusted Origin to http://localhost:8081
[18:24:04.800] [GENERALFUNCTION 90b] Adjusted Referer to http://localhost:8081/a2_filtered_post.php
[18:24:04.800] [GENERALFUNCTION 90b] DEBUG OUTGOING request.full_url: http://localhost:8081/a2_filtered_post.php
[18:24:04.800] [GENERALFUNCTION 90b] DEBUG OUTGOING headers: {'Host': 'localhost:8081', 'User-Agent': 'Mozilla/5.0 (X11; Ubuntu; Linux x86_64; rv:155.0) Gecko/20100101 Firefox/155.0', 'Accept': 'text/html,application/xhtml+xml,application/xml;q=0.9,*/*;q=0.8', 'Accept-Language': 'en-US,en;q=0.9', 'Accept-Encoding': 'gzip, deflate, br, zstd', 'Content-Type': 'application/x-www-form-urlencoded', 'Content-Length': '19', 'Origin': 'http://localhost:8081', 'Connection': 'keep-alive', 'Referer': 'http://localhost:8081/a2_filtered_post.php', 'Cookie': 'PHPSESSID=89cdc0e04f8a7ffd78d8067977376dc9; security=impossible', 'Upgrade-Insecure-Requests': '1', 'Sec-Fetch-Dest': 'document', 'Sec-Fetch-Mode': 'navigate', 'Sec-Fetch-Site': 'same-origin', 'Sec-Fetch-User': '?1', 'Priority': 'u=0, i'}
[18:24:04.800] [GENERALFUNCTION 90b] DEBUG OUTGOING post_data_encoded (truncated): Submit=Submit&id=_1
[18:24:04.800] [GENERALFUNCTION 90b] DEBUG OUTGOING body_param_dict: {'Submit': 'Submit', 'id': '_1'}
[18:24:04.829] [SQLiFuzz 90b] Response status: 200
[18:24:04.829] [SQLiFuzz 90b] Response URL: http://localhost:8081/a2_filtered_post.php
[18:24:04.829] [SQLiFuzz 90b] Was redirected: False
[18:24:04.829] [SQLiFuzz 90b] Getting response: 
<!doctype html>

<html>

<body>

<form method="POST">

  <label>User ID: <input type="text" name="id"></label>

  <input type="submit" name="Submit" value="Submit">

</form>

<pre>INPUT REJECTED</pre>
[18:24:05.830] [SQLAnalysis] Read 1 new lines from SQL log file.
[18:24:05.830] [SQLAnalysis] Appended 1 parsed entries.
[18:24:05.831] [SQLAnalysis 90b] Extracted 715 Logs 2026-10-02 22:24:05.830984: [{'timestamp': '2026-10-02 22:24:04,815146', 'level': 'INFO', 'ip': '172.18.0.5', 'port': 53700, 'sql': 'USE db *#*#OK'}]
[18:24:05.831] [SQLAnalysis 90b] Updated param pairs: {'looked_value': '_1'}
[18:24:05.831] [SQLAnalysis 90b] Looked timestamp 2026-10-02 22:24:04.800791 -- 2026-10-02 22:24:04.824971
[18:24:05.841] [SQLAnalysis 90b] query_array to be checked: ['use', 'db']
[18:24:05.841] [SQLAnalysis 90b] normalized_query_array: ['use', 'db']
[18:24:05.842] [SQLiFuzz 90b] No weird chars exist: POST http://localhost:8081/a2_filtered_post.php | ['[string (False)(None)] Sec-Fetch-Dest=document', '[string (False)(None)] Sec-Fetch-Mode=navigate', '[string (False)(None)] Sec-Fetch-Site=same-origin', '[string (False)(None)] Sec-Fetch-User=?1', '[string (False)(None)] Priority=u=0, i', '[url (False)(None)] path0=a2_filtered_post.php', '[int (False)(None)] id=_1', '[string (False)(None)] Submit=Submit'] | None
[18:24:05.842] [SQLiFuzz 01e] Getting prepared_target_request with ID ecb for test_SQLi iteration 13/70
[18:24:05.842] [SQLiFuzz ecb] chosen_idx: 2 from 8
[18:24:05.843] [HTTPREQUEST ecb] Getting matched paramval from found values: ['?1', '1']
[18:24:05.843] [HTTPREQUEST ecb] Found matched paramval: [string (False)(None)] Sec-Fetch-User=?1
[18:24:05.843] [HTTPREQUEST ecb] Found matched paramval: [int (False)(None)] id=1
[18:24:05.843] [SQLiFuzz ecb] Prioritize to fuzz matched SQL value first: [int (False)(None)] id=1
[18:24:05.843] [SQLiFuzz ecb] Mutation applied. old='1' char='`' strategy='front' new='`1'
[18:24:05.843] [HTTPREQUEST ecb] Update url and body param from paramvals:
[18:24:05.843] [HTTPREQUEST None] New post_data_encoded: Submit=Submit&id=%601
[18:24:05.843] [HTTPREQUEST None] New param encoded: 
[18:24:05.844] [GENERALFUNCTION ecb] ---SENDING THE REQUEST [1790979845-1f36fa8b-b286-4539-964e-f45ecaff1ecb] TO : [POST] http://localhost:8081/a2_filtered_post.php
[18:24:05.847] [GENERALFUNCTION ecb] Post data encoded: Submit=Submit&id=%601
[18:24:05.847] [GENERALFUNCTION ecb] Adjusted Content-Length to 21
[18:24:05.847] [GENERALFUNCTION ecb] Adjusted Origin to http://localhost:8081
[18:24:05.847] [GENERALFUNCTION ecb] Adjusted Referer to http://localhost:8081/a2_filtered_post.php
[18:24:05.847] [GENERALFUNCTION ecb] DEBUG OUTGOING request.full_url: http://localhost:8081/a2_filtered_post.php
[18:24:05.847] [GENERALFUNCTION ecb] DEBUG OUTGOING headers: {'Host': 'localhost:8081', 'User-Agent': 'Mozilla/5.0 (X11; Ubuntu; Linux x86_64; rv:155.0) Gecko/20100101 Firefox/155.0', 'Accept': 'text/html,application/xhtml+xml,application/xml;q=0.9,*/*;q=0.8', 'Accept-Language': 'en-US,en;q=0.9', 'Accept-Encoding': 'gzip, deflate, br, zstd', 'Content-Type': 'application/x-www-form-urlencoded', 'Content-Length': '21', 'Origin': 'http://localhost:8081', 'Connection': 'keep-alive', 'Referer': 'http://localhost:8081/a2_filtered_post.php', 'Cookie': 'PHPSESSID=89cdc0e04f8a7ffd78d8067977376dc9; security=impossible', 'Upgrade-Insecure-Requests': '1', 'Sec-Fetch-Dest': 'document', 'Sec-Fetch-Mode': 'navigate', 'Sec-Fetch-Site': 'same-origin', 'Sec-Fetch-User': '?1', 'Priority': 'u=0, i'}
[18:24:05.848] [GENERALFUNCTION ecb] DEBUG OUTGOING post_data_encoded (truncated): Submit=Submit&id=%601
[18:24:05.848] [GENERALFUNCTION ecb] DEBUG OUTGOING body_param_dict: {'Submit': 'Submit', 'id': '`1'}
[18:24:05.881] [SQLiFuzz ecb] Response status: 200
[18:24:05.881] [SQLiFuzz ecb] Response URL: http://localhost:8081/a2_filtered_post.php
[18:24:05.881] [SQLiFuzz ecb] Was redirected: False
[18:24:05.881] [SQLiFuzz ecb] Getting response: 
<!doctype html>

<html>

<body>

<form method="POST">

  <label>User ID: <input type="text" name="id"></label>

  <input type="submit" name="Submit" value="Submit">

</form>

<pre>INPUT REJECTED</pre>
[18:24:06.882] [SQLAnalysis] Read 1 new lines from SQL log file.
[18:24:06.882] [SQLAnalysis] Appended 1 parsed entries.
[18:24:06.882] [SQLAnalysis ecb] Extracted 716 Logs 2026-10-02 22:24:06.882632: [{'timestamp': '2026-10-02 22:24:05,866455', 'level': 'INFO', 'ip': '172.18.0.5', 'port': 53716, 'sql': 'USE db *#*#OK'}]
[18:24:06.882] [SQLAnalysis ecb] Updated param pairs: {'looked_value': '`1'}
[18:24:06.882] [SQLAnalysis ecb] Looked timestamp 2026-10-02 22:24:05.848291 -- 2026-10-02 22:24:05.876603
[18:24:06.889] [SQLAnalysis ecb] query_array to be checked: ['use', 'db']
[18:24:06.889] [SQLAnalysis ecb] normalized_query_array: ['use', 'db']
[18:24:06.890] [SQLiFuzz ecb] No weird chars exist: POST http://localhost:8081/a2_filtered_post.php | ['[string (False)(None)] Sec-Fetch-Dest=document', '[string (False)(None)] Sec-Fetch-Mode=navigate', '[string (False)(None)] Sec-Fetch-Site=same-origin', '[string (False)(None)] Sec-Fetch-User=?1', '[string (False)(None)] Priority=u=0, i', '[url (False)(None)] path0=a2_filtered_post.php', '[int (False)(None)] id=`1', '[string (False)(None)] Submit=Submit'] | None
[18:24:06.890] [SQLiFuzz 01e] Getting prepared_target_request with ID 35b for test_SQLi iteration 14/70
[18:24:06.890] [SQLiFuzz 35b] chosen_idx: 6 from 8
[18:24:06.890] [HTTPREQUEST 35b] Getting matched paramval from found values: ['?1', '1']
[18:24:06.890] [HTTPREQUEST 35b] Found matched paramval: [string (False)(None)] Sec-Fetch-User=?1
[18:24:06.890] [HTTPREQUEST 35b] Found matched paramval: [int (False)(None)] id=1
[18:24:06.890] [SQLiFuzz 35b] Prioritize to fuzz matched SQL value first: [int (False)(None)] id=1
[18:24:06.890] [SQLiFuzz 35b] Mutation applied. old='1' char='.' strategy='tail' new='1.'
[18:24:06.890] [HTTPREQUEST 35b] Update url and body param from paramvals:
[18:24:06.890] [HTTPREQUEST None] New post_data_encoded: Submit=Submit&id=1.
[18:24:06.891] [HTTPREQUEST None] New param encoded: 
[18:24:06.891] [GENERALFUNCTION 35b] ---SENDING THE REQUEST [1790979846-8f74df89-8263-4fa2-949f-3dac4e9e235b] TO : [POST] http://localhost:8081/a2_filtered_post.php
[18:24:06.891] [GENERALFUNCTION 35b] Post data encoded: Submit=Submit&id=1.
[18:24:06.891] [GENERALFUNCTION 35b] Adjusted Content-Length to 19
[18:24:06.891] [GENERALFUNCTION 35b] Adjusted Origin to http://localhost:8081
[18:24:06.891] [GENERALFUNCTION 35b] Adjusted Referer to http://localhost:8081/a2_filtered_post.php
[18:24:06.891] [GENERALFUNCTION 35b] DEBUG OUTGOING request.full_url: http://localhost:8081/a2_filtered_post.php
[18:24:06.891] [GENERALFUNCTION 35b] DEBUG OUTGOING headers: {'Host': 'localhost:8081', 'User-Agent': 'Mozilla/5.0 (X11; Ubuntu; Linux x86_64; rv:155.0) Gecko/20100101 Firefox/155.0', 'Accept': 'text/html,application/xhtml+xml,application/xml;q=0.9,*/*;q=0.8', 'Accept-Language': 'en-US,en;q=0.9', 'Accept-Encoding': 'gzip, deflate, br, zstd', 'Content-Type': 'application/x-www-form-urlencoded', 'Content-Length': '19', 'Origin': 'http://localhost:8081', 'Connection': 'keep-alive', 'Referer': 'http://localhost:8081/a2_filtered_post.php', 'Cookie': 'PHPSESSID=89cdc0e04f8a7ffd78d8067977376dc9; security=impossible', 'Upgrade-Insecure-Requests': '1', 'Sec-Fetch-Dest': 'document', 'Sec-Fetch-Mode': 'navigate', 'Sec-Fetch-Site': 'same-origin', 'Sec-Fetch-User': '?1', 'Priority': 'u=0, i'}
[18:24:06.892] [GENERALFUNCTION 35b] DEBUG OUTGOING post_data_encoded (truncated): Submit=Submit&id=1.
[18:24:06.892] [GENERALFUNCTION 35b] DEBUG OUTGOING body_param_dict: {'Submit': 'Submit', 'id': '1.'}
[18:24:06.922] [SQLiFuzz 35b] Response status: 200
[18:24:06.922] [SQLiFuzz 35b] Response URL: http://localhost:8081/a2_filtered_post.php
[18:24:06.922] [SQLiFuzz 35b] Was redirected: False
[18:24:06.922] [SQLiFuzz 35b] Getting response: 
<!doctype html>

<html>

<body>

<form method="POST">

  <label>User ID: <input type="text" name="id"></label>

  <input type="submit" name="Submit" value="Submit">

</form>

<pre>INPUT REJECTED</pre>
[18:24:07.923] [SQLAnalysis] Read 1 new lines from SQL log file.
[18:24:07.923] [SQLAnalysis] Appended 1 parsed entries.
[18:24:07.923] [SQLAnalysis 35b] Extracted 717 Logs 2026-10-02 22:24:07.923650: [{'timestamp': '2026-10-02 22:24:06,907157', 'level': 'INFO', 'ip': '172.18.0.5', 'port': 53748, 'sql': 'USE db *#*#OK'}]
[18:24:07.923] [SQLAnalysis 35b] Updated param pairs: {'looked_value': '1.'}
[18:24:07.923] [SQLAnalysis 35b] Looked timestamp 2026-10-02 22:24:06.892330 -- 2026-10-02 22:24:06.918280
[18:24:07.932] [SQLAnalysis 35b] query_array to be checked: ['use', 'db']
[18:24:07.932] [SQLAnalysis 35b] normalized_query_array: ['use', 'db']
[18:24:07.932] [SQLiFuzz 35b] No weird chars exist: POST http://localhost:8081/a2_filtered_post.php | ['[string (False)(None)] Sec-Fetch-Dest=document', '[string (False)(None)] Sec-Fetch-Mode=navigate', '[string (False)(None)] Sec-Fetch-Site=same-origin', '[string (False)(None)] Sec-Fetch-User=?1', '[string (False)(None)] Priority=u=0, i', '[url (False)(None)] path0=a2_filtered_post.php', '[int (False)(None)] id=1.', '[string (False)(None)] Submit=Submit'] | None
[18:24:07.932] [SQLiFuzz 01e] Getting prepared_target_request with ID f98 for test_SQLi iteration 15/70
[18:24:07.932] [SQLiFuzz f98] chosen_idx: 0 from 8
[18:24:07.932] [HTTPREQUEST f98] Getting matched paramval from found values: ['?1', '1']
[18:24:07.933] [HTTPREQUEST f98] Found matched paramval: [string (False)(None)] Sec-Fetch-User=?1
[18:24:07.933] [HTTPREQUEST f98] Found matched paramval: [int (False)(None)] id=1
[18:24:07.933] [SQLiFuzz f98] Prioritize to fuzz matched SQL value first: [int (False)(None)] id=1
[18:24:07.933] [SQLiFuzz f98] Mutation applied. old='1' char='.' strategy='tail' new='1.'
[18:24:07.933] [HTTPREQUEST f98] Update url and body param from paramvals:
[18:24:07.933] [HTTPREQUEST None] New post_data_encoded: Submit=Submit&id=1.
[18:24:07.933] [HTTPREQUEST None] New param encoded: 
[18:24:07.933] [GENERALFUNCTION f98] ---SENDING THE REQUEST [1790979847-45eedb00-d2d2-4455-86e6-412795892f98] TO : [POST] http://localhost:8081/a2_filtered_post.php
[18:24:07.933] [GENERALFUNCTION f98] Post data encoded: Submit=Submit&id=1.
[18:24:07.933] [GENERALFUNCTION f98] Adjusted Content-Length to 19
[18:24:07.933] [GENERALFUNCTION f98] Adjusted Origin to http://localhost:8081
[18:24:07.933] [GENERALFUNCTION f98] Adjusted Referer to http://localhost:8081/a2_filtered_post.php
[18:24:07.933] [GENERALFUNCTION f98] DEBUG OUTGOING request.full_url: http://localhost:8081/a2_filtered_post.php
[18:24:07.934] [GENERALFUNCTION f98] DEBUG OUTGOING headers: {'Host': 'localhost:8081', 'User-Agent': 'Mozilla/5.0 (X11; Ubuntu; Linux x86_64; rv:155.0) Gecko/20100101 Firefox/155.0', 'Accept': 'text/html,application/xhtml+xml,application/xml;q=0.9,*/*;q=0.8', 'Accept-Language': 'en-US,en;q=0.9', 'Accept-Encoding': 'gzip, deflate, br, zstd', 'Content-Type': 'application/x-www-form-urlencoded', 'Content-Length': '19', 'Origin': 'http://localhost:8081', 'Connection': 'keep-alive', 'Referer': 'http://localhost:8081/a2_filtered_post.php', 'Cookie': 'PHPSESSID=89cdc0e04f8a7ffd78d8067977376dc9; security=impossible', 'Upgrade-Insecure-Requests': '1', 'Sec-Fetch-Dest': 'document', 'Sec-Fetch-Mode': 'navigate', 'Sec-Fetch-Site': 'same-origin', 'Sec-Fetch-User': '?1', 'Priority': 'u=0, i'}
[18:24:07.934] [GENERALFUNCTION f98] DEBUG OUTGOING post_data_encoded (truncated): Submit=Submit&id=1.
[18:24:07.934] [GENERALFUNCTION f98] DEBUG OUTGOING body_param_dict: {'Submit': 'Submit', 'id': '1.'}
[18:24:07.963] [SQLiFuzz f98] Response status: 200
[18:24:07.964] [SQLiFuzz f98] Response URL: http://localhost:8081/a2_filtered_post.php
[18:24:07.964] [SQLiFuzz f98] Was redirected: False
[18:24:07.964] [SQLiFuzz f98] Getting response: 
<!doctype html>

<html>

<body>

<form method="POST">

  <label>User ID: <input type="text" name="id"></label>

  <input type="submit" name="Submit" value="Submit">

</form>

<pre>INPUT REJECTED</pre>
[18:24:08.964] [SQLAnalysis] Read 1 new lines from SQL log file.
[18:24:08.965] [SQLAnalysis] Appended 1 parsed entries.
[18:24:08.965] [SQLAnalysis f98] Extracted 718 Logs 2026-10-02 22:24:08.965178: [{'timestamp': '2026-10-02 22:24:07,948253', 'level': 'INFO', 'ip': '172.18.0.5', 'port': 53758, 'sql': 'USE db *#*#OK'}]
[18:24:08.965] [SQLAnalysis f98] Updated param pairs: {'looked_value': '1.'}
[18:24:08.965] [SQLAnalysis f98] Looked timestamp 2026-10-02 22:24:07.934228 -- 2026-10-02 22:24:07.958842
[18:24:08.972] [SQLAnalysis f98] query_array to be checked: ['use', 'db']
[18:24:08.972] [SQLAnalysis f98] normalized_query_array: ['use', 'db']
[18:24:08.972] [SQLiFuzz f98] No weird chars exist: POST http://localhost:8081/a2_filtered_post.php | ['[string (False)(None)] Sec-Fetch-Dest=document', '[string (False)(None)] Sec-Fetch-Mode=navigate', '[string (False)(None)] Sec-Fetch-Site=same-origin', '[string (False)(None)] Sec-Fetch-User=?1', '[string (False)(None)] Priority=u=0, i', '[url (False)(None)] path0=a2_filtered_post.php', '[int (False)(None)] id=1.', '[string (False)(None)] Submit=Submit'] | None
[18:24:08.973] [SQLiFuzz 01e] Getting prepared_target_request with ID 99b for test_SQLi iteration 16/70
[18:24:08.973] [SQLiFuzz 99b] chosen_idx: 7 from 8
[18:24:08.973] [HTTPREQUEST 99b] Getting matched paramval from found values: ['?1', '1']
[18:24:08.973] [HTTPREQUEST 99b] Found matched paramval: [string (False)(None)] Sec-Fetch-User=?1
[18:24:08.973] [HTTPREQUEST 99b] Found matched paramval: [int (False)(None)] id=1
[18:24:08.973] [SQLiFuzz 99b] Prioritize to fuzz matched SQL value first: [int (False)(None)] id=1
[18:24:08.973] [SQLiFuzz 99b] Mutation applied. old='1' char='(' strategy='drop' new='('
[18:24:08.973] [HTTPREQUEST 99b] Update url and body param from paramvals:
[18:24:08.973] [HTTPREQUEST None] New post_data_encoded: Submit=Submit&id=%28
[18:24:08.973] [HTTPREQUEST None] New param encoded: 
[18:24:08.973] [GENERALFUNCTION 99b] ---SENDING THE REQUEST [1790979848-cb3035e0-72ef-44e7-a438-baa09ffed99b] TO : [POST] http://localhost:8081/a2_filtered_post.php
[18:24:08.973] [GENERALFUNCTION 99b] Post data encoded: Submit=Submit&id=%28
[18:24:08.973] [GENERALFUNCTION 99b] Adjusted Content-Length to 20
[18:24:08.973] [GENERALFUNCTION 99b] Adjusted Origin to http://localhost:8081
[18:24:08.974] [GENERALFUNCTION 99b] Adjusted Referer to http://localhost:8081/a2_filtered_post.php
[18:24:08.974] [GENERALFUNCTION 99b] DEBUG OUTGOING request.full_url: http://localhost:8081/a2_filtered_post.php
[18:24:08.974] [GENERALFUNCTION 99b] DEBUG OUTGOING headers: {'Host': 'localhost:8081', 'User-Agent': 'Mozilla/5.0 (X11; Ubuntu; Linux x86_64; rv:155.0) Gecko/20100101 Firefox/155.0', 'Accept': 'text/html,application/xhtml+xml,application/xml;q=0.9,*/*;q=0.8', 'Accept-Language': 'en-US,en;q=0.9', 'Accept-Encoding': 'gzip, deflate, br, zstd', 'Content-Type': 'application/x-www-form-urlencoded', 'Content-Length': '20', 'Origin': 'http://localhost:8081', 'Connection': 'keep-alive', 'Referer': 'http://localhost:8081/a2_filtered_post.php', 'Cookie': 'PHPSESSID=89cdc0e04f8a7ffd78d8067977376dc9; security=impossible', 'Upgrade-Insecure-Requests': '1', 'Sec-Fetch-Dest': 'document', 'Sec-Fetch-Mode': 'navigate', 'Sec-Fetch-Site': 'same-origin', 'Sec-Fetch-User': '?1', 'Priority': 'u=0, i'}
[18:24:08.974] [GENERALFUNCTION 99b] DEBUG OUTGOING post_data_encoded (truncated): Submit=Submit&id=%28
[18:24:08.974] [GENERALFUNCTION 99b] DEBUG OUTGOING body_param_dict: {'Submit': 'Submit', 'id': '('}
[18:24:09.001] [SQLiFuzz 99b] Response status: 200
[18:24:09.001] [SQLiFuzz 99b] Response URL: http://localhost:8081/a2_filtered_post.php
[18:24:09.001] [SQLiFuzz 99b] Was redirected: False
[18:24:09.001] [SQLiFuzz 99b] Getting response: 
<!doctype html>

<html>

<body>

<form method="POST">

  <label>User ID: <input type="text" name="id"></label>

  <input type="submit" name="Submit" value="Submit">

</form>

<pre>INPUT REJECTED</pre>
[18:24:10.002] [SQLAnalysis] Read 1 new lines from SQL log file.
[18:24:10.002] [SQLAnalysis] Appended 1 parsed entries.
[18:24:10.002] [SQLAnalysis 99b] Extracted 719 Logs 2026-10-02 22:24:10.002864: [{'timestamp': '2026-10-02 22:24:08,987045', 'level': 'INFO', 'ip': '172.18.0.5', 'port': 53772, 'sql': 'USE db *#*#OK'}]
[18:24:10.003] [SQLAnalysis 99b] Updated param pairs: {'looked_value': '('}
[18:24:10.003] [SQLAnalysis 99b] Looked timestamp 2026-10-02 22:24:08.974362 -- 2026-10-02 22:24:08.997799
[18:24:10.011] [SQLAnalysis 99b] query_array to be checked: ['use', 'db']
[18:24:10.011] [SQLAnalysis 99b] normalized_query_array: ['use', 'db']
[18:24:10.011] [SQLiFuzz 99b] No weird chars exist: POST http://localhost:8081/a2_filtered_post.php | ['[string (False)(None)] Sec-Fetch-Dest=document', '[string (False)(None)] Sec-Fetch-Mode=navigate', '[string (False)(None)] Sec-Fetch-Site=same-origin', '[string (False)(None)] Sec-Fetch-User=?1', '[string (False)(None)] Priority=u=0, i', '[url (False)(None)] path0=a2_filtered_post.php', '[int (False)(None)] id=(', '[string (False)(None)] Submit=Submit'] | None
[18:24:10.012] [SQLiFuzz 01e] Getting prepared_target_request with ID 740 for test_SQLi iteration 17/70
[18:24:10.012] [SQLiFuzz 740] chosen_idx: 3 from 8
[18:24:10.012] [HTTPREQUEST 740] Getting matched paramval from found values: ['?1', '1']
[18:24:10.012] [HTTPREQUEST 740] Found matched paramval: [string (False)(None)] Sec-Fetch-User=?1
[18:24:10.012] [HTTPREQUEST 740] Found matched paramval: [int (False)(None)] id=1
[18:24:10.012] [SQLiFuzz 740] Prioritize to fuzz matched SQL value first: [int (False)(None)] id=1
[18:24:10.012] [SQLiFuzz 740] Mutation applied. old='1' char='<' strategy='random' new='<1'
[18:24:10.013] [HTTPREQUEST 740] Update url and body param from paramvals:
[18:24:10.013] [HTTPREQUEST None] New post_data_encoded: Submit=Submit&id=%3C1
[18:24:10.013] [HTTPREQUEST None] New param encoded: 
[18:24:10.013] [GENERALFUNCTION 740] ---SENDING THE REQUEST [1790979850-1d419aea-db04-435c-b0f4-f62639ff2740] TO : [POST] http://localhost:8081/a2_filtered_post.php
[18:24:10.013] [GENERALFUNCTION 740] Post data encoded: Submit=Submit&id=%3C1
[18:24:10.013] [GENERALFUNCTION 740] Adjusted Content-Length to 21
[18:24:10.013] [GENERALFUNCTION 740] Adjusted Origin to http://localhost:8081
[18:24:10.013] [GENERALFUNCTION 740] Adjusted Referer to http://localhost:8081/a2_filtered_post.php
[18:24:10.013] [GENERALFUNCTION 740] DEBUG OUTGOING request.full_url: http://localhost:8081/a2_filtered_post.php
[18:24:10.013] [GENERALFUNCTION 740] DEBUG OUTGOING headers: {'Host': 'localhost:8081', 'User-Agent': 'Mozilla/5.0 (X11; Ubuntu; Linux x86_64; rv:155.0) Gecko/20100101 Firefox/155.0', 'Accept': 'text/html,application/xhtml+xml,application/xml;q=0.9,*/*;q=0.8', 'Accept-Language': 'en-US,en;q=0.9', 'Accept-Encoding': 'gzip, deflate, br, zstd', 'Content-Type': 'application/x-www-form-urlencoded', 'Content-Length': '21', 'Origin': 'http://localhost:8081', 'Connection': 'keep-alive', 'Referer': 'http://localhost:8081/a2_filtered_post.php', 'Cookie': 'PHPSESSID=89cdc0e04f8a7ffd78d8067977376dc9; security=impossible', 'Upgrade-Insecure-Requests': '1', 'Sec-Fetch-Dest': 'document', 'Sec-Fetch-Mode': 'navigate', 'Sec-Fetch-Site': 'same-origin', 'Sec-Fetch-User': '?1', 'Priority': 'u=0, i'}
[18:24:10.013] [GENERALFUNCTION 740] DEBUG OUTGOING post_data_encoded (truncated): Submit=Submit&id=%3C1
[18:24:10.013] [GENERALFUNCTION 740] DEBUG OUTGOING body_param_dict: {'Submit': 'Submit', 'id': '<1'}
[18:24:10.045] [SQLiFuzz 740] Response status: 200
[18:24:10.045] [SQLiFuzz 740] Response URL: http://localhost:8081/a2_filtered_post.php
[18:24:10.045] [SQLiFuzz 740] Was redirected: False
[18:24:10.045] [SQLiFuzz 740] Getting response: 
<!doctype html>

<html>

<body>

<form method="POST">

  <label>User ID: <input type="text" name="id"></label>

  <input type="submit" name="Submit" value="Submit">

</form>

<pre>INPUT REJECTED</pre>
[18:24:11.046] [SQLAnalysis] Read 1 new lines from SQL log file.
[18:24:11.046] [SQLAnalysis] Appended 1 parsed entries.
[18:24:11.047] [SQLAnalysis 740] Extracted 720 Logs 2026-10-02 22:24:11.047265: [{'timestamp': '2026-10-02 22:24:10,025932', 'level': 'INFO', 'ip': '172.18.0.5', 'port': 53800, 'sql': 'USE db *#*#OK'}]
[18:24:11.047] [SQLAnalysis 740] Updated param pairs: {'looked_value': '<1'}
[18:24:11.047] [SQLAnalysis 740] Looked timestamp 2026-10-02 22:24:10.013859 -- 2026-10-02 22:24:10.038573
[18:24:11.055] [SQLAnalysis 740] query_array to be checked: ['use', 'db']
[18:24:11.056] [SQLAnalysis 740] normalized_query_array: ['use', 'db']
[18:24:11.056] [SQLiFuzz 740] No weird chars exist: POST http://localhost:8081/a2_filtered_post.php | ['[string (False)(None)] Sec-Fetch-Dest=document', '[string (False)(None)] Sec-Fetch-Mode=navigate', '[string (False)(None)] Sec-Fetch-Site=same-origin', '[string (False)(None)] Sec-Fetch-User=?1', '[string (False)(None)] Priority=u=0, i', '[url (False)(None)] path0=a2_filtered_post.php', '[int (False)(None)] id=<1', '[string (False)(None)] Submit=Submit'] | None
[18:24:11.056] [SQLiFuzz 01e] Getting prepared_target_request with ID 0d6 for test_SQLi iteration 18/70
[18:24:11.056] [SQLiFuzz 0d6] chosen_idx: 5 from 8
[18:24:11.057] [HTTPREQUEST 0d6] Getting matched paramval from found values: ['?1', '1']
[18:24:11.057] [HTTPREQUEST 0d6] Found matched paramval: [string (False)(None)] Sec-Fetch-User=?1
[18:24:11.057] [HTTPREQUEST 0d6] Found matched paramval: [int (False)(None)] id=1
[18:24:11.057] [SQLiFuzz 0d6] Prioritize to fuzz matched SQL value first: [int (False)(None)] id=1
[18:24:11.057] [SQLiFuzz 0d6] Mutation applied. old='1' char='^' strategy='drop' new='^'
[18:24:11.057] [HTTPREQUEST 0d6] Update url and body param from paramvals:
[18:24:11.057] [HTTPREQUEST None] New post_data_encoded: Submit=Submit&id=%5E
[18:24:11.057] [HTTPREQUEST None] New param encoded: 
[18:24:11.058] [GENERALFUNCTION 0d6] ---SENDING THE REQUEST [1790979851-04c2a5aa-577d-4f6b-bd4c-97de13d4e0d6] TO : [POST] http://localhost:8081/a2_filtered_post.php
[18:24:11.058] [GENERALFUNCTION 0d6] Post data encoded: Submit=Submit&id=%5E
[18:24:11.058] [GENERALFUNCTION 0d6] Adjusted Content-Length to 20
[18:24:11.058] [GENERALFUNCTION 0d6] Adjusted Origin to http://localhost:8081
[18:24:11.058] [GENERALFUNCTION 0d6] Adjusted Referer to http://localhost:8081/a2_filtered_post.php
[18:24:11.058] [GENERALFUNCTION 0d6] DEBUG OUTGOING request.full_url: http://localhost:8081/a2_filtered_post.php
[18:24:11.059] [GENERALFUNCTION 0d6] DEBUG OUTGOING headers: {'Host': 'localhost:8081', 'User-Agent': 'Mozilla/5.0 (X11; Ubuntu; Linux x86_64; rv:155.0) Gecko/20100101 Firefox/155.0', 'Accept': 'text/html,application/xhtml+xml,application/xml;q=0.9,*/*;q=0.8', 'Accept-Language': 'en-US,en;q=0.9', 'Accept-Encoding': 'gzip, deflate, br, zstd', 'Content-Type': 'application/x-www-form-urlencoded', 'Content-Length': '20', 'Origin': 'http://localhost:8081', 'Connection': 'keep-alive', 'Referer': 'http://localhost:8081/a2_filtered_post.php', 'Cookie': 'PHPSESSID=89cdc0e04f8a7ffd78d8067977376dc9; security=impossible', 'Upgrade-Insecure-Requests': '1', 'Sec-Fetch-Dest': 'document', 'Sec-Fetch-Mode': 'navigate', 'Sec-Fetch-Site': 'same-origin', 'Sec-Fetch-User': '?1', 'Priority': 'u=0, i'}
[18:24:11.059] [GENERALFUNCTION 0d6] DEBUG OUTGOING post_data_encoded (truncated): Submit=Submit&id=%5E
[18:24:11.059] [GENERALFUNCTION 0d6] DEBUG OUTGOING body_param_dict: {'Submit': 'Submit', 'id': '^'}
[18:24:11.086] [SQLiFuzz 0d6] Response status: 200
[18:24:11.086] [SQLiFuzz 0d6] Response URL: http://localhost:8081/a2_filtered_post.php
[18:24:11.086] [SQLiFuzz 0d6] Was redirected: False
[18:24:11.086] [SQLiFuzz 0d6] Getting response: 
<!doctype html>

<html>

<body>

<form method="POST">

  <label>User ID: <input type="text" name="id"></label>

  <input type="submit" name="Submit" value="Submit">

</form>

<pre>INPUT REJECTED</pre>
[18:24:12.087] [SQLAnalysis] Read 1 new lines from SQL log file.
[18:24:12.087] [SQLAnalysis] Appended 1 parsed entries.
[18:24:12.087] [SQLAnalysis 0d6] Extracted 721 Logs 2026-10-02 22:24:12.087723: [{'timestamp': '2026-10-02 22:24:11,073263', 'level': 'INFO', 'ip': '172.18.0.5', 'port': 53828, 'sql': 'USE db *#*#OK'}]
[18:24:12.087] [SQLAnalysis 0d6] Updated param pairs: {'looked_value': '^'}
[18:24:12.088] [SQLAnalysis 0d6] Looked timestamp 2026-10-02 22:24:11.059656 -- 2026-10-02 22:24:11.082491
[18:24:12.097] [SQLAnalysis 0d6] query_array to be checked: ['use', 'db']
[18:24:12.097] [SQLAnalysis 0d6] normalized_query_array: ['use', 'db']
[18:24:12.097] [SQLiFuzz 0d6] No weird chars exist: POST http://localhost:8081/a2_filtered_post.php | ['[string (False)(None)] Sec-Fetch-Dest=document', '[string (False)(None)] Sec-Fetch-Mode=navigate', '[string (False)(None)] Sec-Fetch-Site=same-origin', '[string (False)(None)] Sec-Fetch-User=?1', '[string (False)(None)] Priority=u=0, i', '[url (False)(None)] path0=a2_filtered_post.php', '[int (False)(None)] id=^', '[string (False)(None)] Submit=Submit'] | None
[18:24:12.098] [SQLiFuzz 01e] Getting prepared_target_request with ID aaf for test_SQLi iteration 19/70
[18:24:12.098] [SQLiFuzz aaf] chosen_idx: 1 from 8
[18:24:12.098] [HTTPREQUEST aaf] Getting matched paramval from found values: ['?1', '1']
[18:24:12.098] [HTTPREQUEST aaf] Found matched paramval: [string (False)(None)] Sec-Fetch-User=?1
[18:24:12.098] [HTTPREQUEST aaf] Found matched paramval: [int (False)(None)] id=1
[18:24:12.098] [SQLiFuzz aaf] Prioritize to fuzz matched SQL value first: [int (False)(None)] id=1
[18:24:12.098] [SQLiFuzz aaf] Mutation applied. old='1' char='$' strategy='random' new='$1'
[18:24:12.098] [HTTPREQUEST aaf] Update url and body param from paramvals:
[18:24:12.098] [HTTPREQUEST None] New post_data_encoded: Submit=Submit&id=%241
[18:24:12.098] [HTTPREQUEST None] New param encoded: 
[18:24:12.098] [GENERALFUNCTION aaf] ---SENDING THE REQUEST [1790979852-cac05eb6-c4f1-4241-a9b0-e719fd006aaf] TO : [POST] http://localhost:8081/a2_filtered_post.php
[18:24:12.098] [GENERALFUNCTION aaf] Post data encoded: Submit=Submit&id=%241
[18:24:12.099] [GENERALFUNCTION aaf] Adjusted Content-Length to 21
[18:24:12.099] [GENERALFUNCTION aaf] Adjusted Origin to http://localhost:8081
[18:24:12.099] [GENERALFUNCTION aaf] Adjusted Referer to http://localhost:8081/a2_filtered_post.php
[18:24:12.099] [GENERALFUNCTION aaf] DEBUG OUTGOING request.full_url: http://localhost:8081/a2_filtered_post.php
[18:24:12.099] [GENERALFUNCTION aaf] DEBUG OUTGOING headers: {'Host': 'localhost:8081', 'User-Agent': 'Mozilla/5.0 (X11; Ubuntu; Linux x86_64; rv:155.0) Gecko/20100101 Firefox/155.0', 'Accept': 'text/html,application/xhtml+xml,application/xml;q=0.9,*/*;q=0.8', 'Accept-Language': 'en-US,en;q=0.9', 'Accept-Encoding': 'gzip, deflate, br, zstd', 'Content-Type': 'application/x-www-form-urlencoded', 'Content-Length': '21', 'Origin': 'http://localhost:8081', 'Connection': 'keep-alive', 'Referer': 'http://localhost:8081/a2_filtered_post.php', 'Cookie': 'PHPSESSID=89cdc0e04f8a7ffd78d8067977376dc9; security=impossible', 'Upgrade-Insecure-Requests': '1', 'Sec-Fetch-Dest': 'document', 'Sec-Fetch-Mode': 'navigate', 'Sec-Fetch-Site': 'same-origin', 'Sec-Fetch-User': '?1', 'Priority': 'u=0, i'}
[18:24:12.099] [GENERALFUNCTION aaf] DEBUG OUTGOING post_data_encoded (truncated): Submit=Submit&id=%241
[18:24:12.099] [GENERALFUNCTION aaf] DEBUG OUTGOING body_param_dict: {'Submit': 'Submit', 'id': '$1'}
[18:24:12.128] [SQLiFuzz aaf] Response status: 200
[18:24:12.129] [SQLiFuzz aaf] Response URL: http://localhost:8081/a2_filtered_post.php
[18:24:12.129] [SQLiFuzz aaf] Was redirected: False
[18:24:12.129] [SQLiFuzz aaf] Getting response: 
<!doctype html>

<html>

<body>

<form method="POST">

  <label>User ID: <input type="text" name="id"></label>

  <input type="submit" name="Submit" value="Submit">

</form>

<pre>INPUT REJECTED</pre>
[18:24:13.129] [SQLAnalysis] Read 1 new lines from SQL log file.
[18:24:13.129] [SQLAnalysis] Appended 1 parsed entries.
[18:24:13.130] [SQLAnalysis aaf] Extracted 722 Logs 2026-10-02 22:24:13.130039: [{'timestamp': '2026-10-02 22:24:12,114494', 'level': 'INFO', 'ip': '172.18.0.5', 'port': 54554, 'sql': 'USE db *#*#OK'}]
[18:24:13.130] [SQLAnalysis aaf] Updated param pairs: {'looked_value': '$1'}
[18:24:13.130] [SQLAnalysis aaf] Looked timestamp 2026-10-02 22:24:12.099669 -- 2026-10-02 22:24:12.124958
[18:24:13.137] [SQLAnalysis aaf] query_array to be checked: ['use', 'db']
[18:24:13.137] [SQLAnalysis aaf] normalized_query_array: ['use', 'db']
[18:24:13.137] [SQLiFuzz aaf] No weird chars exist: POST http://localhost:8081/a2_filtered_post.php | ['[string (False)(None)] Sec-Fetch-Dest=document', '[string (False)(None)] Sec-Fetch-Mode=navigate', '[string (False)(None)] Sec-Fetch-Site=same-origin', '[string (False)(None)] Sec-Fetch-User=?1', '[string (False)(None)] Priority=u=0, i', '[url (False)(None)] path0=a2_filtered_post.php', '[int (False)(None)] id=$1', '[string (False)(None)] Submit=Submit'] | None
[18:24:13.138] [SQLiFuzz 01e] Getting prepared_target_request with ID 3e2 for test_SQLi iteration 20/70
[18:24:13.138] [SQLiFuzz 3e2] chosen_idx: 7 from 8
[18:24:13.138] [HTTPREQUEST 3e2] Getting matched paramval from found values: ['?1', '1']
[18:24:13.138] [HTTPREQUEST 3e2] Found matched paramval: [string (False)(None)] Sec-Fetch-User=?1
[18:24:13.138] [HTTPREQUEST 3e2] Found matched paramval: [int (False)(None)] id=1
[18:24:13.138] [SQLiFuzz 3e2] Prioritize to fuzz matched SQL value first: [int (False)(None)] id=1
[18:24:13.138] [SQLiFuzz 3e2] Mutation applied. old='1' char='[' strategy='tail' new='1['
[18:24:13.138] [HTTPREQUEST 3e2] Update url and body param from paramvals:
[18:24:13.138] [HTTPREQUEST None] New post_data_encoded: Submit=Submit&id=1%5B
[18:24:13.138] [HTTPREQUEST None] New param encoded: 
[18:24:13.139] [GENERALFUNCTION 3e2] ---SENDING THE REQUEST [1790979853-9676c8a8-adb3-4a7f-acf1-b344786813e2] TO : [POST] http://localhost:8081/a2_filtered_post.php
[18:24:13.139] [GENERALFUNCTION 3e2] Post data encoded: Submit=Submit&id=1%5B
[18:24:13.139] [GENERALFUNCTION 3e2] Adjusted Content-Length to 21
[18:24:13.139] [GENERALFUNCTION 3e2] Adjusted Origin to http://localhost:8081
[18:24:13.139] [GENERALFUNCTION 3e2] Adjusted Referer to http://localhost:8081/a2_filtered_post.php
[18:24:13.139] [GENERALFUNCTION 3e2] DEBUG OUTGOING request.full_url: http://localhost:8081/a2_filtered_post.php
[18:24:13.139] [GENERALFUNCTION 3e2] DEBUG OUTGOING headers: {'Host': 'localhost:8081', 'User-Agent': 'Mozilla/5.0 (X11; Ubuntu; Linux x86_64; rv:155.0) Gecko/20100101 Firefox/155.0', 'Accept': 'text/html,application/xhtml+xml,application/xml;q=0.9,*/*;q=0.8', 'Accept-Language': 'en-US,en;q=0.9', 'Accept-Encoding': 'gzip, deflate, br, zstd', 'Content-Type': 'application/x-www-form-urlencoded', 'Content-Length': '21', 'Origin': 'http://localhost:8081', 'Connection': 'keep-alive', 'Referer': 'http://localhost:8081/a2_filtered_post.php', 'Cookie': 'PHPSESSID=89cdc0e04f8a7ffd78d8067977376dc9; security=impossible', 'Upgrade-Insecure-Requests': '1', 'Sec-Fetch-Dest': 'document', 'Sec-Fetch-Mode': 'navigate', 'Sec-Fetch-Site': 'same-origin', 'Sec-Fetch-User': '?1', 'Priority': 'u=0, i'}
[18:24:13.139] [GENERALFUNCTION 3e2] DEBUG OUTGOING post_data_encoded (truncated): Submit=Submit&id=1%5B
[18:24:13.139] [GENERALFUNCTION 3e2] DEBUG OUTGOING body_param_dict: {'Submit': 'Submit', 'id': '1['}
[18:24:13.166] [SQLiFuzz 3e2] Response status: 200
[18:24:13.166] [SQLiFuzz 3e2] Response URL: http://localhost:8081/a2_filtered_post.php
[18:24:13.166] [SQLiFuzz 3e2] Was redirected: False
[18:24:13.166] [SQLiFuzz 3e2] Getting response: 
<!doctype html>

<html>

<body>

<form method="POST">

  <label>User ID: <input type="text" name="id"></label>

  <input type="submit" name="Submit" value="Submit">

</form>

<pre>INPUT REJECTED</pre>
[18:24:14.167] [SQLAnalysis] Read 1 new lines from SQL log file.
[18:24:14.168] [SQLAnalysis] Appended 1 parsed entries.
[18:24:14.168] [SQLAnalysis 3e2] Extracted 723 Logs 2026-10-02 22:24:14.168512: [{'timestamp': '2026-10-02 22:24:13,151970', 'level': 'INFO', 'ip': '172.18.0.5', 'port': 54568, 'sql': 'USE db *#*#OK'}]
[18:24:14.168] [SQLAnalysis 3e2] Updated param pairs: {'looked_value': '1['}
[18:24:14.168] [SQLAnalysis 3e2] Looked timestamp 2026-10-02 22:24:13.139561 -- 2026-10-02 22:24:13.162529
[18:24:14.177] [SQLAnalysis 3e2] query_array to be checked: ['use', 'db']
[18:24:14.177] [SQLAnalysis 3e2] normalized_query_array: ['use', 'db']
[18:24:14.177] [SQLiFuzz 3e2] No weird chars exist: POST http://localhost:8081/a2_filtered_post.php | ['[string (False)(None)] Sec-Fetch-Dest=document', '[string (False)(None)] Sec-Fetch-Mode=navigate', '[string (False)(None)] Sec-Fetch-Site=same-origin', '[string (False)(None)] Sec-Fetch-User=?1', '[string (False)(None)] Priority=u=0, i', '[url (False)(None)] path0=a2_filtered_post.php', '[int (False)(None)] id=1[', '[string (False)(None)] Submit=Submit'] | None
[18:24:14.177] [SQLiFuzz 01e] Getting prepared_target_request with ID b96 for test_SQLi iteration 21/70
[18:24:14.178] [SQLiFuzz b96] chosen_idx: 2 from 8
[18:24:14.178] [HTTPREQUEST b96] Getting matched paramval from found values: ['?1', '1']
[18:24:14.178] [HTTPREQUEST b96] Found matched paramval: [string (False)(None)] Sec-Fetch-User=?1
[18:24:14.178] [HTTPREQUEST b96] Found matched paramval: [int (False)(None)] id=1
[18:24:14.178] [SQLiFuzz b96] Prioritize to fuzz matched SQL value first: [int (False)(None)] id=1
[18:24:14.178] [SQLiFuzz b96] Mutation applied. old='1' char='<' strategy='tail' new='1<'
[18:24:14.178] [HTTPREQUEST b96] Update url and body param from paramvals:
[18:24:14.178] [HTTPREQUEST None] New post_data_encoded: Submit=Submit&id=1%3C
[18:24:14.178] [HTTPREQUEST None] New param encoded: 
[18:24:14.178] [GENERALFUNCTION b96] ---SENDING THE REQUEST [1790979854-a8f349cf-639a-4421-afd3-4cebbc9c8b96] TO : [POST] http://localhost:8081/a2_filtered_post.php
[18:24:14.178] [GENERALFUNCTION b96] Post data encoded: Submit=Submit&id=1%3C
[18:24:14.178] [GENERALFUNCTION b96] Adjusted Content-Length to 21
[18:24:14.178] [GENERALFUNCTION b96] Adjusted Origin to http://localhost:8081
[18:24:14.178] [GENERALFUNCTION b96] Adjusted Referer to http://localhost:8081/a2_filtered_post.php
[18:24:14.178] [GENERALFUNCTION b96] DEBUG OUTGOING request.full_url: http://localhost:8081/a2_filtered_post.php
[18:24:14.178] [GENERALFUNCTION b96] DEBUG OUTGOING headers: {'Host': 'localhost:8081', 'User-Agent': 'Mozilla/5.0 (X11; Ubuntu; Linux x86_64; rv:155.0) Gecko/20100101 Firefox/155.0', 'Accept': 'text/html,application/xhtml+xml,application/xml;q=0.9,*/*;q=0.8', 'Accept-Language': 'en-US,en;q=0.9', 'Accept-Encoding': 'gzip, deflate, br, zstd', 'Content-Type': 'application/x-www-form-urlencoded', 'Content-Length': '21', 'Origin': 'http://localhost:8081', 'Connection': 'keep-alive', 'Referer': 'http://localhost:8081/a2_filtered_post.php', 'Cookie': 'PHPSESSID=89cdc0e04f8a7ffd78d8067977376dc9; security=impossible', 'Upgrade-Insecure-Requests': '1', 'Sec-Fetch-Dest': 'document', 'Sec-Fetch-Mode': 'navigate', 'Sec-Fetch-Site': 'same-origin', 'Sec-Fetch-User': '?1', 'Priority': 'u=0, i'}
[18:24:14.179] [GENERALFUNCTION b96] DEBUG OUTGOING post_data_encoded (truncated): Submit=Submit&id=1%3C
[18:24:14.179] [GENERALFUNCTION b96] DEBUG OUTGOING body_param_dict: {'Submit': 'Submit', 'id': '1<'}
[18:24:14.204] [SQLiFuzz b96] Response status: 200
[18:24:14.205] [SQLiFuzz b96] Response URL: http://localhost:8081/a2_filtered_post.php
[18:24:14.205] [SQLiFuzz b96] Was redirected: False
[18:24:14.205] [SQLiFuzz b96] Getting response: 
<!doctype html>

<html>

<body>

<form method="POST">

  <label>User ID: <input type="text" name="id"></label>

  <input type="submit" name="Submit" value="Submit">

</form>

<pre>INPUT REJECTED</pre>
[18:24:15.206] [SQLAnalysis] Read 1 new lines from SQL log file.
[18:24:15.206] [SQLAnalysis] Appended 1 parsed entries.
[18:24:15.206] [SQLAnalysis b96] Extracted 724 Logs 2026-10-02 22:24:15.206790: [{'timestamp': '2026-10-02 22:24:14,193420', 'level': 'INFO', 'ip': '172.18.0.5', 'port': 54590, 'sql': 'USE db *#*#OK'}]
[18:24:15.207] [SQLAnalysis b96] Updated param pairs: {'looked_value': '1<'}
[18:24:15.207] [SQLAnalysis b96] Looked timestamp 2026-10-02 22:24:14.179175 -- 2026-10-02 22:24:14.201123
[18:24:15.215] [SQLAnalysis b96] query_array to be checked: ['use', 'db']
[18:24:15.215] [SQLAnalysis b96] normalized_query_array: ['use', 'db']
[18:24:15.215] [SQLiFuzz b96] No weird chars exist: POST http://localhost:8081/a2_filtered_post.php | ['[string (False)(None)] Sec-Fetch-Dest=document', '[string (False)(None)] Sec-Fetch-Mode=navigate', '[string (False)(None)] Sec-Fetch-Site=same-origin', '[string (False)(None)] Sec-Fetch-User=?1', '[string (False)(None)] Priority=u=0, i', '[url (False)(None)] path0=a2_filtered_post.php', '[int (False)(None)] id=1<', '[string (False)(None)] Submit=Submit'] | None
[18:24:15.215] [SQLiFuzz 01e] Getting prepared_target_request with ID f9a for test_SQLi iteration 22/70
[18:24:15.215] [SQLiFuzz f9a] chosen_idx: 4 from 8
[18:24:15.216] [HTTPREQUEST f9a] Getting matched paramval from found values: ['?1', '1']
[18:24:15.216] [HTTPREQUEST f9a] Found matched paramval: [string (False)(None)] Sec-Fetch-User=?1
[18:24:15.216] [HTTPREQUEST f9a] Found matched paramval: [int (False)(None)] id=1
[18:24:15.216] [SQLiFuzz f9a] Prioritize to fuzz matched SQL value first: [int (False)(None)] id=1
[18:24:15.216] [SQLiFuzz f9a] Mutation applied. old='1' char='}' strategy='tail' new='1}'
[18:24:15.216] [HTTPREQUEST f9a] Update url and body param from paramvals:
[18:24:15.216] [HTTPREQUEST None] New post_data_encoded: Submit=Submit&id=1%7D
[18:24:15.216] [HTTPREQUEST None] New param encoded: 
[18:24:15.216] [GENERALFUNCTION f9a] ---SENDING THE REQUEST [1790979855-b7a7b936-e7d6-47ef-b18d-a500a2eaef9a] TO : [POST] http://localhost:8081/a2_filtered_post.php
[18:24:15.216] [GENERALFUNCTION f9a] Post data encoded: Submit=Submit&id=1%7D
[18:24:15.216] [GENERALFUNCTION f9a] Adjusted Content-Length to 21
[18:24:15.216] [GENERALFUNCTION f9a] Adjusted Origin to http://localhost:8081
[18:24:15.217] [GENERALFUNCTION f9a] Adjusted Referer to http://localhost:8081/a2_filtered_post.php
[18:24:15.217] [GENERALFUNCTION f9a] DEBUG OUTGOING request.full_url: http://localhost:8081/a2_filtered_post.php
[18:24:15.217] [GENERALFUNCTION f9a] DEBUG OUTGOING headers: {'Host': 'localhost:8081', 'User-Agent': 'Mozilla/5.0 (X11; Ubuntu; Linux x86_64; rv:155.0) Gecko/20100101 Firefox/155.0', 'Accept': 'text/html,application/xhtml+xml,application/xml;q=0.9,*/*;q=0.8', 'Accept-Language': 'en-US,en;q=0.9', 'Accept-Encoding': 'gzip, deflate, br, zstd', 'Content-Type': 'application/x-www-form-urlencoded', 'Content-Length': '21', 'Origin': 'http://localhost:8081', 'Connection': 'keep-alive', 'Referer': 'http://localhost:8081/a2_filtered_post.php', 'Cookie': 'PHPSESSID=89cdc0e04f8a7ffd78d8067977376dc9; security=impossible', 'Upgrade-Insecure-Requests': '1', 'Sec-Fetch-Dest': 'document', 'Sec-Fetch-Mode': 'navigate', 'Sec-Fetch-Site': 'same-origin', 'Sec-Fetch-User': '?1', 'Priority': 'u=0, i'}
[18:24:15.217] [GENERALFUNCTION f9a] DEBUG OUTGOING post_data_encoded (truncated): Submit=Submit&id=1%7D
[18:24:15.217] [GENERALFUNCTION f9a] DEBUG OUTGOING body_param_dict: {'Submit': 'Submit', 'id': '1}'}
[18:24:15.246] [SQLiFuzz f9a] Response status: 200
[18:24:15.246] [SQLiFuzz f9a] Response URL: http://localhost:8081/a2_filtered_post.php
[18:24:15.246] [SQLiFuzz f9a] Was redirected: False
[18:24:15.247] [SQLiFuzz f9a] Getting response: 
<!doctype html>

<html>

<body>

<form method="POST">

  <label>User ID: <input type="text" name="id"></label>

  <input type="submit" name="Submit" value="Submit">

</form>

<pre>INPUT REJECTED</pre>
[18:24:16.248] [SQLAnalysis] Read 1 new lines from SQL log file.
[18:24:16.249] [SQLAnalysis] Appended 1 parsed entries.
[18:24:16.249] [SQLAnalysis f9a] Extracted 725 Logs 2026-10-02 22:24:16.249683: [{'timestamp': '2026-10-02 22:24:15,231436', 'level': 'INFO', 'ip': '172.18.0.5', 'port': 54600, 'sql': 'USE db *#*#OK'}]
[18:24:16.250] [SQLAnalysis f9a] Updated param pairs: {'looked_value': '1}'}
[18:24:16.250] [SQLAnalysis f9a] Looked timestamp 2026-10-02 22:24:15.217383 -- 2026-10-02 22:24:15.242513
[18:24:16.259] [SQLAnalysis f9a] query_array to be checked: ['use', 'db']
[18:24:16.259] [SQLAnalysis f9a] normalized_query_array: ['use', 'db']
[18:24:16.260] [SQLiFuzz f9a] No weird chars exist: POST http://localhost:8081/a2_filtered_post.php | ['[string (False)(None)] Sec-Fetch-Dest=document', '[string (False)(None)] Sec-Fetch-Mode=navigate', '[string (False)(None)] Sec-Fetch-Site=same-origin', '[string (False)(None)] Sec-Fetch-User=?1', '[string (False)(None)] Priority=u=0, i', '[url (False)(None)] path0=a2_filtered_post.php', '[int (False)(None)] id=1}', '[string (False)(None)] Submit=Submit'] | None
[18:24:16.260] [SQLiFuzz 01e] Getting prepared_target_request with ID 108 for test_SQLi iteration 23/70
[18:24:16.260] [SQLiFuzz 108] chosen_idx: 6 from 8
[18:24:16.260] [HTTPREQUEST 108] Getting matched paramval from found values: ['?1', '1']
[18:24:16.260] [HTTPREQUEST 108] Found matched paramval: [string (False)(None)] Sec-Fetch-User=?1
[18:24:16.260] [HTTPREQUEST 108] Found matched paramval: [int (False)(None)] id=1
[18:24:16.260] [SQLiFuzz 108] Prioritize to fuzz matched SQL value first: [int (False)(None)] id=1
[18:24:16.260] [SQLiFuzz 108] Mutation applied. old='1' char=']' strategy='random' new=']1'
[18:24:16.260] [HTTPREQUEST 108] Update url and body param from paramvals:
[18:24:16.261] [HTTPREQUEST None] New post_data_encoded: Submit=Submit&id=%5D1
[18:24:16.261] [HTTPREQUEST None] New param encoded: 
[18:24:16.261] [GENERALFUNCTION 108] ---SENDING THE REQUEST [1790979856-ea9ed00c-6a09-43a7-a2ff-a3f65c377108] TO : [POST] http://localhost:8081/a2_filtered_post.php
[18:24:16.261] [GENERALFUNCTION 108] Post data encoded: Submit=Submit&id=%5D1
[18:24:16.261] [GENERALFUNCTION 108] Adjusted Content-Length to 21
[18:24:16.261] [GENERALFUNCTION 108] Adjusted Origin to http://localhost:8081
[18:24:16.261] [GENERALFUNCTION 108] Adjusted Referer to http://localhost:8081/a2_filtered_post.php
[18:24:16.261] [GENERALFUNCTION 108] DEBUG OUTGOING request.full_url: http://localhost:8081/a2_filtered_post.php
[18:24:16.261] [GENERALFUNCTION 108] DEBUG OUTGOING headers: {'Host': 'localhost:8081', 'User-Agent': 'Mozilla/5.0 (X11; Ubuntu; Linux x86_64; rv:155.0) Gecko/20100101 Firefox/155.0', 'Accept': 'text/html,application/xhtml+xml,application/xml;q=0.9,*/*;q=0.8', 'Accept-Language': 'en-US,en;q=0.9', 'Accept-Encoding': 'gzip, deflate, br, zstd', 'Content-Type': 'application/x-www-form-urlencoded', 'Content-Length': '21', 'Origin': 'http://localhost:8081', 'Connection': 'keep-alive', 'Referer': 'http://localhost:8081/a2_filtered_post.php', 'Cookie': 'PHPSESSID=89cdc0e04f8a7ffd78d8067977376dc9; security=impossible', 'Upgrade-Insecure-Requests': '1', 'Sec-Fetch-Dest': 'document', 'Sec-Fetch-Mode': 'navigate', 'Sec-Fetch-Site': 'same-origin', 'Sec-Fetch-User': '?1', 'Priority': 'u=0, i'}
[18:24:16.261] [GENERALFUNCTION 108] DEBUG OUTGOING post_data_encoded (truncated): Submit=Submit&id=%5D1
[18:24:16.261] [GENERALFUNCTION 108] DEBUG OUTGOING body_param_dict: {'Submit': 'Submit', 'id': ']1'}
[18:24:16.298] [SQLiFuzz 108] Response status: 200
[18:24:16.298] [SQLiFuzz 108] Response URL: http://localhost:8081/a2_filtered_post.php
[18:24:16.298] [SQLiFuzz 108] Was redirected: False
[18:24:16.298] [SQLiFuzz 108] Getting response: 
<!doctype html>

<html>

<body>

<form method="POST">

  <label>User ID: <input type="text" name="id"></label>

  <input type="submit" name="Submit" value="Submit">

</form>

<pre>INPUT REJECTED</pre>
[18:24:17.299] [SQLAnalysis] Read 1 new lines from SQL log file.
[18:24:17.300] [SQLAnalysis] Appended 1 parsed entries.
[18:24:17.300] [SQLAnalysis 108] Extracted 726 Logs 2026-10-02 22:24:17.300676: [{'timestamp': '2026-10-02 22:24:16,277598', 'level': 'INFO', 'ip': '172.18.0.5', 'port': 54626, 'sql': 'USE db *#*#OK'}]
[18:24:17.301] [SQLAnalysis 108] Updated param pairs: {'looked_value': ']1'}
[18:24:17.301] [SQLAnalysis 108] Looked timestamp 2026-10-02 22:24:16.261830 -- 2026-10-02 22:24:16.293008
[18:24:17.310] [SQLAnalysis 108] query_array to be checked: ['use', 'db']
[18:24:17.310] [SQLAnalysis 108] normalized_query_array: ['use', 'db']
[18:24:17.311] [SQLiFuzz 108] No weird chars exist: POST http://localhost:8081/a2_filtered_post.php | ['[string (False)(None)] Sec-Fetch-Dest=document', '[string (False)(None)] Sec-Fetch-Mode=navigate', '[string (False)(None)] Sec-Fetch-Site=same-origin', '[string (False)(None)] Sec-Fetch-User=?1', '[string (False)(None)] Priority=u=0, i', '[url (False)(None)] path0=a2_filtered_post.php', '[int (False)(None)] id=]1', '[string (False)(None)] Submit=Submit'] | None
[18:24:17.311] [SQLiFuzz 01e] Getting prepared_target_request with ID e0e for test_SQLi iteration 24/70
[18:24:17.311] [SQLiFuzz e0e] chosen_idx: 1 from 8
[18:24:17.311] [HTTPREQUEST e0e] Getting matched paramval from found values: ['?1', '1']
[18:24:17.311] [HTTPREQUEST e0e] Found matched paramval: [string (False)(None)] Sec-Fetch-User=?1
[18:24:17.312] [HTTPREQUEST e0e] Found matched paramval: [int (False)(None)] id=1
[18:24:17.312] [SQLiFuzz e0e] Prioritize to fuzz matched SQL value first: [int (False)(None)] id=1
[18:24:17.312] [SQLiFuzz e0e] Mutation applied. old='1' char='.' strategy='front' new='.1'
[18:24:17.312] [HTTPREQUEST e0e] Update url and body param from paramvals:
[18:24:17.312] [HTTPREQUEST None] New post_data_encoded: Submit=Submit&id=.1
[18:24:17.312] [HTTPREQUEST None] New param encoded: 
[18:24:17.313] [GENERALFUNCTION e0e] ---SENDING THE REQUEST [1790979857-4a04360a-2678-420b-8e8b-6edde30a1e0e] TO : [POST] http://localhost:8081/a2_filtered_post.php
[18:24:17.313] [GENERALFUNCTION e0e] Post data encoded: Submit=Submit&id=.1
[18:24:17.313] [GENERALFUNCTION e0e] Adjusted Content-Length to 19
[18:24:17.313] [GENERALFUNCTION e0e] Adjusted Origin to http://localhost:8081
[18:24:17.313] [GENERALFUNCTION e0e] Adjusted Referer to http://localhost:8081/a2_filtered_post.php
[18:24:17.313] [GENERALFUNCTION e0e] DEBUG OUTGOING request.full_url: http://localhost:8081/a2_filtered_post.php
[18:24:17.314] [GENERALFUNCTION e0e] DEBUG OUTGOING headers: {'Host': 'localhost:8081', 'User-Agent': 'Mozilla/5.0 (X11; Ubuntu; Linux x86_64; rv:155.0) Gecko/20100101 Firefox/155.0', 'Accept': 'text/html,application/xhtml+xml,application/xml;q=0.9,*/*;q=0.8', 'Accept-Language': 'en-US,en;q=0.9', 'Accept-Encoding': 'gzip, deflate, br, zstd', 'Content-Type': 'application/x-www-form-urlencoded', 'Content-Length': '19', 'Origin': 'http://localhost:8081', 'Connection': 'keep-alive', 'Referer': 'http://localhost:8081/a2_filtered_post.php', 'Cookie': 'PHPSESSID=89cdc0e04f8a7ffd78d8067977376dc9; security=impossible', 'Upgrade-Insecure-Requests': '1', 'Sec-Fetch-Dest': 'document', 'Sec-Fetch-Mode': 'navigate', 'Sec-Fetch-Site': 'same-origin', 'Sec-Fetch-User': '?1', 'Priority': 'u=0, i'}
[18:24:17.314] [GENERALFUNCTION e0e] DEBUG OUTGOING post_data_encoded (truncated): Submit=Submit&id=.1
[18:24:17.314] [GENERALFUNCTION e0e] DEBUG OUTGOING body_param_dict: {'Submit': 'Submit', 'id': '.1'}
[18:24:17.344] [SQLiFuzz e0e] Response status: 200
[18:24:17.344] [SQLiFuzz e0e] Response URL: http://localhost:8081/a2_filtered_post.php
[18:24:17.344] [SQLiFuzz e0e] Was redirected: False
[18:24:17.344] [SQLiFuzz e0e] Getting response: 
<!doctype html>

<html>

<body>

<form method="POST">

  <label>User ID: <input type="text" name="id"></label>

  <input type="submit" name="Submit" value="Submit">

</form>

<pre>INPUT REJECTED</pre>
[18:24:18.345] [SQLAnalysis] Read 1 new lines from SQL log file.
[18:24:18.345] [SQLAnalysis] Appended 1 parsed entries.
[18:24:18.346] [SQLAnalysis e0e] Extracted 727 Logs 2026-10-02 22:24:18.346119: [{'timestamp': '2026-10-02 22:24:17,330332', 'level': 'INFO', 'ip': '172.18.0.5', 'port': 54646, 'sql': 'USE db *#*#OK'}]
[18:24:18.346] [SQLAnalysis e0e] Updated param pairs: {'looked_value': '.1'}
[18:24:18.346] [SQLAnalysis e0e] Looked timestamp 2026-10-02 22:24:17.314670 -- 2026-10-02 22:24:17.340096
[18:24:18.356] [SQLAnalysis e0e] query_array to be checked: ['use', 'db']
[18:24:18.356] [SQLAnalysis e0e] normalized_query_array: ['use', 'db']
[18:24:18.356] [SQLiFuzz e0e] No weird chars exist: POST http://localhost:8081/a2_filtered_post.php | ['[string (False)(None)] Sec-Fetch-Dest=document', '[string (False)(None)] Sec-Fetch-Mode=navigate', '[string (False)(None)] Sec-Fetch-Site=same-origin', '[string (False)(None)] Sec-Fetch-User=?1', '[string (False)(None)] Priority=u=0, i', '[url (False)(None)] path0=a2_filtered_post.php', '[int (False)(None)] id=.1', '[string (False)(None)] Submit=Submit'] | None
[18:24:18.357] [SQLiFuzz 01e] Getting prepared_target_request with ID 094 for test_SQLi iteration 25/70
[18:24:18.357] [SQLiFuzz 094] chosen_idx: 0 from 8
[18:24:18.357] [HTTPREQUEST 094] Getting matched paramval from found values: ['?1', '1']
[18:24:18.357] [HTTPREQUEST 094] Found matched paramval: [string (False)(None)] Sec-Fetch-User=?1
[18:24:18.357] [HTTPREQUEST 094] Found matched paramval: [int (False)(None)] id=1
[18:24:18.358] [SQLiFuzz 094] Prioritize to fuzz matched SQL value first: [int (False)(None)] id=1
[18:24:18.358] [SQLiFuzz 094] Mutation applied. old='1' char='_' strategy='random' new='_1'
[18:24:18.358] [HTTPREQUEST 094] Update url and body param from paramvals:
[18:24:18.358] [HTTPREQUEST None] New post_data_encoded: Submit=Submit&id=_1
[18:24:18.358] [HTTPREQUEST None] New param encoded: 
[18:24:18.358] [GENERALFUNCTION 094] ---SENDING THE REQUEST [1790979858-2d776f78-8b04-417f-8265-439067762094] TO : [POST] http://localhost:8081/a2_filtered_post.php
[18:24:18.358] [GENERALFUNCTION 094] Post data encoded: Submit=Submit&id=_1
[18:24:18.358] [GENERALFUNCTION 094] Adjusted Content-Length to 19
[18:24:18.358] [GENERALFUNCTION 094] Adjusted Origin to http://localhost:8081
[18:24:18.358] [GENERALFUNCTION 094] Adjusted Referer to http://localhost:8081/a2_filtered_post.php
[18:24:18.358] [GENERALFUNCTION 094] DEBUG OUTGOING request.full_url: http://localhost:8081/a2_filtered_post.php
[18:24:18.358] [GENERALFUNCTION 094] DEBUG OUTGOING headers: {'Host': 'localhost:8081', 'User-Agent': 'Mozilla/5.0 (X11; Ubuntu; Linux x86_64; rv:155.0) Gecko/20100101 Firefox/155.0', 'Accept': 'text/html,application/xhtml+xml,application/xml;q=0.9,*/*;q=0.8', 'Accept-Language': 'en-US,en;q=0.9', 'Accept-Encoding': 'gzip, deflate, br, zstd', 'Content-Type': 'application/x-www-form-urlencoded', 'Content-Length': '19', 'Origin': 'http://localhost:8081', 'Connection': 'keep-alive', 'Referer': 'http://localhost:8081/a2_filtered_post.php', 'Cookie': 'PHPSESSID=89cdc0e04f8a7ffd78d8067977376dc9; security=impossible', 'Upgrade-Insecure-Requests': '1', 'Sec-Fetch-Dest': 'document', 'Sec-Fetch-Mode': 'navigate', 'Sec-Fetch-Site': 'same-origin', 'Sec-Fetch-User': '?1', 'Priority': 'u=0, i'}
[18:24:18.358] [GENERALFUNCTION 094] DEBUG OUTGOING post_data_encoded (truncated): Submit=Submit&id=_1
[18:24:18.358] [GENERALFUNCTION 094] DEBUG OUTGOING body_param_dict: {'Submit': 'Submit', 'id': '_1'}
[18:24:18.380] [SQLiFuzz 094] Response status: 200
[18:24:18.381] [SQLiFuzz 094] Response URL: http://localhost:8081/a2_filtered_post.php
[18:24:18.381] [SQLiFuzz 094] Was redirected: False
[18:24:18.381] [SQLiFuzz 094] Getting response: 
<!doctype html>

<html>

<body>

<form method="POST">

  <label>User ID: <input type="text" name="id"></label>

  <input type="submit" name="Submit" value="Submit">

</form>

<pre>INPUT REJECTED</pre>
[18:24:19.381] [SQLAnalysis] Read 1 new lines from SQL log file.
[18:24:19.381] [SQLAnalysis] Appended 1 parsed entries.
[18:24:19.382] [SQLAnalysis 094] Extracted 728 Logs 2026-10-02 22:24:19.382073: [{'timestamp': '2026-10-02 22:24:18,370582', 'level': 'INFO', 'ip': '172.18.0.5', 'port': 54666, 'sql': 'USE db *#*#OK'}]
[18:24:19.382] [SQLAnalysis 094] Updated param pairs: {'looked_value': '_1'}
[18:24:19.382] [SQLAnalysis 094] Looked timestamp 2026-10-02 22:24:18.359056 -- 2026-10-02 22:24:18.377641
[18:24:19.389] [SQLAnalysis 094] query_array to be checked: ['use', 'db']
[18:24:19.389] [SQLAnalysis 094] normalized_query_array: ['use', 'db']
[18:24:19.389] [SQLiFuzz 094] No weird chars exist: POST http://localhost:8081/a2_filtered_post.php | ['[string (False)(None)] Sec-Fetch-Dest=document', '[string (False)(None)] Sec-Fetch-Mode=navigate', '[string (False)(None)] Sec-Fetch-Site=same-origin', '[string (False)(None)] Sec-Fetch-User=?1', '[string (False)(None)] Priority=u=0, i', '[url (False)(None)] path0=a2_filtered_post.php', '[int (False)(None)] id=_1', '[string (False)(None)] Submit=Submit'] | None
[18:24:19.390] [SQLiFuzz 01e] Getting prepared_target_request with ID eff for test_SQLi iteration 26/70
[18:24:19.390] [SQLiFuzz eff] chosen_idx: 1 from 8
[18:24:19.390] [HTTPREQUEST eff] Getting matched paramval from found values: ['?1', '1']
[18:24:19.390] [HTTPREQUEST eff] Found matched paramval: [string (False)(None)] Sec-Fetch-User=?1
[18:24:19.390] [HTTPREQUEST eff] Found matched paramval: [int (False)(None)] id=1
[18:24:19.390] [SQLiFuzz eff] Prioritize to fuzz matched SQL value first: [int (False)(None)] id=1
[18:24:19.390] [SQLiFuzz eff] Mutation applied. old='1' char='^' strategy='tail' new='1^'
[18:24:19.390] [HTTPREQUEST eff] Update url and body param from paramvals:
[18:24:19.391] [HTTPREQUEST None] New post_data_encoded: Submit=Submit&id=1%5E
[18:24:19.391] [HTTPREQUEST None] New param encoded: 
[18:24:19.391] [GENERALFUNCTION eff] ---SENDING THE REQUEST [1790979859-32aaa4ca-299a-4608-ba2d-f7aa76b8ceff] TO : [POST] http://localhost:8081/a2_filtered_post.php
[18:24:19.391] [GENERALFUNCTION eff] Post data encoded: Submit=Submit&id=1%5E
[18:24:19.391] [GENERALFUNCTION eff] Adjusted Content-Length to 21
[18:24:19.391] [GENERALFUNCTION eff] Adjusted Origin to http://localhost:8081
[18:24:19.391] [GENERALFUNCTION eff] Adjusted Referer to http://localhost:8081/a2_filtered_post.php
[18:24:19.391] [GENERALFUNCTION eff] DEBUG OUTGOING request.full_url: http://localhost:8081/a2_filtered_post.php
[18:24:19.391] [GENERALFUNCTION eff] DEBUG OUTGOING headers: {'Host': 'localhost:8081', 'User-Agent': 'Mozilla/5.0 (X11; Ubuntu; Linux x86_64; rv:155.0) Gecko/20100101 Firefox/155.0', 'Accept': 'text/html,application/xhtml+xml,application/xml;q=0.9,*/*;q=0.8', 'Accept-Language': 'en-US,en;q=0.9', 'Accept-Encoding': 'gzip, deflate, br, zstd', 'Content-Type': 'application/x-www-form-urlencoded', 'Content-Length': '21', 'Origin': 'http://localhost:8081', 'Connection': 'keep-alive', 'Referer': 'http://localhost:8081/a2_filtered_post.php', 'Cookie': 'PHPSESSID=89cdc0e04f8a7ffd78d8067977376dc9; security=impossible', 'Upgrade-Insecure-Requests': '1', 'Sec-Fetch-Dest': 'document', 'Sec-Fetch-Mode': 'navigate', 'Sec-Fetch-Site': 'same-origin', 'Sec-Fetch-User': '?1', 'Priority': 'u=0, i'}
[18:24:19.391] [GENERALFUNCTION eff] DEBUG OUTGOING post_data_encoded (truncated): Submit=Submit&id=1%5E
[18:24:19.391] [GENERALFUNCTION eff] DEBUG OUTGOING body_param_dict: {'Submit': 'Submit', 'id': '1^'}
[18:24:19.416] [SQLiFuzz eff] Response status: 200
[18:24:19.416] [SQLiFuzz eff] Response URL: http://localhost:8081/a2_filtered_post.php
[18:24:19.416] [SQLiFuzz eff] Was redirected: False
[18:24:19.416] [SQLiFuzz eff] Getting response: 
<!doctype html>

<html>

<body>

<form method="POST">

  <label>User ID: <input type="text" name="id"></label>

  <input type="submit" name="Submit" value="Submit">

</form>

<pre>INPUT REJECTED</pre>
[18:24:20.417] [SQLAnalysis] Read 1 new lines from SQL log file.
[18:24:20.417] [SQLAnalysis] Appended 1 parsed entries.
[18:24:20.417] [SQLAnalysis eff] Extracted 729 Logs 2026-10-02 22:24:20.417712: [{'timestamp': '2026-10-02 22:24:19,404779', 'level': 'INFO', 'ip': '172.18.0.5', 'port': 54690, 'sql': 'USE db *#*#OK'}]
[18:24:20.417] [SQLAnalysis eff] Updated param pairs: {'looked_value': '1^'}
[18:24:20.418] [SQLAnalysis eff] Looked timestamp 2026-10-02 22:24:19.391835 -- 2026-10-02 22:24:19.412318
[18:24:20.425] [SQLAnalysis eff] query_array to be checked: ['use', 'db']
[18:24:20.426] [SQLAnalysis eff] normalized_query_array: ['use', 'db']
[18:24:20.426] [SQLiFuzz eff] No weird chars exist: POST http://localhost:8081/a2_filtered_post.php | ['[string (False)(None)] Sec-Fetch-Dest=document', '[string (False)(None)] Sec-Fetch-Mode=navigate', '[string (False)(None)] Sec-Fetch-Site=same-origin', '[string (False)(None)] Sec-Fetch-User=?1', '[string (False)(None)] Priority=u=0, i', '[url (False)(None)] path0=a2_filtered_post.php', '[int (False)(None)] id=1^', '[string (False)(None)] Submit=Submit'] | None
[18:24:20.426] [SQLiFuzz 01e] Getting prepared_target_request with ID 840 for test_SQLi iteration 27/70
[18:24:20.426] [SQLiFuzz 840] chosen_idx: 1 from 8
[18:24:20.426] [HTTPREQUEST 840] Getting matched paramval from found values: ['?1', '1']
[18:24:20.426] [HTTPREQUEST 840] Found matched paramval: [string (False)(None)] Sec-Fetch-User=?1
[18:24:20.426] [HTTPREQUEST 840] Found matched paramval: [int (False)(None)] id=1
[18:24:20.426] [SQLiFuzz 840] Prioritize to fuzz matched SQL value first: [int (False)(None)] id=1
[18:24:20.426] [SQLiFuzz 840] Mutation applied. old='1' char='`' strategy='random' new='1`'
[18:24:20.427] [HTTPREQUEST 840] Update url and body param from paramvals:
[18:24:20.427] [HTTPREQUEST None] New post_data_encoded: Submit=Submit&id=1%60
[18:24:20.427] [HTTPREQUEST None] New param encoded: 
[18:24:20.427] [GENERALFUNCTION 840] ---SENDING THE REQUEST [1790979860-52b5a219-251c-46b4-81c7-2067ccb3c840] TO : [POST] http://localhost:8081/a2_filtered_post.php
[18:24:20.427] [GENERALFUNCTION 840] Post data encoded: Submit=Submit&id=1%60
[18:24:20.427] [GENERALFUNCTION 840] Adjusted Content-Length to 21
[18:24:20.427] [GENERALFUNCTION 840] Adjusted Origin to http://localhost:8081
[18:24:20.428] [GENERALFUNCTION 840] Adjusted Referer to http://localhost:8081/a2_filtered_post.php
[18:24:20.428] [GENERALFUNCTION 840] DEBUG OUTGOING request.full_url: http://localhost:8081/a2_filtered_post.php
[18:24:20.428] [GENERALFUNCTION 840] DEBUG OUTGOING headers: {'Host': 'localhost:8081', 'User-Agent': 'Mozilla/5.0 (X11; Ubuntu; Linux x86_64; rv:155.0) Gecko/20100101 Firefox/155.0', 'Accept': 'text/html,application/xhtml+xml,application/xml;q=0.9,*/*;q=0.8', 'Accept-Language': 'en-US,en;q=0.9', 'Accept-Encoding': 'gzip, deflate, br, zstd', 'Content-Type': 'application/x-www-form-urlencoded', 'Content-Length': '21', 'Origin': 'http://localhost:8081', 'Connection': 'keep-alive', 'Referer': 'http://localhost:8081/a2_filtered_post.php', 'Cookie': 'PHPSESSID=89cdc0e04f8a7ffd78d8067977376dc9; security=impossible', 'Upgrade-Insecure-Requests': '1', 'Sec-Fetch-Dest': 'document', 'Sec-Fetch-Mode': 'navigate', 'Sec-Fetch-Site': 'same-origin', 'Sec-Fetch-User': '?1', 'Priority': 'u=0, i'}
[18:24:20.428] [GENERALFUNCTION 840] DEBUG OUTGOING post_data_encoded (truncated): Submit=Submit&id=1%60
[18:24:20.428] [GENERALFUNCTION 840] DEBUG OUTGOING body_param_dict: {'Submit': 'Submit', 'id': '1`'}
[18:24:20.452] [SQLiFuzz 840] Response status: 200
[18:24:20.452] [SQLiFuzz 840] Response URL: http://localhost:8081/a2_filtered_post.php
[18:24:20.452] [SQLiFuzz 840] Was redirected: False
[18:24:20.452] [SQLiFuzz 840] Getting response: 
<!doctype html>

<html>

<body>

<form method="POST">

  <label>User ID: <input type="text" name="id"></label>

  <input type="submit" name="Submit" value="Submit">

</form>

<pre>INPUT REJECTED</pre>
[18:24:21.453] [SQLAnalysis] Read 1 new lines from SQL log file.
[18:24:21.453] [SQLAnalysis] Appended 1 parsed entries.
[18:24:21.454] [SQLAnalysis 840] Extracted 730 Logs 2026-10-02 22:24:21.454169: [{'timestamp': '2026-10-02 22:24:20,439797', 'level': 'INFO', 'ip': '172.18.0.5', 'port': 54696, 'sql': 'USE db *#*#OK'}]
[18:24:21.454] [SQLAnalysis 840] Updated param pairs: {'looked_value': '1`'}
[18:24:21.454] [SQLAnalysis 840] Looked timestamp 2026-10-02 22:24:20.428391 -- 2026-10-02 22:24:20.448379
[18:24:21.464] [SQLAnalysis 840] query_array to be checked: ['use', 'db']
[18:24:21.464] [SQLAnalysis 840] normalized_query_array: ['use', 'db']
[18:24:21.464] [SQLiFuzz 840] No weird chars exist: POST http://localhost:8081/a2_filtered_post.php | ['[string (False)(None)] Sec-Fetch-Dest=document', '[string (False)(None)] Sec-Fetch-Mode=navigate', '[string (False)(None)] Sec-Fetch-Site=same-origin', '[string (False)(None)] Sec-Fetch-User=?1', '[string (False)(None)] Priority=u=0, i', '[url (False)(None)] path0=a2_filtered_post.php', '[int (False)(None)] id=1`', '[string (False)(None)] Submit=Submit'] | None
[18:24:21.465] [SQLiFuzz 01e] Getting prepared_target_request with ID 1a4 for test_SQLi iteration 28/70
[18:24:21.465] [SQLiFuzz 1a4] chosen_idx: 0 from 8
[18:24:21.465] [HTTPREQUEST 1a4] Getting matched paramval from found values: ['?1', '1']
[18:24:21.465] [HTTPREQUEST 1a4] Found matched paramval: [string (False)(None)] Sec-Fetch-User=?1
[18:24:21.465] [HTTPREQUEST 1a4] Found matched paramval: [int (False)(None)] id=1
[18:24:21.465] [SQLiFuzz 1a4] Prioritize to fuzz matched SQL value first: [int (False)(None)] id=1
[18:24:21.465] [SQLiFuzz 1a4] Mutation applied. old='1' char='$' strategy='tail' new='1$'
[18:24:21.466] [HTTPREQUEST 1a4] Update url and body param from paramvals:
[18:24:21.466] [HTTPREQUEST None] New post_data_encoded: Submit=Submit&id=1%24
[18:24:21.466] [HTTPREQUEST None] New param encoded: 
[18:24:21.466] [GENERALFUNCTION 1a4] ---SENDING THE REQUEST [1790979861-0464d8a3-47ed-4ec0-a464-31f3fdc5c1a4] TO : [POST] http://localhost:8081/a2_filtered_post.php
[18:24:21.466] [GENERALFUNCTION 1a4] Post data encoded: Submit=Submit&id=1%24
[18:24:21.466] [GENERALFUNCTION 1a4] Adjusted Content-Length to 21
[18:24:21.466] [GENERALFUNCTION 1a4] Adjusted Origin to http://localhost:8081
[18:24:21.466] [GENERALFUNCTION 1a4] Adjusted Referer to http://localhost:8081/a2_filtered_post.php
[18:24:21.466] [GENERALFUNCTION 1a4] DEBUG OUTGOING request.full_url: http://localhost:8081/a2_filtered_post.php
[18:24:21.466] [GENERALFUNCTION 1a4] DEBUG OUTGOING headers: {'Host': 'localhost:8081', 'User-Agent': 'Mozilla/5.0 (X11; Ubuntu; Linux x86_64; rv:155.0) Gecko/20100101 Firefox/155.0', 'Accept': 'text/html,application/xhtml+xml,application/xml;q=0.9,*/*;q=0.8', 'Accept-Language': 'en-US,en;q=0.9', 'Accept-Encoding': 'gzip, deflate, br, zstd', 'Content-Type': 'application/x-www-form-urlencoded', 'Content-Length': '21', 'Origin': 'http://localhost:8081', 'Connection': 'keep-alive', 'Referer': 'http://localhost:8081/a2_filtered_post.php', 'Cookie': 'PHPSESSID=89cdc0e04f8a7ffd78d8067977376dc9; security=impossible', 'Upgrade-Insecure-Requests': '1', 'Sec-Fetch-Dest': 'document', 'Sec-Fetch-Mode': 'navigate', 'Sec-Fetch-Site': 'same-origin', 'Sec-Fetch-User': '?1', 'Priority': 'u=0, i'}
[18:24:21.466] [GENERALFUNCTION 1a4] DEBUG OUTGOING post_data_encoded (truncated): Submit=Submit&id=1%24
[18:24:21.466] [GENERALFUNCTION 1a4] DEBUG OUTGOING body_param_dict: {'Submit': 'Submit', 'id': '1$'}
[18:24:21.496] [SQLiFuzz 1a4] Response status: 200
[18:24:21.496] [SQLiFuzz 1a4] Response URL: http://localhost:8081/a2_filtered_post.php
[18:24:21.496] [SQLiFuzz 1a4] Was redirected: False
[18:24:21.496] [SQLiFuzz 1a4] Getting response: 
<!doctype html>

<html>

<body>

<form method="POST">

  <label>User ID: <input type="text" name="id"></label>

  <input type="submit" name="Submit" value="Submit">

</form>

<pre>INPUT REJECTED</pre>
[18:24:22.497] [SQLAnalysis] Read 1 new lines from SQL log file.
[18:24:22.497] [SQLAnalysis] Appended 1 parsed entries.
[18:24:22.497] [SQLAnalysis 1a4] Extracted 731 Logs 2026-10-02 22:24:22.497543: [{'timestamp': '2026-10-02 22:24:21,481548', 'level': 'INFO', 'ip': '172.18.0.5', 'port': 54714, 'sql': 'USE db *#*#OK'}]
[18:24:22.497] [SQLAnalysis 1a4] Updated param pairs: {'looked_value': '1$'}
[18:24:22.497] [SQLAnalysis 1a4] Looked timestamp 2026-10-02 22:24:21.466955 -- 2026-10-02 22:24:21.491561
[18:24:22.505] [SQLAnalysis 1a4] query_array to be checked: ['use', 'db']
[18:24:22.505] [SQLAnalysis 1a4] normalized_query_array: ['use', 'db']
[18:24:22.505] [SQLiFuzz 1a4] No weird chars exist: POST http://localhost:8081/a2_filtered_post.php | ['[string (False)(None)] Sec-Fetch-Dest=document', '[string (False)(None)] Sec-Fetch-Mode=navigate', '[string (False)(None)] Sec-Fetch-Site=same-origin', '[string (False)(None)] Sec-Fetch-User=?1', '[string (False)(None)] Priority=u=0, i', '[url (False)(None)] path0=a2_filtered_post.php', '[int (False)(None)] id=1$', '[string (False)(None)] Submit=Submit'] | None
[18:24:22.505] [SQLiFuzz 01e] Getting prepared_target_request with ID a96 for test_SQLi iteration 29/70
[18:24:22.506] [SQLiFuzz a96] chosen_idx: 7 from 8
[18:24:22.506] [HTTPREQUEST a96] Getting matched paramval from found values: ['?1', '1']
[18:24:22.506] [HTTPREQUEST a96] Found matched paramval: [string (False)(None)] Sec-Fetch-User=?1
[18:24:22.506] [HTTPREQUEST a96] Found matched paramval: [int (False)(None)] id=1
[18:24:22.506] [SQLiFuzz a96] Prioritize to fuzz matched SQL value first: [int (False)(None)] id=1
[18:24:22.506] [SQLiFuzz a96] Mutation applied. old='1' char='`' strategy='tail' new='1`'
[18:24:22.506] [HTTPREQUEST a96] Update url and body param from paramvals:
[18:24:22.506] [HTTPREQUEST None] New post_data_encoded: Submit=Submit&id=1%60
[18:24:22.506] [HTTPREQUEST None] New param encoded: 
[18:24:22.506] [GENERALFUNCTION a96] ---SENDING THE REQUEST [1790979862-4be2baa9-92d9-4a13-aa7e-bca3cbedfa96] TO : [POST] http://localhost:8081/a2_filtered_post.php
[18:24:22.506] [GENERALFUNCTION a96] Post data encoded: Submit=Submit&id=1%60
[18:24:22.506] [GENERALFUNCTION a96] Adjusted Content-Length to 21
[18:24:22.506] [GENERALFUNCTION a96] Adjusted Origin to http://localhost:8081
[18:24:22.506] [GENERALFUNCTION a96] Adjusted Referer to http://localhost:8081/a2_filtered_post.php
[18:24:22.507] [GENERALFUNCTION a96] DEBUG OUTGOING request.full_url: http://localhost:8081/a2_filtered_post.php
[18:24:22.507] [GENERALFUNCTION a96] DEBUG OUTGOING headers: {'Host': 'localhost:8081', 'User-Agent': 'Mozilla/5.0 (X11; Ubuntu; Linux x86_64; rv:155.0) Gecko/20100101 Firefox/155.0', 'Accept': 'text/html,application/xhtml+xml,application/xml;q=0.9,*/*;q=0.8', 'Accept-Language': 'en-US,en;q=0.9', 'Accept-Encoding': 'gzip, deflate, br, zstd', 'Content-Type': 'application/x-www-form-urlencoded', 'Content-Length': '21', 'Origin': 'http://localhost:8081', 'Connection': 'keep-alive', 'Referer': 'http://localhost:8081/a2_filtered_post.php', 'Cookie': 'PHPSESSID=89cdc0e04f8a7ffd78d8067977376dc9; security=impossible', 'Upgrade-Insecure-Requests': '1', 'Sec-Fetch-Dest': 'document', 'Sec-Fetch-Mode': 'navigate', 'Sec-Fetch-Site': 'same-origin', 'Sec-Fetch-User': '?1', 'Priority': 'u=0, i'}
[18:24:22.507] [GENERALFUNCTION a96] DEBUG OUTGOING post_data_encoded (truncated): Submit=Submit&id=1%60
[18:24:22.507] [GENERALFUNCTION a96] DEBUG OUTGOING body_param_dict: {'Submit': 'Submit', 'id': '1`'}
[18:24:22.531] [SQLiFuzz a96] Response status: 200
[18:24:22.531] [SQLiFuzz a96] Response URL: http://localhost:8081/a2_filtered_post.php
[18:24:22.532] [SQLiFuzz a96] Was redirected: False
[18:24:22.532] [SQLiFuzz a96] Getting response: 
<!doctype html>

<html>

<body>

<form method="POST">

  <label>User ID: <input type="text" name="id"></label>

  <input type="submit" name="Submit" value="Submit">

</form>

<pre>INPUT REJECTED</pre>
[18:24:23.533] [SQLAnalysis] Read 1 new lines from SQL log file.
[18:24:23.534] [SQLAnalysis] Appended 1 parsed entries.
[18:24:23.534] [SQLAnalysis a96] Extracted 732 Logs 2026-10-02 22:24:23.534468: [{'timestamp': '2026-10-02 22:24:22,518637', 'level': 'INFO', 'ip': '172.18.0.5', 'port': 46464, 'sql': 'USE db *#*#OK'}]
[18:24:23.535] [SQLAnalysis a96] Updated param pairs: {'looked_value': '1`'}
[18:24:23.535] [SQLAnalysis a96] Looked timestamp 2026-10-02 22:24:22.507351 -- 2026-10-02 22:24:22.527927
[18:24:23.546] [SQLAnalysis a96] query_array to be checked: ['use', 'db']
[18:24:23.546] [SQLAnalysis a96] normalized_query_array: ['use', 'db']
[18:24:23.546] [SQLiFuzz a96] No weird chars exist: POST http://localhost:8081/a2_filtered_post.php | ['[string (False)(None)] Sec-Fetch-Dest=document', '[string (False)(None)] Sec-Fetch-Mode=navigate', '[string (False)(None)] Sec-Fetch-Site=same-origin', '[string (False)(None)] Sec-Fetch-User=?1', '[string (False)(None)] Priority=u=0, i', '[url (False)(None)] path0=a2_filtered_post.php', '[int (False)(None)] id=1`', '[string (False)(None)] Submit=Submit'] | None
[18:24:23.546] [SQLiFuzz 01e] Getting prepared_target_request with ID f9e for test_SQLi iteration 30/70
[18:24:23.546] [SQLiFuzz f9e] chosen_idx: 3 from 8
[18:24:23.546] [HTTPREQUEST f9e] Getting matched paramval from found values: ['?1', '1']
[18:24:23.547] [HTTPREQUEST f9e] Found matched paramval: [string (False)(None)] Sec-Fetch-User=?1
[18:24:23.547] [HTTPREQUEST f9e] Found matched paramval: [int (False)(None)] id=1
[18:24:23.547] [SQLiFuzz f9e] Prioritize to fuzz matched SQL value first: [int (False)(None)] id=1
[18:24:23.547] [SQLiFuzz f9e] Mutation applied. old='1' char='%' strategy='drop' new='%'
[18:24:23.547] [HTTPREQUEST f9e] Update url and body param from paramvals:
[18:24:23.547] [HTTPREQUEST None] New post_data_encoded: Submit=Submit&id=%25
[18:24:23.547] [HTTPREQUEST None] New param encoded: 
[18:24:23.548] [GENERALFUNCTION f9e] ---SENDING THE REQUEST [1790979863-8ef0c4ff-1bd9-495e-9f28-17f1a91a4f9e] TO : [POST] http://localhost:8081/a2_filtered_post.php
[18:24:23.548] [GENERALFUNCTION f9e] Post data encoded: Submit=Submit&id=%25
[18:24:23.548] [GENERALFUNCTION f9e] Adjusted Content-Length to 20
[18:24:23.548] [GENERALFUNCTION f9e] Adjusted Origin to http://localhost:8081
[18:24:23.548] [GENERALFUNCTION f9e] Adjusted Referer to http://localhost:8081/a2_filtered_post.php
[18:24:23.548] [GENERALFUNCTION f9e] DEBUG OUTGOING request.full_url: http://localhost:8081/a2_filtered_post.php
[18:24:23.548] [GENERALFUNCTION f9e] DEBUG OUTGOING headers: {'Host': 'localhost:8081', 'User-Agent': 'Mozilla/5.0 (X11; Ubuntu; Linux x86_64; rv:155.0) Gecko/20100101 Firefox/155.0', 'Accept': 'text/html,application/xhtml+xml,application/xml;q=0.9,*/*;q=0.8', 'Accept-Language': 'en-US,en;q=0.9', 'Accept-Encoding': 'gzip, deflate, br, zstd', 'Content-Type': 'application/x-www-form-urlencoded', 'Content-Length': '20', 'Origin': 'http://localhost:8081', 'Connection': 'keep-alive', 'Referer': 'http://localhost:8081/a2_filtered_post.php', 'Cookie': 'PHPSESSID=89cdc0e04f8a7ffd78d8067977376dc9; security=impossible', 'Upgrade-Insecure-Requests': '1', 'Sec-Fetch-Dest': 'document', 'Sec-Fetch-Mode': 'navigate', 'Sec-Fetch-Site': 'same-origin', 'Sec-Fetch-User': '?1', 'Priority': 'u=0, i'}
[18:24:23.548] [GENERALFUNCTION f9e] DEBUG OUTGOING post_data_encoded (truncated): Submit=Submit&id=%25
[18:24:23.548] [GENERALFUNCTION f9e] DEBUG OUTGOING body_param_dict: {'Submit': 'Submit', 'id': '%'}
[18:24:23.579] [SQLiFuzz f9e] Response status: 200
[18:24:23.579] [SQLiFuzz f9e] Response URL: http://localhost:8081/a2_filtered_post.php
[18:24:23.579] [SQLiFuzz f9e] Was redirected: False
[18:24:23.579] [SQLiFuzz f9e] Getting response: 
<!doctype html>

<html>

<body>

<form method="POST">

  <label>User ID: <input type="text" name="id"></label>

  <input type="submit" name="Submit" value="Submit">

</form>

<pre>INPUT REJECTED</pre>
[18:24:24.580] [SQLAnalysis] Read 1 new lines from SQL log file.
[18:24:24.580] [SQLAnalysis] Appended 1 parsed entries.
[18:24:24.580] [SQLAnalysis f9e] Extracted 733 Logs 2026-10-02 22:24:24.580885: [{'timestamp': '2026-10-02 22:24:23,565039', 'level': 'INFO', 'ip': '172.18.0.5', 'port': 46482, 'sql': 'USE db *#*#OK'}]
[18:24:24.581] [SQLAnalysis f9e] Updated param pairs: {'looked_value': '%'}
[18:24:24.581] [SQLAnalysis f9e] Looked timestamp 2026-10-02 22:24:23.548677 -- 2026-10-02 22:24:23.575008
[18:24:24.588] [SQLAnalysis f9e] query_array to be checked: ['use', 'db']
[18:24:24.588] [SQLAnalysis f9e] normalized_query_array: ['use', 'db']
[18:24:24.588] [SQLiFuzz f9e] No weird chars exist: POST http://localhost:8081/a2_filtered_post.php | ['[string (False)(None)] Sec-Fetch-Dest=document', '[string (False)(None)] Sec-Fetch-Mode=navigate', '[string (False)(None)] Sec-Fetch-Site=same-origin', '[string (False)(None)] Sec-Fetch-User=?1', '[string (False)(None)] Priority=u=0, i', '[url (False)(None)] path0=a2_filtered_post.php', '[int (False)(None)] id=%', '[string (False)(None)] Submit=Submit'] | None
[18:24:24.589] [SQLiFuzz 01e] Getting prepared_target_request with ID 220 for test_SQLi iteration 31/70
[18:24:24.589] [SQLiFuzz 220] chosen_idx: 0 from 8
[18:24:24.589] [HTTPREQUEST 220] Getting matched paramval from found values: ['?1', '1']
[18:24:24.589] [HTTPREQUEST 220] Found matched paramval: [string (False)(None)] Sec-Fetch-User=?1
[18:24:24.589] [HTTPREQUEST 220] Found matched paramval: [int (False)(None)] id=1
[18:24:24.589] [SQLiFuzz 220] Prioritize to fuzz matched SQL value first: [int (False)(None)] id=1
[18:24:24.589] [SQLiFuzz 220] Mutation applied. old='1' char='>' strategy='drop' new='>'
[18:24:24.589] [HTTPREQUEST 220] Update url and body param from paramvals:
[18:24:24.589] [HTTPREQUEST None] New post_data_encoded: Submit=Submit&id=%3E
[18:24:24.589] [HTTPREQUEST None] New param encoded: 
[18:24:24.589] [GENERALFUNCTION 220] ---SENDING THE REQUEST [1790979864-d3952bbc-5c0f-444b-b9a2-19e8a6ef1220] TO : [POST] http://localhost:8081/a2_filtered_post.php
[18:24:24.590] [GENERALFUNCTION 220] Post data encoded: Submit=Submit&id=%3E
[18:24:24.590] [GENERALFUNCTION 220] Adjusted Content-Length to 20
[18:24:24.590] [GENERALFUNCTION 220] Adjusted Origin to http://localhost:8081
[18:24:24.590] [GENERALFUNCTION 220] Adjusted Referer to http://localhost:8081/a2_filtered_post.php
[18:24:24.590] [GENERALFUNCTION 220] DEBUG OUTGOING request.full_url: http://localhost:8081/a2_filtered_post.php
[18:24:24.590] [GENERALFUNCTION 220] DEBUG OUTGOING headers: {'Host': 'localhost:8081', 'User-Agent': 'Mozilla/5.0 (X11; Ubuntu; Linux x86_64; rv:155.0) Gecko/20100101 Firefox/155.0', 'Accept': 'text/html,application/xhtml+xml,application/xml;q=0.9,*/*;q=0.8', 'Accept-Language': 'en-US,en;q=0.9', 'Accept-Encoding': 'gzip, deflate, br, zstd', 'Content-Type': 'application/x-www-form-urlencoded', 'Content-Length': '20', 'Origin': 'http://localhost:8081', 'Connection': 'keep-alive', 'Referer': 'http://localhost:8081/a2_filtered_post.php', 'Cookie': 'PHPSESSID=89cdc0e04f8a7ffd78d8067977376dc9; security=impossible', 'Upgrade-Insecure-Requests': '1', 'Sec-Fetch-Dest': 'document', 'Sec-Fetch-Mode': 'navigate', 'Sec-Fetch-Site': 'same-origin', 'Sec-Fetch-User': '?1', 'Priority': 'u=0, i'}
[18:24:24.590] [GENERALFUNCTION 220] DEBUG OUTGOING post_data_encoded (truncated): Submit=Submit&id=%3E
[18:24:24.590] [GENERALFUNCTION 220] DEBUG OUTGOING body_param_dict: {'Submit': 'Submit', 'id': '>'}
[18:24:24.616] [SQLiFuzz 220] Response status: 200
[18:24:24.616] [SQLiFuzz 220] Response URL: http://localhost:8081/a2_filtered_post.php
[18:24:24.616] [SQLiFuzz 220] Was redirected: False
[18:24:24.616] [SQLiFuzz 220] Getting response: 
<!doctype html>

<html>

<body>

<form method="POST">

  <label>User ID: <input type="text" name="id"></label>

  <input type="submit" name="Submit" value="Submit">

</form>

<pre>INPUT REJECTED</pre>
[18:24:25.617] [SQLAnalysis] Read 1 new lines from SQL log file.
[18:24:25.618] [SQLAnalysis] Appended 1 parsed entries.
[18:24:25.618] [SQLAnalysis 220] Extracted 734 Logs 2026-10-02 22:24:25.618463: [{'timestamp': '2026-10-02 22:24:24,602894', 'level': 'INFO', 'ip': '172.18.0.5', 'port': 46500, 'sql': 'USE db *#*#OK'}]
[18:24:25.618] [SQLAnalysis 220] Updated param pairs: {'looked_value': '>'}
[18:24:25.618] [SQLAnalysis 220] Looked timestamp 2026-10-02 22:24:24.590666 -- 2026-10-02 22:24:24.611711
[18:24:25.628] [SQLAnalysis 220] query_array to be checked: ['use', 'db']
[18:24:25.628] [SQLAnalysis 220] normalized_query_array: ['use', 'db']
[18:24:25.628] [SQLiFuzz 220] No weird chars exist: POST http://localhost:8081/a2_filtered_post.php | ['[string (False)(None)] Sec-Fetch-Dest=document', '[string (False)(None)] Sec-Fetch-Mode=navigate', '[string (False)(None)] Sec-Fetch-Site=same-origin', '[string (False)(None)] Sec-Fetch-User=?1', '[string (False)(None)] Priority=u=0, i', '[url (False)(None)] path0=a2_filtered_post.php', '[int (False)(None)] id=>', '[string (False)(None)] Submit=Submit'] | None
[18:24:25.628] [SQLiFuzz 01e] Getting prepared_target_request with ID 98b for test_SQLi iteration 32/70
[18:24:25.628] [SQLiFuzz 98b] chosen_idx: 2 from 8
[18:24:25.628] [HTTPREQUEST 98b] Getting matched paramval from found values: ['?1', '1']
[18:24:25.629] [HTTPREQUEST 98b] Found matched paramval: [string (False)(None)] Sec-Fetch-User=?1
[18:24:25.629] [HTTPREQUEST 98b] Found matched paramval: [int (False)(None)] id=1
[18:24:25.629] [SQLiFuzz 98b] Prioritize to fuzz matched SQL value first: [int (False)(None)] id=1
[18:24:25.629] [SQLiFuzz 98b] Mutation applied. old='1' char='"' strategy='drop' new='"'
[18:24:25.629] [HTTPREQUEST 98b] Update url and body param from paramvals:
[18:24:25.629] [HTTPREQUEST None] New post_data_encoded: Submit=Submit&id=%22
[18:24:25.629] [HTTPREQUEST None] New param encoded: 
[18:24:25.629] [GENERALFUNCTION 98b] ---SENDING THE REQUEST [1790979865-8d90575f-f339-4cbf-be2b-e080cbbbd98b] TO : [POST] http://localhost:8081/a2_filtered_post.php
[18:24:25.629] [GENERALFUNCTION 98b] Post data encoded: Submit=Submit&id=%22
[18:24:25.629] [GENERALFUNCTION 98b] Adjusted Content-Length to 20
[18:24:25.629] [GENERALFUNCTION 98b] Adjusted Origin to http://localhost:8081
[18:24:25.630] [GENERALFUNCTION 98b] Adjusted Referer to http://localhost:8081/a2_filtered_post.php
[18:24:25.630] [GENERALFUNCTION 98b] DEBUG OUTGOING request.full_url: http://localhost:8081/a2_filtered_post.php
[18:24:25.630] [GENERALFUNCTION 98b] DEBUG OUTGOING headers: {'Host': 'localhost:8081', 'User-Agent': 'Mozilla/5.0 (X11; Ubuntu; Linux x86_64; rv:155.0) Gecko/20100101 Firefox/155.0', 'Accept': 'text/html,application/xhtml+xml,application/xml;q=0.9,*/*;q=0.8', 'Accept-Language': 'en-US,en;q=0.9', 'Accept-Encoding': 'gzip, deflate, br, zstd', 'Content-Type': 'application/x-www-form-urlencoded', 'Content-Length': '20', 'Origin': 'http://localhost:8081', 'Connection': 'keep-alive', 'Referer': 'http://localhost:8081/a2_filtered_post.php', 'Cookie': 'PHPSESSID=89cdc0e04f8a7ffd78d8067977376dc9; security=impossible', 'Upgrade-Insecure-Requests': '1', 'Sec-Fetch-Dest': 'document', 'Sec-Fetch-Mode': 'navigate', 'Sec-Fetch-Site': 'same-origin', 'Sec-Fetch-User': '?1', 'Priority': 'u=0, i'}
[18:24:25.630] [GENERALFUNCTION 98b] DEBUG OUTGOING post_data_encoded (truncated): Submit=Submit&id=%22
[18:24:25.630] [GENERALFUNCTION 98b] DEBUG OUTGOING body_param_dict: {'Submit': 'Submit', 'id': '"'}
[18:24:25.663] [SQLiFuzz 98b] Response status: 200
[18:24:25.663] [SQLiFuzz 98b] Response URL: http://localhost:8081/a2_filtered_post.php
[18:24:25.663] [SQLiFuzz 98b] Was redirected: False
[18:24:25.663] [SQLiFuzz 98b] Getting response: 
<!doctype html>

<html>

<body>

<form method="POST">

  <label>User ID: <input type="text" name="id"></label>

  <input type="submit" name="Submit" value="Submit">

</form>

<pre>INPUT REJECTED</pre>
[18:24:26.664] [SQLAnalysis] Read 1 new lines from SQL log file.
[18:24:26.664] [SQLAnalysis] Appended 1 parsed entries.
[18:24:26.665] [SQLAnalysis 98b] Extracted 735 Logs 2026-10-02 22:24:26.665045: [{'timestamp': '2026-10-02 22:24:25,647021', 'level': 'INFO', 'ip': '172.18.0.5', 'port': 46510, 'sql': 'USE db *#*#OK'}]
[18:24:26.665] [SQLAnalysis 98b] Updated param pairs: {'looked_value': '"'}
[18:24:26.665] [SQLAnalysis 98b] Looked timestamp 2026-10-02 22:24:25.630377 -- 2026-10-02 22:24:25.658683
[18:24:26.672] [SQLAnalysis 98b] query_array to be checked: ['use', 'db']
[18:24:26.672] [SQLAnalysis 98b] normalized_query_array: ['use', 'db']
[18:24:26.672] [SQLiFuzz 98b] No weird chars exist: POST http://localhost:8081/a2_filtered_post.php | ['[string (False)(None)] Sec-Fetch-Dest=document', '[string (False)(None)] Sec-Fetch-Mode=navigate', '[string (False)(None)] Sec-Fetch-Site=same-origin', '[string (False)(None)] Sec-Fetch-User=?1', '[string (False)(None)] Priority=u=0, i', '[url (False)(None)] path0=a2_filtered_post.php', '[int (False)(None)] id="', '[string (False)(None)] Submit=Submit'] | None
[18:24:26.673] [SQLiFuzz 01e] Getting prepared_target_request with ID 566 for test_SQLi iteration 33/70
[18:24:26.673] [SQLiFuzz 566] chosen_idx: 4 from 8
[18:24:26.673] [HTTPREQUEST 566] Getting matched paramval from found values: ['?1', '1']
[18:24:26.673] [HTTPREQUEST 566] Found matched paramval: [string (False)(None)] Sec-Fetch-User=?1
[18:24:26.673] [HTTPREQUEST 566] Found matched paramval: [int (False)(None)] id=1
[18:24:26.673] [SQLiFuzz 566] Prioritize to fuzz matched SQL value first: [int (False)(None)] id=1
[18:24:26.673] [SQLiFuzz 566] Mutation applied. old='1' char='.' strategy='tail' new='1.'
[18:24:26.673] [HTTPREQUEST 566] Update url and body param from paramvals:
[18:24:26.673] [HTTPREQUEST None] New post_data_encoded: Submit=Submit&id=1.
[18:24:26.674] [HTTPREQUEST None] New param encoded: 
[18:24:26.674] [GENERALFUNCTION 566] ---SENDING THE REQUEST [1790979866-95f5f30a-aac5-4974-9642-45791c1b5566] TO : [POST] http://localhost:8081/a2_filtered_post.php
[18:24:26.674] [GENERALFUNCTION 566] Post data encoded: Submit=Submit&id=1.
[18:24:26.674] [GENERALFUNCTION 566] Adjusted Content-Length to 19
[18:24:26.674] [GENERALFUNCTION 566] Adjusted Origin to http://localhost:8081
[18:24:26.674] [GENERALFUNCTION 566] Adjusted Referer to http://localhost:8081/a2_filtered_post.php
[18:24:26.674] [GENERALFUNCTION 566] DEBUG OUTGOING request.full_url: http://localhost:8081/a2_filtered_post.php
[18:24:26.674] [GENERALFUNCTION 566] DEBUG OUTGOING headers: {'Host': 'localhost:8081', 'User-Agent': 'Mozilla/5.0 (X11; Ubuntu; Linux x86_64; rv:155.0) Gecko/20100101 Firefox/155.0', 'Accept': 'text/html,application/xhtml+xml,application/xml;q=0.9,*/*;q=0.8', 'Accept-Language': 'en-US,en;q=0.9', 'Accept-Encoding': 'gzip, deflate, br, zstd', 'Content-Type': 'application/x-www-form-urlencoded', 'Content-Length': '19', 'Origin': 'http://localhost:8081', 'Connection': 'keep-alive', 'Referer': 'http://localhost:8081/a2_filtered_post.php', 'Cookie': 'PHPSESSID=89cdc0e04f8a7ffd78d8067977376dc9; security=impossible', 'Upgrade-Insecure-Requests': '1', 'Sec-Fetch-Dest': 'document', 'Sec-Fetch-Mode': 'navigate', 'Sec-Fetch-Site': 'same-origin', 'Sec-Fetch-User': '?1', 'Priority': 'u=0, i'}
[18:24:26.674] [GENERALFUNCTION 566] DEBUG OUTGOING post_data_encoded (truncated): Submit=Submit&id=1.
[18:24:26.674] [GENERALFUNCTION 566] DEBUG OUTGOING body_param_dict: {'Submit': 'Submit', 'id': '1.'}
[18:24:26.701] [SQLiFuzz 566] Response status: 200
[18:24:26.701] [SQLiFuzz 566] Response URL: http://localhost:8081/a2_filtered_post.php
[18:24:26.701] [SQLiFuzz 566] Was redirected: False
[18:24:26.701] [SQLiFuzz 566] Getting response: 
<!doctype html>

<html>

<body>

<form method="POST">

  <label>User ID: <input type="text" name="id"></label>

  <input type="submit" name="Submit" value="Submit">

</form>

<pre>INPUT REJECTED</pre>
[18:24:27.702] [SQLAnalysis] Read 1 new lines from SQL log file.
[18:24:27.703] [SQLAnalysis] Appended 1 parsed entries.
[18:24:27.704] [SQLAnalysis 566] Extracted 736 Logs 2026-10-02 22:24:27.704036: [{'timestamp': '2026-10-02 22:24:26,686864', 'level': 'INFO', 'ip': '172.18.0.5', 'port': 46516, 'sql': 'USE db *#*#OK'}]
[18:24:27.704] [SQLAnalysis 566] Updated param pairs: {'looked_value': '1.'}
[18:24:27.704] [SQLAnalysis 566] Looked timestamp 2026-10-02 22:24:26.674687 -- 2026-10-02 22:24:26.696849
[18:24:27.713] [SQLAnalysis 566] query_array to be checked: ['use', 'db']
[18:24:27.713] [SQLAnalysis 566] normalized_query_array: ['use', 'db']
[18:24:27.713] [SQLiFuzz 566] No weird chars exist: POST http://localhost:8081/a2_filtered_post.php | ['[string (False)(None)] Sec-Fetch-Dest=document', '[string (False)(None)] Sec-Fetch-Mode=navigate', '[string (False)(None)] Sec-Fetch-Site=same-origin', '[string (False)(None)] Sec-Fetch-User=?1', '[string (False)(None)] Priority=u=0, i', '[url (False)(None)] path0=a2_filtered_post.php', '[int (False)(None)] id=1.', '[string (False)(None)] Submit=Submit'] | None
[18:24:27.713] [SQLiFuzz 01e] Getting prepared_target_request with ID 747 for test_SQLi iteration 34/70
[18:24:27.713] [SQLiFuzz 747] chosen_idx: 1 from 8
[18:24:27.713] [HTTPREQUEST 747] Getting matched paramval from found values: ['?1', '1']
[18:24:27.713] [HTTPREQUEST 747] Found matched paramval: [string (False)(None)] Sec-Fetch-User=?1
[18:24:27.714] [HTTPREQUEST 747] Found matched paramval: [int (False)(None)] id=1
[18:24:27.714] [SQLiFuzz 747] Prioritize to fuzz matched SQL value first: [int (False)(None)] id=1
[18:24:27.714] [SQLiFuzz 747] Mutation applied. old='1' char='@' strategy='random' new='1@'
[18:24:27.714] [HTTPREQUEST 747] Update url and body param from paramvals:
[18:24:27.714] [HTTPREQUEST None] New post_data_encoded: Submit=Submit&id=1%40
[18:24:27.714] [HTTPREQUEST None] New param encoded: 
[18:24:27.714] [GENERALFUNCTION 747] ---SENDING THE REQUEST [1790979867-f7091d01-da23-4876-9dcd-d863a3633747] TO : [POST] http://localhost:8081/a2_filtered_post.php
[18:24:27.714] [GENERALFUNCTION 747] Post data encoded: Submit=Submit&id=1%40
[18:24:27.715] [GENERALFUNCTION 747] Adjusted Content-Length to 21
[18:24:27.715] [GENERALFUNCTION 747] Adjusted Origin to http://localhost:8081
[18:24:27.715] [GENERALFUNCTION 747] Adjusted Referer to http://localhost:8081/a2_filtered_post.php
[18:24:27.715] [GENERALFUNCTION 747] DEBUG OUTGOING request.full_url: http://localhost:8081/a2_filtered_post.php
[18:24:27.715] [GENERALFUNCTION 747] DEBUG OUTGOING headers: {'Host': 'localhost:8081', 'User-Agent': 'Mozilla/5.0 (X11; Ubuntu; Linux x86_64; rv:155.0) Gecko/20100101 Firefox/155.0', 'Accept': 'text/html,application/xhtml+xml,application/xml;q=0.9,*/*;q=0.8', 'Accept-Language': 'en-US,en;q=0.9', 'Accept-Encoding': 'gzip, deflate, br, zstd', 'Content-Type': 'application/x-www-form-urlencoded', 'Content-Length': '21', 'Origin': 'http://localhost:8081', 'Connection': 'keep-alive', 'Referer': 'http://localhost:8081/a2_filtered_post.php', 'Cookie': 'PHPSESSID=89cdc0e04f8a7ffd78d8067977376dc9; security=impossible', 'Upgrade-Insecure-Requests': '1', 'Sec-Fetch-Dest': 'document', 'Sec-Fetch-Mode': 'navigate', 'Sec-Fetch-Site': 'same-origin', 'Sec-Fetch-User': '?1', 'Priority': 'u=0, i'}
[18:24:27.715] [GENERALFUNCTION 747] DEBUG OUTGOING post_data_encoded (truncated): Submit=Submit&id=1%40
[18:24:27.715] [GENERALFUNCTION 747] DEBUG OUTGOING body_param_dict: {'Submit': 'Submit', 'id': '1@'}
[18:24:27.722] [HOOK] Idle monitor: 1 pending tasks, 1 active tasks, idle 1s
[18:24:27.722] [HOOK] Number response: 2 | Memory usage (MB): 86.61328125 PID: 58764
[18:24:27.722] [STATS] {'total_req': 2, 'sql_req': 1, 'null_req': 0, 'not_sql_req': 1, 'sql_injection_detected': 0, 'another_sql_error_detected': 0, 'sql_req_not_detected': 0, 'error_req': 0, 'fuzzed_req': 33, 'processing_time_total': 0.9150960000000001, 'processing_time_ave': 0.02773018181818182, 'running_time': 'Not finished yet', 200: 2}
[18:24:27.750] [SQLiFuzz 747] Response status: 200
[18:24:27.750] [SQLiFuzz 747] Response URL: http://localhost:8081/a2_filtered_post.php
[18:24:27.750] [SQLiFuzz 747] Was redirected: False
[18:24:27.750] [SQLiFuzz 747] Getting response: 
<!doctype html>

<html>

<body>

<form method="POST">

  <label>User ID: <input type="text" name="id"></label>

  <input type="submit" name="Submit" value="Submit">

</form>

<pre>INPUT REJECTED</pre>
[18:24:28.752] [SQLAnalysis] Read 1 new lines from SQL log file.
[18:24:28.753] [SQLAnalysis] Appended 1 parsed entries.
[18:24:28.753] [SQLAnalysis 747] Extracted 737 Logs 2026-10-02 22:24:28.753668: [{'timestamp': '2026-10-02 22:24:27,732927', 'level': 'INFO', 'ip': '172.18.0.5', 'port': 46520, 'sql': 'USE db *#*#OK'}]
[18:24:28.754] [SQLAnalysis 747] Updated param pairs: {'looked_value': '1@'}
[18:24:28.754] [SQLAnalysis 747] Looked timestamp 2026-10-02 22:24:27.715500 -- 2026-10-02 22:24:27.745838
[18:24:28.764] [SQLAnalysis 747] query_array to be checked: ['use', 'db']
[18:24:28.765] [SQLAnalysis 747] normalized_query_array: ['use', 'db']
[18:24:28.765] [SQLiFuzz 747] No weird chars exist: POST http://localhost:8081/a2_filtered_post.php | ['[string (False)(None)] Sec-Fetch-Dest=document', '[string (False)(None)] Sec-Fetch-Mode=navigate', '[string (False)(None)] Sec-Fetch-Site=same-origin', '[string (False)(None)] Sec-Fetch-User=?1', '[string (False)(None)] Priority=u=0, i', '[url (False)(None)] path0=a2_filtered_post.php', '[int (False)(None)] id=1@', '[string (False)(None)] Submit=Submit'] | None
[18:24:28.766] [SQLiFuzz 01e] Getting prepared_target_request with ID 5f2 for test_SQLi iteration 35/70
[18:24:28.766] [SQLiFuzz 5f2] chosen_idx: 7 from 8
[18:24:28.766] [HTTPREQUEST 5f2] Getting matched paramval from found values: ['?1', '1']
[18:24:28.766] [HTTPREQUEST 5f2] Found matched paramval: [string (False)(None)] Sec-Fetch-User=?1
[18:24:28.766] [HTTPREQUEST 5f2] Found matched paramval: [int (False)(None)] id=1
[18:24:28.766] [SQLiFuzz 5f2] Prioritize to fuzz matched SQL value first: [int (False)(None)] id=1
[18:24:28.766] [SQLiFuzz 5f2] Mutation applied. old='1' char='!' strategy='tail' new='1!'
[18:24:28.766] [HTTPREQUEST 5f2] Update url and body param from paramvals:
[18:24:28.766] [HTTPREQUEST None] New post_data_encoded: Submit=Submit&id=1%21
[18:24:28.766] [HTTPREQUEST None] New param encoded: 
[18:24:28.767] [GENERALFUNCTION 5f2] ---SENDING THE REQUEST [1790979868-18d6352b-db32-4a53-a265-6e66051e55f2] TO : [POST] http://localhost:8081/a2_filtered_post.php
[18:24:28.767] [GENERALFUNCTION 5f2] Post data encoded: Submit=Submit&id=1%21
[18:24:28.767] [GENERALFUNCTION 5f2] Adjusted Content-Length to 21
[18:24:28.767] [GENERALFUNCTION 5f2] Adjusted Origin to http://localhost:8081
[18:24:28.767] [GENERALFUNCTION 5f2] Adjusted Referer to http://localhost:8081/a2_filtered_post.php
[18:24:28.767] [GENERALFUNCTION 5f2] DEBUG OUTGOING request.full_url: http://localhost:8081/a2_filtered_post.php
[18:24:28.767] [GENERALFUNCTION 5f2] DEBUG OUTGOING headers: {'Host': 'localhost:8081', 'User-Agent': 'Mozilla/5.0 (X11; Ubuntu; Linux x86_64; rv:155.0) Gecko/20100101 Firefox/155.0', 'Accept': 'text/html,application/xhtml+xml,application/xml;q=0.9,*/*;q=0.8', 'Accept-Language': 'en-US,en;q=0.9', 'Accept-Encoding': 'gzip, deflate, br, zstd', 'Content-Type': 'application/x-www-form-urlencoded', 'Content-Length': '21', 'Origin': 'http://localhost:8081', 'Connection': 'keep-alive', 'Referer': 'http://localhost:8081/a2_filtered_post.php', 'Cookie': 'PHPSESSID=89cdc0e04f8a7ffd78d8067977376dc9; security=impossible', 'Upgrade-Insecure-Requests': '1', 'Sec-Fetch-Dest': 'document', 'Sec-Fetch-Mode': 'navigate', 'Sec-Fetch-Site': 'same-origin', 'Sec-Fetch-User': '?1', 'Priority': 'u=0, i'}
[18:24:28.767] [GENERALFUNCTION 5f2] DEBUG OUTGOING post_data_encoded (truncated): Submit=Submit&id=1%21
[18:24:28.767] [GENERALFUNCTION 5f2] DEBUG OUTGOING body_param_dict: {'Submit': 'Submit', 'id': '1!'}
[18:24:28.796] [SQLiFuzz 5f2] Response status: 200
[18:24:28.796] [SQLiFuzz 5f2] Response URL: http://localhost:8081/a2_filtered_post.php
[18:24:28.796] [SQLiFuzz 5f2] Was redirected: False
[18:24:28.796] [SQLiFuzz 5f2] Getting response: 
<!doctype html>

<html>

<body>

<form method="POST">

  <label>User ID: <input type="text" name="id"></label>

  <input type="submit" name="Submit" value="Submit">

</form>

<pre>INPUT REJECTED</pre>
[18:24:29.797] [SQLAnalysis] Read 1 new lines from SQL log file.
[18:24:29.797] [SQLAnalysis] Appended 1 parsed entries.
[18:24:29.797] [SQLAnalysis 5f2] Extracted 738 Logs 2026-10-02 22:24:29.797648: [{'timestamp': '2026-10-02 22:24:28,782569', 'level': 'INFO', 'ip': '172.18.0.5', 'port': 46550, 'sql': 'USE db *#*#OK'}]
[18:24:29.797] [SQLAnalysis 5f2] Updated param pairs: {'looked_value': '1!'}
[18:24:29.797] [SQLAnalysis 5f2] Looked timestamp 2026-10-02 22:24:28.767720 -- 2026-10-02 22:24:28.791872
[18:24:29.804] [SQLAnalysis 5f2] query_array to be checked: ['use', 'db']
[18:24:29.804] [SQLAnalysis 5f2] normalized_query_array: ['use', 'db']
[18:24:29.804] [SQLiFuzz 5f2] No weird chars exist: POST http://localhost:8081/a2_filtered_post.php | ['[string (False)(None)] Sec-Fetch-Dest=document', '[string (False)(None)] Sec-Fetch-Mode=navigate', '[string (False)(None)] Sec-Fetch-Site=same-origin', '[string (False)(None)] Sec-Fetch-User=?1', '[string (False)(None)] Priority=u=0, i', '[url (False)(None)] path0=a2_filtered_post.php', '[int (False)(None)] id=1!', '[string (False)(None)] Submit=Submit'] | None
[18:24:29.804] [SQLiFuzz 01e] Getting prepared_target_request with ID 2d7 for test_SQLi iteration 36/70
[18:24:29.804] [SQLiFuzz 2d7] chosen_idx: 6 from 8
[18:24:29.804] [HTTPREQUEST 2d7] Getting matched paramval from found values: ['?1', '1']
[18:24:29.805] [HTTPREQUEST 2d7] Found matched paramval: [string (False)(None)] Sec-Fetch-User=?1
[18:24:29.805] [HTTPREQUEST 2d7] Found matched paramval: [int (False)(None)] id=1
[18:24:29.805] [SQLiFuzz 2d7] Prioritize to fuzz matched SQL value first: [int (False)(None)] id=1
[18:24:29.805] [SQLiFuzz 2d7] Mutation applied. old='1' char='|' strategy='front' new='|1'
[18:24:29.805] [HTTPREQUEST 2d7] Update url and body param from paramvals:
[18:24:29.805] [HTTPREQUEST None] New post_data_encoded: Submit=Submit&id=%7C1
[18:24:29.805] [HTTPREQUEST None] New param encoded: 
[18:24:29.805] [GENERALFUNCTION 2d7] ---SENDING THE REQUEST [1790979869-7c5d40bd-334b-4fa6-8cff-aa4cea3df2d7] TO : [POST] http://localhost:8081/a2_filtered_post.php
[18:24:29.805] [GENERALFUNCTION 2d7] Post data encoded: Submit=Submit&id=%7C1
[18:24:29.806] [GENERALFUNCTION 2d7] Adjusted Content-Length to 21
[18:24:29.806] [GENERALFUNCTION 2d7] Adjusted Origin to http://localhost:8081
[18:24:29.806] [GENERALFUNCTION 2d7] Adjusted Referer to http://localhost:8081/a2_filtered_post.php
[18:24:29.806] [GENERALFUNCTION 2d7] DEBUG OUTGOING request.full_url: http://localhost:8081/a2_filtered_post.php
[18:24:29.806] [GENERALFUNCTION 2d7] DEBUG OUTGOING headers: {'Host': 'localhost:8081', 'User-Agent': 'Mozilla/5.0 (X11; Ubuntu; Linux x86_64; rv:155.0) Gecko/20100101 Firefox/155.0', 'Accept': 'text/html,application/xhtml+xml,application/xml;q=0.9,*/*;q=0.8', 'Accept-Language': 'en-US,en;q=0.9', 'Accept-Encoding': 'gzip, deflate, br, zstd', 'Content-Type': 'application/x-www-form-urlencoded', 'Content-Length': '21', 'Origin': 'http://localhost:8081', 'Connection': 'keep-alive', 'Referer': 'http://localhost:8081/a2_filtered_post.php', 'Cookie': 'PHPSESSID=89cdc0e04f8a7ffd78d8067977376dc9; security=impossible', 'Upgrade-Insecure-Requests': '1', 'Sec-Fetch-Dest': 'document', 'Sec-Fetch-Mode': 'navigate', 'Sec-Fetch-Site': 'same-origin', 'Sec-Fetch-User': '?1', 'Priority': 'u=0, i'}
[18:24:29.806] [GENERALFUNCTION 2d7] DEBUG OUTGOING post_data_encoded (truncated): Submit=Submit&id=%7C1
[18:24:29.806] [GENERALFUNCTION 2d7] DEBUG OUTGOING body_param_dict: {'Submit': 'Submit', 'id': '|1'}
[18:24:29.844] [SQLiFuzz 2d7] Response status: 200
[18:24:29.844] [SQLiFuzz 2d7] Response URL: http://localhost:8081/a2_filtered_post.php
[18:24:29.844] [SQLiFuzz 2d7] Was redirected: False
[18:24:29.845] [SQLiFuzz 2d7] Getting response: 
<!doctype html>

<html>

<body>

<form method="POST">

  <label>User ID: <input type="text" name="id"></label>

  <input type="submit" name="Submit" value="Submit">

</form>

<pre>INPUT REJECTED</pre>
[18:24:30.845] [SQLAnalysis] Read 1 new lines from SQL log file.
[18:24:30.846] [SQLAnalysis] Appended 1 parsed entries.
[18:24:30.846] [SQLAnalysis 2d7] Extracted 739 Logs 2026-10-02 22:24:30.846139: [{'timestamp': '2026-10-02 22:24:29,829594', 'level': 'INFO', 'ip': '172.18.0.5', 'port': 46574, 'sql': 'USE db *#*#OK'}]
[18:24:30.846] [SQLAnalysis 2d7] Updated param pairs: {'looked_value': '|1'}
[18:24:30.846] [SQLAnalysis 2d7] Looked timestamp 2026-10-02 22:24:29.806661 -- 2026-10-02 22:24:29.840690
[18:24:30.853] [SQLAnalysis 2d7] query_array to be checked: ['use', 'db']
[18:24:30.853] [SQLAnalysis 2d7] normalized_query_array: ['use', 'db']
[18:24:30.854] [SQLiFuzz 2d7] No weird chars exist: POST http://localhost:8081/a2_filtered_post.php | ['[string (False)(None)] Sec-Fetch-Dest=document', '[string (False)(None)] Sec-Fetch-Mode=navigate', '[string (False)(None)] Sec-Fetch-Site=same-origin', '[string (False)(None)] Sec-Fetch-User=?1', '[string (False)(None)] Priority=u=0, i', '[url (False)(None)] path0=a2_filtered_post.php', '[int (False)(None)] id=|1', '[string (False)(None)] Submit=Submit'] | None
[18:24:30.854] [SQLiFuzz 01e] Getting prepared_target_request with ID 692 for test_SQLi iteration 37/70
[18:24:30.854] [SQLiFuzz 692] chosen_idx: 6 from 8
[18:24:30.854] [HTTPREQUEST 692] Getting matched paramval from found values: ['?1', '1']
[18:24:30.854] [HTTPREQUEST 692] Found matched paramval: [string (False)(None)] Sec-Fetch-User=?1
[18:24:30.854] [HTTPREQUEST 692] Found matched paramval: [int (False)(None)] id=1
[18:24:30.854] [SQLiFuzz 692] Prioritize to fuzz matched SQL value first: [int (False)(None)] id=1
[18:24:30.854] [SQLiFuzz 692] Mutation applied. old='1' char=':' strategy='tail' new='1:'
[18:24:30.854] [HTTPREQUEST 692] Update url and body param from paramvals:
[18:24:30.854] [HTTPREQUEST None] New post_data_encoded: Submit=Submit&id=1%3A
[18:24:30.855] [HTTPREQUEST None] New param encoded: 
[18:24:30.855] [GENERALFUNCTION 692] ---SENDING THE REQUEST [1790979870-8ee8fc06-3253-4c96-b8cb-e3be46e88692] TO : [POST] http://localhost:8081/a2_filtered_post.php
[18:24:30.855] [GENERALFUNCTION 692] Post data encoded: Submit=Submit&id=1%3A
[18:24:30.855] [GENERALFUNCTION 692] Adjusted Content-Length to 21
[18:24:30.855] [GENERALFUNCTION 692] Adjusted Origin to http://localhost:8081
[18:24:30.855] [GENERALFUNCTION 692] Adjusted Referer to http://localhost:8081/a2_filtered_post.php
[18:24:30.855] [GENERALFUNCTION 692] DEBUG OUTGOING request.full_url: http://localhost:8081/a2_filtered_post.php
[18:24:30.855] [GENERALFUNCTION 692] DEBUG OUTGOING headers: {'Host': 'localhost:8081', 'User-Agent': 'Mozilla/5.0 (X11; Ubuntu; Linux x86_64; rv:155.0) Gecko/20100101 Firefox/155.0', 'Accept': 'text/html,application/xhtml+xml,application/xml;q=0.9,*/*;q=0.8', 'Accept-Language': 'en-US,en;q=0.9', 'Accept-Encoding': 'gzip, deflate, br, zstd', 'Content-Type': 'application/x-www-form-urlencoded', 'Content-Length': '21', 'Origin': 'http://localhost:8081', 'Connection': 'keep-alive', 'Referer': 'http://localhost:8081/a2_filtered_post.php', 'Cookie': 'PHPSESSID=89cdc0e04f8a7ffd78d8067977376dc9; security=impossible', 'Upgrade-Insecure-Requests': '1', 'Sec-Fetch-Dest': 'document', 'Sec-Fetch-Mode': 'navigate', 'Sec-Fetch-Site': 'same-origin', 'Sec-Fetch-User': '?1', 'Priority': 'u=0, i'}
[18:24:30.855] [GENERALFUNCTION 692] DEBUG OUTGOING post_data_encoded (truncated): Submit=Submit&id=1%3A
[18:24:30.855] [GENERALFUNCTION 692] DEBUG OUTGOING body_param_dict: {'Submit': 'Submit', 'id': '1:'}
[18:24:30.884] [SQLiFuzz 692] Response status: 200
[18:24:30.885] [SQLiFuzz 692] Response URL: http://localhost:8081/a2_filtered_post.php
[18:24:30.885] [SQLiFuzz 692] Was redirected: False
[18:24:30.885] [SQLiFuzz 692] Getting response: 
<!doctype html>

<html>

<body>

<form method="POST">

  <label>User ID: <input type="text" name="id"></label>

  <input type="submit" name="Submit" value="Submit">

</form>

<pre>INPUT REJECTED</pre>
[18:24:31.886] [SQLAnalysis] Read 1 new lines from SQL log file.
[18:24:31.887] [SQLAnalysis] Appended 1 parsed entries.
[18:24:31.888] [SQLAnalysis 692] Extracted 740 Logs 2026-10-02 22:24:31.887718: [{'timestamp': '2026-10-02 22:24:30,870652', 'level': 'INFO', 'ip': '172.18.0.5', 'port': 46598, 'sql': 'USE db *#*#OK'}]
[18:24:31.888] [SQLAnalysis 692] Updated param pairs: {'looked_value': '1:'}
[18:24:31.888] [SQLAnalysis 692] Looked timestamp 2026-10-02 22:24:30.855672 -- 2026-10-02 22:24:30.880953
[18:24:31.897] [SQLAnalysis 692] query_array to be checked: ['use', 'db']
[18:24:31.897] [SQLAnalysis 692] normalized_query_array: ['use', 'db']
[18:24:31.897] [SQLiFuzz 692] No weird chars exist: POST http://localhost:8081/a2_filtered_post.php | ['[string (False)(None)] Sec-Fetch-Dest=document', '[string (False)(None)] Sec-Fetch-Mode=navigate', '[string (False)(None)] Sec-Fetch-Site=same-origin', '[string (False)(None)] Sec-Fetch-User=?1', '[string (False)(None)] Priority=u=0, i', '[url (False)(None)] path0=a2_filtered_post.php', '[int (False)(None)] id=1:', '[string (False)(None)] Submit=Submit'] | None
[18:24:31.898] [SQLiFuzz 01e] Getting prepared_target_request with ID ac7 for test_SQLi iteration 38/70
[18:24:31.898] [SQLiFuzz ac7] chosen_idx: 3 from 8
[18:24:31.898] [HTTPREQUEST ac7] Getting matched paramval from found values: ['?1', '1']
[18:24:31.898] [HTTPREQUEST ac7] Found matched paramval: [string (False)(None)] Sec-Fetch-User=?1
[18:24:31.898] [HTTPREQUEST ac7] Found matched paramval: [int (False)(None)] id=1
[18:24:31.898] [SQLiFuzz ac7] Prioritize to fuzz matched SQL value first: [int (False)(None)] id=1
[18:24:31.898] [SQLiFuzz ac7] Mutation applied. old='1' char='#' strategy='random' new='#1'
[18:24:31.898] [HTTPREQUEST ac7] Update url and body param from paramvals:
[18:24:31.898] [HTTPREQUEST None] New post_data_encoded: Submit=Submit&id=%231
[18:24:31.898] [HTTPREQUEST None] New param encoded: 
[18:24:31.899] [GENERALFUNCTION ac7] ---SENDING THE REQUEST [1790979871-2915e8f0-8e00-4d31-a386-472fb2b75ac7] TO : [POST] http://localhost:8081/a2_filtered_post.php
[18:24:31.899] [GENERALFUNCTION ac7] Post data encoded: Submit=Submit&id=%231
[18:24:31.899] [GENERALFUNCTION ac7] Adjusted Content-Length to 21
[18:24:31.899] [GENERALFUNCTION ac7] Adjusted Origin to http://localhost:8081
[18:24:31.899] [GENERALFUNCTION ac7] Adjusted Referer to http://localhost:8081/a2_filtered_post.php
[18:24:31.899] [GENERALFUNCTION ac7] DEBUG OUTGOING request.full_url: http://localhost:8081/a2_filtered_post.php
[18:24:31.899] [GENERALFUNCTION ac7] DEBUG OUTGOING headers: {'Host': 'localhost:8081', 'User-Agent': 'Mozilla/5.0 (X11; Ubuntu; Linux x86_64; rv:155.0) Gecko/20100101 Firefox/155.0', 'Accept': 'text/html,application/xhtml+xml,application/xml;q=0.9,*/*;q=0.8', 'Accept-Language': 'en-US,en;q=0.9', 'Accept-Encoding': 'gzip, deflate, br, zstd', 'Content-Type': 'application/x-www-form-urlencoded', 'Content-Length': '21', 'Origin': 'http://localhost:8081', 'Connection': 'keep-alive', 'Referer': 'http://localhost:8081/a2_filtered_post.php', 'Cookie': 'PHPSESSID=89cdc0e04f8a7ffd78d8067977376dc9; security=impossible', 'Upgrade-Insecure-Requests': '1', 'Sec-Fetch-Dest': 'document', 'Sec-Fetch-Mode': 'navigate', 'Sec-Fetch-Site': 'same-origin', 'Sec-Fetch-User': '?1', 'Priority': 'u=0, i'}
[18:24:31.899] [GENERALFUNCTION ac7] DEBUG OUTGOING post_data_encoded (truncated): Submit=Submit&id=%231
[18:24:31.899] [GENERALFUNCTION ac7] DEBUG OUTGOING body_param_dict: {'Submit': 'Submit', 'id': '#1'}
[18:24:31.934] [SQLiFuzz ac7] Response status: 200
[18:24:31.934] [SQLiFuzz ac7] Response URL: http://localhost:8081/a2_filtered_post.php
[18:24:31.934] [SQLiFuzz ac7] Was redirected: False
[18:24:31.934] [SQLiFuzz ac7] Getting response: 
<!doctype html>

<html>

<body>

<form method="POST">

  <label>User ID: <input type="text" name="id"></label>

  <input type="submit" name="Submit" value="Submit">

</form>

<pre>INPUT REJECTED</pre>
[18:24:32.935] [SQLAnalysis] Read 1 new lines from SQL log file.
[18:24:32.936] [SQLAnalysis] Appended 1 parsed entries.
[18:24:32.936] [SQLAnalysis ac7] Extracted 741 Logs 2026-10-02 22:24:32.936322: [{'timestamp': '2026-10-02 22:24:31,919091', 'level': 'INFO', 'ip': '172.18.0.5', 'port': 49592, 'sql': 'USE db *#*#OK'}]
[18:24:32.936] [SQLAnalysis ac7] Updated param pairs: {'looked_value': '#1'}
[18:24:32.936] [SQLAnalysis ac7] Looked timestamp 2026-10-02 22:24:31.899683 -- 2026-10-02 22:24:31.929827
[18:24:32.945] [SQLAnalysis ac7] query_array to be checked: ['use', 'db']
[18:24:32.949] [SQLAnalysis ac7] normalized_query_array: ['use', 'db']
[18:24:32.949] [SQLiFuzz ac7] No weird chars exist: POST http://localhost:8081/a2_filtered_post.php | ['[string (False)(None)] Sec-Fetch-Dest=document', '[string (False)(None)] Sec-Fetch-Mode=navigate', '[string (False)(None)] Sec-Fetch-Site=same-origin', '[string (False)(None)] Sec-Fetch-User=?1', '[string (False)(None)] Priority=u=0, i', '[url (False)(None)] path0=a2_filtered_post.php', '[int (False)(None)] id=#1', '[string (False)(None)] Submit=Submit'] | None
[18:24:32.950] [SQLiFuzz 01e] Getting prepared_target_request with ID 889 for test_SQLi iteration 39/70
[18:24:32.950] [SQLiFuzz 889] chosen_idx: 7 from 8
[18:24:32.950] [HTTPREQUEST 889] Getting matched paramval from found values: ['?1', '1']
[18:24:32.950] [HTTPREQUEST 889] Found matched paramval: [string (False)(None)] Sec-Fetch-User=?1
[18:24:32.950] [HTTPREQUEST 889] Found matched paramval: [int (False)(None)] id=1
[18:24:32.950] [SQLiFuzz 889] Prioritize to fuzz matched SQL value first: [int (False)(None)] id=1
[18:24:32.950] [SQLiFuzz 889] Mutation applied. old='1' char='"' strategy='drop' new='"'
[18:24:32.951] [HTTPREQUEST 889] Update url and body param from paramvals:
[18:24:32.951] [HTTPREQUEST None] New post_data_encoded: Submit=Submit&id=%22
[18:24:32.951] [HTTPREQUEST None] New param encoded: 
[18:24:32.951] [GENERALFUNCTION 889] ---SENDING THE REQUEST [1790979872-8a4148a8-1ff1-4ac3-a3e9-b709a8b48889] TO : [POST] http://localhost:8081/a2_filtered_post.php
[18:24:32.951] [GENERALFUNCTION 889] Post data encoded: Submit=Submit&id=%22
[18:24:32.951] [GENERALFUNCTION 889] Adjusted Content-Length to 20
[18:24:32.951] [GENERALFUNCTION 889] Adjusted Origin to http://localhost:8081
[18:24:32.951] [GENERALFUNCTION 889] Adjusted Referer to http://localhost:8081/a2_filtered_post.php
[18:24:32.951] [GENERALFUNCTION 889] DEBUG OUTGOING request.full_url: http://localhost:8081/a2_filtered_post.php
[18:24:32.951] [GENERALFUNCTION 889] DEBUG OUTGOING headers: {'Host': 'localhost:8081', 'User-Agent': 'Mozilla/5.0 (X11; Ubuntu; Linux x86_64; rv:155.0) Gecko/20100101 Firefox/155.0', 'Accept': 'text/html,application/xhtml+xml,application/xml;q=0.9,*/*;q=0.8', 'Accept-Language': 'en-US,en;q=0.9', 'Accept-Encoding': 'gzip, deflate, br, zstd', 'Content-Type': 'application/x-www-form-urlencoded', 'Content-Length': '20', 'Origin': 'http://localhost:8081', 'Connection': 'keep-alive', 'Referer': 'http://localhost:8081/a2_filtered_post.php', 'Cookie': 'PHPSESSID=89cdc0e04f8a7ffd78d8067977376dc9; security=impossible', 'Upgrade-Insecure-Requests': '1', 'Sec-Fetch-Dest': 'document', 'Sec-Fetch-Mode': 'navigate', 'Sec-Fetch-Site': 'same-origin', 'Sec-Fetch-User': '?1', 'Priority': 'u=0, i'}
[18:24:32.952] [GENERALFUNCTION 889] DEBUG OUTGOING post_data_encoded (truncated): Submit=Submit&id=%22
[18:24:32.952] [GENERALFUNCTION 889] DEBUG OUTGOING body_param_dict: {'Submit': 'Submit', 'id': '"'}
[18:24:32.978] [SQLiFuzz 889] Response status: 200
[18:24:32.978] [SQLiFuzz 889] Response URL: http://localhost:8081/a2_filtered_post.php
[18:24:32.978] [SQLiFuzz 889] Was redirected: False
[18:24:32.978] [SQLiFuzz 889] Getting response: 
<!doctype html>

<html>

<body>

<form method="POST">

  <label>User ID: <input type="text" name="id"></label>

  <input type="submit" name="Submit" value="Submit">

</form>

<pre>INPUT REJECTED</pre>
[18:24:33.979] [SQLAnalysis] Read 1 new lines from SQL log file.
[18:24:33.980] [SQLAnalysis] Appended 1 parsed entries.
[18:24:33.980] [SQLAnalysis 889] Extracted 742 Logs 2026-10-02 22:24:33.980661: [{'timestamp': '2026-10-02 22:24:32,965161', 'level': 'INFO', 'ip': '172.18.0.5', 'port': 49624, 'sql': 'USE db *#*#OK'}]
[18:24:33.980] [SQLAnalysis 889] Updated param pairs: {'looked_value': '"'}
[18:24:33.981] [SQLAnalysis 889] Looked timestamp 2026-10-02 22:24:32.952159 -- 2026-10-02 22:24:32.974686
[18:24:33.989] [SQLAnalysis 889] query_array to be checked: ['use', 'db']
[18:24:33.989] [SQLAnalysis 889] normalized_query_array: ['use', 'db']
[18:24:33.989] [SQLiFuzz 889] No weird chars exist: POST http://localhost:8081/a2_filtered_post.php | ['[string (False)(None)] Sec-Fetch-Dest=document', '[string (False)(None)] Sec-Fetch-Mode=navigate', '[string (False)(None)] Sec-Fetch-Site=same-origin', '[string (False)(None)] Sec-Fetch-User=?1', '[string (False)(None)] Priority=u=0, i', '[url (False)(None)] path0=a2_filtered_post.php', '[int (False)(None)] id="', '[string (False)(None)] Submit=Submit'] | None
[18:24:33.989] [SQLiFuzz 01e] Getting prepared_target_request with ID 4f8 for test_SQLi iteration 40/70
[18:24:33.989] [SQLiFuzz 4f8] chosen_idx: 4 from 8
[18:24:33.989] [HTTPREQUEST 4f8] Getting matched paramval from found values: ['?1', '1']
[18:24:33.989] [HTTPREQUEST 4f8] Found matched paramval: [string (False)(None)] Sec-Fetch-User=?1
[18:24:33.990] [HTTPREQUEST 4f8] Found matched paramval: [int (False)(None)] id=1
[18:24:33.990] [SQLiFuzz 4f8] Prioritize to fuzz matched SQL value first: [int (False)(None)] id=1
[18:24:33.990] [SQLiFuzz 4f8] Mutation applied. old='1' char=']' strategy='random' new=']1'
[18:24:33.990] [HTTPREQUEST 4f8] Update url and body param from paramvals:
[18:24:33.990] [HTTPREQUEST None] New post_data_encoded: Submit=Submit&id=%5D1
[18:24:33.990] [HTTPREQUEST None] New param encoded: 
[18:24:33.990] [GENERALFUNCTION 4f8] ---SENDING THE REQUEST [1790979873-e4027bb3-2515-4b04-a19d-e21e123f94f8] TO : [POST] http://localhost:8081/a2_filtered_post.php
[18:24:33.990] [GENERALFUNCTION 4f8] Post data encoded: Submit=Submit&id=%5D1
[18:24:33.990] [GENERALFUNCTION 4f8] Adjusted Content-Length to 21
[18:24:33.990] [GENERALFUNCTION 4f8] Adjusted Origin to http://localhost:8081
[18:24:33.990] [GENERALFUNCTION 4f8] Adjusted Referer to http://localhost:8081/a2_filtered_post.php
[18:24:33.990] [GENERALFUNCTION 4f8] DEBUG OUTGOING request.full_url: http://localhost:8081/a2_filtered_post.php
[18:24:33.991] [GENERALFUNCTION 4f8] DEBUG OUTGOING headers: {'Host': 'localhost:8081', 'User-Agent': 'Mozilla/5.0 (X11; Ubuntu; Linux x86_64; rv:155.0) Gecko/20100101 Firefox/155.0', 'Accept': 'text/html,application/xhtml+xml,application/xml;q=0.9,*/*;q=0.8', 'Accept-Language': 'en-US,en;q=0.9', 'Accept-Encoding': 'gzip, deflate, br, zstd', 'Content-Type': 'application/x-www-form-urlencoded', 'Content-Length': '21', 'Origin': 'http://localhost:8081', 'Connection': 'keep-alive', 'Referer': 'http://localhost:8081/a2_filtered_post.php', 'Cookie': 'PHPSESSID=89cdc0e04f8a7ffd78d8067977376dc9; security=impossible', 'Upgrade-Insecure-Requests': '1', 'Sec-Fetch-Dest': 'document', 'Sec-Fetch-Mode': 'navigate', 'Sec-Fetch-Site': 'same-origin', 'Sec-Fetch-User': '?1', 'Priority': 'u=0, i'}
[18:24:33.991] [GENERALFUNCTION 4f8] DEBUG OUTGOING post_data_encoded (truncated): Submit=Submit&id=%5D1
[18:24:33.991] [GENERALFUNCTION 4f8] DEBUG OUTGOING body_param_dict: {'Submit': 'Submit', 'id': ']1'}
[18:24:34.041] [SQLiFuzz 4f8] Response status: 200
[18:24:34.041] [SQLiFuzz 4f8] Response URL: http://localhost:8081/a2_filtered_post.php
[18:24:34.041] [SQLiFuzz 4f8] Was redirected: False
[18:24:34.041] [SQLiFuzz 4f8] Getting response: 
<!doctype html>

<html>

<body>

<form method="POST">

  <label>User ID: <input type="text" name="id"></label>

  <input type="submit" name="Submit" value="Submit">

</form>

<pre>INPUT REJECTED</pre>
[18:24:35.042] [SQLAnalysis] Read 1 new lines from SQL log file.
[18:24:35.043] [SQLAnalysis] Appended 1 parsed entries.
[18:24:35.043] [SQLAnalysis 4f8] Extracted 743 Logs 2026-10-02 22:24:35.043398: [{'timestamp': '2026-10-02 22:24:34,019588', 'level': 'INFO', 'ip': '172.18.0.5', 'port': 49634, 'sql': 'USE db *#*#OK'}]
[18:24:35.043] [SQLAnalysis 4f8] Updated param pairs: {'looked_value': ']1'}
[18:24:35.043] [SQLAnalysis 4f8] Looked timestamp 2026-10-02 22:24:33.991303 -- 2026-10-02 22:24:34.033898
[18:24:35.053] [SQLAnalysis 4f8] query_array to be checked: ['use', 'db']
[18:24:35.053] [SQLAnalysis 4f8] normalized_query_array: ['use', 'db']
[18:24:35.053] [SQLiFuzz 4f8] No weird chars exist: POST http://localhost:8081/a2_filtered_post.php | ['[string (False)(None)] Sec-Fetch-Dest=document', '[string (False)(None)] Sec-Fetch-Mode=navigate', '[string (False)(None)] Sec-Fetch-Site=same-origin', '[string (False)(None)] Sec-Fetch-User=?1', '[string (False)(None)] Priority=u=0, i', '[url (False)(None)] path0=a2_filtered_post.php', '[int (False)(None)] id=]1', '[string (False)(None)] Submit=Submit'] | None
[18:24:35.054] [SQLiFuzz 01e] Getting prepared_target_request with ID 06c for test_SQLi iteration 41/70
[18:24:35.055] [SQLiFuzz 06c] chosen_idx: 3 from 8
[18:24:35.055] [HTTPREQUEST 06c] Getting matched paramval from found values: ['?1', '1']
[18:24:35.055] [HTTPREQUEST 06c] Found matched paramval: [string (False)(None)] Sec-Fetch-User=?1
[18:24:35.055] [HTTPREQUEST 06c] Found matched paramval: [int (False)(None)] id=1
[18:24:35.055] [SQLiFuzz 06c] Prioritize to fuzz matched SQL value first: [int (False)(None)] id=1
[18:24:35.055] [SQLiFuzz 06c] Mutation applied. old='1' char='^' strategy='random' new='1^'
[18:24:35.055] [HTTPREQUEST 06c] Update url and body param from paramvals:
[18:24:35.055] [HTTPREQUEST None] New post_data_encoded: Submit=Submit&id=1%5E
[18:24:35.055] [HTTPREQUEST None] New param encoded: 
[18:24:35.055] [GENERALFUNCTION 06c] ---SENDING THE REQUEST [1790979875-3c1e3fa5-0d72-46ca-b37d-da77cfeb606c] TO : [POST] http://localhost:8081/a2_filtered_post.php
[18:24:35.055] [GENERALFUNCTION 06c] Post data encoded: Submit=Submit&id=1%5E
[18:24:35.055] [GENERALFUNCTION 06c] Adjusted Content-Length to 21
[18:24:35.056] [GENERALFUNCTION 06c] Adjusted Origin to http://localhost:8081
[18:24:35.056] [GENERALFUNCTION 06c] Adjusted Referer to http://localhost:8081/a2_filtered_post.php
[18:24:35.056] [GENERALFUNCTION 06c] DEBUG OUTGOING request.full_url: http://localhost:8081/a2_filtered_post.php
[18:24:35.056] [GENERALFUNCTION 06c] DEBUG OUTGOING headers: {'Host': 'localhost:8081', 'User-Agent': 'Mozilla/5.0 (X11; Ubuntu; Linux x86_64; rv:155.0) Gecko/20100101 Firefox/155.0', 'Accept': 'text/html,application/xhtml+xml,application/xml;q=0.9,*/*;q=0.8', 'Accept-Language': 'en-US,en;q=0.9', 'Accept-Encoding': 'gzip, deflate, br, zstd', 'Content-Type': 'application/x-www-form-urlencoded', 'Content-Length': '21', 'Origin': 'http://localhost:8081', 'Connection': 'keep-alive', 'Referer': 'http://localhost:8081/a2_filtered_post.php', 'Cookie': 'PHPSESSID=89cdc0e04f8a7ffd78d8067977376dc9; security=impossible', 'Upgrade-Insecure-Requests': '1', 'Sec-Fetch-Dest': 'document', 'Sec-Fetch-Mode': 'navigate', 'Sec-Fetch-Site': 'same-origin', 'Sec-Fetch-User': '?1', 'Priority': 'u=0, i'}
[18:24:35.056] [GENERALFUNCTION 06c] DEBUG OUTGOING post_data_encoded (truncated): Submit=Submit&id=1%5E
[18:24:35.056] [GENERALFUNCTION 06c] DEBUG OUTGOING body_param_dict: {'Submit': 'Submit', 'id': '1^'}
[18:24:35.089] [SQLiFuzz 06c] Response status: 200
[18:24:35.089] [SQLiFuzz 06c] Response URL: http://localhost:8081/a2_filtered_post.php
[18:24:35.089] [SQLiFuzz 06c] Was redirected: False
[18:24:35.089] [SQLiFuzz 06c] Getting response: 
<!doctype html>

<html>

<body>

<form method="POST">

  <label>User ID: <input type="text" name="id"></label>

  <input type="submit" name="Submit" value="Submit">

</form>

<pre>INPUT REJECTED</pre>
[18:24:36.090] [SQLAnalysis] Read 1 new lines from SQL log file.
[18:24:36.090] [SQLAnalysis] Appended 1 parsed entries.
[18:24:36.090] [SQLAnalysis 06c] Extracted 744 Logs 2026-10-02 22:24:36.090665: [{'timestamp': '2026-10-02 22:24:35,073730', 'level': 'INFO', 'ip': '172.18.0.5', 'port': 49660, 'sql': 'USE db *#*#OK'}]
[18:24:36.090] [SQLAnalysis 06c] Updated param pairs: {'looked_value': '1^'}
[18:24:36.090] [SQLAnalysis 06c] Looked timestamp 2026-10-02 22:24:35.056859 -- 2026-10-02 22:24:35.085587
[18:24:36.100] [SQLAnalysis 06c] query_array to be checked: ['use', 'db']
[18:24:36.100] [SQLAnalysis 06c] normalized_query_array: ['use', 'db']
[18:24:36.100] [SQLiFuzz 06c] No weird chars exist: POST http://localhost:8081/a2_filtered_post.php | ['[string (False)(None)] Sec-Fetch-Dest=document', '[string (False)(None)] Sec-Fetch-Mode=navigate', '[string (False)(None)] Sec-Fetch-Site=same-origin', '[string (False)(None)] Sec-Fetch-User=?1', '[string (False)(None)] Priority=u=0, i', '[url (False)(None)] path0=a2_filtered_post.php', '[int (False)(None)] id=1^', '[string (False)(None)] Submit=Submit'] | None
[18:24:36.100] [SQLiFuzz 01e] Getting prepared_target_request with ID 950 for test_SQLi iteration 42/70
[18:24:36.101] [SQLiFuzz 950] chosen_idx: 0 from 8
[18:24:36.101] [HTTPREQUEST 950] Getting matched paramval from found values: ['?1', '1']
[18:24:36.101] [HTTPREQUEST 950] Found matched paramval: [string (False)(None)] Sec-Fetch-User=?1
[18:24:36.101] [HTTPREQUEST 950] Found matched paramval: [int (False)(None)] id=1
[18:24:36.101] [SQLiFuzz 950] Prioritize to fuzz matched SQL value first: [int (False)(None)] id=1
[18:24:36.101] [SQLiFuzz 950] Mutation applied. old='1' char='<' strategy='tail' new='1<'
[18:24:36.101] [HTTPREQUEST 950] Update url and body param from paramvals:
[18:24:36.101] [HTTPREQUEST None] New post_data_encoded: Submit=Submit&id=1%3C
[18:24:36.102] [HTTPREQUEST None] New param encoded: 
[18:24:36.102] [GENERALFUNCTION 950] ---SENDING THE REQUEST [1790979876-a48ee4fa-e87d-4444-8018-d372e6f8f950] TO : [POST] http://localhost:8081/a2_filtered_post.php
[18:24:36.102] [GENERALFUNCTION 950] Post data encoded: Submit=Submit&id=1%3C
[18:24:36.102] [GENERALFUNCTION 950] Adjusted Content-Length to 21
[18:24:36.102] [GENERALFUNCTION 950] Adjusted Origin to http://localhost:8081
[18:24:36.102] [GENERALFUNCTION 950] Adjusted Referer to http://localhost:8081/a2_filtered_post.php
[18:24:36.103] [GENERALFUNCTION 950] DEBUG OUTGOING request.full_url: http://localhost:8081/a2_filtered_post.php
[18:24:36.103] [GENERALFUNCTION 950] DEBUG OUTGOING headers: {'Host': 'localhost:8081', 'User-Agent': 'Mozilla/5.0 (X11; Ubuntu; Linux x86_64; rv:155.0) Gecko/20100101 Firefox/155.0', 'Accept': 'text/html,application/xhtml+xml,application/xml;q=0.9,*/*;q=0.8', 'Accept-Language': 'en-US,en;q=0.9', 'Accept-Encoding': 'gzip, deflate, br, zstd', 'Content-Type': 'application/x-www-form-urlencoded', 'Content-Length': '21', 'Origin': 'http://localhost:8081', 'Connection': 'keep-alive', 'Referer': 'http://localhost:8081/a2_filtered_post.php', 'Cookie': 'PHPSESSID=89cdc0e04f8a7ffd78d8067977376dc9; security=impossible', 'Upgrade-Insecure-Requests': '1', 'Sec-Fetch-Dest': 'document', 'Sec-Fetch-Mode': 'navigate', 'Sec-Fetch-Site': 'same-origin', 'Sec-Fetch-User': '?1', 'Priority': 'u=0, i'}
[18:24:36.103] [GENERALFUNCTION 950] DEBUG OUTGOING post_data_encoded (truncated): Submit=Submit&id=1%3C
[18:24:36.103] [GENERALFUNCTION 950] DEBUG OUTGOING body_param_dict: {'Submit': 'Submit', 'id': '1<'}
[18:24:36.135] [SQLiFuzz 950] Response status: 200
[18:24:36.135] [SQLiFuzz 950] Response URL: http://localhost:8081/a2_filtered_post.php
[18:24:36.136] [SQLiFuzz 950] Was redirected: False
[18:24:36.136] [SQLiFuzz 950] Getting response: 
<!doctype html>

<html>

<body>

<form method="POST">

  <label>User ID: <input type="text" name="id"></label>

  <input type="submit" name="Submit" value="Submit">

</form>

<pre>INPUT REJECTED</pre>
[18:24:37.136] [SQLAnalysis] Read 1 new lines from SQL log file.
[18:24:37.137] [SQLAnalysis] Appended 1 parsed entries.
[18:24:37.137] [SQLAnalysis 950] Extracted 745 Logs 2026-10-02 22:24:37.137261: [{'timestamp': '2026-10-02 22:24:36,123091', 'level': 'INFO', 'ip': '172.18.0.5', 'port': 49670, 'sql': 'USE db *#*#OK'}]
[18:24:37.137] [SQLAnalysis 950] Updated param pairs: {'looked_value': '1<'}
[18:24:37.137] [SQLAnalysis 950] Looked timestamp 2026-10-02 22:24:36.103873 -- 2026-10-02 22:24:36.132117
[18:24:37.146] [SQLAnalysis 950] query_array to be checked: ['use', 'db']
[18:24:37.146] [SQLAnalysis 950] normalized_query_array: ['use', 'db']
[18:24:37.146] [SQLiFuzz 950] No weird chars exist: POST http://localhost:8081/a2_filtered_post.php | ['[string (False)(None)] Sec-Fetch-Dest=document', '[string (False)(None)] Sec-Fetch-Mode=navigate', '[string (False)(None)] Sec-Fetch-Site=same-origin', '[string (False)(None)] Sec-Fetch-User=?1', '[string (False)(None)] Priority=u=0, i', '[url (False)(None)] path0=a2_filtered_post.php', '[int (False)(None)] id=1<', '[string (False)(None)] Submit=Submit'] | None
[18:24:37.146] [SQLiFuzz 01e] Getting prepared_target_request with ID c25 for test_SQLi iteration 43/70
[18:24:37.146] [SQLiFuzz c25] chosen_idx: 7 from 8
[18:24:37.147] [HTTPREQUEST c25] Getting matched paramval from found values: ['?1', '1']
[18:24:37.147] [HTTPREQUEST c25] Found matched paramval: [string (False)(None)] Sec-Fetch-User=?1
[18:24:37.147] [HTTPREQUEST c25] Found matched paramval: [int (False)(None)] id=1
[18:24:37.147] [SQLiFuzz c25] Prioritize to fuzz matched SQL value first: [int (False)(None)] id=1
[18:24:37.147] [SQLiFuzz c25] Mutation applied. old='1' char='/' strategy='drop' new='/'
[18:24:37.147] [HTTPREQUEST c25] Update url and body param from paramvals:
[18:24:37.147] [HTTPREQUEST None] New post_data_encoded: Submit=Submit&id=%2F
[18:24:37.147] [HTTPREQUEST None] New param encoded: 
[18:24:37.147] [GENERALFUNCTION c25] ---SENDING THE REQUEST [1790979877-6e14be49-853d-44d0-8935-f84b78837c25] TO : [POST] http://localhost:8081/a2_filtered_post.php
[18:24:37.147] [GENERALFUNCTION c25] Post data encoded: Submit=Submit&id=%2F
[18:24:37.147] [GENERALFUNCTION c25] Adjusted Content-Length to 20
[18:24:37.148] [GENERALFUNCTION c25] Adjusted Origin to http://localhost:8081
[18:24:37.148] [GENERALFUNCTION c25] Adjusted Referer to http://localhost:8081/a2_filtered_post.php
[18:24:37.148] [GENERALFUNCTION c25] DEBUG OUTGOING request.full_url: http://localhost:8081/a2_filtered_post.php
[18:24:37.148] [GENERALFUNCTION c25] DEBUG OUTGOING headers: {'Host': 'localhost:8081', 'User-Agent': 'Mozilla/5.0 (X11; Ubuntu; Linux x86_64; rv:155.0) Gecko/20100101 Firefox/155.0', 'Accept': 'text/html,application/xhtml+xml,application/xml;q=0.9,*/*;q=0.8', 'Accept-Language': 'en-US,en;q=0.9', 'Accept-Encoding': 'gzip, deflate, br, zstd', 'Content-Type': 'application/x-www-form-urlencoded', 'Content-Length': '20', 'Origin': 'http://localhost:8081', 'Connection': 'keep-alive', 'Referer': 'http://localhost:8081/a2_filtered_post.php', 'Cookie': 'PHPSESSID=89cdc0e04f8a7ffd78d8067977376dc9; security=impossible', 'Upgrade-Insecure-Requests': '1', 'Sec-Fetch-Dest': 'document', 'Sec-Fetch-Mode': 'navigate', 'Sec-Fetch-Site': 'same-origin', 'Sec-Fetch-User': '?1', 'Priority': 'u=0, i'}
[18:24:37.148] [GENERALFUNCTION c25] DEBUG OUTGOING post_data_encoded (truncated): Submit=Submit&id=%2F
[18:24:37.148] [GENERALFUNCTION c25] DEBUG OUTGOING body_param_dict: {'Submit': 'Submit', 'id': '/'}
[18:24:37.180] [SQLiFuzz c25] Response status: 200
[18:24:37.181] [SQLiFuzz c25] Response URL: http://localhost:8081/a2_filtered_post.php
[18:24:37.181] [SQLiFuzz c25] Was redirected: False
[18:24:37.181] [SQLiFuzz c25] Getting response: 
<!doctype html>

<html>

<body>

<form method="POST">

  <label>User ID: <input type="text" name="id"></label>

  <input type="submit" name="Submit" value="Submit">

</form>

<pre>INPUT REJECTED</pre>
[18:24:38.182] [SQLAnalysis] Read 1 new lines from SQL log file.
[18:24:38.183] [SQLAnalysis] Appended 1 parsed entries.
[18:24:38.184] [SQLAnalysis c25] Extracted 746 Logs 2026-10-02 22:24:38.184428: [{'timestamp': '2026-10-02 22:24:37,164332', 'level': 'INFO', 'ip': '172.18.0.5', 'port': 49698, 'sql': 'USE db *#*#OK'}]
[18:24:38.184] [SQLAnalysis c25] Updated param pairs: {'looked_value': '/'}
[18:24:38.184] [SQLAnalysis c25] Looked timestamp 2026-10-02 22:24:37.148448 -- 2026-10-02 22:24:37.175849
[18:24:38.193] [SQLAnalysis c25] query_array to be checked: ['use', 'db']
[18:24:38.193] [SQLAnalysis c25] normalized_query_array: ['use', 'db']
[18:24:38.193] [SQLiFuzz c25] No weird chars exist: POST http://localhost:8081/a2_filtered_post.php | ['[string (False)(None)] Sec-Fetch-Dest=document', '[string (False)(None)] Sec-Fetch-Mode=navigate', '[string (False)(None)] Sec-Fetch-Site=same-origin', '[string (False)(None)] Sec-Fetch-User=?1', '[string (False)(None)] Priority=u=0, i', '[url (False)(None)] path0=a2_filtered_post.php', '[int (False)(None)] id=/', '[string (False)(None)] Submit=Submit'] | None
[18:24:38.194] [SQLiFuzz 01e] Getting prepared_target_request with ID dcc for test_SQLi iteration 44/70
[18:24:38.194] [SQLiFuzz dcc] chosen_idx: 2 from 8
[18:24:38.194] [HTTPREQUEST dcc] Getting matched paramval from found values: ['?1', '1']
[18:24:38.194] [HTTPREQUEST dcc] Found matched paramval: [string (False)(None)] Sec-Fetch-User=?1
[18:24:38.194] [HTTPREQUEST dcc] Found matched paramval: [int (False)(None)] id=1
[18:24:38.194] [SQLiFuzz dcc] Prioritize to fuzz matched SQL value first: [int (False)(None)] id=1
[18:24:38.194] [SQLiFuzz dcc] Mutation applied. old='1' char='$' strategy='random' new='$1'
[18:24:38.195] [HTTPREQUEST dcc] Update url and body param from paramvals:
[18:24:38.195] [HTTPREQUEST None] New post_data_encoded: Submit=Submit&id=%241
[18:24:38.195] [HTTPREQUEST None] New param encoded: 
[18:24:38.195] [GENERALFUNCTION dcc] ---SENDING THE REQUEST [1790979878-74401b96-7405-4d8b-893f-ec9e6434cdcc] TO : [POST] http://localhost:8081/a2_filtered_post.php
[18:24:38.195] [GENERALFUNCTION dcc] Post data encoded: Submit=Submit&id=%241
[18:24:38.195] [GENERALFUNCTION dcc] Adjusted Content-Length to 21
[18:24:38.195] [GENERALFUNCTION dcc] Adjusted Origin to http://localhost:8081
[18:24:38.196] [GENERALFUNCTION dcc] Adjusted Referer to http://localhost:8081/a2_filtered_post.php
[18:24:38.196] [GENERALFUNCTION dcc] DEBUG OUTGOING request.full_url: http://localhost:8081/a2_filtered_post.php
[18:24:38.196] [GENERALFUNCTION dcc] DEBUG OUTGOING headers: {'Host': 'localhost:8081', 'User-Agent': 'Mozilla/5.0 (X11; Ubuntu; Linux x86_64; rv:155.0) Gecko/20100101 Firefox/155.0', 'Accept': 'text/html,application/xhtml+xml,application/xml;q=0.9,*/*;q=0.8', 'Accept-Language': 'en-US,en;q=0.9', 'Accept-Encoding': 'gzip, deflate, br, zstd', 'Content-Type': 'application/x-www-form-urlencoded', 'Content-Length': '21', 'Origin': 'http://localhost:8081', 'Connection': 'keep-alive', 'Referer': 'http://localhost:8081/a2_filtered_post.php', 'Cookie': 'PHPSESSID=89cdc0e04f8a7ffd78d8067977376dc9; security=impossible', 'Upgrade-Insecure-Requests': '1', 'Sec-Fetch-Dest': 'document', 'Sec-Fetch-Mode': 'navigate', 'Sec-Fetch-Site': 'same-origin', 'Sec-Fetch-User': '?1', 'Priority': 'u=0, i'}
[18:24:38.196] [GENERALFUNCTION dcc] DEBUG OUTGOING post_data_encoded (truncated): Submit=Submit&id=%241
[18:24:38.196] [GENERALFUNCTION dcc] DEBUG OUTGOING body_param_dict: {'Submit': 'Submit', 'id': '$1'}
[18:24:38.236] [SQLiFuzz dcc] Response status: 200
[18:24:38.237] [SQLiFuzz dcc] Response URL: http://localhost:8081/a2_filtered_post.php
[18:24:38.237] [SQLiFuzz dcc] Was redirected: False
[18:24:38.237] [SQLiFuzz dcc] Getting response: 
<!doctype html>

<html>

<body>

<form method="POST">

  <label>User ID: <input type="text" name="id"></label>

  <input type="submit" name="Submit" value="Submit">

</form>

<pre>INPUT REJECTED</pre>
[18:24:39.238] [SQLAnalysis] Read 1 new lines from SQL log file.
[18:24:39.238] [SQLAnalysis] Appended 1 parsed entries.
[18:24:39.238] [SQLAnalysis dcc] Extracted 747 Logs 2026-10-02 22:24:39.238573: [{'timestamp': '2026-10-02 22:24:38,217442', 'level': 'INFO', 'ip': '172.18.0.5', 'port': 49722, 'sql': 'USE db *#*#OK'}]
[18:24:39.238] [SQLAnalysis dcc] Updated param pairs: {'looked_value': '$1'}
[18:24:39.238] [SQLAnalysis dcc] Looked timestamp 2026-10-02 22:24:38.196510 -- 2026-10-02 22:24:38.230638
[18:24:39.249] [SQLAnalysis dcc] query_array to be checked: ['use', 'db']
[18:24:39.249] [SQLAnalysis dcc] normalized_query_array: ['use', 'db']
[18:24:39.249] [SQLiFuzz dcc] No weird chars exist: POST http://localhost:8081/a2_filtered_post.php | ['[string (False)(None)] Sec-Fetch-Dest=document', '[string (False)(None)] Sec-Fetch-Mode=navigate', '[string (False)(None)] Sec-Fetch-Site=same-origin', '[string (False)(None)] Sec-Fetch-User=?1', '[string (False)(None)] Priority=u=0, i', '[url (False)(None)] path0=a2_filtered_post.php', '[int (False)(None)] id=$1', '[string (False)(None)] Submit=Submit'] | None
[18:24:39.251] [SQLiFuzz 01e] Getting prepared_target_request with ID 842 for test_SQLi iteration 45/70
[18:24:39.251] [SQLiFuzz 842] chosen_idx: 3 from 8
[18:24:39.252] [HTTPREQUEST 842] Getting matched paramval from found values: ['?1', '1']
[18:24:39.252] [HTTPREQUEST 842] Found matched paramval: [string (False)(None)] Sec-Fetch-User=?1
[18:24:39.252] [HTTPREQUEST 842] Found matched paramval: [int (False)(None)] id=1
[18:24:39.252] [SQLiFuzz 842] Prioritize to fuzz matched SQL value first: [int (False)(None)] id=1
[18:24:39.252] [SQLiFuzz 842] Mutation applied. old='1' char='}' strategy='random' new='1}'
[18:24:39.252] [HTTPREQUEST 842] Update url and body param from paramvals:
[18:24:39.252] [HTTPREQUEST None] New post_data_encoded: Submit=Submit&id=1%7D
[18:24:39.252] [HTTPREQUEST None] New param encoded: 
[18:24:39.252] [GENERALFUNCTION 842] ---SENDING THE REQUEST [1790979879-2253da2b-e363-4ec3-9302-bf2895aec842] TO : [POST] http://localhost:8081/a2_filtered_post.php
[18:24:39.252] [GENERALFUNCTION 842] Post data encoded: Submit=Submit&id=1%7D
[18:24:39.253] [GENERALFUNCTION 842] Adjusted Content-Length to 21
[18:24:39.253] [GENERALFUNCTION 842] Adjusted Origin to http://localhost:8081
[18:24:39.253] [GENERALFUNCTION 842] Adjusted Referer to http://localhost:8081/a2_filtered_post.php
[18:24:39.253] [GENERALFUNCTION 842] DEBUG OUTGOING request.full_url: http://localhost:8081/a2_filtered_post.php
[18:24:39.253] [GENERALFUNCTION 842] DEBUG OUTGOING headers: {'Host': 'localhost:8081', 'User-Agent': 'Mozilla/5.0 (X11; Ubuntu; Linux x86_64; rv:155.0) Gecko/20100101 Firefox/155.0', 'Accept': 'text/html,application/xhtml+xml,application/xml;q=0.9,*/*;q=0.8', 'Accept-Language': 'en-US,en;q=0.9', 'Accept-Encoding': 'gzip, deflate, br, zstd', 'Content-Type': 'application/x-www-form-urlencoded', 'Content-Length': '21', 'Origin': 'http://localhost:8081', 'Connection': 'keep-alive', 'Referer': 'http://localhost:8081/a2_filtered_post.php', 'Cookie': 'PHPSESSID=89cdc0e04f8a7ffd78d8067977376dc9; security=impossible', 'Upgrade-Insecure-Requests': '1', 'Sec-Fetch-Dest': 'document', 'Sec-Fetch-Mode': 'navigate', 'Sec-Fetch-Site': 'same-origin', 'Sec-Fetch-User': '?1', 'Priority': 'u=0, i'}
[18:24:39.253] [GENERALFUNCTION 842] DEBUG OUTGOING post_data_encoded (truncated): Submit=Submit&id=1%7D
[18:24:39.253] [GENERALFUNCTION 842] DEBUG OUTGOING body_param_dict: {'Submit': 'Submit', 'id': '1}'}
[18:24:39.284] [SQLiFuzz 842] Response status: 200
[18:24:39.284] [SQLiFuzz 842] Response URL: http://localhost:8081/a2_filtered_post.php
[18:24:39.284] [SQLiFuzz 842] Was redirected: False
[18:24:39.284] [SQLiFuzz 842] Getting response: 
<!doctype html>

<html>

<body>

<form method="POST">

  <label>User ID: <input type="text" name="id"></label>

  <input type="submit" name="Submit" value="Submit">

</form>

<pre>INPUT REJECTED</pre>
[18:24:40.285] [SQLAnalysis] Read 1 new lines from SQL log file.
[18:24:40.285] [SQLAnalysis] Appended 1 parsed entries.
[18:24:40.285] [SQLAnalysis 842] Extracted 748 Logs 2026-10-02 22:24:40.285691: [{'timestamp': '2026-10-02 22:24:39,271581', 'level': 'INFO', 'ip': '172.18.0.5', 'port': 49746, 'sql': 'USE db *#*#OK'}]
[18:24:40.286] [SQLAnalysis 842] Updated param pairs: {'looked_value': '1}'}
[18:24:40.286] [SQLAnalysis 842] Looked timestamp 2026-10-02 22:24:39.253757 -- 2026-10-02 22:24:39.280759
[18:24:40.309] [SQLAnalysis 842] query_array to be checked: ['use', 'db']
[18:24:40.310] [SQLAnalysis 842] normalized_query_array: ['use', 'db']
[18:24:40.310] [SQLiFuzz 842] No weird chars exist: POST http://localhost:8081/a2_filtered_post.php | ['[string (False)(None)] Sec-Fetch-Dest=document', '[string (False)(None)] Sec-Fetch-Mode=navigate', '[string (False)(None)] Sec-Fetch-Site=same-origin', '[string (False)(None)] Sec-Fetch-User=?1', '[string (False)(None)] Priority=u=0, i', '[url (False)(None)] path0=a2_filtered_post.php', '[int (False)(None)] id=1}', '[string (False)(None)] Submit=Submit'] | None
[18:24:40.310] [SQLiFuzz 01e] Getting prepared_target_request with ID be9 for test_SQLi iteration 46/70
[18:24:40.310] [SQLiFuzz be9] chosen_idx: 3 from 8
[18:24:40.310] [HTTPREQUEST be9] Getting matched paramval from found values: ['?1', '1']
[18:24:40.310] [HTTPREQUEST be9] Found matched paramval: [string (False)(None)] Sec-Fetch-User=?1
[18:24:40.310] [HTTPREQUEST be9] Found matched paramval: [int (False)(None)] id=1
[18:24:40.310] [SQLiFuzz be9] Prioritize to fuzz matched SQL value first: [int (False)(None)] id=1
[18:24:40.310] [SQLiFuzz be9] Mutation applied. old='1' char='$' strategy='tail' new='1$'
[18:24:40.310] [HTTPREQUEST be9] Update url and body param from paramvals:
[18:24:40.310] [HTTPREQUEST None] New post_data_encoded: Submit=Submit&id=1%24
[18:24:40.311] [HTTPREQUEST None] New param encoded: 
[18:24:40.311] [GENERALFUNCTION be9] ---SENDING THE REQUEST [1790979880-8acd0256-b1e7-467c-b3ba-b75a90f86be9] TO : [POST] http://localhost:8081/a2_filtered_post.php
[18:24:40.311] [GENERALFUNCTION be9] Post data encoded: Submit=Submit&id=1%24
[18:24:40.311] [GENERALFUNCTION be9] Adjusted Content-Length to 21
[18:24:40.311] [GENERALFUNCTION be9] Adjusted Origin to http://localhost:8081
[18:24:40.311] [GENERALFUNCTION be9] Adjusted Referer to http://localhost:8081/a2_filtered_post.php
[18:24:40.311] [GENERALFUNCTION be9] DEBUG OUTGOING request.full_url: http://localhost:8081/a2_filtered_post.php
[18:24:40.311] [GENERALFUNCTION be9] DEBUG OUTGOING headers: {'Host': 'localhost:8081', 'User-Agent': 'Mozilla/5.0 (X11; Ubuntu; Linux x86_64; rv:155.0) Gecko/20100101 Firefox/155.0', 'Accept': 'text/html,application/xhtml+xml,application/xml;q=0.9,*/*;q=0.8', 'Accept-Language': 'en-US,en;q=0.9', 'Accept-Encoding': 'gzip, deflate, br, zstd', 'Content-Type': 'application/x-www-form-urlencoded', 'Content-Length': '21', 'Origin': 'http://localhost:8081', 'Connection': 'keep-alive', 'Referer': 'http://localhost:8081/a2_filtered_post.php', 'Cookie': 'PHPSESSID=89cdc0e04f8a7ffd78d8067977376dc9; security=impossible', 'Upgrade-Insecure-Requests': '1', 'Sec-Fetch-Dest': 'document', 'Sec-Fetch-Mode': 'navigate', 'Sec-Fetch-Site': 'same-origin', 'Sec-Fetch-User': '?1', 'Priority': 'u=0, i'}
[18:24:40.311] [GENERALFUNCTION be9] DEBUG OUTGOING post_data_encoded (truncated): Submit=Submit&id=1%24
[18:24:40.311] [GENERALFUNCTION be9] DEBUG OUTGOING body_param_dict: {'Submit': 'Submit', 'id': '1$'}
[18:24:40.337] [SQLiFuzz be9] Response status: 200
[18:24:40.337] [SQLiFuzz be9] Response URL: http://localhost:8081/a2_filtered_post.php
[18:24:40.337] [SQLiFuzz be9] Was redirected: False
[18:24:40.337] [SQLiFuzz be9] Getting response: 
<!doctype html>

<html>

<body>

<form method="POST">

  <label>User ID: <input type="text" name="id"></label>

  <input type="submit" name="Submit" value="Submit">

</form>

<pre>INPUT REJECTED</pre>
[18:24:41.338] [SQLAnalysis] Read 1 new lines from SQL log file.
[18:24:41.339] [SQLAnalysis] Appended 1 parsed entries.
[18:24:41.339] [SQLAnalysis be9] Extracted 749 Logs 2026-10-02 22:24:41.339534: [{'timestamp': '2026-10-02 22:24:40,326129', 'level': 'INFO', 'ip': '172.18.0.5', 'port': 49766, 'sql': 'USE db *#*#OK'}]
[18:24:41.339] [SQLAnalysis be9] Updated param pairs: {'looked_value': '1$'}
[18:24:41.339] [SQLAnalysis be9] Looked timestamp 2026-10-02 22:24:40.311953 -- 2026-10-02 22:24:40.333119
[18:24:41.348] [SQLAnalysis be9] query_array to be checked: ['use', 'db']
[18:24:41.348] [SQLAnalysis be9] normalized_query_array: ['use', 'db']
[18:24:41.348] [SQLiFuzz be9] No weird chars exist: POST http://localhost:8081/a2_filtered_post.php | ['[string (False)(None)] Sec-Fetch-Dest=document', '[string (False)(None)] Sec-Fetch-Mode=navigate', '[string (False)(None)] Sec-Fetch-Site=same-origin', '[string (False)(None)] Sec-Fetch-User=?1', '[string (False)(None)] Priority=u=0, i', '[url (False)(None)] path0=a2_filtered_post.php', '[int (False)(None)] id=1$', '[string (False)(None)] Submit=Submit'] | None
[18:24:41.349] [SQLiFuzz 01e] Getting prepared_target_request with ID a91 for test_SQLi iteration 47/70
[18:24:41.349] [SQLiFuzz a91] chosen_idx: 4 from 8
[18:24:41.349] [HTTPREQUEST a91] Getting matched paramval from found values: ['?1', '1']
[18:24:41.349] [HTTPREQUEST a91] Found matched paramval: [string (False)(None)] Sec-Fetch-User=?1
[18:24:41.349] [HTTPREQUEST a91] Found matched paramval: [int (False)(None)] id=1
[18:24:41.349] [SQLiFuzz a91] Prioritize to fuzz matched SQL value first: [int (False)(None)] id=1
[18:24:41.349] [SQLiFuzz a91] Mutation applied. old='1' char='+' strategy='random' new='+1'
[18:24:41.349] [HTTPREQUEST a91] Update url and body param from paramvals:
[18:24:41.349] [HTTPREQUEST None] New post_data_encoded: Submit=Submit&id=%2B1
[18:24:41.349] [HTTPREQUEST None] New param encoded: 
[18:24:41.349] [GENERALFUNCTION a91] ---SENDING THE REQUEST [1790979881-0316e655-26c4-4069-b927-868bbb6c6a91] TO : [POST] http://localhost:8081/a2_filtered_post.php
[18:24:41.349] [GENERALFUNCTION a91] Post data encoded: Submit=Submit&id=%2B1
[18:24:41.349] [GENERALFUNCTION a91] Adjusted Content-Length to 21
[18:24:41.350] [GENERALFUNCTION a91] Adjusted Origin to http://localhost:8081
[18:24:41.350] [GENERALFUNCTION a91] Adjusted Referer to http://localhost:8081/a2_filtered_post.php
[18:24:41.350] [GENERALFUNCTION a91] DEBUG OUTGOING request.full_url: http://localhost:8081/a2_filtered_post.php
[18:24:41.350] [GENERALFUNCTION a91] DEBUG OUTGOING headers: {'Host': 'localhost:8081', 'User-Agent': 'Mozilla/5.0 (X11; Ubuntu; Linux x86_64; rv:155.0) Gecko/20100101 Firefox/155.0', 'Accept': 'text/html,application/xhtml+xml,application/xml;q=0.9,*/*;q=0.8', 'Accept-Language': 'en-US,en;q=0.9', 'Accept-Encoding': 'gzip, deflate, br, zstd', 'Content-Type': 'application/x-www-form-urlencoded', 'Content-Length': '21', 'Origin': 'http://localhost:8081', 'Connection': 'keep-alive', 'Referer': 'http://localhost:8081/a2_filtered_post.php', 'Cookie': 'PHPSESSID=89cdc0e04f8a7ffd78d8067977376dc9; security=impossible', 'Upgrade-Insecure-Requests': '1', 'Sec-Fetch-Dest': 'document', 'Sec-Fetch-Mode': 'navigate', 'Sec-Fetch-Site': 'same-origin', 'Sec-Fetch-User': '?1', 'Priority': 'u=0, i'}
[18:24:41.350] [GENERALFUNCTION a91] DEBUG OUTGOING post_data_encoded (truncated): Submit=Submit&id=%2B1
[18:24:41.350] [GENERALFUNCTION a91] DEBUG OUTGOING body_param_dict: {'Submit': 'Submit', 'id': '+1'}
[18:24:41.386] [SQLiFuzz a91] Response status: 200
[18:24:41.387] [SQLiFuzz a91] Response URL: http://localhost:8081/a2_filtered_post.php
[18:24:41.387] [SQLiFuzz a91] Was redirected: False
[18:24:41.387] [SQLiFuzz a91] Getting response: 
<!doctype html>

<html>

<body>

<form method="POST">

  <label>User ID: <input type="text" name="id"></label>

  <input type="submit" name="Submit" value="Submit">

</form>

<pre>INPUT REJECTED</pre>
[18:24:42.388] [SQLAnalysis] Read 1 new lines from SQL log file.
[18:24:42.388] [SQLAnalysis] Appended 1 parsed entries.
[18:24:42.388] [SQLAnalysis a91] Extracted 750 Logs 2026-10-02 22:24:42.388858: [{'timestamp': '2026-10-02 22:24:41,369596', 'level': 'INFO', 'ip': '172.18.0.5', 'port': 49784, 'sql': 'USE db *#*#OK'}]
[18:24:42.389] [SQLAnalysis a91] Updated param pairs: {'looked_value': '+1'}
[18:24:42.389] [SQLAnalysis a91] Looked timestamp 2026-10-02 22:24:41.350399 -- 2026-10-02 22:24:41.380887
[18:24:42.396] [SQLAnalysis a91] query_array to be checked: ['use', 'db']
[18:24:42.396] [SQLAnalysis a91] normalized_query_array: ['use', 'db']
[18:24:42.396] [SQLiFuzz a91] No weird chars exist: POST http://localhost:8081/a2_filtered_post.php | ['[string (False)(None)] Sec-Fetch-Dest=document', '[string (False)(None)] Sec-Fetch-Mode=navigate', '[string (False)(None)] Sec-Fetch-Site=same-origin', '[string (False)(None)] Sec-Fetch-User=?1', '[string (False)(None)] Priority=u=0, i', '[url (False)(None)] path0=a2_filtered_post.php', '[int (False)(None)] id=+1', '[string (False)(None)] Submit=Submit'] | None
[18:24:42.397] [SQLiFuzz 01e] Getting prepared_target_request with ID ff6 for test_SQLi iteration 48/70
[18:24:42.397] [SQLiFuzz ff6] chosen_idx: 0 from 8
[18:24:42.397] [HTTPREQUEST ff6] Getting matched paramval from found values: ['?1', '1']
[18:24:42.397] [HTTPREQUEST ff6] Found matched paramval: [string (False)(None)] Sec-Fetch-User=?1
[18:24:42.397] [HTTPREQUEST ff6] Found matched paramval: [int (False)(None)] id=1
[18:24:42.397] [SQLiFuzz ff6] Prioritize to fuzz matched SQL value first: [int (False)(None)] id=1
[18:24:42.397] [SQLiFuzz ff6] Mutation applied. old='1' char='\' strategy='random' new='\1'
[18:24:42.397] [HTTPREQUEST ff6] Update url and body param from paramvals:
[18:24:42.397] [HTTPREQUEST None] New post_data_encoded: Submit=Submit&id=%5C1
[18:24:42.397] [HTTPREQUEST None] New param encoded: 
[18:24:42.397] [GENERALFUNCTION ff6] ---SENDING THE REQUEST [1790979882-85c73e7a-aa87-4338-9374-0a8d02552ff6] TO : [POST] http://localhost:8081/a2_filtered_post.php
[18:24:42.398] [GENERALFUNCTION ff6] Post data encoded: Submit=Submit&id=%5C1
[18:24:42.398] [GENERALFUNCTION ff6] Adjusted Content-Length to 21
[18:24:42.398] [GENERALFUNCTION ff6] Adjusted Origin to http://localhost:8081
[18:24:42.398] [GENERALFUNCTION ff6] Adjusted Referer to http://localhost:8081/a2_filtered_post.php
[18:24:42.398] [GENERALFUNCTION ff6] DEBUG OUTGOING request.full_url: http://localhost:8081/a2_filtered_post.php
[18:24:42.398] [GENERALFUNCTION ff6] DEBUG OUTGOING headers: {'Host': 'localhost:8081', 'User-Agent': 'Mozilla/5.0 (X11; Ubuntu; Linux x86_64; rv:155.0) Gecko/20100101 Firefox/155.0', 'Accept': 'text/html,application/xhtml+xml,application/xml;q=0.9,*/*;q=0.8', 'Accept-Language': 'en-US,en;q=0.9', 'Accept-Encoding': 'gzip, deflate, br, zstd', 'Content-Type': 'application/x-www-form-urlencoded', 'Content-Length': '21', 'Origin': 'http://localhost:8081', 'Connection': 'keep-alive', 'Referer': 'http://localhost:8081/a2_filtered_post.php', 'Cookie': 'PHPSESSID=89cdc0e04f8a7ffd78d8067977376dc9; security=impossible', 'Upgrade-Insecure-Requests': '1', 'Sec-Fetch-Dest': 'document', 'Sec-Fetch-Mode': 'navigate', 'Sec-Fetch-Site': 'same-origin', 'Sec-Fetch-User': '?1', 'Priority': 'u=0, i'}
[18:24:42.398] [GENERALFUNCTION ff6] DEBUG OUTGOING post_data_encoded (truncated): Submit=Submit&id=%5C1
[18:24:42.398] [GENERALFUNCTION ff6] DEBUG OUTGOING body_param_dict: {'Submit': 'Submit', 'id': '\\1'}
[18:24:42.429] [SQLiFuzz ff6] Response status: 200
[18:24:42.429] [SQLiFuzz ff6] Response URL: http://localhost:8081/a2_filtered_post.php
[18:24:42.430] [SQLiFuzz ff6] Was redirected: False
[18:24:42.430] [SQLiFuzz ff6] Getting response: 
<!doctype html>

<html>

<body>

<form method="POST">

  <label>User ID: <input type="text" name="id"></label>

  <input type="submit" name="Submit" value="Submit">

</form>

<pre>INPUT REJECTED</pre>
[18:24:43.431] [SQLAnalysis] Read 1 new lines from SQL log file.
[18:24:43.431] [SQLAnalysis] Appended 1 parsed entries.
[18:24:43.431] [SQLAnalysis ff6] Extracted 751 Logs 2026-10-02 22:24:43.431735: [{'timestamp': '2026-10-02 22:24:42,415939', 'level': 'INFO', 'ip': '172.18.0.5', 'port': 52120, 'sql': 'USE db *#*#OK'}]
[18:24:43.431] [SQLAnalysis ff6] Updated param pairs: {'looked_value': '\\1'}
[18:24:43.432] [SQLAnalysis ff6] Looked timestamp 2026-10-02 22:24:42.398553 -- 2026-10-02 22:24:42.425442
[18:24:43.442] [SQLAnalysis ff6] query_array to be checked: ['use', 'db']
[18:24:43.442] [SQLAnalysis ff6] normalized_query_array: ['use', 'db']
[18:24:43.442] [SQLiFuzz ff6] No weird chars exist: POST http://localhost:8081/a2_filtered_post.php | ['[string (False)(None)] Sec-Fetch-Dest=document', '[string (False)(None)] Sec-Fetch-Mode=navigate', '[string (False)(None)] Sec-Fetch-Site=same-origin', '[string (False)(None)] Sec-Fetch-User=?1', '[string (False)(None)] Priority=u=0, i', '[url (False)(None)] path0=a2_filtered_post.php', '[int (False)(None)] id=\\1', '[string (False)(None)] Submit=Submit'] | None
[18:24:43.443] [SQLiFuzz 01e] Getting prepared_target_request with ID e36 for test_SQLi iteration 49/70
[18:24:43.443] [SQLiFuzz e36] chosen_idx: 1 from 8
[18:24:43.443] [HTTPREQUEST e36] Getting matched paramval from found values: ['?1', '1']
[18:24:43.443] [HTTPREQUEST e36] Found matched paramval: [string (False)(None)] Sec-Fetch-User=?1
[18:24:43.443] [HTTPREQUEST e36] Found matched paramval: [int (False)(None)] id=1
[18:24:43.443] [SQLiFuzz e36] Prioritize to fuzz matched SQL value first: [int (False)(None)] id=1
[18:24:43.443] [SQLiFuzz e36] Mutation applied. old='1' char='{' strategy='front' new='{1'
[18:24:43.443] [HTTPREQUEST e36] Update url and body param from paramvals:
[18:24:43.444] [HTTPREQUEST None] New post_data_encoded: Submit=Submit&id=%7B1
[18:24:43.444] [HTTPREQUEST None] New param encoded: 
[18:24:43.444] [GENERALFUNCTION e36] ---SENDING THE REQUEST [1790979883-8bb4d865-47d5-4314-955c-89d35b994e36] TO : [POST] http://localhost:8081/a2_filtered_post.php
[18:24:43.444] [GENERALFUNCTION e36] Post data encoded: Submit=Submit&id=%7B1
[18:24:43.444] [GENERALFUNCTION e36] Adjusted Content-Length to 21
[18:24:43.444] [GENERALFUNCTION e36] Adjusted Origin to http://localhost:8081
[18:24:43.444] [GENERALFUNCTION e36] Adjusted Referer to http://localhost:8081/a2_filtered_post.php
[18:24:43.444] [GENERALFUNCTION e36] DEBUG OUTGOING request.full_url: http://localhost:8081/a2_filtered_post.php
[18:24:43.444] [GENERALFUNCTION e36] DEBUG OUTGOING headers: {'Host': 'localhost:8081', 'User-Agent': 'Mozilla/5.0 (X11; Ubuntu; Linux x86_64; rv:155.0) Gecko/20100101 Firefox/155.0', 'Accept': 'text/html,application/xhtml+xml,application/xml;q=0.9,*/*;q=0.8', 'Accept-Language': 'en-US,en;q=0.9', 'Accept-Encoding': 'gzip, deflate, br, zstd', 'Content-Type': 'application/x-www-form-urlencoded', 'Content-Length': '21', 'Origin': 'http://localhost:8081', 'Connection': 'keep-alive', 'Referer': 'http://localhost:8081/a2_filtered_post.php', 'Cookie': 'PHPSESSID=89cdc0e04f8a7ffd78d8067977376dc9; security=impossible', 'Upgrade-Insecure-Requests': '1', 'Sec-Fetch-Dest': 'document', 'Sec-Fetch-Mode': 'navigate', 'Sec-Fetch-Site': 'same-origin', 'Sec-Fetch-User': '?1', 'Priority': 'u=0, i'}
[18:24:43.444] [GENERALFUNCTION e36] DEBUG OUTGOING post_data_encoded (truncated): Submit=Submit&id=%7B1
[18:24:43.444] [GENERALFUNCTION e36] DEBUG OUTGOING body_param_dict: {'Submit': 'Submit', 'id': '{1'}
[18:24:43.469] [SQLiFuzz e36] Response status: 200
[18:24:43.469] [SQLiFuzz e36] Response URL: http://localhost:8081/a2_filtered_post.php
[18:24:43.469] [SQLiFuzz e36] Was redirected: False
[18:24:43.470] [SQLiFuzz e36] Getting response: 
<!doctype html>

<html>

<body>

<form method="POST">

  <label>User ID: <input type="text" name="id"></label>

  <input type="submit" name="Submit" value="Submit">

</form>

<pre>INPUT REJECTED</pre>
[18:24:44.470] [SQLAnalysis] Read 1 new lines from SQL log file.
[18:24:44.470] [SQLAnalysis] Appended 1 parsed entries.
[18:24:44.470] [SQLAnalysis e36] Extracted 752 Logs 2026-10-02 22:24:44.470799: [{'timestamp': '2026-10-02 22:24:43,458055', 'level': 'INFO', 'ip': '172.18.0.5', 'port': 52138, 'sql': 'USE db *#*#OK'}]
[18:24:44.470] [SQLAnalysis e36] Updated param pairs: {'looked_value': '{1'}
[18:24:44.470] [SQLAnalysis e36] Looked timestamp 2026-10-02 22:24:43.444923 -- 2026-10-02 22:24:43.465556
[18:24:44.475] [SQLAnalysis e36] query_array to be checked: ['use', 'db']
[18:24:44.476] [SQLAnalysis e36] normalized_query_array: ['use', 'db']
[18:24:44.476] [SQLiFuzz e36] No weird chars exist: POST http://localhost:8081/a2_filtered_post.php | ['[string (False)(None)] Sec-Fetch-Dest=document', '[string (False)(None)] Sec-Fetch-Mode=navigate', '[string (False)(None)] Sec-Fetch-Site=same-origin', '[string (False)(None)] Sec-Fetch-User=?1', '[string (False)(None)] Priority=u=0, i', '[url (False)(None)] path0=a2_filtered_post.php', '[int (False)(None)] id={1', '[string (False)(None)] Submit=Submit'] | None
[18:24:44.477] [SQLiFuzz 01e] Getting prepared_target_request with ID e88 for test_SQLi iteration 50/70
[18:24:44.477] [SQLiFuzz e88] chosen_idx: 4 from 8
[18:24:44.477] [HTTPREQUEST e88] Getting matched paramval from found values: ['?1', '1']
[18:24:44.477] [HTTPREQUEST e88] Found matched paramval: [string (False)(None)] Sec-Fetch-User=?1
[18:24:44.477] [HTTPREQUEST e88] Found matched paramval: [int (False)(None)] id=1
[18:24:44.477] [SQLiFuzz e88] Prioritize to fuzz matched SQL value first: [int (False)(None)] id=1
[18:24:44.477] [SQLiFuzz e88] Mutation applied. old='1' char='>' strategy='front' new='>1'
[18:24:44.477] [HTTPREQUEST e88] Update url and body param from paramvals:
[18:24:44.477] [HTTPREQUEST None] New post_data_encoded: Submit=Submit&id=%3E1
[18:24:44.477] [HTTPREQUEST None] New param encoded: 
[18:24:44.477] [GENERALFUNCTION e88] ---SENDING THE REQUEST [1790979884-8394e648-aa2b-4d6b-95dc-7dbea2304e88] TO : [POST] http://localhost:8081/a2_filtered_post.php
[18:24:44.477] [GENERALFUNCTION e88] Post data encoded: Submit=Submit&id=%3E1
[18:24:44.477] [GENERALFUNCTION e88] Adjusted Content-Length to 21
[18:24:44.477] [GENERALFUNCTION e88] Adjusted Origin to http://localhost:8081
[18:24:44.477] [GENERALFUNCTION e88] Adjusted Referer to http://localhost:8081/a2_filtered_post.php
[18:24:44.477] [GENERALFUNCTION e88] DEBUG OUTGOING request.full_url: http://localhost:8081/a2_filtered_post.php
[18:24:44.477] [GENERALFUNCTION e88] DEBUG OUTGOING headers: {'Host': 'localhost:8081', 'User-Agent': 'Mozilla/5.0 (X11; Ubuntu; Linux x86_64; rv:155.0) Gecko/20100101 Firefox/155.0', 'Accept': 'text/html,application/xhtml+xml,application/xml;q=0.9,*/*;q=0.8', 'Accept-Language': 'en-US,en;q=0.9', 'Accept-Encoding': 'gzip, deflate, br, zstd', 'Content-Type': 'application/x-www-form-urlencoded', 'Content-Length': '21', 'Origin': 'http://localhost:8081', 'Connection': 'keep-alive', 'Referer': 'http://localhost:8081/a2_filtered_post.php', 'Cookie': 'PHPSESSID=89cdc0e04f8a7ffd78d8067977376dc9; security=impossible', 'Upgrade-Insecure-Requests': '1', 'Sec-Fetch-Dest': 'document', 'Sec-Fetch-Mode': 'navigate', 'Sec-Fetch-Site': 'same-origin', 'Sec-Fetch-User': '?1', 'Priority': 'u=0, i'}
[18:24:44.477] [GENERALFUNCTION e88] DEBUG OUTGOING post_data_encoded (truncated): Submit=Submit&id=%3E1
[18:24:44.477] [GENERALFUNCTION e88] DEBUG OUTGOING body_param_dict: {'Submit': 'Submit', 'id': '>1'}
[18:24:44.496] [SQLiFuzz e88] Response status: 200
[18:24:44.496] [SQLiFuzz e88] Response URL: http://localhost:8081/a2_filtered_post.php
[18:24:44.496] [SQLiFuzz e88] Was redirected: False
[18:24:44.496] [SQLiFuzz e88] Getting response: 
<!doctype html>

<html>

<body>

<form method="POST">

  <label>User ID: <input type="text" name="id"></label>

  <input type="submit" name="Submit" value="Submit">

</form>

<pre>INPUT REJECTED</pre>
[18:24:45.498] [SQLAnalysis] Read 1 new lines from SQL log file.
[18:24:45.499] [SQLAnalysis] Appended 1 parsed entries.
[18:24:45.499] [SQLAnalysis e88] Extracted 753 Logs 2026-10-02 22:24:45.499714: [{'timestamp': '2026-10-02 22:24:44,486004', 'level': 'INFO', 'ip': '172.18.0.5', 'port': 52146, 'sql': 'USE db *#*#OK'}]
[18:24:45.500] [SQLAnalysis e88] Updated param pairs: {'looked_value': '>1'}
[18:24:45.500] [SQLAnalysis e88] Looked timestamp 2026-10-02 22:24:44.477958 -- 2026-10-02 22:24:44.493790
[18:24:45.510] [SQLAnalysis e88] query_array to be checked: ['use', 'db']
[18:24:45.510] [SQLAnalysis e88] normalized_query_array: ['use', 'db']
[18:24:45.510] [SQLiFuzz e88] No weird chars exist: POST http://localhost:8081/a2_filtered_post.php | ['[string (False)(None)] Sec-Fetch-Dest=document', '[string (False)(None)] Sec-Fetch-Mode=navigate', '[string (False)(None)] Sec-Fetch-Site=same-origin', '[string (False)(None)] Sec-Fetch-User=?1', '[string (False)(None)] Priority=u=0, i', '[url (False)(None)] path0=a2_filtered_post.php', '[int (False)(None)] id=>1', '[string (False)(None)] Submit=Submit'] | None
[18:24:45.511] [SQLiFuzz 01e] Getting prepared_target_request with ID e4f for test_SQLi iteration 51/70
[18:24:45.511] [SQLiFuzz e4f] chosen_idx: 2 from 8
[18:24:45.511] [HTTPREQUEST e4f] Getting matched paramval from found values: ['?1', '1']
[18:24:45.511] [HTTPREQUEST e4f] Found matched paramval: [string (False)(None)] Sec-Fetch-User=?1
[18:24:45.512] [HTTPREQUEST e4f] Found matched paramval: [int (False)(None)] id=1
[18:24:45.512] [SQLiFuzz e4f] Prioritize to fuzz matched SQL value first: [int (False)(None)] id=1
[18:24:45.512] [SQLiFuzz e4f] Mutation applied. old='1' char=')' strategy='front' new=')1'
[18:24:45.512] [HTTPREQUEST e4f] Update url and body param from paramvals:
[18:24:45.512] [HTTPREQUEST None] New post_data_encoded: Submit=Submit&id=%291
[18:24:45.512] [HTTPREQUEST None] New param encoded: 
[18:24:45.512] [GENERALFUNCTION e4f] ---SENDING THE REQUEST [1790979885-604aee8f-1bf5-47b8-a510-b2f3f91bae4f] TO : [POST] http://localhost:8081/a2_filtered_post.php
[18:24:45.512] [GENERALFUNCTION e4f] Post data encoded: Submit=Submit&id=%291
[18:24:45.512] [GENERALFUNCTION e4f] Adjusted Content-Length to 21
[18:24:45.512] [GENERALFUNCTION e4f] Adjusted Origin to http://localhost:8081
[18:24:45.512] [GENERALFUNCTION e4f] Adjusted Referer to http://localhost:8081/a2_filtered_post.php
[18:24:45.513] [GENERALFUNCTION e4f] DEBUG OUTGOING request.full_url: http://localhost:8081/a2_filtered_post.php
[18:24:45.513] [GENERALFUNCTION e4f] DEBUG OUTGOING headers: {'Host': 'localhost:8081', 'User-Agent': 'Mozilla/5.0 (X11; Ubuntu; Linux x86_64; rv:155.0) Gecko/20100101 Firefox/155.0', 'Accept': 'text/html,application/xhtml+xml,application/xml;q=0.9,*/*;q=0.8', 'Accept-Language': 'en-US,en;q=0.9', 'Accept-Encoding': 'gzip, deflate, br, zstd', 'Content-Type': 'application/x-www-form-urlencoded', 'Content-Length': '21', 'Origin': 'http://localhost:8081', 'Connection': 'keep-alive', 'Referer': 'http://localhost:8081/a2_filtered_post.php', 'Cookie': 'PHPSESSID=89cdc0e04f8a7ffd78d8067977376dc9; security=impossible', 'Upgrade-Insecure-Requests': '1', 'Sec-Fetch-Dest': 'document', 'Sec-Fetch-Mode': 'navigate', 'Sec-Fetch-Site': 'same-origin', 'Sec-Fetch-User': '?1', 'Priority': 'u=0, i'}
[18:24:45.513] [GENERALFUNCTION e4f] DEBUG OUTGOING post_data_encoded (truncated): Submit=Submit&id=%291
[18:24:45.513] [GENERALFUNCTION e4f] DEBUG OUTGOING body_param_dict: {'Submit': 'Submit', 'id': ')1'}
[18:24:45.704] [SQLiFuzz e4f] Response status: 200
[18:24:45.704] [SQLiFuzz e4f] Response URL: http://localhost:8081/a2_filtered_post.php
[18:24:45.704] [SQLiFuzz e4f] Was redirected: False
[18:24:45.704] [SQLiFuzz e4f] Getting response: 
<!doctype html>

<html>

<body>

<form method="POST">

  <label>User ID: <input type="text" name="id"></label>

  <input type="submit" name="Submit" value="Submit">

</form>

<pre>INPUT REJECTED</pre>
[18:24:46.705] [SQLAnalysis] Read 1 new lines from SQL log file.
[18:24:46.705] [SQLAnalysis] Appended 1 parsed entries.
[18:24:46.705] [SQLAnalysis e4f] Extracted 754 Logs 2026-10-02 22:24:46.705740: [{'timestamp': '2026-10-02 22:24:45,632547', 'level': 'INFO', 'ip': '172.18.0.5', 'port': 52172, 'sql': 'USE db *#*#OK'}]
[18:24:46.705] [SQLAnalysis e4f] Updated param pairs: {'looked_value': ')1'}
[18:24:46.705] [SQLAnalysis e4f] Looked timestamp 2026-10-02 22:24:45.514024 -- 2026-10-02 22:24:45.698773
[18:24:46.709] [SQLAnalysis e4f] query_array to be checked: ['use', 'db']
[18:24:46.710] [SQLAnalysis e4f] normalized_query_array: ['use', 'db']
[18:24:46.710] [SQLiFuzz e4f] No weird chars exist: POST http://localhost:8081/a2_filtered_post.php | ['[string (False)(None)] Sec-Fetch-Dest=document', '[string (False)(None)] Sec-Fetch-Mode=navigate', '[string (False)(None)] Sec-Fetch-Site=same-origin', '[string (False)(None)] Sec-Fetch-User=?1', '[string (False)(None)] Priority=u=0, i', '[url (False)(None)] path0=a2_filtered_post.php', '[int (False)(None)] id=)1', '[string (False)(None)] Submit=Submit'] | None
[18:24:46.710] [SQLiFuzz 01e] Getting prepared_target_request with ID 97d for test_SQLi iteration 52/70
[18:24:46.710] [SQLiFuzz 97d] chosen_idx: 7 from 8
[18:24:46.710] [HTTPREQUEST 97d] Getting matched paramval from found values: ['?1', '1']
[18:24:46.710] [HTTPREQUEST 97d] Found matched paramval: [string (False)(None)] Sec-Fetch-User=?1
[18:24:46.710] [HTTPREQUEST 97d] Found matched paramval: [int (False)(None)] id=1
[18:24:46.710] [SQLiFuzz 97d] Prioritize to fuzz matched SQL value first: [int (False)(None)] id=1
[18:24:46.710] [SQLiFuzz 97d] Mutation applied. old='1' char=',' strategy='front' new=',1'
[18:24:46.710] [HTTPREQUEST 97d] Update url and body param from paramvals:
[18:24:46.710] [HTTPREQUEST None] New post_data_encoded: Submit=Submit&id=%2C1
[18:24:46.710] [HTTPREQUEST None] New param encoded: 
[18:24:46.710] [GENERALFUNCTION 97d] ---SENDING THE REQUEST [1790979886-1881eecd-4017-48a1-a067-67a00dfef97d] TO : [POST] http://localhost:8081/a2_filtered_post.php
[18:24:46.710] [GENERALFUNCTION 97d] Post data encoded: Submit=Submit&id=%2C1
[18:24:46.710] [GENERALFUNCTION 97d] Adjusted Content-Length to 21
[18:24:46.710] [GENERALFUNCTION 97d] Adjusted Origin to http://localhost:8081
[18:24:46.710] [GENERALFUNCTION 97d] Adjusted Referer to http://localhost:8081/a2_filtered_post.php
[18:24:46.710] [GENERALFUNCTION 97d] DEBUG OUTGOING request.full_url: http://localhost:8081/a2_filtered_post.php
[18:24:46.710] [GENERALFUNCTION 97d] DEBUG OUTGOING headers: {'Host': 'localhost:8081', 'User-Agent': 'Mozilla/5.0 (X11; Ubuntu; Linux x86_64; rv:155.0) Gecko/20100101 Firefox/155.0', 'Accept': 'text/html,application/xhtml+xml,application/xml;q=0.9,*/*;q=0.8', 'Accept-Language': 'en-US,en;q=0.9', 'Accept-Encoding': 'gzip, deflate, br, zstd', 'Content-Type': 'application/x-www-form-urlencoded', 'Content-Length': '21', 'Origin': 'http://localhost:8081', 'Connection': 'keep-alive', 'Referer': 'http://localhost:8081/a2_filtered_post.php', 'Cookie': 'PHPSESSID=89cdc0e04f8a7ffd78d8067977376dc9; security=impossible', 'Upgrade-Insecure-Requests': '1', 'Sec-Fetch-Dest': 'document', 'Sec-Fetch-Mode': 'navigate', 'Sec-Fetch-Site': 'same-origin', 'Sec-Fetch-User': '?1', 'Priority': 'u=0, i'}
[18:24:46.710] [GENERALFUNCTION 97d] DEBUG OUTGOING post_data_encoded (truncated): Submit=Submit&id=%2C1
[18:24:46.710] [GENERALFUNCTION 97d] DEBUG OUTGOING body_param_dict: {'Submit': 'Submit', 'id': ',1'}
[18:24:46.733] [SQLiFuzz 97d] Response status: 200
[18:24:46.733] [SQLiFuzz 97d] Response URL: http://localhost:8081/a2_filtered_post.php
[18:24:46.733] [SQLiFuzz 97d] Was redirected: False
[18:24:46.733] [SQLiFuzz 97d] Getting response: 
<!doctype html>

<html>

<body>

<form method="POST">

  <label>User ID: <input type="text" name="id"></label>

  <input type="submit" name="Submit" value="Submit">

</form>

<pre>INPUT REJECTED</pre>
[18:24:47.734] [SQLAnalysis] Read 1 new lines from SQL log file.
[18:24:47.734] [SQLAnalysis] Appended 1 parsed entries.
[18:24:47.734] [SQLAnalysis 97d] Extracted 755 Logs 2026-10-02 22:24:47.734479: [{'timestamp': '2026-10-02 22:24:46,718773', 'level': 'INFO', 'ip': '172.18.0.5', 'port': 52190, 'sql': 'USE db *#*#OK'}]
[18:24:47.734] [SQLAnalysis 97d] Updated param pairs: {'looked_value': ',1'}
[18:24:47.734] [SQLAnalysis 97d] Looked timestamp 2026-10-02 22:24:46.711021 -- 2026-10-02 22:24:46.729136
[18:24:47.738] [SQLAnalysis 97d] query_array to be checked: ['use', 'db']
[18:24:47.739] [SQLAnalysis 97d] normalized_query_array: ['use', 'db']
[18:24:47.739] [SQLiFuzz 97d] No weird chars exist: POST http://localhost:8081/a2_filtered_post.php | ['[string (False)(None)] Sec-Fetch-Dest=document', '[string (False)(None)] Sec-Fetch-Mode=navigate', '[string (False)(None)] Sec-Fetch-Site=same-origin', '[string (False)(None)] Sec-Fetch-User=?1', '[string (False)(None)] Priority=u=0, i', '[url (False)(None)] path0=a2_filtered_post.php', '[int (False)(None)] id=,1', '[string (False)(None)] Submit=Submit'] | None
[18:24:47.739] [SQLiFuzz 01e] Getting prepared_target_request with ID 9b3 for test_SQLi iteration 53/70
[18:24:47.739] [SQLiFuzz 9b3] chosen_idx: 2 from 8
[18:24:47.739] [HTTPREQUEST 9b3] Getting matched paramval from found values: ['?1', '1']
[18:24:47.739] [HTTPREQUEST 9b3] Found matched paramval: [string (False)(None)] Sec-Fetch-User=?1
[18:24:47.739] [HTTPREQUEST 9b3] Found matched paramval: [int (False)(None)] id=1
[18:24:47.740] [SQLiFuzz 9b3] Prioritize to fuzz matched SQL value first: [int (False)(None)] id=1
[18:24:47.740] [SQLiFuzz 9b3] Mutation applied. old='1' char='@' strategy='tail' new='1@'
[18:24:47.740] [HTTPREQUEST 9b3] Update url and body param from paramvals:
[18:24:47.740] [HTTPREQUEST None] New post_data_encoded: Submit=Submit&id=1%40
[18:24:47.740] [HTTPREQUEST None] New param encoded: 
[18:24:47.740] [GENERALFUNCTION 9b3] ---SENDING THE REQUEST [1790979887-38dac8ed-ea15-475f-b7c4-5abb4fcdc9b3] TO : [POST] http://localhost:8081/a2_filtered_post.php
[18:24:47.740] [GENERALFUNCTION 9b3] Post data encoded: Submit=Submit&id=1%40
[18:24:47.740] [GENERALFUNCTION 9b3] Adjusted Content-Length to 21
[18:24:47.740] [GENERALFUNCTION 9b3] Adjusted Origin to http://localhost:8081
[18:24:47.740] [GENERALFUNCTION 9b3] Adjusted Referer to http://localhost:8081/a2_filtered_post.php
[18:24:47.740] [GENERALFUNCTION 9b3] DEBUG OUTGOING request.full_url: http://localhost:8081/a2_filtered_post.php
[18:24:47.740] [GENERALFUNCTION 9b3] DEBUG OUTGOING headers: {'Host': 'localhost:8081', 'User-Agent': 'Mozilla/5.0 (X11; Ubuntu; Linux x86_64; rv:155.0) Gecko/20100101 Firefox/155.0', 'Accept': 'text/html,application/xhtml+xml,application/xml;q=0.9,*/*;q=0.8', 'Accept-Language': 'en-US,en;q=0.9', 'Accept-Encoding': 'gzip, deflate, br, zstd', 'Content-Type': 'application/x-www-form-urlencoded', 'Content-Length': '21', 'Origin': 'http://localhost:8081', 'Connection': 'keep-alive', 'Referer': 'http://localhost:8081/a2_filtered_post.php', 'Cookie': 'PHPSESSID=89cdc0e04f8a7ffd78d8067977376dc9; security=impossible', 'Upgrade-Insecure-Requests': '1', 'Sec-Fetch-Dest': 'document', 'Sec-Fetch-Mode': 'navigate', 'Sec-Fetch-Site': 'same-origin', 'Sec-Fetch-User': '?1', 'Priority': 'u=0, i'}
[18:24:47.741] [GENERALFUNCTION 9b3] DEBUG OUTGOING post_data_encoded (truncated): Submit=Submit&id=1%40
[18:24:47.741] [GENERALFUNCTION 9b3] DEBUG OUTGOING body_param_dict: {'Submit': 'Submit', 'id': '1@'}
[18:24:47.748] [HOOK] Idle monitor: 1 pending tasks, 1 active tasks, idle 1s
[18:24:47.748] [HOOK] Number response: 2 | Memory usage (MB): 86.71875 PID: 58764
[18:24:47.748] [STATS] {'total_req': 2, 'sql_req': 1, 'null_req': 0, 'not_sql_req': 1, 'sql_injection_detected': 0, 'another_sql_error_detected': 0, 'sql_req_not_detected': 0, 'error_req': 0, 'fuzzed_req': 52, 'processing_time_total': 1.5875370000000002, 'processing_time_ave': 0.030529557692307696, 'running_time': 'Not finished yet', 200: 2}
[18:24:47.778] [SQLiFuzz 9b3] Response status: 200
[18:24:47.779] [SQLiFuzz 9b3] Response URL: http://localhost:8081/a2_filtered_post.php
[18:24:47.779] [SQLiFuzz 9b3] Was redirected: False
[18:24:47.779] [SQLiFuzz 9b3] Getting response: 
<!doctype html>

<html>

<body>

<form method="POST">

  <label>User ID: <input type="text" name="id"></label>

  <input type="submit" name="Submit" value="Submit">

</form>

<pre>INPUT REJECTED</pre>
[18:24:48.780] [SQLAnalysis] Read 1 new lines from SQL log file.
[18:24:48.780] [SQLAnalysis] Appended 1 parsed entries.
[18:24:48.780] [SQLAnalysis 9b3] Extracted 756 Logs 2026-10-02 22:24:48.780644: [{'timestamp': '2026-10-02 22:24:47,758465', 'level': 'INFO', 'ip': '172.18.0.5', 'port': 52212, 'sql': 'USE db *#*#OK'}]
[18:24:48.780] [SQLAnalysis 9b3] Updated param pairs: {'looked_value': '1@'}
[18:24:48.780] [SQLAnalysis 9b3] Looked timestamp 2026-10-02 22:24:47.741968 -- 2026-10-02 22:24:47.771664
[18:24:48.791] [SQLAnalysis 9b3] query_array to be checked: ['use', 'db']
[18:24:48.791] [SQLAnalysis 9b3] normalized_query_array: ['use', 'db']
[18:24:48.791] [SQLiFuzz 9b3] No weird chars exist: POST http://localhost:8081/a2_filtered_post.php | ['[string (False)(None)] Sec-Fetch-Dest=document', '[string (False)(None)] Sec-Fetch-Mode=navigate', '[string (False)(None)] Sec-Fetch-Site=same-origin', '[string (False)(None)] Sec-Fetch-User=?1', '[string (False)(None)] Priority=u=0, i', '[url (False)(None)] path0=a2_filtered_post.php', '[int (False)(None)] id=1@', '[string (False)(None)] Submit=Submit'] | None
[18:24:48.792] [SQLiFuzz 01e] Getting prepared_target_request with ID efe for test_SQLi iteration 54/70
[18:24:48.793] [SQLiFuzz efe] chosen_idx: 0 from 8
[18:24:48.793] [HTTPREQUEST efe] Getting matched paramval from found values: ['?1', '1']
[18:24:48.793] [HTTPREQUEST efe] Found matched paramval: [string (False)(None)] Sec-Fetch-User=?1
[18:24:48.793] [HTTPREQUEST efe] Found matched paramval: [int (False)(None)] id=1
[18:24:48.793] [SQLiFuzz efe] Prioritize to fuzz matched SQL value first: [int (False)(None)] id=1
[18:24:48.793] [SQLiFuzz efe] Mutation applied. old='1' char=':' strategy='front' new=':1'
[18:24:48.793] [HTTPREQUEST efe] Update url and body param from paramvals:
[18:24:48.793] [HTTPREQUEST None] New post_data_encoded: Submit=Submit&id=%3A1
[18:24:48.793] [HTTPREQUEST None] New param encoded: 
[18:24:48.794] [GENERALFUNCTION efe] ---SENDING THE REQUEST [1790979888-5168232d-0f17-4a27-87f5-6f51155a5efe] TO : [POST] http://localhost:8081/a2_filtered_post.php
[18:24:48.794] [GENERALFUNCTION efe] Post data encoded: Submit=Submit&id=%3A1
[18:24:48.794] [GENERALFUNCTION efe] Adjusted Content-Length to 21
[18:24:48.794] [GENERALFUNCTION efe] Adjusted Origin to http://localhost:8081
[18:24:48.794] [GENERALFUNCTION efe] Adjusted Referer to http://localhost:8081/a2_filtered_post.php
[18:24:48.794] [GENERALFUNCTION efe] DEBUG OUTGOING request.full_url: http://localhost:8081/a2_filtered_post.php
[18:24:48.794] [GENERALFUNCTION efe] DEBUG OUTGOING headers: {'Host': 'localhost:8081', 'User-Agent': 'Mozilla/5.0 (X11; Ubuntu; Linux x86_64; rv:155.0) Gecko/20100101 Firefox/155.0', 'Accept': 'text/html,application/xhtml+xml,application/xml;q=0.9,*/*;q=0.8', 'Accept-Language': 'en-US,en;q=0.9', 'Accept-Encoding': 'gzip, deflate, br, zstd', 'Content-Type': 'application/x-www-form-urlencoded', 'Content-Length': '21', 'Origin': 'http://localhost:8081', 'Connection': 'keep-alive', 'Referer': 'http://localhost:8081/a2_filtered_post.php', 'Cookie': 'PHPSESSID=89cdc0e04f8a7ffd78d8067977376dc9; security=impossible', 'Upgrade-Insecure-Requests': '1', 'Sec-Fetch-Dest': 'document', 'Sec-Fetch-Mode': 'navigate', 'Sec-Fetch-Site': 'same-origin', 'Sec-Fetch-User': '?1', 'Priority': 'u=0, i'}
[18:24:48.794] [GENERALFUNCTION efe] DEBUG OUTGOING post_data_encoded (truncated): Submit=Submit&id=%3A1
[18:24:48.794] [GENERALFUNCTION efe] DEBUG OUTGOING body_param_dict: {'Submit': 'Submit', 'id': ':1'}
[18:24:48.834] [SQLiFuzz efe] Response status: 200
[18:24:48.834] [SQLiFuzz efe] Response URL: http://localhost:8081/a2_filtered_post.php
[18:24:48.834] [SQLiFuzz efe] Was redirected: False
[18:24:48.834] [SQLiFuzz efe] Getting response: 
<!doctype html>

<html>

<body>

<form method="POST">

  <label>User ID: <input type="text" name="id"></label>

  <input type="submit" name="Submit" value="Submit">

</form>

<pre>INPUT REJECTED</pre>
[18:24:49.835] [SQLAnalysis] Read 1 new lines from SQL log file.
[18:24:49.835] [SQLAnalysis] Appended 1 parsed entries.
[18:24:49.835] [SQLAnalysis efe] Extracted 757 Logs 2026-10-02 22:24:49.835575: [{'timestamp': '2026-10-02 22:24:48,815271', 'level': 'INFO', 'ip': '172.18.0.5', 'port': 52228, 'sql': 'USE db *#*#OK'}]
[18:24:49.835] [SQLAnalysis efe] Updated param pairs: {'looked_value': ':1'}
[18:24:49.835] [SQLAnalysis efe] Looked timestamp 2026-10-02 22:24:48.794907 -- 2026-10-02 22:24:48.828506
[18:24:49.842] [SQLAnalysis efe] query_array to be checked: ['use', 'db']
[18:24:49.843] [SQLAnalysis efe] normalized_query_array: ['use', 'db']
[18:24:49.843] [SQLiFuzz efe] No weird chars exist: POST http://localhost:8081/a2_filtered_post.php | ['[string (False)(None)] Sec-Fetch-Dest=document', '[string (False)(None)] Sec-Fetch-Mode=navigate', '[string (False)(None)] Sec-Fetch-Site=same-origin', '[string (False)(None)] Sec-Fetch-User=?1', '[string (False)(None)] Priority=u=0, i', '[url (False)(None)] path0=a2_filtered_post.php', '[int (False)(None)] id=:1', '[string (False)(None)] Submit=Submit'] | None
[18:24:49.843] [SQLiFuzz 01e] Getting prepared_target_request with ID 7d0 for test_SQLi iteration 55/70
[18:24:49.843] [SQLiFuzz 7d0] chosen_idx: 3 from 8
[18:24:49.843] [HTTPREQUEST 7d0] Getting matched paramval from found values: ['?1', '1']
[18:24:49.843] [HTTPREQUEST 7d0] Found matched paramval: [string (False)(None)] Sec-Fetch-User=?1
[18:24:49.843] [HTTPREQUEST 7d0] Found matched paramval: [int (False)(None)] id=1
[18:24:49.844] [SQLiFuzz 7d0] Prioritize to fuzz matched SQL value first: [int (False)(None)] id=1
[18:24:49.844] [SQLiFuzz 7d0] Mutation applied. old='1' char='?' strategy='tail' new='1?'
[18:24:49.844] [HTTPREQUEST 7d0] Update url and body param from paramvals:
[18:24:49.844] [HTTPREQUEST None] New post_data_encoded: Submit=Submit&id=1%3F
[18:24:49.845] [HTTPREQUEST None] New param encoded: 
[18:24:49.845] [GENERALFUNCTION 7d0] ---SENDING THE REQUEST [1790979889-e49a7768-afd4-47b7-b397-ba20f5fad7d0] TO : [POST] http://localhost:8081/a2_filtered_post.php
[18:24:49.845] [GENERALFUNCTION 7d0] Post data encoded: Submit=Submit&id=1%3F
[18:24:49.845] [GENERALFUNCTION 7d0] Adjusted Content-Length to 21
[18:24:49.845] [GENERALFUNCTION 7d0] Adjusted Origin to http://localhost:8081
[18:24:49.845] [GENERALFUNCTION 7d0] Adjusted Referer to http://localhost:8081/a2_filtered_post.php
[18:24:49.845] [GENERALFUNCTION 7d0] DEBUG OUTGOING request.full_url: http://localhost:8081/a2_filtered_post.php
[18:24:49.845] [GENERALFUNCTION 7d0] DEBUG OUTGOING headers: {'Host': 'localhost:8081', 'User-Agent': 'Mozilla/5.0 (X11; Ubuntu; Linux x86_64; rv:155.0) Gecko/20100101 Firefox/155.0', 'Accept': 'text/html,application/xhtml+xml,application/xml;q=0.9,*/*;q=0.8', 'Accept-Language': 'en-US,en;q=0.9', 'Accept-Encoding': 'gzip, deflate, br, zstd', 'Content-Type': 'application/x-www-form-urlencoded', 'Content-Length': '21', 'Origin': 'http://localhost:8081', 'Connection': 'keep-alive', 'Referer': 'http://localhost:8081/a2_filtered_post.php', 'Cookie': 'PHPSESSID=89cdc0e04f8a7ffd78d8067977376dc9; security=impossible', 'Upgrade-Insecure-Requests': '1', 'Sec-Fetch-Dest': 'document', 'Sec-Fetch-Mode': 'navigate', 'Sec-Fetch-Site': 'same-origin', 'Sec-Fetch-User': '?1', 'Priority': 'u=0, i'}
[18:24:49.846] [GENERALFUNCTION 7d0] DEBUG OUTGOING post_data_encoded (truncated): Submit=Submit&id=1%3F
[18:24:49.846] [GENERALFUNCTION 7d0] DEBUG OUTGOING body_param_dict: {'Submit': 'Submit', 'id': '1?'}
[18:24:49.878] [SQLiFuzz 7d0] Response status: 200
[18:24:49.878] [SQLiFuzz 7d0] Response URL: http://localhost:8081/a2_filtered_post.php
[18:24:49.878] [SQLiFuzz 7d0] Was redirected: False
[18:24:49.878] [SQLiFuzz 7d0] Getting response: 
<!doctype html>

<html>

<body>

<form method="POST">

  <label>User ID: <input type="text" name="id"></label>

  <input type="submit" name="Submit" value="Submit">

</form>

<pre>INPUT REJECTED</pre>
[18:24:50.879] [SQLAnalysis] Read 1 new lines from SQL log file.
[18:24:50.879] [SQLAnalysis] Appended 1 parsed entries.
[18:24:50.879] [SQLAnalysis 7d0] Extracted 758 Logs 2026-10-02 22:24:50.879814: [{'timestamp': '2026-10-02 22:24:49,863692', 'level': 'INFO', 'ip': '172.18.0.5', 'port': 52252, 'sql': 'USE db *#*#OK'}]
[18:24:50.880] [SQLAnalysis 7d0] Updated param pairs: {'looked_value': '1?'}
[18:24:50.880] [SQLAnalysis 7d0] Looked timestamp 2026-10-02 22:24:49.846165 -- 2026-10-02 22:24:49.874084
[18:24:50.886] [SQLAnalysis 7d0] query_array to be checked: ['use', 'db']
[18:24:50.887] [SQLAnalysis 7d0] normalized_query_array: ['use', 'db']
[18:24:50.887] [SQLiFuzz 7d0] No weird chars exist: POST http://localhost:8081/a2_filtered_post.php | ['[string (False)(None)] Sec-Fetch-Dest=document', '[string (False)(None)] Sec-Fetch-Mode=navigate', '[string (False)(None)] Sec-Fetch-Site=same-origin', '[string (False)(None)] Sec-Fetch-User=?1', '[string (False)(None)] Priority=u=0, i', '[url (False)(None)] path0=a2_filtered_post.php', '[int (False)(None)] id=1?', '[string (False)(None)] Submit=Submit'] | None
[18:24:50.887] [SQLiFuzz 01e] Getting prepared_target_request with ID f51 for test_SQLi iteration 56/70
[18:24:50.887] [SQLiFuzz f51] chosen_idx: 5 from 8
[18:24:50.887] [HTTPREQUEST f51] Getting matched paramval from found values: ['?1', '1']
[18:24:50.887] [HTTPREQUEST f51] Found matched paramval: [string (False)(None)] Sec-Fetch-User=?1
[18:24:50.887] [HTTPREQUEST f51] Found matched paramval: [int (False)(None)] id=1
[18:24:50.887] [SQLiFuzz f51] Prioritize to fuzz matched SQL value first: [int (False)(None)] id=1
[18:24:50.887] [SQLiFuzz f51] Mutation applied. old='1' char=':' strategy='random' new=':1'
[18:24:50.888] [HTTPREQUEST f51] Update url and body param from paramvals:
[18:24:50.888] [HTTPREQUEST None] New post_data_encoded: Submit=Submit&id=%3A1
[18:24:50.888] [HTTPREQUEST None] New param encoded: 
[18:24:50.888] [GENERALFUNCTION f51] ---SENDING THE REQUEST [1790979890-c5906329-4436-410b-8a5b-1a8439a35f51] TO : [POST] http://localhost:8081/a2_filtered_post.php
[18:24:50.888] [GENERALFUNCTION f51] Post data encoded: Submit=Submit&id=%3A1
[18:24:50.888] [GENERALFUNCTION f51] Adjusted Content-Length to 21
[18:24:50.888] [GENERALFUNCTION f51] Adjusted Origin to http://localhost:8081
[18:24:50.889] [GENERALFUNCTION f51] Adjusted Referer to http://localhost:8081/a2_filtered_post.php
[18:24:50.889] [GENERALFUNCTION f51] DEBUG OUTGOING request.full_url: http://localhost:8081/a2_filtered_post.php
[18:24:50.889] [GENERALFUNCTION f51] DEBUG OUTGOING headers: {'Host': 'localhost:8081', 'User-Agent': 'Mozilla/5.0 (X11; Ubuntu; Linux x86_64; rv:155.0) Gecko/20100101 Firefox/155.0', 'Accept': 'text/html,application/xhtml+xml,application/xml;q=0.9,*/*;q=0.8', 'Accept-Language': 'en-US,en;q=0.9', 'Accept-Encoding': 'gzip, deflate, br, zstd', 'Content-Type': 'application/x-www-form-urlencoded', 'Content-Length': '21', 'Origin': 'http://localhost:8081', 'Connection': 'keep-alive', 'Referer': 'http://localhost:8081/a2_filtered_post.php', 'Cookie': 'PHPSESSID=89cdc0e04f8a7ffd78d8067977376dc9; security=impossible', 'Upgrade-Insecure-Requests': '1', 'Sec-Fetch-Dest': 'document', 'Sec-Fetch-Mode': 'navigate', 'Sec-Fetch-Site': 'same-origin', 'Sec-Fetch-User': '?1', 'Priority': 'u=0, i'}
[18:24:50.889] [GENERALFUNCTION f51] DEBUG OUTGOING post_data_encoded (truncated): Submit=Submit&id=%3A1
[18:24:50.889] [GENERALFUNCTION f51] DEBUG OUTGOING body_param_dict: {'Submit': 'Submit', 'id': ':1'}
[18:24:50.922] [SQLiFuzz f51] Response status: 200
[18:24:50.922] [SQLiFuzz f51] Response URL: http://localhost:8081/a2_filtered_post.php
[18:24:50.922] [SQLiFuzz f51] Was redirected: False
[18:24:50.922] [SQLiFuzz f51] Getting response: 
<!doctype html>

<html>

<body>

<form method="POST">

  <label>User ID: <input type="text" name="id"></label>

  <input type="submit" name="Submit" value="Submit">

</form>

<pre>INPUT REJECTED</pre>
[18:24:51.923] [SQLAnalysis] Read 1 new lines from SQL log file.
[18:24:51.923] [SQLAnalysis] Appended 1 parsed entries.
[18:24:51.923] [SQLAnalysis f51] Extracted 759 Logs 2026-10-02 22:24:51.923745: [{'timestamp': '2026-10-02 22:24:50,904946', 'level': 'INFO', 'ip': '172.18.0.5', 'port': 52262, 'sql': 'USE db *#*#OK'}]
[18:24:51.923] [SQLAnalysis f51] Updated param pairs: {'looked_value': ':1'}
[18:24:51.923] [SQLAnalysis f51] Looked timestamp 2026-10-02 22:24:50.889337 -- 2026-10-02 22:24:50.917071
[18:24:51.932] [SQLAnalysis f51] query_array to be checked: ['use', 'db']
[18:24:51.932] [SQLAnalysis f51] normalized_query_array: ['use', 'db']
[18:24:51.933] [SQLiFuzz f51] No weird chars exist: POST http://localhost:8081/a2_filtered_post.php | ['[string (False)(None)] Sec-Fetch-Dest=document', '[string (False)(None)] Sec-Fetch-Mode=navigate', '[string (False)(None)] Sec-Fetch-Site=same-origin', '[string (False)(None)] Sec-Fetch-User=?1', '[string (False)(None)] Priority=u=0, i', '[url (False)(None)] path0=a2_filtered_post.php', '[int (False)(None)] id=:1', '[string (False)(None)] Submit=Submit'] | None
[18:24:51.933] [SQLiFuzz 01e] Getting prepared_target_request with ID cf1 for test_SQLi iteration 57/70
[18:24:51.933] [SQLiFuzz cf1] chosen_idx: 6 from 8
[18:24:51.933] [HTTPREQUEST cf1] Getting matched paramval from found values: ['?1', '1']
[18:24:51.933] [HTTPREQUEST cf1] Found matched paramval: [string (False)(None)] Sec-Fetch-User=?1
[18:24:51.933] [HTTPREQUEST cf1] Found matched paramval: [int (False)(None)] id=1
[18:24:51.934] [SQLiFuzz cf1] Prioritize to fuzz matched SQL value first: [int (False)(None)] id=1
[18:24:51.934] [SQLiFuzz cf1] Mutation applied. old='1' char=';' strategy='tail' new='1;'
[18:24:51.934] [HTTPREQUEST cf1] Update url and body param from paramvals:
[18:24:51.934] [HTTPREQUEST None] New post_data_encoded: Submit=Submit&id=1%3B
[18:24:51.934] [HTTPREQUEST None] New param encoded: 
[18:24:51.934] [GENERALFUNCTION cf1] ---SENDING THE REQUEST [1790979891-bb9c5089-be52-4236-87f7-2acde7dadcf1] TO : [POST] http://localhost:8081/a2_filtered_post.php
[18:24:51.934] [GENERALFUNCTION cf1] Post data encoded: Submit=Submit&id=1%3B
[18:24:51.934] [GENERALFUNCTION cf1] Adjusted Content-Length to 21
[18:24:51.934] [GENERALFUNCTION cf1] Adjusted Origin to http://localhost:8081
[18:24:51.934] [GENERALFUNCTION cf1] Adjusted Referer to http://localhost:8081/a2_filtered_post.php
[18:24:51.934] [GENERALFUNCTION cf1] DEBUG OUTGOING request.full_url: http://localhost:8081/a2_filtered_post.php
[18:24:51.934] [GENERALFUNCTION cf1] DEBUG OUTGOING headers: {'Host': 'localhost:8081', 'User-Agent': 'Mozilla/5.0 (X11; Ubuntu; Linux x86_64; rv:155.0) Gecko/20100101 Firefox/155.0', 'Accept': 'text/html,application/xhtml+xml,application/xml;q=0.9,*/*;q=0.8', 'Accept-Language': 'en-US,en;q=0.9', 'Accept-Encoding': 'gzip, deflate, br, zstd', 'Content-Type': 'application/x-www-form-urlencoded', 'Content-Length': '21', 'Origin': 'http://localhost:8081', 'Connection': 'keep-alive', 'Referer': 'http://localhost:8081/a2_filtered_post.php', 'Cookie': 'PHPSESSID=89cdc0e04f8a7ffd78d8067977376dc9; security=impossible', 'Upgrade-Insecure-Requests': '1', 'Sec-Fetch-Dest': 'document', 'Sec-Fetch-Mode': 'navigate', 'Sec-Fetch-Site': 'same-origin', 'Sec-Fetch-User': '?1', 'Priority': 'u=0, i'}
[18:24:51.934] [GENERALFUNCTION cf1] DEBUG OUTGOING post_data_encoded (truncated): Submit=Submit&id=1%3B
[18:24:51.934] [GENERALFUNCTION cf1] DEBUG OUTGOING body_param_dict: {'Submit': 'Submit', 'id': '1;'}
[18:24:51.964] [SQLiFuzz cf1] Response status: 200
[18:24:51.964] [SQLiFuzz cf1] Response URL: http://localhost:8081/a2_filtered_post.php
[18:24:51.964] [SQLiFuzz cf1] Was redirected: False
[18:24:51.964] [SQLiFuzz cf1] Getting response: 
<!doctype html>

<html>

<body>

<form method="POST">

  <label>User ID: <input type="text" name="id"></label>

  <input type="submit" name="Submit" value="Submit">

</form>

<pre>INPUT REJECTED</pre>
[18:24:52.965] [SQLAnalysis] Read 1 new lines from SQL log file.
[18:24:52.965] [SQLAnalysis] Appended 1 parsed entries.
[18:24:52.965] [SQLAnalysis cf1] Extracted 760 Logs 2026-10-02 22:24:52.965784: [{'timestamp': '2026-10-02 22:24:51,952838', 'level': 'INFO', 'ip': '172.18.0.5', 'port': 47200, 'sql': 'USE db *#*#OK'}]
[18:24:52.965] [SQLAnalysis cf1] Updated param pairs: {'looked_value': '1;'}
[18:24:52.966] [SQLAnalysis cf1] Looked timestamp 2026-10-02 22:24:51.934918 -- 2026-10-02 22:24:51.960644
[18:24:52.976] [SQLAnalysis cf1] query_array to be checked: ['use', 'db']
[18:24:52.976] [SQLAnalysis cf1] normalized_query_array: ['use', 'db']
[18:24:52.976] [SQLiFuzz cf1] No weird chars exist: POST http://localhost:8081/a2_filtered_post.php | ['[string (False)(None)] Sec-Fetch-Dest=document', '[string (False)(None)] Sec-Fetch-Mode=navigate', '[string (False)(None)] Sec-Fetch-Site=same-origin', '[string (False)(None)] Sec-Fetch-User=?1', '[string (False)(None)] Priority=u=0, i', '[url (False)(None)] path0=a2_filtered_post.php', '[int (False)(None)] id=1;', '[string (False)(None)] Submit=Submit'] | None
[18:24:52.976] [SQLiFuzz 01e] Getting prepared_target_request with ID e2a for test_SQLi iteration 58/70
[18:24:52.976] [SQLiFuzz e2a] chosen_idx: 3 from 8
[18:24:52.977] [HTTPREQUEST e2a] Getting matched paramval from found values: ['?1', '1']
[18:24:52.977] [HTTPREQUEST e2a] Found matched paramval: [string (False)(None)] Sec-Fetch-User=?1
[18:24:52.977] [HTTPREQUEST e2a] Found matched paramval: [int (False)(None)] id=1
[18:24:52.977] [SQLiFuzz e2a] Prioritize to fuzz matched SQL value first: [int (False)(None)] id=1
[18:24:52.977] [SQLiFuzz e2a] Mutation applied. old='1' char='+' strategy='front' new='+1'
[18:24:52.977] [HTTPREQUEST e2a] Update url and body param from paramvals:
[18:24:52.977] [HTTPREQUEST None] New post_data_encoded: Submit=Submit&id=%2B1
[18:24:52.977] [HTTPREQUEST None] New param encoded: 
[18:24:52.977] [GENERALFUNCTION e2a] ---SENDING THE REQUEST [1790979892-a30f5758-68b8-4b43-bcbc-754ba623ce2a] TO : [POST] http://localhost:8081/a2_filtered_post.php
[18:24:52.977] [GENERALFUNCTION e2a] Post data encoded: Submit=Submit&id=%2B1
[18:24:52.977] [GENERALFUNCTION e2a] Adjusted Content-Length to 21
[18:24:52.977] [GENERALFUNCTION e2a] Adjusted Origin to http://localhost:8081
[18:24:52.977] [GENERALFUNCTION e2a] Adjusted Referer to http://localhost:8081/a2_filtered_post.php
[18:24:52.977] [GENERALFUNCTION e2a] DEBUG OUTGOING request.full_url: http://localhost:8081/a2_filtered_post.php
[18:24:52.977] [GENERALFUNCTION e2a] DEBUG OUTGOING headers: {'Host': 'localhost:8081', 'User-Agent': 'Mozilla/5.0 (X11; Ubuntu; Linux x86_64; rv:155.0) Gecko/20100101 Firefox/155.0', 'Accept': 'text/html,application/xhtml+xml,application/xml;q=0.9,*/*;q=0.8', 'Accept-Language': 'en-US,en;q=0.9', 'Accept-Encoding': 'gzip, deflate, br, zstd', 'Content-Type': 'application/x-www-form-urlencoded', 'Content-Length': '21', 'Origin': 'http://localhost:8081', 'Connection': 'keep-alive', 'Referer': 'http://localhost:8081/a2_filtered_post.php', 'Cookie': 'PHPSESSID=89cdc0e04f8a7ffd78d8067977376dc9; security=impossible', 'Upgrade-Insecure-Requests': '1', 'Sec-Fetch-Dest': 'document', 'Sec-Fetch-Mode': 'navigate', 'Sec-Fetch-Site': 'same-origin', 'Sec-Fetch-User': '?1', 'Priority': 'u=0, i'}
[18:24:52.978] [GENERALFUNCTION e2a] DEBUG OUTGOING post_data_encoded (truncated): Submit=Submit&id=%2B1
[18:24:52.978] [GENERALFUNCTION e2a] DEBUG OUTGOING body_param_dict: {'Submit': 'Submit', 'id': '+1'}
[18:24:53.010] [SQLiFuzz e2a] Response status: 200
[18:24:53.011] [SQLiFuzz e2a] Response URL: http://localhost:8081/a2_filtered_post.php
[18:24:53.011] [SQLiFuzz e2a] Was redirected: False
[18:24:53.011] [SQLiFuzz e2a] Getting response: 
<!doctype html>

<html>

<body>

<form method="POST">

  <label>User ID: <input type="text" name="id"></label>

  <input type="submit" name="Submit" value="Submit">

</form>

<pre>INPUT REJECTED</pre>
[18:24:54.012] [SQLAnalysis] Read 1 new lines from SQL log file.
[18:24:54.012] [SQLAnalysis] Appended 1 parsed entries.
[18:24:54.012] [SQLAnalysis e2a] Extracted 761 Logs 2026-10-02 22:24:54.012388: [{'timestamp': '2026-10-02 22:24:52,995610', 'level': 'INFO', 'ip': '172.18.0.5', 'port': 47214, 'sql': 'USE db *#*#OK'}]
[18:24:54.012] [SQLAnalysis e2a] Updated param pairs: {'looked_value': '+1'}
[18:24:54.012] [SQLAnalysis e2a] Looked timestamp 2026-10-02 22:24:52.978134 -- 2026-10-02 22:24:53.005071
[18:24:54.019] [SQLAnalysis e2a] query_array to be checked: ['use', 'db']
[18:24:54.019] [SQLAnalysis e2a] normalized_query_array: ['use', 'db']
[18:24:54.019] [SQLiFuzz e2a] No weird chars exist: POST http://localhost:8081/a2_filtered_post.php | ['[string (False)(None)] Sec-Fetch-Dest=document', '[string (False)(None)] Sec-Fetch-Mode=navigate', '[string (False)(None)] Sec-Fetch-Site=same-origin', '[string (False)(None)] Sec-Fetch-User=?1', '[string (False)(None)] Priority=u=0, i', '[url (False)(None)] path0=a2_filtered_post.php', '[int (False)(None)] id=+1', '[string (False)(None)] Submit=Submit'] | None
[18:24:54.020] [SQLiFuzz 01e] Getting prepared_target_request with ID 908 for test_SQLi iteration 59/70
[18:24:54.020] [SQLiFuzz 908] chosen_idx: 4 from 8
[18:24:54.020] [HTTPREQUEST 908] Getting matched paramval from found values: ['?1', '1']
[18:24:54.021] [HTTPREQUEST 908] Found matched paramval: [string (False)(None)] Sec-Fetch-User=?1
[18:24:54.021] [HTTPREQUEST 908] Found matched paramval: [int (False)(None)] id=1
[18:24:54.021] [SQLiFuzz 908] Prioritize to fuzz matched SQL value first: [int (False)(None)] id=1
[18:24:54.021] [SQLiFuzz 908] Mutation applied. old='1' char='"' strategy='drop' new='"'
[18:24:54.021] [HTTPREQUEST 908] Update url and body param from paramvals:
[18:24:54.021] [HTTPREQUEST None] New post_data_encoded: Submit=Submit&id=%22
[18:24:54.021] [HTTPREQUEST None] New param encoded: 
[18:24:54.021] [GENERALFUNCTION 908] ---SENDING THE REQUEST [1790979894-434f02b7-247b-414e-9c43-192afe6bd908] TO : [POST] http://localhost:8081/a2_filtered_post.php
[18:24:54.021] [GENERALFUNCTION 908] Post data encoded: Submit=Submit&id=%22
[18:24:54.021] [GENERALFUNCTION 908] Adjusted Content-Length to 20
[18:24:54.021] [GENERALFUNCTION 908] Adjusted Origin to http://localhost:8081
[18:24:54.021] [GENERALFUNCTION 908] Adjusted Referer to http://localhost:8081/a2_filtered_post.php
[18:24:54.021] [GENERALFUNCTION 908] DEBUG OUTGOING request.full_url: http://localhost:8081/a2_filtered_post.php
[18:24:54.021] [GENERALFUNCTION 908] DEBUG OUTGOING headers: {'Host': 'localhost:8081', 'User-Agent': 'Mozilla/5.0 (X11; Ubuntu; Linux x86_64; rv:155.0) Gecko/20100101 Firefox/155.0', 'Accept': 'text/html,application/xhtml+xml,application/xml;q=0.9,*/*;q=0.8', 'Accept-Language': 'en-US,en;q=0.9', 'Accept-Encoding': 'gzip, deflate, br, zstd', 'Content-Type': 'application/x-www-form-urlencoded', 'Content-Length': '20', 'Origin': 'http://localhost:8081', 'Connection': 'keep-alive', 'Referer': 'http://localhost:8081/a2_filtered_post.php', 'Cookie': 'PHPSESSID=89cdc0e04f8a7ffd78d8067977376dc9; security=impossible', 'Upgrade-Insecure-Requests': '1', 'Sec-Fetch-Dest': 'document', 'Sec-Fetch-Mode': 'navigate', 'Sec-Fetch-Site': 'same-origin', 'Sec-Fetch-User': '?1', 'Priority': 'u=0, i'}
[18:24:54.022] [GENERALFUNCTION 908] DEBUG OUTGOING post_data_encoded (truncated): Submit=Submit&id=%22
[18:24:54.022] [GENERALFUNCTION 908] DEBUG OUTGOING body_param_dict: {'Submit': 'Submit', 'id': '"'}
[18:24:54.048] [SQLiFuzz 908] Response status: 200
[18:24:54.048] [SQLiFuzz 908] Response URL: http://localhost:8081/a2_filtered_post.php
[18:24:54.048] [SQLiFuzz 908] Was redirected: False
[18:24:54.048] [SQLiFuzz 908] Getting response: 
<!doctype html>

<html>

<body>

<form method="POST">

  <label>User ID: <input type="text" name="id"></label>

  <input type="submit" name="Submit" value="Submit">

</form>

<pre>INPUT REJECTED</pre>
[18:24:55.049] [SQLAnalysis] Read 1 new lines from SQL log file.
[18:24:55.049] [SQLAnalysis] Appended 1 parsed entries.
[18:24:55.050] [SQLAnalysis 908] Extracted 762 Logs 2026-10-02 22:24:55.049981: [{'timestamp': '2026-10-02 22:24:54,034450', 'level': 'INFO', 'ip': '172.18.0.5', 'port': 47230, 'sql': 'USE db *#*#OK'}]
[18:24:55.050] [SQLAnalysis 908] Updated param pairs: {'looked_value': '"'}
[18:24:55.050] [SQLAnalysis 908] Looked timestamp 2026-10-02 22:24:54.022124 -- 2026-10-02 22:24:54.044046
[18:24:55.057] [SQLAnalysis 908] query_array to be checked: ['use', 'db']
[18:24:55.058] [SQLAnalysis 908] normalized_query_array: ['use', 'db']
[18:24:55.058] [SQLiFuzz 908] No weird chars exist: POST http://localhost:8081/a2_filtered_post.php | ['[string (False)(None)] Sec-Fetch-Dest=document', '[string (False)(None)] Sec-Fetch-Mode=navigate', '[string (False)(None)] Sec-Fetch-Site=same-origin', '[string (False)(None)] Sec-Fetch-User=?1', '[string (False)(None)] Priority=u=0, i', '[url (False)(None)] path0=a2_filtered_post.php', '[int (False)(None)] id="', '[string (False)(None)] Submit=Submit'] | None
[18:24:55.058] [SQLiFuzz 01e] Getting prepared_target_request with ID 648 for test_SQLi iteration 60/70
[18:24:55.058] [SQLiFuzz 648] chosen_idx: 6 from 8
[18:24:55.058] [HTTPREQUEST 648] Getting matched paramval from found values: ['?1', '1']
[18:24:55.058] [HTTPREQUEST 648] Found matched paramval: [string (False)(None)] Sec-Fetch-User=?1
[18:24:55.058] [HTTPREQUEST 648] Found matched paramval: [int (False)(None)] id=1
[18:24:55.059] [SQLiFuzz 648] Prioritize to fuzz matched SQL value first: [int (False)(None)] id=1
[18:24:55.059] [SQLiFuzz 648] Mutation applied. old='1' char='!' strategy='tail' new='1!'
[18:24:55.059] [HTTPREQUEST 648] Update url and body param from paramvals:
[18:24:55.059] [HTTPREQUEST None] New post_data_encoded: Submit=Submit&id=1%21
[18:24:55.059] [HTTPREQUEST None] New param encoded: 
[18:24:55.059] [GENERALFUNCTION 648] ---SENDING THE REQUEST [1790979895-2357277e-8ce6-419d-9cdb-5a2b9b30b648] TO : [POST] http://localhost:8081/a2_filtered_post.php
[18:24:55.059] [GENERALFUNCTION 648] Post data encoded: Submit=Submit&id=1%21
[18:24:55.059] [GENERALFUNCTION 648] Adjusted Content-Length to 21
[18:24:55.059] [GENERALFUNCTION 648] Adjusted Origin to http://localhost:8081
[18:24:55.059] [GENERALFUNCTION 648] Adjusted Referer to http://localhost:8081/a2_filtered_post.php
[18:24:55.059] [GENERALFUNCTION 648] DEBUG OUTGOING request.full_url: http://localhost:8081/a2_filtered_post.php
[18:24:55.059] [GENERALFUNCTION 648] DEBUG OUTGOING headers: {'Host': 'localhost:8081', 'User-Agent': 'Mozilla/5.0 (X11; Ubuntu; Linux x86_64; rv:155.0) Gecko/20100101 Firefox/155.0', 'Accept': 'text/html,application/xhtml+xml,application/xml;q=0.9,*/*;q=0.8', 'Accept-Language': 'en-US,en;q=0.9', 'Accept-Encoding': 'gzip, deflate, br, zstd', 'Content-Type': 'application/x-www-form-urlencoded', 'Content-Length': '21', 'Origin': 'http://localhost:8081', 'Connection': 'keep-alive', 'Referer': 'http://localhost:8081/a2_filtered_post.php', 'Cookie': 'PHPSESSID=89cdc0e04f8a7ffd78d8067977376dc9; security=impossible', 'Upgrade-Insecure-Requests': '1', 'Sec-Fetch-Dest': 'document', 'Sec-Fetch-Mode': 'navigate', 'Sec-Fetch-Site': 'same-origin', 'Sec-Fetch-User': '?1', 'Priority': 'u=0, i'}
[18:24:55.060] [GENERALFUNCTION 648] DEBUG OUTGOING post_data_encoded (truncated): Submit=Submit&id=1%21
[18:24:55.060] [GENERALFUNCTION 648] DEBUG OUTGOING body_param_dict: {'Submit': 'Submit', 'id': '1!'}
[18:24:55.089] [SQLiFuzz 648] Response status: 200
[18:24:55.089] [SQLiFuzz 648] Response URL: http://localhost:8081/a2_filtered_post.php
[18:24:55.090] [SQLiFuzz 648] Was redirected: False
[18:24:55.090] [SQLiFuzz 648] Getting response: 
<!doctype html>

<html>

<body>

<form method="POST">

  <label>User ID: <input type="text" name="id"></label>

  <input type="submit" name="Submit" value="Submit">

</form>

<pre>INPUT REJECTED</pre>
[18:24:56.090] [SQLAnalysis] Read 1 new lines from SQL log file.
[18:24:56.090] [SQLAnalysis] Appended 1 parsed entries.
[18:24:56.090] [SQLAnalysis 648] Extracted 763 Logs 2026-10-02 22:24:56.090967: [{'timestamp': '2026-10-02 22:24:55,073310', 'level': 'INFO', 'ip': '172.18.0.5', 'port': 47244, 'sql': 'USE db *#*#OK'}]
[18:24:56.091] [SQLAnalysis 648] Updated param pairs: {'looked_value': '1!'}
[18:24:56.091] [SQLAnalysis 648] Looked timestamp 2026-10-02 22:24:55.060147 -- 2026-10-02 22:24:55.083268
[18:24:56.101] [SQLAnalysis 648] query_array to be checked: ['use', 'db']
[18:24:56.101] [SQLAnalysis 648] normalized_query_array: ['use', 'db']
[18:24:56.101] [SQLiFuzz 648] No weird chars exist: POST http://localhost:8081/a2_filtered_post.php | ['[string (False)(None)] Sec-Fetch-Dest=document', '[string (False)(None)] Sec-Fetch-Mode=navigate', '[string (False)(None)] Sec-Fetch-Site=same-origin', '[string (False)(None)] Sec-Fetch-User=?1', '[string (False)(None)] Priority=u=0, i', '[url (False)(None)] path0=a2_filtered_post.php', '[int (False)(None)] id=1!', '[string (False)(None)] Submit=Submit'] | None
[18:24:56.102] [SQLiFuzz 01e] Getting prepared_target_request with ID 253 for test_SQLi iteration 61/70
[18:24:56.102] [SQLiFuzz 253] chosen_idx: 5 from 8
[18:24:56.102] [HTTPREQUEST 253] Getting matched paramval from found values: ['?1', '1']
[18:24:56.102] [HTTPREQUEST 253] Found matched paramval: [string (False)(None)] Sec-Fetch-User=?1
[18:24:56.102] [HTTPREQUEST 253] Found matched paramval: [int (False)(None)] id=1
[18:24:56.102] [SQLiFuzz 253] Prioritize to fuzz matched SQL value first: [int (False)(None)] id=1
[18:24:56.102] [SQLiFuzz 253] Mutation applied. old='1' char=',' strategy='front' new=',1'
[18:24:56.102] [HTTPREQUEST 253] Update url and body param from paramvals:
[18:24:56.102] [HTTPREQUEST None] New post_data_encoded: Submit=Submit&id=%2C1
[18:24:56.102] [HTTPREQUEST None] New param encoded: 
[18:24:56.102] [GENERALFUNCTION 253] ---SENDING THE REQUEST [1790979896-b5c7ef78-eeff-4575-a283-1208670f0253] TO : [POST] http://localhost:8081/a2_filtered_post.php
[18:24:56.102] [GENERALFUNCTION 253] Post data encoded: Submit=Submit&id=%2C1
[18:24:56.103] [GENERALFUNCTION 253] Adjusted Content-Length to 21
[18:24:56.103] [GENERALFUNCTION 253] Adjusted Origin to http://localhost:8081
[18:24:56.103] [GENERALFUNCTION 253] Adjusted Referer to http://localhost:8081/a2_filtered_post.php
[18:24:56.103] [GENERALFUNCTION 253] DEBUG OUTGOING request.full_url: http://localhost:8081/a2_filtered_post.php
[18:24:56.103] [GENERALFUNCTION 253] DEBUG OUTGOING headers: {'Host': 'localhost:8081', 'User-Agent': 'Mozilla/5.0 (X11; Ubuntu; Linux x86_64; rv:155.0) Gecko/20100101 Firefox/155.0', 'Accept': 'text/html,application/xhtml+xml,application/xml;q=0.9,*/*;q=0.8', 'Accept-Language': 'en-US,en;q=0.9', 'Accept-Encoding': 'gzip, deflate, br, zstd', 'Content-Type': 'application/x-www-form-urlencoded', 'Content-Length': '21', 'Origin': 'http://localhost:8081', 'Connection': 'keep-alive', 'Referer': 'http://localhost:8081/a2_filtered_post.php', 'Cookie': 'PHPSESSID=89cdc0e04f8a7ffd78d8067977376dc9; security=impossible', 'Upgrade-Insecure-Requests': '1', 'Sec-Fetch-Dest': 'document', 'Sec-Fetch-Mode': 'navigate', 'Sec-Fetch-Site': 'same-origin', 'Sec-Fetch-User': '?1', 'Priority': 'u=0, i'}
[18:24:56.103] [GENERALFUNCTION 253] DEBUG OUTGOING post_data_encoded (truncated): Submit=Submit&id=%2C1
[18:24:56.103] [GENERALFUNCTION 253] DEBUG OUTGOING body_param_dict: {'Submit': 'Submit', 'id': ',1'}
[18:24:56.131] [SQLiFuzz 253] Response status: 200
[18:24:56.131] [SQLiFuzz 253] Response URL: http://localhost:8081/a2_filtered_post.php
[18:24:56.131] [SQLiFuzz 253] Was redirected: False
[18:24:56.131] [SQLiFuzz 253] Getting response: 
<!doctype html>

<html>

<body>

<form method="POST">

  <label>User ID: <input type="text" name="id"></label>

  <input type="submit" name="Submit" value="Submit">

</form>

<pre>INPUT REJECTED</pre>
[18:24:57.132] [SQLAnalysis] Read 1 new lines from SQL log file.
[18:24:57.133] [SQLAnalysis] Appended 1 parsed entries.
[18:24:57.133] [SQLAnalysis 253] Extracted 764 Logs 2026-10-02 22:24:57.133840: [{'timestamp': '2026-10-02 22:24:56,117944', 'level': 'INFO', 'ip': '172.18.0.5', 'port': 47264, 'sql': 'USE db *#*#OK'}]
[18:24:57.134] [SQLAnalysis 253] Updated param pairs: {'looked_value': ',1'}
[18:24:57.134] [SQLAnalysis 253] Looked timestamp 2026-10-02 22:24:56.103641 -- 2026-10-02 22:24:56.126842
[18:24:57.145] [SQLAnalysis 253] query_array to be checked: ['use', 'db']
[18:24:57.145] [SQLAnalysis 253] normalized_query_array: ['use', 'db']
[18:24:57.145] [SQLiFuzz 253] No weird chars exist: POST http://localhost:8081/a2_filtered_post.php | ['[string (False)(None)] Sec-Fetch-Dest=document', '[string (False)(None)] Sec-Fetch-Mode=navigate', '[string (False)(None)] Sec-Fetch-Site=same-origin', '[string (False)(None)] Sec-Fetch-User=?1', '[string (False)(None)] Priority=u=0, i', '[url (False)(None)] path0=a2_filtered_post.php', '[int (False)(None)] id=,1', '[string (False)(None)] Submit=Submit'] | None
[18:24:57.146] [SQLiFuzz 01e] Getting prepared_target_request with ID 0b4 for test_SQLi iteration 62/70
[18:24:57.146] [SQLiFuzz 0b4] chosen_idx: 3 from 8
[18:24:57.146] [HTTPREQUEST 0b4] Getting matched paramval from found values: ['?1', '1']
[18:24:57.147] [HTTPREQUEST 0b4] Found matched paramval: [string (False)(None)] Sec-Fetch-User=?1
[18:24:57.147] [HTTPREQUEST 0b4] Found matched paramval: [int (False)(None)] id=1
[18:24:57.147] [SQLiFuzz 0b4] Prioritize to fuzz matched SQL value first: [int (False)(None)] id=1
[18:24:57.147] [SQLiFuzz 0b4] Mutation applied. old='1' char='>' strategy='front' new='>1'
[18:24:57.147] [HTTPREQUEST 0b4] Update url and body param from paramvals:
[18:24:57.147] [HTTPREQUEST None] New post_data_encoded: Submit=Submit&id=%3E1
[18:24:57.147] [HTTPREQUEST None] New param encoded: 
[18:24:57.147] [GENERALFUNCTION 0b4] ---SENDING THE REQUEST [1790979897-30e6aef4-0ec9-447a-b21a-dac912fc20b4] TO : [POST] http://localhost:8081/a2_filtered_post.php
[18:24:57.147] [GENERALFUNCTION 0b4] Post data encoded: Submit=Submit&id=%3E1
[18:24:57.147] [GENERALFUNCTION 0b4] Adjusted Content-Length to 21
[18:24:57.147] [GENERALFUNCTION 0b4] Adjusted Origin to http://localhost:8081
[18:24:57.147] [GENERALFUNCTION 0b4] Adjusted Referer to http://localhost:8081/a2_filtered_post.php
[18:24:57.148] [GENERALFUNCTION 0b4] DEBUG OUTGOING request.full_url: http://localhost:8081/a2_filtered_post.php
[18:24:57.148] [GENERALFUNCTION 0b4] DEBUG OUTGOING headers: {'Host': 'localhost:8081', 'User-Agent': 'Mozilla/5.0 (X11; Ubuntu; Linux x86_64; rv:155.0) Gecko/20100101 Firefox/155.0', 'Accept': 'text/html,application/xhtml+xml,application/xml;q=0.9,*/*;q=0.8', 'Accept-Language': 'en-US,en;q=0.9', 'Accept-Encoding': 'gzip, deflate, br, zstd', 'Content-Type': 'application/x-www-form-urlencoded', 'Content-Length': '21', 'Origin': 'http://localhost:8081', 'Connection': 'keep-alive', 'Referer': 'http://localhost:8081/a2_filtered_post.php', 'Cookie': 'PHPSESSID=89cdc0e04f8a7ffd78d8067977376dc9; security=impossible', 'Upgrade-Insecure-Requests': '1', 'Sec-Fetch-Dest': 'document', 'Sec-Fetch-Mode': 'navigate', 'Sec-Fetch-Site': 'same-origin', 'Sec-Fetch-User': '?1', 'Priority': 'u=0, i'}
[18:24:57.148] [GENERALFUNCTION 0b4] DEBUG OUTGOING post_data_encoded (truncated): Submit=Submit&id=%3E1
[18:24:57.148] [GENERALFUNCTION 0b4] DEBUG OUTGOING body_param_dict: {'Submit': 'Submit', 'id': '>1'}
[18:24:57.177] [SQLiFuzz 0b4] Response status: 200
[18:24:57.177] [SQLiFuzz 0b4] Response URL: http://localhost:8081/a2_filtered_post.php
[18:24:57.177] [SQLiFuzz 0b4] Was redirected: False
[18:24:57.177] [SQLiFuzz 0b4] Getting response: 
<!doctype html>

<html>

<body>

<form method="POST">

  <label>User ID: <input type="text" name="id"></label>

  <input type="submit" name="Submit" value="Submit">

</form>

<pre>INPUT REJECTED</pre>
[18:24:58.178] [SQLAnalysis] Read 1 new lines from SQL log file.
[18:24:58.178] [SQLAnalysis] Appended 1 parsed entries.
[18:24:58.178] [SQLAnalysis 0b4] Extracted 765 Logs 2026-10-02 22:24:58.178916: [{'timestamp': '2026-10-02 22:24:57,163926', 'level': 'INFO', 'ip': '172.18.0.5', 'port': 47288, 'sql': 'USE db *#*#OK'}]
[18:24:58.179] [SQLAnalysis 0b4] Updated param pairs: {'looked_value': '>1'}
[18:24:58.179] [SQLAnalysis 0b4] Looked timestamp 2026-10-02 22:24:57.148345 -- 2026-10-02 22:24:57.172222
[18:24:58.189] [SQLAnalysis 0b4] query_array to be checked: ['use', 'db']
[18:24:58.189] [SQLAnalysis 0b4] normalized_query_array: ['use', 'db']
[18:24:58.190] [SQLiFuzz 0b4] No weird chars exist: POST http://localhost:8081/a2_filtered_post.php | ['[string (False)(None)] Sec-Fetch-Dest=document', '[string (False)(None)] Sec-Fetch-Mode=navigate', '[string (False)(None)] Sec-Fetch-Site=same-origin', '[string (False)(None)] Sec-Fetch-User=?1', '[string (False)(None)] Priority=u=0, i', '[url (False)(None)] path0=a2_filtered_post.php', '[int (False)(None)] id=>1', '[string (False)(None)] Submit=Submit'] | None
[18:24:58.190] [SQLiFuzz 01e] Getting prepared_target_request with ID 8ce for test_SQLi iteration 63/70
[18:24:58.190] [SQLiFuzz 8ce] chosen_idx: 4 from 8
[18:24:58.190] [HTTPREQUEST 8ce] Getting matched paramval from found values: ['?1', '1']
[18:24:58.191] [HTTPREQUEST 8ce] Found matched paramval: [string (False)(None)] Sec-Fetch-User=?1
[18:24:58.191] [HTTPREQUEST 8ce] Found matched paramval: [int (False)(None)] id=1
[18:24:58.191] [SQLiFuzz 8ce] Prioritize to fuzz matched SQL value first: [int (False)(None)] id=1
[18:24:58.191] [SQLiFuzz 8ce] Mutation applied. old='1' char=':' strategy='random' new=':1'
[18:24:58.191] [HTTPREQUEST 8ce] Update url and body param from paramvals:
[18:24:58.191] [HTTPREQUEST None] New post_data_encoded: Submit=Submit&id=%3A1
[18:24:58.191] [HTTPREQUEST None] New param encoded: 
[18:24:58.192] [GENERALFUNCTION 8ce] ---SENDING THE REQUEST [1790979898-4a4d256f-ee21-43ca-96dc-4ab7d035b8ce] TO : [POST] http://localhost:8081/a2_filtered_post.php
[18:24:58.192] [GENERALFUNCTION 8ce] Post data encoded: Submit=Submit&id=%3A1
[18:24:58.192] [GENERALFUNCTION 8ce] Adjusted Content-Length to 21
[18:24:58.192] [GENERALFUNCTION 8ce] Adjusted Origin to http://localhost:8081
[18:24:58.192] [GENERALFUNCTION 8ce] Adjusted Referer to http://localhost:8081/a2_filtered_post.php
[18:24:58.192] [GENERALFUNCTION 8ce] DEBUG OUTGOING request.full_url: http://localhost:8081/a2_filtered_post.php
[18:24:58.192] [GENERALFUNCTION 8ce] DEBUG OUTGOING headers: {'Host': 'localhost:8081', 'User-Agent': 'Mozilla/5.0 (X11; Ubuntu; Linux x86_64; rv:155.0) Gecko/20100101 Firefox/155.0', 'Accept': 'text/html,application/xhtml+xml,application/xml;q=0.9,*/*;q=0.8', 'Accept-Language': 'en-US,en;q=0.9', 'Accept-Encoding': 'gzip, deflate, br, zstd', 'Content-Type': 'application/x-www-form-urlencoded', 'Content-Length': '21', 'Origin': 'http://localhost:8081', 'Connection': 'keep-alive', 'Referer': 'http://localhost:8081/a2_filtered_post.php', 'Cookie': 'PHPSESSID=89cdc0e04f8a7ffd78d8067977376dc9; security=impossible', 'Upgrade-Insecure-Requests': '1', 'Sec-Fetch-Dest': 'document', 'Sec-Fetch-Mode': 'navigate', 'Sec-Fetch-Site': 'same-origin', 'Sec-Fetch-User': '?1', 'Priority': 'u=0, i'}
[18:24:58.192] [GENERALFUNCTION 8ce] DEBUG OUTGOING post_data_encoded (truncated): Submit=Submit&id=%3A1
[18:24:58.192] [GENERALFUNCTION 8ce] DEBUG OUTGOING body_param_dict: {'Submit': 'Submit', 'id': ':1'}
[18:24:58.225] [SQLiFuzz 8ce] Response status: 200
[18:24:58.225] [SQLiFuzz 8ce] Response URL: http://localhost:8081/a2_filtered_post.php
[18:24:58.225] [SQLiFuzz 8ce] Was redirected: False
[18:24:58.225] [SQLiFuzz 8ce] Getting response: 
<!doctype html>

<html>

<body>

<form method="POST">

  <label>User ID: <input type="text" name="id"></label>

  <input type="submit" name="Submit" value="Submit">

</form>

<pre>INPUT REJECTED</pre>
[18:24:59.226] [SQLAnalysis] Read 1 new lines from SQL log file.
[18:24:59.227] [SQLAnalysis] Appended 1 parsed entries.
[18:24:59.227] [SQLAnalysis 8ce] Extracted 766 Logs 2026-10-02 22:24:59.227462: [{'timestamp': '2026-10-02 22:24:58,211530', 'level': 'INFO', 'ip': '172.18.0.5', 'port': 47308, 'sql': 'USE db *#*#OK'}]
[18:24:59.227] [SQLAnalysis 8ce] Updated param pairs: {'looked_value': ':1'}
[18:24:59.227] [SQLAnalysis 8ce] Looked timestamp 2026-10-02 22:24:58.192922 -- 2026-10-02 22:24:58.221661
[18:24:59.238] [SQLAnalysis 8ce] query_array to be checked: ['use', 'db']
[18:24:59.239] [SQLAnalysis 8ce] normalized_query_array: ['use', 'db']
[18:24:59.239] [SQLiFuzz 8ce] No weird chars exist: POST http://localhost:8081/a2_filtered_post.php | ['[string (False)(None)] Sec-Fetch-Dest=document', '[string (False)(None)] Sec-Fetch-Mode=navigate', '[string (False)(None)] Sec-Fetch-Site=same-origin', '[string (False)(None)] Sec-Fetch-User=?1', '[string (False)(None)] Priority=u=0, i', '[url (False)(None)] path0=a2_filtered_post.php', '[int (False)(None)] id=:1', '[string (False)(None)] Submit=Submit'] | None
[18:24:59.239] [SQLiFuzz 01e] Getting prepared_target_request with ID dc9 for test_SQLi iteration 64/70
[18:24:59.240] [SQLiFuzz dc9] chosen_idx: 3 from 8
[18:24:59.241] [HTTPREQUEST dc9] Getting matched paramval from found values: ['?1', '1']
[18:24:59.241] [HTTPREQUEST dc9] Found matched paramval: [string (False)(None)] Sec-Fetch-User=?1
[18:24:59.241] [HTTPREQUEST dc9] Found matched paramval: [int (False)(None)] id=1
[18:24:59.241] [SQLiFuzz dc9] Prioritize to fuzz matched SQL value first: [int (False)(None)] id=1
[18:24:59.241] [SQLiFuzz dc9] Mutation applied. old='1' char='&' strategy='tail' new='1&'
[18:24:59.241] [HTTPREQUEST dc9] Update url and body param from paramvals:
[18:24:59.242] [HTTPREQUEST None] New post_data_encoded: Submit=Submit&id=1%26
[18:24:59.242] [HTTPREQUEST None] New param encoded: 
[18:24:59.242] [GENERALFUNCTION dc9] ---SENDING THE REQUEST [1790979899-ad25cc84-3242-499c-bfe5-170797da1dc9] TO : [POST] http://localhost:8081/a2_filtered_post.php
[18:24:59.242] [GENERALFUNCTION dc9] Post data encoded: Submit=Submit&id=1%26
[18:24:59.242] [GENERALFUNCTION dc9] Adjusted Content-Length to 21
[18:24:59.242] [GENERALFUNCTION dc9] Adjusted Origin to http://localhost:8081
[18:24:59.242] [GENERALFUNCTION dc9] Adjusted Referer to http://localhost:8081/a2_filtered_post.php
[18:24:59.242] [GENERALFUNCTION dc9] DEBUG OUTGOING request.full_url: http://localhost:8081/a2_filtered_post.php
[18:24:59.242] [GENERALFUNCTION dc9] DEBUG OUTGOING headers: {'Host': 'localhost:8081', 'User-Agent': 'Mozilla/5.0 (X11; Ubuntu; Linux x86_64; rv:155.0) Gecko/20100101 Firefox/155.0', 'Accept': 'text/html,application/xhtml+xml,application/xml;q=0.9,*/*;q=0.8', 'Accept-Language': 'en-US,en;q=0.9', 'Accept-Encoding': 'gzip, deflate, br, zstd', 'Content-Type': 'application/x-www-form-urlencoded', 'Content-Length': '21', 'Origin': 'http://localhost:8081', 'Connection': 'keep-alive', 'Referer': 'http://localhost:8081/a2_filtered_post.php', 'Cookie': 'PHPSESSID=89cdc0e04f8a7ffd78d8067977376dc9; security=impossible', 'Upgrade-Insecure-Requests': '1', 'Sec-Fetch-Dest': 'document', 'Sec-Fetch-Mode': 'navigate', 'Sec-Fetch-Site': 'same-origin', 'Sec-Fetch-User': '?1', 'Priority': 'u=0, i'}
[18:24:59.242] [GENERALFUNCTION dc9] DEBUG OUTGOING post_data_encoded (truncated): Submit=Submit&id=1%26
[18:24:59.243] [GENERALFUNCTION dc9] DEBUG OUTGOING body_param_dict: {'Submit': 'Submit', 'id': '1&'}
[18:24:59.320] [SQLiFuzz dc9] Response status: 200
[18:24:59.320] [SQLiFuzz dc9] Response URL: http://localhost:8081/a2_filtered_post.php
[18:24:59.320] [SQLiFuzz dc9] Was redirected: False
[18:24:59.320] [SQLiFuzz dc9] Getting response: 
<!doctype html>

<html>

<body>

<form method="POST">

  <label>User ID: <input type="text" name="id"></label>

  <input type="submit" name="Submit" value="Submit">

</form>

<pre>INPUT REJECTED</pre>
[18:25:00.321] [SQLAnalysis] Read 1 new lines from SQL log file.
[18:25:00.321] [SQLAnalysis] Appended 1 parsed entries.
[18:25:00.322] [SQLAnalysis dc9] Extracted 767 Logs 2026-10-02 22:25:00.322013: [{'timestamp': '2026-10-02 22:24:59,307789', 'level': 'INFO', 'ip': '172.18.0.5', 'port': 47332, 'sql': 'USE db *#*#OK'}]
[18:25:00.322] [SQLAnalysis dc9] Updated param pairs: {'looked_value': '1&'}
[18:25:00.322] [SQLAnalysis dc9] Looked timestamp 2026-10-02 22:24:59.243113 -- 2026-10-02 22:24:59.315898
[18:25:00.331] [SQLAnalysis dc9] query_array to be checked: ['use', 'db']
[18:25:00.331] [SQLAnalysis dc9] normalized_query_array: ['use', 'db']
[18:25:00.331] [SQLiFuzz dc9] No weird chars exist: POST http://localhost:8081/a2_filtered_post.php | ['[string (False)(None)] Sec-Fetch-Dest=document', '[string (False)(None)] Sec-Fetch-Mode=navigate', '[string (False)(None)] Sec-Fetch-Site=same-origin', '[string (False)(None)] Sec-Fetch-User=?1', '[string (False)(None)] Priority=u=0, i', '[url (False)(None)] path0=a2_filtered_post.php', '[int (False)(None)] id=1&', '[string (False)(None)] Submit=Submit'] | None
[18:25:00.331] [SQLiFuzz 01e] Getting prepared_target_request with ID ee7 for test_SQLi iteration 65/70
[18:25:00.332] [SQLiFuzz ee7] chosen_idx: 3 from 8
[18:25:00.332] [HTTPREQUEST ee7] Getting matched paramval from found values: ['?1', '1']
[18:25:00.332] [HTTPREQUEST ee7] Found matched paramval: [string (False)(None)] Sec-Fetch-User=?1
[18:25:00.332] [HTTPREQUEST ee7] Found matched paramval: [int (False)(None)] id=1
[18:25:00.332] [SQLiFuzz ee7] Prioritize to fuzz matched SQL value first: [int (False)(None)] id=1
[18:25:00.332] [SQLiFuzz ee7] Mutation applied. old='1' char='_' strategy='drop' new='_'
[18:25:00.332] [HTTPREQUEST ee7] Update url and body param from paramvals:
[18:25:00.332] [HTTPREQUEST None] New post_data_encoded: Submit=Submit&id=_
[18:25:00.332] [HTTPREQUEST None] New param encoded: 
[18:25:00.332] [GENERALFUNCTION ee7] ---SENDING THE REQUEST [1790979900-4a4ae3b9-48c2-4b2e-b768-785b652b1ee7] TO : [POST] http://localhost:8081/a2_filtered_post.php
[18:25:00.332] [GENERALFUNCTION ee7] Post data encoded: Submit=Submit&id=_
[18:25:00.332] [GENERALFUNCTION ee7] Adjusted Content-Length to 18
[18:25:00.333] [GENERALFUNCTION ee7] Adjusted Origin to http://localhost:8081
[18:25:00.333] [GENERALFUNCTION ee7] Adjusted Referer to http://localhost:8081/a2_filtered_post.php
[18:25:00.333] [GENERALFUNCTION ee7] DEBUG OUTGOING request.full_url: http://localhost:8081/a2_filtered_post.php
[18:25:00.333] [GENERALFUNCTION ee7] DEBUG OUTGOING headers: {'Host': 'localhost:8081', 'User-Agent': 'Mozilla/5.0 (X11; Ubuntu; Linux x86_64; rv:155.0) Gecko/20100101 Firefox/155.0', 'Accept': 'text/html,application/xhtml+xml,application/xml;q=0.9,*/*;q=0.8', 'Accept-Language': 'en-US,en;q=0.9', 'Accept-Encoding': 'gzip, deflate, br, zstd', 'Content-Type': 'application/x-www-form-urlencoded', 'Content-Length': '18', 'Origin': 'http://localhost:8081', 'Connection': 'keep-alive', 'Referer': 'http://localhost:8081/a2_filtered_post.php', 'Cookie': 'PHPSESSID=89cdc0e04f8a7ffd78d8067977376dc9; security=impossible', 'Upgrade-Insecure-Requests': '1', 'Sec-Fetch-Dest': 'document', 'Sec-Fetch-Mode': 'navigate', 'Sec-Fetch-Site': 'same-origin', 'Sec-Fetch-User': '?1', 'Priority': 'u=0, i'}
[18:25:00.333] [GENERALFUNCTION ee7] DEBUG OUTGOING post_data_encoded (truncated): Submit=Submit&id=_
[18:25:00.333] [GENERALFUNCTION ee7] DEBUG OUTGOING body_param_dict: {'Submit': 'Submit', 'id': '_'}
[18:25:00.372] [SQLiFuzz ee7] Response status: 200
[18:25:00.372] [SQLiFuzz ee7] Response URL: http://localhost:8081/a2_filtered_post.php
[18:25:00.372] [SQLiFuzz ee7] Was redirected: False
[18:25:00.372] [SQLiFuzz ee7] Getting response: 
<!doctype html>

<html>

<body>

<form method="POST">

  <label>User ID: <input type="text" name="id"></label>

  <input type="submit" name="Submit" value="Submit">

</form>

<pre>INPUT REJECTED</pre>
[18:25:01.373] [SQLAnalysis] Read 1 new lines from SQL log file.
[18:25:01.373] [SQLAnalysis] Appended 1 parsed entries.
[18:25:01.373] [SQLAnalysis ee7] Extracted 768 Logs 2026-10-02 22:25:01.373594: [{'timestamp': '2026-10-02 22:25:00,352679', 'level': 'INFO', 'ip': '172.18.0.5', 'port': 47354, 'sql': 'USE db *#*#OK'}]
[18:25:01.374] [SQLAnalysis ee7] Updated param pairs: {'looked_value': '_'}
[18:25:01.374] [SQLAnalysis ee7] Looked timestamp 2026-10-02 22:25:00.333881 -- 2026-10-02 22:25:00.366314
[18:25:01.380] [SQLAnalysis ee7] query_array to be checked: ['use', 'db']
[18:25:01.381] [SQLAnalysis ee7] normalized_query_array: ['use', 'db']
[18:25:01.381] [SQLiFuzz ee7] No weird chars exist: POST http://localhost:8081/a2_filtered_post.php | ['[string (False)(None)] Sec-Fetch-Dest=document', '[string (False)(None)] Sec-Fetch-Mode=navigate', '[string (False)(None)] Sec-Fetch-Site=same-origin', '[string (False)(None)] Sec-Fetch-User=?1', '[string (False)(None)] Priority=u=0, i', '[url (False)(None)] path0=a2_filtered_post.php', '[int (False)(None)] id=_', '[string (False)(None)] Submit=Submit'] | None
[18:25:01.381] [SQLiFuzz 01e] Getting prepared_target_request with ID cbd for test_SQLi iteration 66/70
[18:25:01.381] [SQLiFuzz cbd] chosen_idx: 0 from 8
[18:25:01.382] [HTTPREQUEST cbd] Getting matched paramval from found values: ['?1', '1']
[18:25:01.382] [HTTPREQUEST cbd] Found matched paramval: [string (False)(None)] Sec-Fetch-User=?1
[18:25:01.382] [HTTPREQUEST cbd] Found matched paramval: [int (False)(None)] id=1
[18:25:01.382] [SQLiFuzz cbd] Prioritize to fuzz matched SQL value first: [int (False)(None)] id=1
[18:25:01.382] [SQLiFuzz cbd] Mutation applied. old='1' char='=' strategy='tail' new='1='
[18:25:01.382] [HTTPREQUEST cbd] Update url and body param from paramvals:
[18:25:01.382] [HTTPREQUEST None] New post_data_encoded: Submit=Submit&id=1%3D
[18:25:01.383] [HTTPREQUEST None] New param encoded: 
[18:25:01.383] [GENERALFUNCTION cbd] ---SENDING THE REQUEST [1790979901-1edb73c2-6c93-4d55-aff9-161a9e5f1cbd] TO : [POST] http://localhost:8081/a2_filtered_post.php
[18:25:01.383] [GENERALFUNCTION cbd] Post data encoded: Submit=Submit&id=1%3D
[18:25:01.383] [GENERALFUNCTION cbd] Adjusted Content-Length to 21
[18:25:01.383] [GENERALFUNCTION cbd] Adjusted Origin to http://localhost:8081
[18:25:01.383] [GENERALFUNCTION cbd] Adjusted Referer to http://localhost:8081/a2_filtered_post.php
[18:25:01.383] [GENERALFUNCTION cbd] DEBUG OUTGOING request.full_url: http://localhost:8081/a2_filtered_post.php
[18:25:01.383] [GENERALFUNCTION cbd] DEBUG OUTGOING headers: {'Host': 'localhost:8081', 'User-Agent': 'Mozilla/5.0 (X11; Ubuntu; Linux x86_64; rv:155.0) Gecko/20100101 Firefox/155.0', 'Accept': 'text/html,application/xhtml+xml,application/xml;q=0.9,*/*;q=0.8', 'Accept-Language': 'en-US,en;q=0.9', 'Accept-Encoding': 'gzip, deflate, br, zstd', 'Content-Type': 'application/x-www-form-urlencoded', 'Content-Length': '21', 'Origin': 'http://localhost:8081', 'Connection': 'keep-alive', 'Referer': 'http://localhost:8081/a2_filtered_post.php', 'Cookie': 'PHPSESSID=89cdc0e04f8a7ffd78d8067977376dc9; security=impossible', 'Upgrade-Insecure-Requests': '1', 'Sec-Fetch-Dest': 'document', 'Sec-Fetch-Mode': 'navigate', 'Sec-Fetch-Site': 'same-origin', 'Sec-Fetch-User': '?1', 'Priority': 'u=0, i'}
[18:25:01.383] [GENERALFUNCTION cbd] DEBUG OUTGOING post_data_encoded (truncated): Submit=Submit&id=1%3D
[18:25:01.384] [GENERALFUNCTION cbd] DEBUG OUTGOING body_param_dict: {'Submit': 'Submit', 'id': '1='}
[18:25:01.414] [SQLiFuzz cbd] Response status: 200
[18:25:01.415] [SQLiFuzz cbd] Response URL: http://localhost:8081/a2_filtered_post.php
[18:25:01.415] [SQLiFuzz cbd] Was redirected: False
[18:25:01.415] [SQLiFuzz cbd] Getting response: 
<!doctype html>

<html>

<body>

<form method="POST">

  <label>User ID: <input type="text" name="id"></label>

  <input type="submit" name="Submit" value="Submit">

</form>

<pre>INPUT REJECTED</pre>
[18:25:02.416] [SQLAnalysis] Read 1 new lines from SQL log file.
[18:25:02.416] [SQLAnalysis] Appended 1 parsed entries.
[18:25:02.416] [SQLAnalysis cbd] Extracted 769 Logs 2026-10-02 22:25:02.416519: [{'timestamp': '2026-10-02 22:25:01,398331', 'level': 'INFO', 'ip': '172.18.0.5', 'port': 47372, 'sql': 'USE db *#*#OK'}]
[18:25:02.416] [SQLAnalysis cbd] Updated param pairs: {'looked_value': '1='}
[18:25:02.416] [SQLAnalysis cbd] Looked timestamp 2026-10-02 22:25:01.384761 -- 2026-10-02 22:25:01.408573
[18:25:02.424] [SQLAnalysis cbd] query_array to be checked: ['use', 'db']
[18:25:02.424] [SQLAnalysis cbd] normalized_query_array: ['use', 'db']
[18:25:02.424] [SQLiFuzz cbd] No weird chars exist: POST http://localhost:8081/a2_filtered_post.php | ['[string (False)(None)] Sec-Fetch-Dest=document', '[string (False)(None)] Sec-Fetch-Mode=navigate', '[string (False)(None)] Sec-Fetch-Site=same-origin', '[string (False)(None)] Sec-Fetch-User=?1', '[string (False)(None)] Priority=u=0, i', '[url (False)(None)] path0=a2_filtered_post.php', '[int (False)(None)] id=1=', '[string (False)(None)] Submit=Submit'] | None
[18:25:02.425] [SQLiFuzz 01e] Getting prepared_target_request with ID 95e for test_SQLi iteration 67/70
[18:25:02.425] [SQLiFuzz 95e] chosen_idx: 7 from 8
[18:25:02.425] [HTTPREQUEST 95e] Getting matched paramval from found values: ['?1', '1']
[18:25:02.425] [HTTPREQUEST 95e] Found matched paramval: [string (False)(None)] Sec-Fetch-User=?1
[18:25:02.425] [HTTPREQUEST 95e] Found matched paramval: [int (False)(None)] id=1
[18:25:02.425] [SQLiFuzz 95e] Prioritize to fuzz matched SQL value first: [int (False)(None)] id=1
[18:25:02.425] [SQLiFuzz 95e] Mutation applied. old='1' char='!' strategy='front' new='!1'
[18:25:02.425] [HTTPREQUEST 95e] Update url and body param from paramvals:
[18:25:02.425] [HTTPREQUEST None] New post_data_encoded: Submit=Submit&id=%211
[18:25:02.426] [HTTPREQUEST None] New param encoded: 
[18:25:02.426] [GENERALFUNCTION 95e] ---SENDING THE REQUEST [1790979902-c93ce3e5-37f3-4864-8dd2-34782f5dc95e] TO : [POST] http://localhost:8081/a2_filtered_post.php
[18:25:02.426] [GENERALFUNCTION 95e] Post data encoded: Submit=Submit&id=%211
[18:25:02.426] [GENERALFUNCTION 95e] Adjusted Content-Length to 21
[18:25:02.426] [GENERALFUNCTION 95e] Adjusted Origin to http://localhost:8081
[18:25:02.426] [GENERALFUNCTION 95e] Adjusted Referer to http://localhost:8081/a2_filtered_post.php
[18:25:02.426] [GENERALFUNCTION 95e] DEBUG OUTGOING request.full_url: http://localhost:8081/a2_filtered_post.php
[18:25:02.426] [GENERALFUNCTION 95e] DEBUG OUTGOING headers: {'Host': 'localhost:8081', 'User-Agent': 'Mozilla/5.0 (X11; Ubuntu; Linux x86_64; rv:155.0) Gecko/20100101 Firefox/155.0', 'Accept': 'text/html,application/xhtml+xml,application/xml;q=0.9,*/*;q=0.8', 'Accept-Language': 'en-US,en;q=0.9', 'Accept-Encoding': 'gzip, deflate, br, zstd', 'Content-Type': 'application/x-www-form-urlencoded', 'Content-Length': '21', 'Origin': 'http://localhost:8081', 'Connection': 'keep-alive', 'Referer': 'http://localhost:8081/a2_filtered_post.php', 'Cookie': 'PHPSESSID=89cdc0e04f8a7ffd78d8067977376dc9; security=impossible', 'Upgrade-Insecure-Requests': '1', 'Sec-Fetch-Dest': 'document', 'Sec-Fetch-Mode': 'navigate', 'Sec-Fetch-Site': 'same-origin', 'Sec-Fetch-User': '?1', 'Priority': 'u=0, i'}
[18:25:02.426] [GENERALFUNCTION 95e] DEBUG OUTGOING post_data_encoded (truncated): Submit=Submit&id=%211
[18:25:02.426] [GENERALFUNCTION 95e] DEBUG OUTGOING body_param_dict: {'Submit': 'Submit', 'id': '!1'}
[18:25:02.462] [SQLiFuzz 95e] Response status: 200
[18:25:02.463] [SQLiFuzz 95e] Response URL: http://localhost:8081/a2_filtered_post.php
[18:25:02.463] [SQLiFuzz 95e] Was redirected: False
[18:25:02.463] [SQLiFuzz 95e] Getting response: 
<!doctype html>

<html>

<body>

<form method="POST">

  <label>User ID: <input type="text" name="id"></label>

  <input type="submit" name="Submit" value="Submit">

</form>

<pre>INPUT REJECTED</pre>
[18:25:03.464] [SQLAnalysis] Read 1 new lines from SQL log file.
[18:25:03.464] [SQLAnalysis] Appended 1 parsed entries.
[18:25:03.464] [SQLAnalysis 95e] Extracted 770 Logs 2026-10-02 22:25:03.464495: [{'timestamp': '2026-10-02 22:25:02,446853', 'level': 'INFO', 'ip': '172.18.0.5', 'port': 40744, 'sql': 'USE db *#*#OK'}]
[18:25:03.464] [SQLAnalysis 95e] Updated param pairs: {'looked_value': '!1'}
[18:25:03.464] [SQLAnalysis 95e] Looked timestamp 2026-10-02 22:25:02.426759 -- 2026-10-02 22:25:02.458791
[18:25:03.475] [SQLAnalysis 95e] query_array to be checked: ['use', 'db']
[18:25:03.475] [SQLAnalysis 95e] normalized_query_array: ['use', 'db']
[18:25:03.475] [SQLiFuzz 95e] No weird chars exist: POST http://localhost:8081/a2_filtered_post.php | ['[string (False)(None)] Sec-Fetch-Dest=document', '[string (False)(None)] Sec-Fetch-Mode=navigate', '[string (False)(None)] Sec-Fetch-Site=same-origin', '[string (False)(None)] Sec-Fetch-User=?1', '[string (False)(None)] Priority=u=0, i', '[url (False)(None)] path0=a2_filtered_post.php', '[int (False)(None)] id=!1', '[string (False)(None)] Submit=Submit'] | None
[18:25:03.475] [SQLiFuzz 01e] Getting prepared_target_request with ID cd9 for test_SQLi iteration 68/70
[18:25:03.476] [SQLiFuzz cd9] chosen_idx: 2 from 8
[18:25:03.476] [HTTPREQUEST cd9] Getting matched paramval from found values: ['?1', '1']
[18:25:03.476] [HTTPREQUEST cd9] Found matched paramval: [string (False)(None)] Sec-Fetch-User=?1
[18:25:03.476] [HTTPREQUEST cd9] Found matched paramval: [int (False)(None)] id=1
[18:25:03.476] [SQLiFuzz cd9] Prioritize to fuzz matched SQL value first: [int (False)(None)] id=1
[18:25:03.476] [SQLiFuzz cd9] Mutation applied. old='1' char='(' strategy='drop' new='('
[18:25:03.476] [HTTPREQUEST cd9] Update url and body param from paramvals:
[18:25:03.476] [HTTPREQUEST None] New post_data_encoded: Submit=Submit&id=%28
[18:25:03.476] [HTTPREQUEST None] New param encoded: 
[18:25:03.476] [GENERALFUNCTION cd9] ---SENDING THE REQUEST [1790979903-8a6f243c-38a0-4651-b370-52b4fd2dbcd9] TO : [POST] http://localhost:8081/a2_filtered_post.php
[18:25:03.476] [GENERALFUNCTION cd9] Post data encoded: Submit=Submit&id=%28
[18:25:03.476] [GENERALFUNCTION cd9] Adjusted Content-Length to 20
[18:25:03.477] [GENERALFUNCTION cd9] Adjusted Origin to http://localhost:8081
[18:25:03.477] [GENERALFUNCTION cd9] Adjusted Referer to http://localhost:8081/a2_filtered_post.php
[18:25:03.477] [GENERALFUNCTION cd9] DEBUG OUTGOING request.full_url: http://localhost:8081/a2_filtered_post.php
[18:25:03.477] [GENERALFUNCTION cd9] DEBUG OUTGOING headers: {'Host': 'localhost:8081', 'User-Agent': 'Mozilla/5.0 (X11; Ubuntu; Linux x86_64; rv:155.0) Gecko/20100101 Firefox/155.0', 'Accept': 'text/html,application/xhtml+xml,application/xml;q=0.9,*/*;q=0.8', 'Accept-Language': 'en-US,en;q=0.9', 'Accept-Encoding': 'gzip, deflate, br, zstd', 'Content-Type': 'application/x-www-form-urlencoded', 'Content-Length': '20', 'Origin': 'http://localhost:8081', 'Connection': 'keep-alive', 'Referer': 'http://localhost:8081/a2_filtered_post.php', 'Cookie': 'PHPSESSID=89cdc0e04f8a7ffd78d8067977376dc9; security=impossible', 'Upgrade-Insecure-Requests': '1', 'Sec-Fetch-Dest': 'document', 'Sec-Fetch-Mode': 'navigate', 'Sec-Fetch-Site': 'same-origin', 'Sec-Fetch-User': '?1', 'Priority': 'u=0, i'}
[18:25:03.477] [GENERALFUNCTION cd9] DEBUG OUTGOING post_data_encoded (truncated): Submit=Submit&id=%28
[18:25:03.477] [GENERALFUNCTION cd9] DEBUG OUTGOING body_param_dict: {'Submit': 'Submit', 'id': '('}
[18:25:03.513] [SQLiFuzz cd9] Response status: 200
[18:25:03.513] [SQLiFuzz cd9] Response URL: http://localhost:8081/a2_filtered_post.php
[18:25:03.513] [SQLiFuzz cd9] Was redirected: False
[18:25:03.513] [SQLiFuzz cd9] Getting response: 
<!doctype html>

<html>

<body>

<form method="POST">

  <label>User ID: <input type="text" name="id"></label>

  <input type="submit" name="Submit" value="Submit">

</form>

<pre>INPUT REJECTED</pre>
[18:25:04.514] [SQLAnalysis] Read 1 new lines from SQL log file.
[18:25:04.514] [SQLAnalysis] Appended 1 parsed entries.
[18:25:04.514] [SQLAnalysis cd9] Extracted 771 Logs 2026-10-02 22:25:04.514346: [{'timestamp': '2026-10-02 22:25:03,496476', 'level': 'INFO', 'ip': '172.18.0.5', 'port': 40768, 'sql': 'USE db *#*#OK'}]
[18:25:04.514] [SQLAnalysis cd9] Updated param pairs: {'looked_value': '('}
[18:25:04.514] [SQLAnalysis cd9] Looked timestamp 2026-10-02 22:25:03.477562 -- 2026-10-02 22:25:03.507951
[18:25:04.525] [SQLAnalysis cd9] query_array to be checked: ['use', 'db']
[18:25:04.527] [SQLAnalysis cd9] normalized_query_array: ['use', 'db']
[18:25:04.528] [SQLiFuzz cd9] No weird chars exist: POST http://localhost:8081/a2_filtered_post.php | ['[string (False)(None)] Sec-Fetch-Dest=document', '[string (False)(None)] Sec-Fetch-Mode=navigate', '[string (False)(None)] Sec-Fetch-Site=same-origin', '[string (False)(None)] Sec-Fetch-User=?1', '[string (False)(None)] Priority=u=0, i', '[url (False)(None)] path0=a2_filtered_post.php', '[int (False)(None)] id=(', '[string (False)(None)] Submit=Submit'] | None
[18:25:04.528] [SQLiFuzz 01e] Getting prepared_target_request with ID 46c for test_SQLi iteration 69/70
[18:25:04.528] [SQLiFuzz 46c] chosen_idx: 0 from 8
[18:25:04.528] [HTTPREQUEST 46c] Getting matched paramval from found values: ['?1', '1']
[18:25:04.529] [HTTPREQUEST 46c] Found matched paramval: [string (False)(None)] Sec-Fetch-User=?1
[18:25:04.529] [HTTPREQUEST 46c] Found matched paramval: [int (False)(None)] id=1
[18:25:04.529] [SQLiFuzz 46c] Prioritize to fuzz matched SQL value first: [int (False)(None)] id=1
[18:25:04.529] [SQLiFuzz 46c] Mutation applied. old='1' char=']' strategy='drop' new=']'
[18:25:04.529] [HTTPREQUEST 46c] Update url and body param from paramvals:
[18:25:04.529] [HTTPREQUEST None] New post_data_encoded: Submit=Submit&id=%5D
[18:25:04.529] [HTTPREQUEST None] New param encoded: 
[18:25:04.529] [GENERALFUNCTION 46c] ---SENDING THE REQUEST [1790979904-9926b3f0-9c84-4357-b2a4-d2c810ee346c] TO : [POST] http://localhost:8081/a2_filtered_post.php
[18:25:04.529] [GENERALFUNCTION 46c] Post data encoded: Submit=Submit&id=%5D
[18:25:04.530] [GENERALFUNCTION 46c] Adjusted Content-Length to 20
[18:25:04.530] [GENERALFUNCTION 46c] Adjusted Origin to http://localhost:8081
[18:25:04.530] [GENERALFUNCTION 46c] Adjusted Referer to http://localhost:8081/a2_filtered_post.php
[18:25:04.530] [GENERALFUNCTION 46c] DEBUG OUTGOING request.full_url: http://localhost:8081/a2_filtered_post.php
[18:25:04.530] [GENERALFUNCTION 46c] DEBUG OUTGOING headers: {'Host': 'localhost:8081', 'User-Agent': 'Mozilla/5.0 (X11; Ubuntu; Linux x86_64; rv:155.0) Gecko/20100101 Firefox/155.0', 'Accept': 'text/html,application/xhtml+xml,application/xml;q=0.9,*/*;q=0.8', 'Accept-Language': 'en-US,en;q=0.9', 'Accept-Encoding': 'gzip, deflate, br, zstd', 'Content-Type': 'application/x-www-form-urlencoded', 'Content-Length': '20', 'Origin': 'http://localhost:8081', 'Connection': 'keep-alive', 'Referer': 'http://localhost:8081/a2_filtered_post.php', 'Cookie': 'PHPSESSID=89cdc0e04f8a7ffd78d8067977376dc9; security=impossible', 'Upgrade-Insecure-Requests': '1', 'Sec-Fetch-Dest': 'document', 'Sec-Fetch-Mode': 'navigate', 'Sec-Fetch-Site': 'same-origin', 'Sec-Fetch-User': '?1', 'Priority': 'u=0, i'}
[18:25:04.530] [GENERALFUNCTION 46c] DEBUG OUTGOING post_data_encoded (truncated): Submit=Submit&id=%5D
[18:25:04.530] [GENERALFUNCTION 46c] DEBUG OUTGOING body_param_dict: {'Submit': 'Submit', 'id': ']'}
[18:25:04.564] [SQLiFuzz 46c] Response status: 200
[18:25:04.564] [SQLiFuzz 46c] Response URL: http://localhost:8081/a2_filtered_post.php
[18:25:04.564] [SQLiFuzz 46c] Was redirected: False
[18:25:04.564] [SQLiFuzz 46c] Getting response: 
<!doctype html>

<html>

<body>

<form method="POST">

  <label>User ID: <input type="text" name="id"></label>

  <input type="submit" name="Submit" value="Submit">

</form>

<pre>INPUT REJECTED</pre>
[18:25:05.564] [SQLAnalysis] Read 1 new lines from SQL log file.
[18:25:05.565] [SQLAnalysis] Appended 1 parsed entries.
[18:25:05.565] [SQLAnalysis 46c] Extracted 772 Logs 2026-10-02 22:25:05.565279: [{'timestamp': '2026-10-02 22:25:04,550455', 'level': 'INFO', 'ip': '172.18.0.5', 'port': 40784, 'sql': 'USE db *#*#OK'}]
[18:25:05.565] [SQLAnalysis 46c] Updated param pairs: {'looked_value': ']'}
[18:25:05.565] [SQLAnalysis 46c] Looked timestamp 2026-10-02 22:25:04.530935 -- 2026-10-02 22:25:04.559478
[18:25:05.573] [SQLAnalysis 46c] query_array to be checked: ['use', 'db']
[18:25:05.574] [SQLAnalysis 46c] normalized_query_array: ['use', 'db']
[18:25:05.574] [SQLiFuzz 46c] No weird chars exist: POST http://localhost:8081/a2_filtered_post.php | ['[string (False)(None)] Sec-Fetch-Dest=document', '[string (False)(None)] Sec-Fetch-Mode=navigate', '[string (False)(None)] Sec-Fetch-Site=same-origin', '[string (False)(None)] Sec-Fetch-User=?1', '[string (False)(None)] Priority=u=0, i', '[url (False)(None)] path0=a2_filtered_post.php', '[int (False)(None)] id=]', '[string (False)(None)] Submit=Submit'] | None
[18:25:05.574] [SQLiFuzz 01e] Getting prepared_target_request with ID f7e for test_SQLi iteration 70/70
[18:25:05.574] [SQLiFuzz f7e] chosen_idx: 2 from 8
[18:25:05.574] [HTTPREQUEST f7e] Getting matched paramval from found values: ['?1', '1']
[18:25:05.574] [HTTPREQUEST f7e] Found matched paramval: [string (False)(None)] Sec-Fetch-User=?1
[18:25:05.574] [HTTPREQUEST f7e] Found matched paramval: [int (False)(None)] id=1
[18:25:05.574] [SQLiFuzz f7e] Prioritize to fuzz matched SQL value first: [int (False)(None)] id=1
[18:25:05.574] [SQLiFuzz f7e] Mutation applied. old='1' char='!' strategy='drop' new='!'
[18:25:05.574] [HTTPREQUEST f7e] Update url and body param from paramvals:
[18:25:05.575] [HTTPREQUEST None] New post_data_encoded: Submit=Submit&id=%21
[18:25:05.575] [HTTPREQUEST None] New param encoded: 
[18:25:05.575] [GENERALFUNCTION f7e] ---SENDING THE REQUEST [1790979905-14d1c5e5-9144-4c02-a04d-a4765e450f7e] TO : [POST] http://localhost:8081/a2_filtered_post.php
[18:25:05.575] [GENERALFUNCTION f7e] Post data encoded: Submit=Submit&id=%21
[18:25:05.575] [GENERALFUNCTION f7e] Adjusted Content-Length to 20
[18:25:05.576] [GENERALFUNCTION f7e] Adjusted Origin to http://localhost:8081
[18:25:05.576] [GENERALFUNCTION f7e] Adjusted Referer to http://localhost:8081/a2_filtered_post.php
[18:25:05.576] [GENERALFUNCTION f7e] DEBUG OUTGOING request.full_url: http://localhost:8081/a2_filtered_post.php
[18:25:05.576] [GENERALFUNCTION f7e] DEBUG OUTGOING headers: {'Host': 'localhost:8081', 'User-Agent': 'Mozilla/5.0 (X11; Ubuntu; Linux x86_64; rv:155.0) Gecko/20100101 Firefox/155.0', 'Accept': 'text/html,application/xhtml+xml,application/xml;q=0.9,*/*;q=0.8', 'Accept-Language': 'en-US,en;q=0.9', 'Accept-Encoding': 'gzip, deflate, br, zstd', 'Content-Type': 'application/x-www-form-urlencoded', 'Content-Length': '20', 'Origin': 'http://localhost:8081', 'Connection': 'keep-alive', 'Referer': 'http://localhost:8081/a2_filtered_post.php', 'Cookie': 'PHPSESSID=89cdc0e04f8a7ffd78d8067977376dc9; security=impossible', 'Upgrade-Insecure-Requests': '1', 'Sec-Fetch-Dest': 'document', 'Sec-Fetch-Mode': 'navigate', 'Sec-Fetch-Site': 'same-origin', 'Sec-Fetch-User': '?1', 'Priority': 'u=0, i'}
[18:25:05.576] [GENERALFUNCTION f7e] DEBUG OUTGOING post_data_encoded (truncated): Submit=Submit&id=%21
[18:25:05.576] [GENERALFUNCTION f7e] DEBUG OUTGOING body_param_dict: {'Submit': 'Submit', 'id': '!'}
[18:25:05.602] [SQLiFuzz f7e] Response status: 200
[18:25:05.602] [SQLiFuzz f7e] Response URL: http://localhost:8081/a2_filtered_post.php
[18:25:05.602] [SQLiFuzz f7e] Was redirected: False
[18:25:05.602] [SQLiFuzz f7e] Getting response: 
<!doctype html>

<html>

<body>

<form method="POST">

  <label>User ID: <input type="text" name="id"></label>

  <input type="submit" name="Submit" value="Submit">

</form>

<pre>INPUT REJECTED</pre>
[18:25:06.603] [SQLAnalysis] Read 1 new lines from SQL log file.
[18:25:06.603] [SQLAnalysis] Appended 1 parsed entries.
[18:25:06.603] [SQLAnalysis f7e] Extracted 773 Logs 2026-10-02 22:25:06.603695: [{'timestamp': '2026-10-02 22:25:05,589651', 'level': 'INFO', 'ip': '172.18.0.5', 'port': 40806, 'sql': 'USE db *#*#OK'}]
[18:25:06.603] [SQLAnalysis f7e] Updated param pairs: {'looked_value': '!'}
[18:25:06.603] [SQLAnalysis f7e] Looked timestamp 2026-10-02 22:25:05.576440 -- 2026-10-02 22:25:05.599087
[18:25:06.611] [SQLAnalysis f7e] query_array to be checked: ['use', 'db']
[18:25:06.611] [SQLAnalysis f7e] normalized_query_array: ['use', 'db']
[18:25:06.612] [SQLiFuzz f7e] No weird chars exist: POST http://localhost:8081/a2_filtered_post.php | ['[string (False)(None)] Sec-Fetch-Dest=document', '[string (False)(None)] Sec-Fetch-Mode=navigate', '[string (False)(None)] Sec-Fetch-Site=same-origin', '[string (False)(None)] Sec-Fetch-User=?1', '[string (False)(None)] Priority=u=0, i', '[url (False)(None)] path0=a2_filtered_post.php', '[int (False)(None)] id=!', '[string (False)(None)] Submit=Submit'] | None
[18:25:06.612] [SQLiFuzz f7e] No SQL Injection. Drop it. POST http://localhost:8081/a2_filtered_post.php | ['[string (False)(None)] Sec-Fetch-Dest=document', '[string (False)(None)] Sec-Fetch-Mode=navigate', '[string (False)(None)] Sec-Fetch-Site=same-origin', '[string (False)(None)] Sec-Fetch-User=?1', '[string (False)(None)] Priority=u=0, i', '[url (False)(None)] path0=a2_filtered_post.php', '[int (False)(None)] id=!', '[string (False)(None)] Submit=Submit'] | None
[18:25:06.625] [HOOK 01e] Completed fuzz (remaining: 0)
[13:53:06.135] [HOOK] Idle timeout (120s) reached with no pending tasks. Initiating shutdown...
[HOOK] Idle timeout reached. Saving results and shutting down...
[13:53:06.136] 


-----FINAL RESULT------
FINAL RESULT
[13:53:06.136] ###Matched SQL Injection Detected: [METHOD] | [URL] | [PARAMS] | [POST_DATA] [MATCHED_PAYLOAD] ==> [SQL_DETECTED] || [ERROR_SQL_DETECTED]

###Matched SQL Injection Detected: [METHOD] | [URL] | [PARAMS] | [POST_DATA] [MATCHED_PAYLOAD] ==> [SQL_DETECTED] || [ERROR_SQL_DETECTED]

[13:53:06.136] No SQL Injection Detected.

No SQL Injection Detected.

[13:53:06.136] [SQLICollection] Result will be saved in final_result/FR/FR-dvwa--emmalee-VMware-Virtual-Platform-1790979806.txt
[13:53:06.136] [SQLICollection] Statistics: {'total_req': 2, 'sql_req': 1, 'null_req': 0, 'not_sql_req': 1, 'sql_injection_detected': 0, 'another_sql_error_detected': 0, 'sql_req_not_detected': 1, 'error_req': 0, 'fuzzed_req': 70, 'processing_time_total': 2.122649, 'processing_time_ave': 0.030323557142857144, 'running_time': '19:29:39.404204', 200: 2}
[13:53:06.137] [HOOK] FINISH on 2026-10-03 13:53:06.136096. Total run time: 19:29:39.404204
[HOOK] FINISH on 2026-10-03 13:53:06.136096. Total run time: 19:29:39.404204
