[17:20:14.148] Loading script sqlifuzz/mitmproxy_addon.py
[17:20:14.283] [CONFIG] A config file from configs/config-general.yaml is loaded.
[17:20:14.284] [HOOK] Idle shutdown monitor started. Will check after 60s initial wait...
[17:20:14.284] [HOOK] Idle shutdown monitor scheduled (timeout: 120s)
[17:20:14.284] Starting Time: 2026-10-02 17:20:14.266807
[17:20:14.284] Start MITM Addon with 10 max concurrent fuzzing tasks
[17:20:14.284] [HOOK] Number response: 0 | Memory usage (MB): 81.0078125 PID: 40338
[17:20:14.284] [STATS] {'total_req': 0, 'sql_req': 0, 'null_req': 0, 'not_sql_req': 0, 'sql_injection_detected': 0, 'another_sql_error_detected': 0, 'sql_req_not_detected': 0, 'error_req': 0, 'fuzzed_req': 0, 'processing_time_total': 0.0, 'processing_time_ave': 0.0, 'running_time': 'Not finished yet'}
[17:20:14.286] reverse proxy to http://localhost:8081 listening at *:8888.
[17:20:22.353][127.0.0.1:40256] client connect
[17:20:22.358][127.0.0.1:40256] server connect localhost:8081 (127.0.0.1:8081)
[17:20:26.888] [HOOK cf3] Check GET http://localhost:8081/a2_filtered.php || 
[17:20:26.888] [HTTPREQUEST cf3] Converting Request Entry to HTTP Request: d00667c9-54a4-4ef1-9097-8be710b5acf3
[17:20:26.888] [HTTPREQUEST cf3] No content-type is found
[17:20:27.890] [SQLAnalysis] Read 540 new lines from SQL log file.
[17:20:27.893] [SQLAnalysis] Appended 531 parsed entries.
[17:20:27.893] [SQLAnalysis cf3] Extracted 531 Logs 2026-10-02 21:20:27.893516: [{'timestamp': '2026-10-02 21:20:26,875490', 'level': 'INFO', 'ip': '172.18.0.5', 'port': 56034, 'sql': 'USE db *#*#OK'}]
[17:20:27.896] [SQLAnalysis cf3] Checking Request: GET http://localhost:8081/a2_filtered.php | ['[string (False)(None)] Sec-Fetch-Dest=document', '[string (False)(None)] Sec-Fetch-Mode=navigate', '[string (False)(None)] Sec-Fetch-Site=none', '[string (False)(None)] Sec-Fetch-User=?1', '[string (False)(None)] Priority=u=0, i', '[url (False)(None)] path0=a2_filtered.php'] | None
[17:20:27.896] [SQLAnalysis cf3] Updated param pairs: {'Sec-Fetch-Dest': 'document', 'Sec-Fetch-Mode': 'navigate', 'Sec-Fetch-Site': 'none', 'Sec-Fetch-User': '?1', 'Priority': 'u=0, i', 'path0': 'a2_filtered.php'}
[17:20:27.897] [SQLAnalysis cf3] Looked timestamp 2026-10-02 21:20:26.866000 -- 2026-10-02 21:20:26.885000
[17:20:27.903] [SQLAnalysis cf3] query_array to be checked: ['use', 'db']
[17:20:27.904] [SQLAnalysis cf3] normalized_query_array: ['use', 'db']
[17:20:27.904] [HTTPREQUEST cf3] Getting null paramvals
[17:20:27.904] [HOOK cf3] The request does not trigger SQL query. Drop it. GET http://localhost:8081/a2_filtered.php || 
127.0.0.1:40256: GET http://localhost:8081/a2_filtered.php
              << 200 OK 142b
[17:20:30.810] [HOOK 14a] Check GET http://localhost:8081/a2_filtered.php?id=1&Submit=Submit || 
[17:20:30.810] [HTTPREQUEST 14a] Converting Request Entry to HTTP Request: 5a274ba3-2f9f-4ccc-b496-b77bb9c6414a
[17:20:30.810] [HTTPREQUEST 14a] No content-type is found
[17:20:31.811] [SQLAnalysis] Read 2 new lines from SQL log file.
[17:20:31.811] [SQLAnalysis] Appended 2 parsed entries.
[17:20:31.811] [SQLAnalysis 14a] Extracted 533 Logs 2026-10-02 21:20:31.811324: [{'timestamp': '2026-10-02 21:20:30,806875', 'level': 'INFO', 'ip': '172.18.0.5', 'port': 56048, 'sql': 'SELECT first_name, last_name FROM users WHERE user_id = 1 *#*#Result Set'}]
[17:20:31.811] [SQLAnalysis 14a] Checking Request: GET http://localhost:8081/a2_filtered.php | ['[string (False)(None)] Sec-Fetch-Dest=document', '[string (False)(None)] Sec-Fetch-Mode=navigate', '[string (False)(None)] Sec-Fetch-Site=same-origin', '[string (False)(None)] Sec-Fetch-User=?1', '[string (False)(None)] Priority=u=0, i', '[url (False)(None)] path0=a2_filtered.php', '[int (False)(None)] id=1', '[string (False)(None)] Submit=Submit'] | None
[17:20:31.811] [SQLAnalysis 14a] Updated param pairs: {'Sec-Fetch-Dest': 'document', 'Sec-Fetch-Mode': 'navigate', 'Sec-Fetch-Site': 'same-origin', 'Sec-Fetch-User': '?1', 'Priority': 'u=0, i', 'path0': 'a2_filtered.php', 'id': '1', 'Submit': 'Submit'}
[17:20:31.811] [SQLAnalysis 14a] Looked timestamp 2026-10-02 21:20:30.790000 -- 2026-10-02 21:20:30.809000
[17:20:31.814] [SQLAnalysis 14a] query_array to be checked: ['use', 'db']
[17:20:31.814] [SQLAnalysis 14a] normalized_query_array: ['use', 'db']
[17:20:31.815] [SQLAnalysis 14a] query_array to be checked: ['select', 'first_name', 'last_name', 'from', 'users', 'where', 'user_id', '=', '1']
[17:20:31.815] [SQLAnalysis 14a] normalized_query_array: ['select', 'firstname', 'lastname', 'from', 'users', 'where', 'userid', '', '1']
[17:20:31.815] [SQLAnalysis 14a] Getting Sec-Fetch-User==>?1 [1] in ['select', 'firstname', 'lastname', 'from', 'users', 'where', 'userid', '', '1']
[17:20:31.815] [SQLAnalysis 14a] Getting id==>1 [1] in ['select', 'firstname', 'lastname', 'from', 'users', 'where', 'userid', '', '1']
[17:20:31.815] [HOOK 14a] Get matching queries: ['select first_name, last_name from users where user_id = 1 *#*#result set', 'select first_name, last_name from users where user_id = 1 *#*#result set'] from GET http://localhost:8081/a2_filtered.php?id=1&Submit=Submit || 
[17:20:31.815] [HOOK 14a] Async callback triggered for: http://localhost:8081/a2_filtered.php?id=1&Submit=Submit
[HOOK 14a] Starting fuzz http://localhost:8081/a2_filtered.php?id=1&Submit=Submit (pending: 1 requests)
[17:20:31.815] [HOOK 14a] Starting fuzz (pending: 1)
[17:20:31.815] [SQLiFuzz 14a] Calling send_requests for: http://localhost:8081/a2_filtered.php?id=1&Submit=Submit
[17:20:31.815] [SQLiFuzz 14a] DEBUG Captured request body (truncated): 
[17:20:31.815] [SQLiFuzz 14a] DEBUG Captured request headers: {'Host': 'localhost:8081', 'User-Agent': 'Mozilla/5.0 (X11; Ubuntu; Linux x86_64; rv:155.0) Gecko/20100101 Firefox/155.0', 'Accept': 'text/html,application/xhtml+xml,application/xml;q=0.9,*/*;q=0.8', 'Accept-Language': 'en-US,en;q=0.9', 'Accept-Encoding': 'gzip, deflate, br, zstd', 'Connection': 'keep-alive', 'Referer': 'http://localhost:8888/a2_filtered.php', 'Cookie': 'PHPSESSID=a7bfad51c20e216fb745b230a7da5e5b; security=impossible', 'Upgrade-Insecure-Requests': '1', 'Sec-Fetch-Dest': 'document', 'Sec-Fetch-Mode': 'navigate', 'Sec-Fetch-Site': 'same-origin', 'Sec-Fetch-User': '?1', 'Priority': 'u=0, i'}
[17:20:31.815] [SQLiFuzz 14a] DEBUG Converted request.post_data_encoded (truncated): 
[17:20:31.815] [SQLiFuzz 14a] DEBUG Converted request.header: {'Host': 'localhost:8081', 'User-Agent': 'Mozilla/5.0 (X11; Ubuntu; Linux x86_64; rv:155.0) Gecko/20100101 Firefox/155.0', 'Accept': 'text/html,application/xhtml+xml,application/xml;q=0.9,*/*;q=0.8', 'Accept-Language': 'en-US,en;q=0.9', 'Accept-Encoding': 'gzip, deflate, br, zstd', 'Connection': 'keep-alive', 'Referer': 'http://localhost:8888/a2_filtered.php', 'Cookie': 'PHPSESSID=a7bfad51c20e216fb745b230a7da5e5b; security=impossible', 'Upgrade-Insecure-Requests': '1', 'Sec-Fetch-Dest': 'document', 'Sec-Fetch-Mode': 'navigate', 'Sec-Fetch-Site': 'same-origin', 'Sec-Fetch-User': '?1', 'Priority': 'u=0, i'}
[17:20:31.815] [SQLiFuzz 14a] DEBUG Converted request.content_type: None
127.0.0.1:40256: GET http://localhost:8081/a2_filtered.php?id=1&Submit=Submi…
              << 200 OK 155b
[17:20:32.139] [SQLiFuzz 14a] test_SQLi for GET http://localhost:8081/a2_filtered.php | ['[string (False)(None)] Sec-Fetch-Dest=document', '[string (False)(None)] Sec-Fetch-Mode=navigate', '[string (False)(None)] Sec-Fetch-Site=same-origin', '[string (False)(None)] Sec-Fetch-User=?1', '[string (False)(None)] Priority=u=0, i', '[url (False)(None)] path0=a2_filtered.php', '[int (False)(None)] id=1', '[string (False)(None)] Submit=Submit'] | None
[17:20:32.139] [SQLiFuzz 14a] Getting prepared_target_request with ID 696 for test_SQLi iteration 1/70
[17:20:32.140] [SQLiFuzz 696] chosen_idx: 6 from 8
[17:20:32.140] [HTTPREQUEST 696] Getting matched paramval from found values: ['?1', '1']
[17:20:32.140] [HTTPREQUEST 696] Found matched paramval: [string (False)(None)] Sec-Fetch-User=?1
[17:20:32.140] [HTTPREQUEST 696] Found matched paramval: [int (False)(None)] id=1
[17:20:32.140] [SQLiFuzz 696] Prioritize to fuzz matched SQL value first: [string (False)(None)] Sec-Fetch-User=?1
[17:20:32.140] [SQLiFuzz 696] Mutation applied. old='?1' char=''' strategy='drop' new='''
[17:20:32.140] [HTTPREQUEST 696] Update url and body param from paramvals:
[17:20:32.140] [HTTPREQUEST None] New post_data_encoded: 
[17:20:32.140] [HTTPREQUEST None] New param encoded: Submit=Submit&id=1
[17:20:32.140] [GENERALFUNCTION 696] ---SENDING THE REQUEST [1790976032-0da1c102-1495-4e70-91aa-b36949622696] TO : [GET] http://localhost:8081/a2_filtered.php?Submit=Submit&id=1
[17:20:32.140] [GENERALFUNCTION 696] Post data encoded: 
[17:20:32.140] [GENERALFUNCTION 696] Adjusted Referer to http://localhost:8081/a2_filtered.php
[17:20:32.140] [GENERALFUNCTION 696] DEBUG OUTGOING request.full_url: http://localhost:8081/a2_filtered.php?Submit=Submit&id=1
[17:20:32.140] [GENERALFUNCTION 696] DEBUG OUTGOING headers: {'Host': 'localhost:8081', 'User-Agent': 'Mozilla/5.0 (X11; Ubuntu; Linux x86_64; rv:155.0) Gecko/20100101 Firefox/155.0', 'Accept': 'text/html,application/xhtml+xml,application/xml;q=0.9,*/*;q=0.8', 'Accept-Language': 'en-US,en;q=0.9', 'Accept-Encoding': 'gzip, deflate, br, zstd', 'Connection': 'keep-alive', 'Referer': 'http://localhost:8081/a2_filtered.php', 'Cookie': 'PHPSESSID=a7bfad51c20e216fb745b230a7da5e5b; security=impossible', 'Upgrade-Insecure-Requests': '1', 'Sec-Fetch-Dest': 'document', 'Sec-Fetch-Mode': 'navigate', 'Sec-Fetch-Site': 'same-origin', 'Sec-Fetch-User': "'", 'Priority': 'u=0, i'}
[17:20:32.140] [GENERALFUNCTION 696] DEBUG OUTGOING post_data_encoded (truncated): 
[17:20:32.183] [SQLiFuzz 696] Response status: 200
[17:20:32.183] [SQLiFuzz 696] Response URL: http://localhost:8081/a2_filtered.php?Submit=Submit&id=1
[17:20:32.183] [SQLiFuzz 696] Was redirected: False
[17:20:32.183] [SQLiFuzz 696] Getting response: <!doctype html>
<html>
<body>
<form method="GET">
  <label>User ID: <input type="text" name="id"></label>
  <input type="submit" name="Submit" value="Submit">
</form>
<pre>ROWS=1</pre></body>
</html>

[17:20:33.184] [SQLAnalysis] Read 2 new lines from SQL log file.
[17:20:33.184] [SQLAnalysis] Appended 2 parsed entries.
[17:20:33.184] [SQLAnalysis 696] Extracted 535 Logs 2026-10-02 21:20:33.184916: [{'timestamp': '2026-10-02 21:20:32,168723', 'level': 'INFO', 'ip': '172.18.0.5', 'port': 43894, 'sql': 'SELECT first_name, last_name FROM users WHERE user_id = 1 *#*#Result Set'}]
[17:20:33.185] [SQLAnalysis 696] Updated param pairs: {'looked_value': "'"}
[17:20:33.185] [SQLAnalysis 696] Looked timestamp 2026-10-02 21:20:32.140968 -- 2026-10-02 21:20:32.180141
[17:20:33.191] [SQLAnalysis 696] query_array to be checked: ['use', 'db']
[17:20:33.191] [SQLAnalysis 696] normalized_query_array: ['use', 'db']
[17:20:33.191] [SQLAnalysis 696] query_array to be checked: ['select', 'first_name', 'last_name', 'from', 'users', 'where', 'user_id', '=', '1']
[17:20:33.191] [SQLAnalysis 696] normalized_query_array: ['select', 'firstname', 'lastname', 'from', 'users', 'where', 'userid', '', '1']
[17:20:33.191] [SQLiFuzz 696] No weird chars exist: GET http://localhost:8081/a2_filtered.php | ['[string (False)(None)] Sec-Fetch-Dest=document', '[string (False)(None)] Sec-Fetch-Mode=navigate', '[string (False)(None)] Sec-Fetch-Site=same-origin', "[string (False)(None)] Sec-Fetch-User='", '[string (False)(None)] Priority=u=0, i', '[url (False)(None)] path0=a2_filtered.php', '[int (False)(None)] id=1', '[string (False)(None)] Submit=Submit'] | None
[17:20:33.192] [SQLiFuzz 14a] Getting prepared_target_request with ID ca6 for test_SQLi iteration 2/70
[17:20:33.192] [SQLiFuzz ca6] chosen_idx: 1 from 8
[17:20:33.192] [HTTPREQUEST ca6] Getting matched paramval from found values: ['?1', '1']
[17:20:33.192] [HTTPREQUEST ca6] Found matched paramval: [string (False)(None)] Sec-Fetch-User=?1
[17:20:33.192] [HTTPREQUEST ca6] Found matched paramval: [int (False)(None)] id=1
[17:20:33.192] [SQLiFuzz ca6] Prioritize to fuzz matched SQL value first: [int (False)(None)] id=1
[17:20:33.192] [SQLiFuzz ca6] Mutation applied. old='1' char=''' strategy='tail' new='1''
[17:20:33.193] [HTTPREQUEST ca6] Update url and body param from paramvals:
[17:20:33.193] [HTTPREQUEST None] New post_data_encoded: 
[17:20:33.193] [HTTPREQUEST None] New param encoded: Submit=Submit&id=1%27
[17:20:33.193] [GENERALFUNCTION ca6] ---SENDING THE REQUEST [1790976033-bd184dd2-d655-45d6-83e0-7910e92b0ca6] TO : [GET] http://localhost:8081/a2_filtered.php?Submit=Submit&id=1%27
[17:20:33.193] [GENERALFUNCTION ca6] Post data encoded: 
[17:20:33.193] [GENERALFUNCTION ca6] Adjusted Referer to http://localhost:8081/a2_filtered.php
[17:20:33.193] [GENERALFUNCTION ca6] DEBUG OUTGOING request.full_url: http://localhost:8081/a2_filtered.php?Submit=Submit&id=1%27
[17:20:33.193] [GENERALFUNCTION ca6] DEBUG OUTGOING headers: {'Host': 'localhost:8081', 'User-Agent': 'Mozilla/5.0 (X11; Ubuntu; Linux x86_64; rv:155.0) Gecko/20100101 Firefox/155.0', 'Accept': 'text/html,application/xhtml+xml,application/xml;q=0.9,*/*;q=0.8', 'Accept-Language': 'en-US,en;q=0.9', 'Accept-Encoding': 'gzip, deflate, br, zstd', 'Connection': 'keep-alive', 'Referer': 'http://localhost:8081/a2_filtered.php', 'Cookie': 'PHPSESSID=a7bfad51c20e216fb745b230a7da5e5b; security=impossible', 'Upgrade-Insecure-Requests': '1', 'Sec-Fetch-Dest': 'document', 'Sec-Fetch-Mode': 'navigate', 'Sec-Fetch-Site': 'same-origin', 'Sec-Fetch-User': '?1', 'Priority': 'u=0, i'}
[17:20:33.194] [GENERALFUNCTION ca6] DEBUG OUTGOING post_data_encoded (truncated): 
[17:20:33.233] [SQLiFuzz ca6] Response status: 200
[17:20:33.233] [SQLiFuzz ca6] Response URL: http://localhost:8081/a2_filtered.php?Submit=Submit&id=1%27
[17:20:33.233] [SQLiFuzz ca6] Was redirected: False
[17:20:33.233] [SQLiFuzz ca6] Getting response: <!doctype html>
<html>
<body>
<form method="GET">
  <label>User ID: <input type="text" name="id"></label>
  <input type="submit" name="Submit" value="Submit">
</form>
<pre>INPUT REJECTED</pre>
[17:20:34.234] [SQLAnalysis] Read 1 new lines from SQL log file.
[17:20:34.234] [SQLAnalysis] Appended 1 parsed entries.
[17:20:34.235] [SQLAnalysis ca6] Extracted 536 Logs 2026-10-02 21:20:34.234981: [{'timestamp': '2026-10-02 21:20:33,212561', 'level': 'INFO', 'ip': '172.18.0.5', 'port': 43902, 'sql': 'USE db *#*#OK'}]
[17:20:34.235] [SQLAnalysis ca6] Updated param pairs: {'looked_value': "1'"}
[17:20:34.235] [SQLAnalysis ca6] Looked timestamp 2026-10-02 21:20:33.194095 -- 2026-10-02 21:20:33.228941
[17:20:34.241] [SQLAnalysis ca6] query_array to be checked: ['use', 'db']
[17:20:34.241] [SQLAnalysis ca6] normalized_query_array: ['use', 'db']
[17:20:34.242] [SQLiFuzz ca6] No weird chars exist: GET http://localhost:8081/a2_filtered.php | ['[string (False)(None)] Sec-Fetch-Dest=document', '[string (False)(None)] Sec-Fetch-Mode=navigate', '[string (False)(None)] Sec-Fetch-Site=same-origin', '[string (False)(None)] Sec-Fetch-User=?1', '[string (False)(None)] Priority=u=0, i', '[url (False)(None)] path0=a2_filtered.php', "[int (False)(None)] id=1'", '[string (False)(None)] Submit=Submit'] | None
[17:20:34.242] [SQLiFuzz 14a] Getting prepared_target_request with ID 83b for test_SQLi iteration 3/70
[17:20:34.242] [SQLiFuzz 83b] chosen_idx: 2 from 8
[17:20:34.242] [HTTPREQUEST 83b] Getting matched paramval from found values: ['?1', '1']
[17:20:34.242] [HTTPREQUEST 83b] Found matched paramval: [string (False)(None)] Sec-Fetch-User=?1
[17:20:34.242] [HTTPREQUEST 83b] Found matched paramval: [int (False)(None)] id=1
[17:20:34.243] [SQLiFuzz 83b] Prioritize to fuzz matched SQL value first: [int (False)(None)] id=1
[17:20:34.243] [SQLiFuzz 83b] Mutation applied. old='1' char=''' strategy='front' new=''1'
[17:20:34.243] [HTTPREQUEST 83b] Update url and body param from paramvals:
[17:20:34.243] [HTTPREQUEST None] New post_data_encoded: 
[17:20:34.243] [HTTPREQUEST None] New param encoded: Submit=Submit&id=%271
[17:20:34.243] [GENERALFUNCTION 83b] ---SENDING THE REQUEST [1790976034-31c80f19-ee90-41f4-9fbb-8ee01342183b] TO : [GET] http://localhost:8081/a2_filtered.php?Submit=Submit&id=%271
[17:20:34.243] [GENERALFUNCTION 83b] Post data encoded: 
[17:20:34.243] [GENERALFUNCTION 83b] Adjusted Referer to http://localhost:8081/a2_filtered.php
[17:20:34.243] [GENERALFUNCTION 83b] DEBUG OUTGOING request.full_url: http://localhost:8081/a2_filtered.php?Submit=Submit&id=%271
[17:20:34.243] [GENERALFUNCTION 83b] DEBUG OUTGOING headers: {'Host': 'localhost:8081', 'User-Agent': 'Mozilla/5.0 (X11; Ubuntu; Linux x86_64; rv:155.0) Gecko/20100101 Firefox/155.0', 'Accept': 'text/html,application/xhtml+xml,application/xml;q=0.9,*/*;q=0.8', 'Accept-Language': 'en-US,en;q=0.9', 'Accept-Encoding': 'gzip, deflate, br, zstd', 'Connection': 'keep-alive', 'Referer': 'http://localhost:8081/a2_filtered.php', 'Cookie': 'PHPSESSID=a7bfad51c20e216fb745b230a7da5e5b; security=impossible', 'Upgrade-Insecure-Requests': '1', 'Sec-Fetch-Dest': 'document', 'Sec-Fetch-Mode': 'navigate', 'Sec-Fetch-Site': 'same-origin', 'Sec-Fetch-User': '?1', 'Priority': 'u=0, i'}
[17:20:34.243] [GENERALFUNCTION 83b] DEBUG OUTGOING post_data_encoded (truncated): 
[17:20:34.279] [SQLiFuzz 83b] Response status: 200
[17:20:34.279] [SQLiFuzz 83b] Response URL: http://localhost:8081/a2_filtered.php?Submit=Submit&id=%271
[17:20:34.279] [SQLiFuzz 83b] Was redirected: False
[17:20:34.279] [SQLiFuzz 83b] Getting response: <!doctype html>
<html>
<body>
<form method="GET">
  <label>User ID: <input type="text" name="id"></label>
  <input type="submit" name="Submit" value="Submit">
</form>
<pre>INPUT REJECTED</pre>
[17:20:35.281] [SQLAnalysis] Read 1 new lines from SQL log file.
[17:20:35.282] [SQLAnalysis] Appended 1 parsed entries.
[17:20:35.282] [SQLAnalysis 83b] Extracted 537 Logs 2026-10-02 21:20:35.282790: [{'timestamp': '2026-10-02 21:20:34,262910', 'level': 'INFO', 'ip': '172.18.0.5', 'port': 43912, 'sql': 'USE db *#*#OK'}]
[17:20:35.283] [SQLAnalysis 83b] Updated param pairs: {'looked_value': "'1"}
[17:20:35.283] [SQLAnalysis 83b] Looked timestamp 2026-10-02 21:20:34.244083 -- 2026-10-02 21:20:34.275164
[17:20:35.298] [SQLAnalysis 83b] query_array to be checked: ['use', 'db']
[17:20:35.298] [SQLAnalysis 83b] normalized_query_array: ['use', 'db']
[17:20:35.298] [SQLiFuzz 83b] No weird chars exist: GET http://localhost:8081/a2_filtered.php | ['[string (False)(None)] Sec-Fetch-Dest=document', '[string (False)(None)] Sec-Fetch-Mode=navigate', '[string (False)(None)] Sec-Fetch-Site=same-origin', '[string (False)(None)] Sec-Fetch-User=?1', '[string (False)(None)] Priority=u=0, i', '[url (False)(None)] path0=a2_filtered.php', "[int (False)(None)] id='1", '[string (False)(None)] Submit=Submit'] | None
[17:20:35.300] [SQLiFuzz 14a] Getting prepared_target_request with ID 165 for test_SQLi iteration 4/70
[17:20:35.300] [SQLiFuzz 165] chosen_idx: 5 from 8
[17:20:35.301] [HTTPREQUEST 165] Getting matched paramval from found values: ['?1', '1']
[17:20:35.301] [HTTPREQUEST 165] Found matched paramval: [string (False)(None)] Sec-Fetch-User=?1
[17:20:35.301] [HTTPREQUEST 165] Found matched paramval: [int (False)(None)] id=1
[17:20:35.301] [SQLiFuzz 165] Prioritize to fuzz matched SQL value first: [int (False)(None)] id=1
[17:20:35.301] [SQLiFuzz 165] Mutation applied. old='1' char='*' strategy='drop' new='*'
[17:20:35.302] [HTTPREQUEST 165] Update url and body param from paramvals:
[17:20:35.302] [HTTPREQUEST None] New post_data_encoded: 
[17:20:35.302] [HTTPREQUEST None] New param encoded: Submit=Submit&id=%2A
[17:20:35.302] [GENERALFUNCTION 165] ---SENDING THE REQUEST [1790976035-719596cc-83d7-423d-be34-8c66cf192165] TO : [GET] http://localhost:8081/a2_filtered.php?Submit=Submit&id=%2A
[17:20:35.303] [GENERALFUNCTION 165] Post data encoded: 
[17:20:35.303] [GENERALFUNCTION 165] Adjusted Referer to http://localhost:8081/a2_filtered.php
[17:20:35.303] [GENERALFUNCTION 165] DEBUG OUTGOING request.full_url: http://localhost:8081/a2_filtered.php?Submit=Submit&id=%2A
[17:20:35.303] [GENERALFUNCTION 165] DEBUG OUTGOING headers: {'Host': 'localhost:8081', 'User-Agent': 'Mozilla/5.0 (X11; Ubuntu; Linux x86_64; rv:155.0) Gecko/20100101 Firefox/155.0', 'Accept': 'text/html,application/xhtml+xml,application/xml;q=0.9,*/*;q=0.8', 'Accept-Language': 'en-US,en;q=0.9', 'Accept-Encoding': 'gzip, deflate, br, zstd', 'Connection': 'keep-alive', 'Referer': 'http://localhost:8081/a2_filtered.php', 'Cookie': 'PHPSESSID=a7bfad51c20e216fb745b230a7da5e5b; security=impossible', 'Upgrade-Insecure-Requests': '1', 'Sec-Fetch-Dest': 'document', 'Sec-Fetch-Mode': 'navigate', 'Sec-Fetch-Site': 'same-origin', 'Sec-Fetch-User': '?1', 'Priority': 'u=0, i'}
[17:20:35.303] [GENERALFUNCTION 165] DEBUG OUTGOING post_data_encoded (truncated): 
[17:20:35.347] [SQLiFuzz 165] Response status: 200
[17:20:35.347] [SQLiFuzz 165] Response URL: http://localhost:8081/a2_filtered.php?Submit=Submit&id=%2A
[17:20:35.347] [SQLiFuzz 165] Was redirected: False
[17:20:35.347] [SQLiFuzz 165] Getting response: <!doctype html>
<html>
<body>
<form method="GET">
  <label>User ID: <input type="text" name="id"></label>
  <input type="submit" name="Submit" value="Submit">
</form>
<pre>INPUT REJECTED</pre>
[17:20:36.348] [SQLAnalysis] Read 1 new lines from SQL log file.
[17:20:36.348] [SQLAnalysis] Appended 1 parsed entries.
[17:20:36.349] [SQLAnalysis 165] Extracted 538 Logs 2026-10-02 21:20:36.349176: [{'timestamp': '2026-10-02 21:20:35,327596', 'level': 'INFO', 'ip': '172.18.0.5', 'port': 43934, 'sql': 'USE db *#*#OK'}]
[17:20:36.349] [SQLAnalysis 165] Updated param pairs: {'looked_value': '*'}
[17:20:36.349] [SQLAnalysis 165] Looked timestamp 2026-10-02 21:20:35.304011 -- 2026-10-02 21:20:35.341057
[17:20:36.358] [SQLAnalysis 165] query_array to be checked: ['use', 'db']
[17:20:36.358] [SQLAnalysis 165] normalized_query_array: ['use', 'db']
[17:20:36.358] [SQLiFuzz 165] No weird chars exist: GET http://localhost:8081/a2_filtered.php | ['[string (False)(None)] Sec-Fetch-Dest=document', '[string (False)(None)] Sec-Fetch-Mode=navigate', '[string (False)(None)] Sec-Fetch-Site=same-origin', '[string (False)(None)] Sec-Fetch-User=?1', '[string (False)(None)] Priority=u=0, i', '[url (False)(None)] path0=a2_filtered.php', '[int (False)(None)] id=*', '[string (False)(None)] Submit=Submit'] | None
[17:20:36.358] [SQLiFuzz 14a] Getting prepared_target_request with ID 63f for test_SQLi iteration 5/70
[17:20:36.358] [SQLiFuzz 63f] chosen_idx: 1 from 8
[17:20:36.358] [HTTPREQUEST 63f] Getting matched paramval from found values: ['?1', '1']
[17:20:36.359] [HTTPREQUEST 63f] Found matched paramval: [string (False)(None)] Sec-Fetch-User=?1
[17:20:36.359] [HTTPREQUEST 63f] Found matched paramval: [int (False)(None)] id=1
[17:20:36.359] [SQLiFuzz 63f] Prioritize to fuzz matched SQL value first: [int (False)(None)] id=1
[17:20:36.359] [SQLiFuzz 63f] Mutation applied. old='1' char='*' strategy='tail' new='1*'
[17:20:36.359] [HTTPREQUEST 63f] Update url and body param from paramvals:
[17:20:36.359] [HTTPREQUEST None] New post_data_encoded: 
[17:20:36.359] [HTTPREQUEST None] New param encoded: Submit=Submit&id=1%2A
[17:20:36.359] [GENERALFUNCTION 63f] ---SENDING THE REQUEST [1790976036-d58fc2d3-3063-4975-b951-f98e49ec263f] TO : [GET] http://localhost:8081/a2_filtered.php?Submit=Submit&id=1%2A
[17:20:36.359] [GENERALFUNCTION 63f] Post data encoded: 
[17:20:36.359] [GENERALFUNCTION 63f] Adjusted Referer to http://localhost:8081/a2_filtered.php
[17:20:36.359] [GENERALFUNCTION 63f] DEBUG OUTGOING request.full_url: http://localhost:8081/a2_filtered.php?Submit=Submit&id=1%2A
[17:20:36.359] [GENERALFUNCTION 63f] DEBUG OUTGOING headers: {'Host': 'localhost:8081', 'User-Agent': 'Mozilla/5.0 (X11; Ubuntu; Linux x86_64; rv:155.0) Gecko/20100101 Firefox/155.0', 'Accept': 'text/html,application/xhtml+xml,application/xml;q=0.9,*/*;q=0.8', 'Accept-Language': 'en-US,en;q=0.9', 'Accept-Encoding': 'gzip, deflate, br, zstd', 'Connection': 'keep-alive', 'Referer': 'http://localhost:8081/a2_filtered.php', 'Cookie': 'PHPSESSID=a7bfad51c20e216fb745b230a7da5e5b; security=impossible', 'Upgrade-Insecure-Requests': '1', 'Sec-Fetch-Dest': 'document', 'Sec-Fetch-Mode': 'navigate', 'Sec-Fetch-Site': 'same-origin', 'Sec-Fetch-User': '?1', 'Priority': 'u=0, i'}
[17:20:36.360] [GENERALFUNCTION 63f] DEBUG OUTGOING post_data_encoded (truncated): 
[17:20:36.371][127.0.0.1:40256] server disconnect localhost:8081 (127.0.0.1:8081)
[17:20:36.393] [SQLiFuzz 63f] Response status: 200
[17:20:36.393] [SQLiFuzz 63f] Response URL: http://localhost:8081/a2_filtered.php?Submit=Submit&id=1%2A
[17:20:36.394] [SQLiFuzz 63f] Was redirected: False
[17:20:36.394] [SQLiFuzz 63f] Getting response: <!doctype html>
<html>
<body>
<form method="GET">
  <label>User ID: <input type="text" name="id"></label>
  <input type="submit" name="Submit" value="Submit">
</form>
<pre>INPUT REJECTED</pre>
[17:20:37.395] [SQLAnalysis] Read 1 new lines from SQL log file.
[17:20:37.395] [SQLAnalysis] Appended 1 parsed entries.
[17:20:37.395] [SQLAnalysis 63f] Extracted 539 Logs 2026-10-02 21:20:37.395695: [{'timestamp': '2026-10-02 21:20:36,375153', 'level': 'INFO', 'ip': '172.18.0.5', 'port': 43946, 'sql': 'USE db *#*#OK'}]
[17:20:37.395] [SQLAnalysis 63f] Updated param pairs: {'looked_value': '1*'}
[17:20:37.396] [SQLAnalysis 63f] Looked timestamp 2026-10-02 21:20:36.360069 -- 2026-10-02 21:20:36.388875
[17:20:37.402] [SQLAnalysis 63f] query_array to be checked: ['use', 'db']
[17:20:37.402] [SQLAnalysis 63f] normalized_query_array: ['use', 'db']
[17:20:37.403] [SQLiFuzz 63f] No weird chars exist: GET http://localhost:8081/a2_filtered.php | ['[string (False)(None)] Sec-Fetch-Dest=document', '[string (False)(None)] Sec-Fetch-Mode=navigate', '[string (False)(None)] Sec-Fetch-Site=same-origin', '[string (False)(None)] Sec-Fetch-User=?1', '[string (False)(None)] Priority=u=0, i', '[url (False)(None)] path0=a2_filtered.php', '[int (False)(None)] id=1*', '[string (False)(None)] Submit=Submit'] | None
[17:20:37.403] [SQLiFuzz 14a] Getting prepared_target_request with ID 962 for test_SQLi iteration 6/70
[17:20:37.403] [SQLiFuzz 962] chosen_idx: 0 from 8
[17:20:37.403] [HTTPREQUEST 962] Getting matched paramval from found values: ['?1', '1']
[17:20:37.403] [HTTPREQUEST 962] Found matched paramval: [string (False)(None)] Sec-Fetch-User=?1
[17:20:37.403] [HTTPREQUEST 962] Found matched paramval: [int (False)(None)] id=1
[17:20:37.403] [SQLiFuzz 962] Prioritize to fuzz matched SQL value first: [int (False)(None)] id=1
[17:20:37.403] [SQLiFuzz 962] Mutation applied. old='1' char='*' strategy='front' new='*1'
[17:20:37.404] [HTTPREQUEST 962] Update url and body param from paramvals:
[17:20:37.404] [HTTPREQUEST None] New post_data_encoded: 
[17:20:37.404] [HTTPREQUEST None] New param encoded: Submit=Submit&id=%2A1
[17:20:37.404] [GENERALFUNCTION 962] ---SENDING THE REQUEST [1790976037-ea46603e-e8ee-46e9-9a40-a7a029432962] TO : [GET] http://localhost:8081/a2_filtered.php?Submit=Submit&id=%2A1
[17:20:37.404] [GENERALFUNCTION 962] Post data encoded: 
[17:20:37.404] [GENERALFUNCTION 962] Adjusted Referer to http://localhost:8081/a2_filtered.php
[17:20:37.404] [GENERALFUNCTION 962] DEBUG OUTGOING request.full_url: http://localhost:8081/a2_filtered.php?Submit=Submit&id=%2A1
[17:20:37.404] [GENERALFUNCTION 962] DEBUG OUTGOING headers: {'Host': 'localhost:8081', 'User-Agent': 'Mozilla/5.0 (X11; Ubuntu; Linux x86_64; rv:155.0) Gecko/20100101 Firefox/155.0', 'Accept': 'text/html,application/xhtml+xml,application/xml;q=0.9,*/*;q=0.8', 'Accept-Language': 'en-US,en;q=0.9', 'Accept-Encoding': 'gzip, deflate, br, zstd', 'Connection': 'keep-alive', 'Referer': 'http://localhost:8081/a2_filtered.php', 'Cookie': 'PHPSESSID=a7bfad51c20e216fb745b230a7da5e5b; security=impossible', 'Upgrade-Insecure-Requests': '1', 'Sec-Fetch-Dest': 'document', 'Sec-Fetch-Mode': 'navigate', 'Sec-Fetch-Site': 'same-origin', 'Sec-Fetch-User': '?1', 'Priority': 'u=0, i'}
[17:20:37.404] [GENERALFUNCTION 962] DEBUG OUTGOING post_data_encoded (truncated): 
[17:20:37.411][127.0.0.1:40256] client disconnect
[17:20:37.430] [SQLiFuzz 962] Response status: 200
[17:20:37.430] [SQLiFuzz 962] Response URL: http://localhost:8081/a2_filtered.php?Submit=Submit&id=%2A1
[17:20:37.430] [SQLiFuzz 962] Was redirected: False
[17:20:37.430] [SQLiFuzz 962] Getting response: <!doctype html>
<html>
<body>
<form method="GET">
  <label>User ID: <input type="text" name="id"></label>
  <input type="submit" name="Submit" value="Submit">
</form>
<pre>INPUT REJECTED</pre>
[17:20:38.431] [SQLAnalysis] Read 1 new lines from SQL log file.
[17:20:38.431] [SQLAnalysis] Appended 1 parsed entries.
[17:20:38.431] [SQLAnalysis 962] Extracted 540 Logs 2026-10-02 21:20:38.431543: [{'timestamp': '2026-10-02 21:20:37,418368', 'level': 'INFO', 'ip': '172.18.0.5', 'port': 43960, 'sql': 'USE db *#*#OK'}]
[17:20:38.431] [SQLAnalysis 962] Updated param pairs: {'looked_value': '*1'}
[17:20:38.431] [SQLAnalysis 962] Looked timestamp 2026-10-02 21:20:37.404788 -- 2026-10-02 21:20:37.427084
[17:20:38.437] [SQLAnalysis 962] query_array to be checked: ['use', 'db']
[17:20:38.438] [SQLAnalysis 962] normalized_query_array: ['use', 'db']
[17:20:38.438] [SQLiFuzz 962] No weird chars exist: GET http://localhost:8081/a2_filtered.php | ['[string (False)(None)] Sec-Fetch-Dest=document', '[string (False)(None)] Sec-Fetch-Mode=navigate', '[string (False)(None)] Sec-Fetch-Site=same-origin', '[string (False)(None)] Sec-Fetch-User=?1', '[string (False)(None)] Priority=u=0, i', '[url (False)(None)] path0=a2_filtered.php', '[int (False)(None)] id=*1', '[string (False)(None)] Submit=Submit'] | None
[17:20:38.438] [SQLiFuzz 14a] Getting prepared_target_request with ID 1b6 for test_SQLi iteration 7/70
[17:20:38.438] [SQLiFuzz 1b6] chosen_idx: 2 from 8
[17:20:38.438] [HTTPREQUEST 1b6] Getting matched paramval from found values: ['?1', '1']
[17:20:38.438] [HTTPREQUEST 1b6] Found matched paramval: [string (False)(None)] Sec-Fetch-User=?1
[17:20:38.438] [HTTPREQUEST 1b6] Found matched paramval: [int (False)(None)] id=1
[17:20:38.439] [SQLiFuzz 1b6] Prioritize to fuzz matched SQL value first: [int (False)(None)] id=1
[17:20:38.439] [SQLiFuzz 1b6] Mutation applied. old='1' char='_' strategy='front' new='_1'
[17:20:38.439] [HTTPREQUEST 1b6] Update url and body param from paramvals:
[17:20:38.439] [HTTPREQUEST None] New post_data_encoded: 
[17:20:38.439] [HTTPREQUEST None] New param encoded: Submit=Submit&id=_1
[17:20:38.439] [GENERALFUNCTION 1b6] ---SENDING THE REQUEST [1790976038-94edc720-d819-4524-a499-f71104b7a1b6] TO : [GET] http://localhost:8081/a2_filtered.php?Submit=Submit&id=_1
[17:20:38.439] [GENERALFUNCTION 1b6] Post data encoded: 
[17:20:38.439] [GENERALFUNCTION 1b6] Adjusted Referer to http://localhost:8081/a2_filtered.php
[17:20:38.439] [GENERALFUNCTION 1b6] DEBUG OUTGOING request.full_url: http://localhost:8081/a2_filtered.php?Submit=Submit&id=_1
[17:20:38.439] [GENERALFUNCTION 1b6] DEBUG OUTGOING headers: {'Host': 'localhost:8081', 'User-Agent': 'Mozilla/5.0 (X11; Ubuntu; Linux x86_64; rv:155.0) Gecko/20100101 Firefox/155.0', 'Accept': 'text/html,application/xhtml+xml,application/xml;q=0.9,*/*;q=0.8', 'Accept-Language': 'en-US,en;q=0.9', 'Accept-Encoding': 'gzip, deflate, br, zstd', 'Connection': 'keep-alive', 'Referer': 'http://localhost:8081/a2_filtered.php', 'Cookie': 'PHPSESSID=a7bfad51c20e216fb745b230a7da5e5b; security=impossible', 'Upgrade-Insecure-Requests': '1', 'Sec-Fetch-Dest': 'document', 'Sec-Fetch-Mode': 'navigate', 'Sec-Fetch-Site': 'same-origin', 'Sec-Fetch-User': '?1', 'Priority': 'u=0, i'}
[17:20:38.439] [GENERALFUNCTION 1b6] DEBUG OUTGOING post_data_encoded (truncated): 
[17:20:38.465] [SQLiFuzz 1b6] Response status: 200
[17:20:38.465] [SQLiFuzz 1b6] Response URL: http://localhost:8081/a2_filtered.php?Submit=Submit&id=_1
[17:20:38.465] [SQLiFuzz 1b6] Was redirected: False
[17:20:38.465] [SQLiFuzz 1b6] Getting response: <!doctype html>
<html>
<body>
<form method="GET">
  <label>User ID: <input type="text" name="id"></label>
  <input type="submit" name="Submit" value="Submit">
</form>
<pre>INPUT REJECTED</pre>
[17:20:39.466] [SQLAnalysis] Read 1 new lines from SQL log file.
[17:20:39.466] [SQLAnalysis] Appended 1 parsed entries.
[17:20:39.467] [SQLAnalysis 1b6] Extracted 541 Logs 2026-10-02 21:20:39.467099: [{'timestamp': '2026-10-02 21:20:38,453610', 'level': 'INFO', 'ip': '172.18.0.5', 'port': 43972, 'sql': 'USE db *#*#OK'}]
[17:20:39.467] [SQLAnalysis 1b6] Updated param pairs: {'looked_value': '_1'}
[17:20:39.467] [SQLAnalysis 1b6] Looked timestamp 2026-10-02 21:20:38.439876 -- 2026-10-02 21:20:38.461907
[17:20:39.473] [SQLAnalysis 1b6] query_array to be checked: ['use', 'db']
[17:20:39.473] [SQLAnalysis 1b6] normalized_query_array: ['use', 'db']
[17:20:39.473] [SQLiFuzz 1b6] No weird chars exist: GET http://localhost:8081/a2_filtered.php | ['[string (False)(None)] Sec-Fetch-Dest=document', '[string (False)(None)] Sec-Fetch-Mode=navigate', '[string (False)(None)] Sec-Fetch-Site=same-origin', '[string (False)(None)] Sec-Fetch-User=?1', '[string (False)(None)] Priority=u=0, i', '[url (False)(None)] path0=a2_filtered.php', '[int (False)(None)] id=_1', '[string (False)(None)] Submit=Submit'] | None
[17:20:39.474] [SQLiFuzz 14a] Getting prepared_target_request with ID ddf for test_SQLi iteration 8/70
[17:20:39.474] [SQLiFuzz ddf] chosen_idx: 2 from 8
[17:20:39.474] [HTTPREQUEST ddf] Getting matched paramval from found values: ['?1', '1']
[17:20:39.474] [HTTPREQUEST ddf] Found matched paramval: [string (False)(None)] Sec-Fetch-User=?1
[17:20:39.474] [HTTPREQUEST ddf] Found matched paramval: [int (False)(None)] id=1
[17:20:39.474] [SQLiFuzz ddf] Prioritize to fuzz matched SQL value first: [int (False)(None)] id=1
[17:20:39.474] [SQLiFuzz ddf] Mutation applied. old='1' char=';' strategy='tail' new='1;'
[17:20:39.474] [HTTPREQUEST ddf] Update url and body param from paramvals:
[17:20:39.474] [HTTPREQUEST None] New post_data_encoded: 
[17:20:39.474] [HTTPREQUEST None] New param encoded: Submit=Submit&id=1%3B
[17:20:39.474] [GENERALFUNCTION ddf] ---SENDING THE REQUEST [1790976039-cbfc43d6-3f9b-48a6-9c2c-b313b8ce5ddf] TO : [GET] http://localhost:8081/a2_filtered.php?Submit=Submit&id=1%3B
[17:20:39.474] [GENERALFUNCTION ddf] Post data encoded: 
[17:20:39.475] [GENERALFUNCTION ddf] Adjusted Referer to http://localhost:8081/a2_filtered.php
[17:20:39.475] [GENERALFUNCTION ddf] DEBUG OUTGOING request.full_url: http://localhost:8081/a2_filtered.php?Submit=Submit&id=1%3B
[17:20:39.475] [GENERALFUNCTION ddf] DEBUG OUTGOING headers: {'Host': 'localhost:8081', 'User-Agent': 'Mozilla/5.0 (X11; Ubuntu; Linux x86_64; rv:155.0) Gecko/20100101 Firefox/155.0', 'Accept': 'text/html,application/xhtml+xml,application/xml;q=0.9,*/*;q=0.8', 'Accept-Language': 'en-US,en;q=0.9', 'Accept-Encoding': 'gzip, deflate, br, zstd', 'Connection': 'keep-alive', 'Referer': 'http://localhost:8081/a2_filtered.php', 'Cookie': 'PHPSESSID=a7bfad51c20e216fb745b230a7da5e5b; security=impossible', 'Upgrade-Insecure-Requests': '1', 'Sec-Fetch-Dest': 'document', 'Sec-Fetch-Mode': 'navigate', 'Sec-Fetch-Site': 'same-origin', 'Sec-Fetch-User': '?1', 'Priority': 'u=0, i'}
[17:20:39.475] [GENERALFUNCTION ddf] DEBUG OUTGOING post_data_encoded (truncated): 
[17:20:39.510] [SQLiFuzz ddf] Response status: 200
[17:20:39.511] [SQLiFuzz ddf] Response URL: http://localhost:8081/a2_filtered.php?Submit=Submit&id=1%3B
[17:20:39.511] [SQLiFuzz ddf] Was redirected: False
[17:20:39.511] [SQLiFuzz ddf] Getting response: <!doctype html>
<html>
<body>
<form method="GET">
  <label>User ID: <input type="text" name="id"></label>
  <input type="submit" name="Submit" value="Submit">
</form>
<pre>INPUT REJECTED</pre>
[17:20:40.512] [SQLAnalysis] Read 1 new lines from SQL log file.
[17:20:40.512] [SQLAnalysis] Appended 1 parsed entries.
[17:20:40.512] [SQLAnalysis ddf] Extracted 542 Logs 2026-10-02 21:20:40.512885: [{'timestamp': '2026-10-02 21:20:39,488056', 'level': 'INFO', 'ip': '172.18.0.5', 'port': 43986, 'sql': 'USE db *#*#OK'}]
[17:20:40.513] [SQLAnalysis ddf] Updated param pairs: {'looked_value': '1;'}
[17:20:40.513] [SQLAnalysis ddf] Looked timestamp 2026-10-02 21:20:39.475341 -- 2026-10-02 21:20:39.506479
[17:20:40.519] [SQLAnalysis ddf] query_array to be checked: ['use', 'db']
[17:20:40.519] [SQLAnalysis ddf] normalized_query_array: ['use', 'db']
[17:20:40.519] [SQLiFuzz ddf] No weird chars exist: GET http://localhost:8081/a2_filtered.php | ['[string (False)(None)] Sec-Fetch-Dest=document', '[string (False)(None)] Sec-Fetch-Mode=navigate', '[string (False)(None)] Sec-Fetch-Site=same-origin', '[string (False)(None)] Sec-Fetch-User=?1', '[string (False)(None)] Priority=u=0, i', '[url (False)(None)] path0=a2_filtered.php', '[int (False)(None)] id=1;', '[string (False)(None)] Submit=Submit'] | None
[17:20:40.520] [SQLiFuzz 14a] Getting prepared_target_request with ID c88 for test_SQLi iteration 9/70
[17:20:40.520] [SQLiFuzz c88] chosen_idx: 4 from 8
[17:20:40.520] [HTTPREQUEST c88] Getting matched paramval from found values: ['?1', '1']
[17:20:40.520] [HTTPREQUEST c88] Found matched paramval: [string (False)(None)] Sec-Fetch-User=?1
[17:20:40.520] [HTTPREQUEST c88] Found matched paramval: [int (False)(None)] id=1
[17:20:40.520] [SQLiFuzz c88] Prioritize to fuzz matched SQL value first: [int (False)(None)] id=1
[17:20:40.520] [SQLiFuzz c88] Mutation applied. old='1' char=',' strategy='random' new=',1'
[17:20:40.520] [HTTPREQUEST c88] Update url and body param from paramvals:
[17:20:40.520] [HTTPREQUEST None] New post_data_encoded: 
[17:20:40.520] [HTTPREQUEST None] New param encoded: Submit=Submit&id=%2C1
[17:20:40.520] [GENERALFUNCTION c88] ---SENDING THE REQUEST [1790976040-186799e6-88d0-4cab-bd11-927c70579c88] TO : [GET] http://localhost:8081/a2_filtered.php?Submit=Submit&id=%2C1
[17:20:40.520] [GENERALFUNCTION c88] Post data encoded: 
[17:20:40.521] [GENERALFUNCTION c88] Adjusted Referer to http://localhost:8081/a2_filtered.php
[17:20:40.521] [GENERALFUNCTION c88] DEBUG OUTGOING request.full_url: http://localhost:8081/a2_filtered.php?Submit=Submit&id=%2C1
[17:20:40.521] [GENERALFUNCTION c88] DEBUG OUTGOING headers: {'Host': 'localhost:8081', 'User-Agent': 'Mozilla/5.0 (X11; Ubuntu; Linux x86_64; rv:155.0) Gecko/20100101 Firefox/155.0', 'Accept': 'text/html,application/xhtml+xml,application/xml;q=0.9,*/*;q=0.8', 'Accept-Language': 'en-US,en;q=0.9', 'Accept-Encoding': 'gzip, deflate, br, zstd', 'Connection': 'keep-alive', 'Referer': 'http://localhost:8081/a2_filtered.php', 'Cookie': 'PHPSESSID=a7bfad51c20e216fb745b230a7da5e5b; security=impossible', 'Upgrade-Insecure-Requests': '1', 'Sec-Fetch-Dest': 'document', 'Sec-Fetch-Mode': 'navigate', 'Sec-Fetch-Site': 'same-origin', 'Sec-Fetch-User': '?1', 'Priority': 'u=0, i'}
[17:20:40.521] [GENERALFUNCTION c88] DEBUG OUTGOING post_data_encoded (truncated): 
[17:20:40.557] [SQLiFuzz c88] Response status: 200
[17:20:40.558] [SQLiFuzz c88] Response URL: http://localhost:8081/a2_filtered.php?Submit=Submit&id=%2C1
[17:20:40.558] [SQLiFuzz c88] Was redirected: False
[17:20:40.558] [SQLiFuzz c88] Getting response: <!doctype html>
<html>
<body>
<form method="GET">
  <label>User ID: <input type="text" name="id"></label>
  <input type="submit" name="Submit" value="Submit">
</form>
<pre>INPUT REJECTED</pre>
[17:20:41.558] [SQLAnalysis] Read 1 new lines from SQL log file.
[17:20:41.559] [SQLAnalysis] Appended 1 parsed entries.
[17:20:41.559] [SQLAnalysis c88] Extracted 543 Logs 2026-10-02 21:20:41.559171: [{'timestamp': '2026-10-02 21:20:40,542072', 'level': 'INFO', 'ip': '172.18.0.5', 'port': 44012, 'sql': 'USE db *#*#OK'}]
[17:20:41.559] [SQLAnalysis c88] Updated param pairs: {'looked_value': ',1'}
[17:20:41.559] [SQLAnalysis c88] Looked timestamp 2026-10-02 21:20:40.521293 -- 2026-10-02 21:20:40.554705
[17:20:41.568] [SQLAnalysis c88] query_array to be checked: ['use', 'db']
[17:20:41.569] [SQLAnalysis c88] normalized_query_array: ['use', 'db']
[17:20:41.569] [SQLiFuzz c88] No weird chars exist: GET http://localhost:8081/a2_filtered.php | ['[string (False)(None)] Sec-Fetch-Dest=document', '[string (False)(None)] Sec-Fetch-Mode=navigate', '[string (False)(None)] Sec-Fetch-Site=same-origin', '[string (False)(None)] Sec-Fetch-User=?1', '[string (False)(None)] Priority=u=0, i', '[url (False)(None)] path0=a2_filtered.php', '[int (False)(None)] id=,1', '[string (False)(None)] Submit=Submit'] | None
[17:20:41.569] [SQLiFuzz 14a] Getting prepared_target_request with ID 279 for test_SQLi iteration 10/70
[17:20:41.569] [SQLiFuzz 279] chosen_idx: 6 from 8
[17:20:41.569] [HTTPREQUEST 279] Getting matched paramval from found values: ['?1', '1']
[17:20:41.570] [HTTPREQUEST 279] Found matched paramval: [string (False)(None)] Sec-Fetch-User=?1
[17:20:41.570] [HTTPREQUEST 279] Found matched paramval: [int (False)(None)] id=1
[17:20:41.570] [SQLiFuzz 279] Prioritize to fuzz matched SQL value first: [int (False)(None)] id=1
[17:20:41.570] [SQLiFuzz 279] Mutation applied. old='1' char='$' strategy='front' new='$1'
[17:20:41.570] [HTTPREQUEST 279] Update url and body param from paramvals:
[17:20:41.570] [HTTPREQUEST None] New post_data_encoded: 
[17:20:41.570] [HTTPREQUEST None] New param encoded: Submit=Submit&id=%241
[17:20:41.570] [GENERALFUNCTION 279] ---SENDING THE REQUEST [1790976041-87927dee-f6a9-4f9c-bd29-f097a4910279] TO : [GET] http://localhost:8081/a2_filtered.php?Submit=Submit&id=%241
[17:20:41.570] [GENERALFUNCTION 279] Post data encoded: 
[17:20:41.570] [GENERALFUNCTION 279] Adjusted Referer to http://localhost:8081/a2_filtered.php
[17:20:41.570] [GENERALFUNCTION 279] DEBUG OUTGOING request.full_url: http://localhost:8081/a2_filtered.php?Submit=Submit&id=%241
[17:20:41.570] [GENERALFUNCTION 279] DEBUG OUTGOING headers: {'Host': 'localhost:8081', 'User-Agent': 'Mozilla/5.0 (X11; Ubuntu; Linux x86_64; rv:155.0) Gecko/20100101 Firefox/155.0', 'Accept': 'text/html,application/xhtml+xml,application/xml;q=0.9,*/*;q=0.8', 'Accept-Language': 'en-US,en;q=0.9', 'Accept-Encoding': 'gzip, deflate, br, zstd', 'Connection': 'keep-alive', 'Referer': 'http://localhost:8081/a2_filtered.php', 'Cookie': 'PHPSESSID=a7bfad51c20e216fb745b230a7da5e5b; security=impossible', 'Upgrade-Insecure-Requests': '1', 'Sec-Fetch-Dest': 'document', 'Sec-Fetch-Mode': 'navigate', 'Sec-Fetch-Site': 'same-origin', 'Sec-Fetch-User': '?1', 'Priority': 'u=0, i'}
[17:20:41.571] [GENERALFUNCTION 279] DEBUG OUTGOING post_data_encoded (truncated): 
[17:20:41.610] [SQLiFuzz 279] Response status: 200
[17:20:41.610] [SQLiFuzz 279] Response URL: http://localhost:8081/a2_filtered.php?Submit=Submit&id=%241
[17:20:41.610] [SQLiFuzz 279] Was redirected: False
[17:20:41.610] [SQLiFuzz 279] Getting response: <!doctype html>
<html>
<body>
<form method="GET">
  <label>User ID: <input type="text" name="id"></label>
  <input type="submit" name="Submit" value="Submit">
</form>
<pre>INPUT REJECTED</pre>
[17:20:42.611] [SQLAnalysis] Read 1 new lines from SQL log file.
[17:20:42.611] [SQLAnalysis] Appended 1 parsed entries.
[17:20:42.612] [SQLAnalysis 279] Extracted 544 Logs 2026-10-02 21:20:42.612002: [{'timestamp': '2026-10-02 21:20:41,588492', 'level': 'INFO', 'ip': '172.18.0.5', 'port': 44022, 'sql': 'USE db *#*#OK'}]
[17:20:42.612] [SQLAnalysis 279] Updated param pairs: {'looked_value': '$1'}
[17:20:42.612] [SQLAnalysis 279] Looked timestamp 2026-10-02 21:20:41.571169 -- 2026-10-02 21:20:41.603668
[17:20:42.619] [SQLAnalysis 279] query_array to be checked: ['use', 'db']
[17:20:42.620] [SQLAnalysis 279] normalized_query_array: ['use', 'db']
[17:20:42.620] [SQLiFuzz 279] No weird chars exist: GET http://localhost:8081/a2_filtered.php | ['[string (False)(None)] Sec-Fetch-Dest=document', '[string (False)(None)] Sec-Fetch-Mode=navigate', '[string (False)(None)] Sec-Fetch-Site=same-origin', '[string (False)(None)] Sec-Fetch-User=?1', '[string (False)(None)] Priority=u=0, i', '[url (False)(None)] path0=a2_filtered.php', '[int (False)(None)] id=$1', '[string (False)(None)] Submit=Submit'] | None
[17:20:42.620] [SQLiFuzz 14a] Getting prepared_target_request with ID 756 for test_SQLi iteration 11/70
[17:20:42.621] [SQLiFuzz 756] chosen_idx: 0 from 8
[17:20:42.621] [HTTPREQUEST 756] Getting matched paramval from found values: ['?1', '1']
[17:20:42.621] [HTTPREQUEST 756] Found matched paramval: [string (False)(None)] Sec-Fetch-User=?1
[17:20:42.621] [HTTPREQUEST 756] Found matched paramval: [int (False)(None)] id=1
[17:20:42.621] [SQLiFuzz 756] Prioritize to fuzz matched SQL value first: [int (False)(None)] id=1
[17:20:42.621] [SQLiFuzz 756] Mutation applied. old='1' char='!' strategy='drop' new='!'
[17:20:42.621] [HTTPREQUEST 756] Update url and body param from paramvals:
[17:20:42.621] [HTTPREQUEST None] New post_data_encoded: 
[17:20:42.621] [HTTPREQUEST None] New param encoded: Submit=Submit&id=%21
[17:20:42.621] [GENERALFUNCTION 756] ---SENDING THE REQUEST [1790976042-fe91f1b5-5ce2-4b2b-bc20-7c082e5e6756] TO : [GET] http://localhost:8081/a2_filtered.php?Submit=Submit&id=%21
[17:20:42.622] [GENERALFUNCTION 756] Post data encoded: 
[17:20:42.622] [GENERALFUNCTION 756] Adjusted Referer to http://localhost:8081/a2_filtered.php
[17:20:42.622] [GENERALFUNCTION 756] DEBUG OUTGOING request.full_url: http://localhost:8081/a2_filtered.php?Submit=Submit&id=%21
[17:20:42.622] [GENERALFUNCTION 756] DEBUG OUTGOING headers: {'Host': 'localhost:8081', 'User-Agent': 'Mozilla/5.0 (X11; Ubuntu; Linux x86_64; rv:155.0) Gecko/20100101 Firefox/155.0', 'Accept': 'text/html,application/xhtml+xml,application/xml;q=0.9,*/*;q=0.8', 'Accept-Language': 'en-US,en;q=0.9', 'Accept-Encoding': 'gzip, deflate, br, zstd', 'Connection': 'keep-alive', 'Referer': 'http://localhost:8081/a2_filtered.php', 'Cookie': 'PHPSESSID=a7bfad51c20e216fb745b230a7da5e5b; security=impossible', 'Upgrade-Insecure-Requests': '1', 'Sec-Fetch-Dest': 'document', 'Sec-Fetch-Mode': 'navigate', 'Sec-Fetch-Site': 'same-origin', 'Sec-Fetch-User': '?1', 'Priority': 'u=0, i'}
[17:20:42.622] [GENERALFUNCTION 756] DEBUG OUTGOING post_data_encoded (truncated): 
[17:20:42.645] [SQLiFuzz 756] Response status: 200
[17:20:42.645] [SQLiFuzz 756] Response URL: http://localhost:8081/a2_filtered.php?Submit=Submit&id=%21
[17:20:42.645] [SQLiFuzz 756] Was redirected: False
[17:20:42.645] [SQLiFuzz 756] Getting response: <!doctype html>
<html>
<body>
<form method="GET">
  <label>User ID: <input type="text" name="id"></label>
  <input type="submit" name="Submit" value="Submit">
</form>
<pre>INPUT REJECTED</pre>
[17:20:43.646] [SQLAnalysis] Read 1 new lines from SQL log file.
[17:20:43.646] [SQLAnalysis] Appended 1 parsed entries.
[17:20:43.646] [SQLAnalysis 756] Extracted 545 Logs 2026-10-02 21:20:43.646540: [{'timestamp': '2026-10-02 21:20:42,635557', 'level': 'INFO', 'ip': '172.18.0.5', 'port': 51840, 'sql': 'USE db *#*#OK'}]
[17:20:43.646] [SQLAnalysis 756] Updated param pairs: {'looked_value': '!'}
[17:20:43.646] [SQLAnalysis 756] Looked timestamp 2026-10-02 21:20:42.622544 -- 2026-10-02 21:20:42.642675
[17:20:43.650] [SQLAnalysis 756] query_array to be checked: ['use', 'db']
[17:20:43.650] [SQLAnalysis 756] normalized_query_array: ['use', 'db']
[17:20:43.650] [SQLiFuzz 756] No weird chars exist: GET http://localhost:8081/a2_filtered.php | ['[string (False)(None)] Sec-Fetch-Dest=document', '[string (False)(None)] Sec-Fetch-Mode=navigate', '[string (False)(None)] Sec-Fetch-Site=same-origin', '[string (False)(None)] Sec-Fetch-User=?1', '[string (False)(None)] Priority=u=0, i', '[url (False)(None)] path0=a2_filtered.php', '[int (False)(None)] id=!', '[string (False)(None)] Submit=Submit'] | None
[17:20:43.651] [SQLiFuzz 14a] Getting prepared_target_request with ID 351 for test_SQLi iteration 12/70
[17:20:43.651] [SQLiFuzz 351] chosen_idx: 4 from 8
[17:20:43.651] [HTTPREQUEST 351] Getting matched paramval from found values: ['?1', '1']
[17:20:43.651] [HTTPREQUEST 351] Found matched paramval: [string (False)(None)] Sec-Fetch-User=?1
[17:20:43.651] [HTTPREQUEST 351] Found matched paramval: [int (False)(None)] id=1
[17:20:43.651] [SQLiFuzz 351] Prioritize to fuzz matched SQL value first: [int (False)(None)] id=1
[17:20:43.651] [SQLiFuzz 351] Mutation applied. old='1' char='`' strategy='front' new='`1'
[17:20:43.651] [HTTPREQUEST 351] Update url and body param from paramvals:
[17:20:43.651] [HTTPREQUEST None] New post_data_encoded: 
[17:20:43.651] [HTTPREQUEST None] New param encoded: Submit=Submit&id=%601
[17:20:43.651] [GENERALFUNCTION 351] ---SENDING THE REQUEST [1790976043-5c965fd9-6181-4f89-b59c-464e40fef351] TO : [GET] http://localhost:8081/a2_filtered.php?Submit=Submit&id=%601
[17:20:43.652] [GENERALFUNCTION 351] Post data encoded: 
[17:20:43.652] [GENERALFUNCTION 351] Adjusted Referer to http://localhost:8081/a2_filtered.php
[17:20:43.652] [GENERALFUNCTION 351] DEBUG OUTGOING request.full_url: http://localhost:8081/a2_filtered.php?Submit=Submit&id=%601
[17:20:43.652] [GENERALFUNCTION 351] DEBUG OUTGOING headers: {'Host': 'localhost:8081', 'User-Agent': 'Mozilla/5.0 (X11; Ubuntu; Linux x86_64; rv:155.0) Gecko/20100101 Firefox/155.0', 'Accept': 'text/html,application/xhtml+xml,application/xml;q=0.9,*/*;q=0.8', 'Accept-Language': 'en-US,en;q=0.9', 'Accept-Encoding': 'gzip, deflate, br, zstd', 'Connection': 'keep-alive', 'Referer': 'http://localhost:8081/a2_filtered.php', 'Cookie': 'PHPSESSID=a7bfad51c20e216fb745b230a7da5e5b; security=impossible', 'Upgrade-Insecure-Requests': '1', 'Sec-Fetch-Dest': 'document', 'Sec-Fetch-Mode': 'navigate', 'Sec-Fetch-Site': 'same-origin', 'Sec-Fetch-User': '?1', 'Priority': 'u=0, i'}
[17:20:43.652] [GENERALFUNCTION 351] DEBUG OUTGOING post_data_encoded (truncated): 
[17:20:43.671] [SQLiFuzz 351] Response status: 200
[17:20:43.671] [SQLiFuzz 351] Response URL: http://localhost:8081/a2_filtered.php?Submit=Submit&id=%601
[17:20:43.671] [SQLiFuzz 351] Was redirected: False
[17:20:43.671] [SQLiFuzz 351] Getting response: <!doctype html>
<html>
<body>
<form method="GET">
  <label>User ID: <input type="text" name="id"></label>
  <input type="submit" name="Submit" value="Submit">
</form>
<pre>INPUT REJECTED</pre>
[17:20:44.672] [SQLAnalysis] Read 1 new lines from SQL log file.
[17:20:44.672] [SQLAnalysis] Appended 1 parsed entries.
[17:20:44.672] [SQLAnalysis 351] Extracted 546 Logs 2026-10-02 21:20:44.672469: [{'timestamp': '2026-10-02 21:20:43,662950', 'level': 'INFO', 'ip': '172.18.0.5', 'port': 51866, 'sql': 'USE db *#*#OK'}]
[17:20:44.672] [SQLAnalysis 351] Updated param pairs: {'looked_value': '`1'}
[17:20:44.672] [SQLAnalysis 351] Looked timestamp 2026-10-02 21:20:43.652481 -- 2026-10-02 21:20:43.668794
[17:20:44.680] [SQLAnalysis 351] query_array to be checked: ['use', 'db']
[17:20:44.680] [SQLAnalysis 351] normalized_query_array: ['use', 'db']
[17:20:44.680] [SQLiFuzz 351] No weird chars exist: GET http://localhost:8081/a2_filtered.php | ['[string (False)(None)] Sec-Fetch-Dest=document', '[string (False)(None)] Sec-Fetch-Mode=navigate', '[string (False)(None)] Sec-Fetch-Site=same-origin', '[string (False)(None)] Sec-Fetch-User=?1', '[string (False)(None)] Priority=u=0, i', '[url (False)(None)] path0=a2_filtered.php', '[int (False)(None)] id=`1', '[string (False)(None)] Submit=Submit'] | None
[17:20:44.682] [SQLiFuzz 14a] Getting prepared_target_request with ID 8cb for test_SQLi iteration 13/70
[17:20:44.682] [SQLiFuzz 8cb] chosen_idx: 4 from 8
[17:20:44.682] [HTTPREQUEST 8cb] Getting matched paramval from found values: ['?1', '1']
[17:20:44.682] [HTTPREQUEST 8cb] Found matched paramval: [string (False)(None)] Sec-Fetch-User=?1
[17:20:44.682] [HTTPREQUEST 8cb] Found matched paramval: [int (False)(None)] id=1
[17:20:44.682] [SQLiFuzz 8cb] Prioritize to fuzz matched SQL value first: [int (False)(None)] id=1
[17:20:44.682] [SQLiFuzz 8cb] Mutation applied. old='1' char='?' strategy='random' new='?1'
[17:20:44.683] [HTTPREQUEST 8cb] Update url and body param from paramvals:
[17:20:44.683] [HTTPREQUEST None] New post_data_encoded: 
[17:20:44.683] [HTTPREQUEST None] New param encoded: Submit=Submit&id=%3F1
[17:20:44.683] [GENERALFUNCTION 8cb] ---SENDING THE REQUEST [1790976044-48e6ed5c-5070-4fa8-9aec-cdf291dee8cb] TO : [GET] http://localhost:8081/a2_filtered.php?Submit=Submit&id=%3F1
[17:20:44.683] [GENERALFUNCTION 8cb] Post data encoded: 
[17:20:44.683] [GENERALFUNCTION 8cb] Adjusted Referer to http://localhost:8081/a2_filtered.php
[17:20:44.683] [GENERALFUNCTION 8cb] DEBUG OUTGOING request.full_url: http://localhost:8081/a2_filtered.php?Submit=Submit&id=%3F1
[17:20:44.684] [GENERALFUNCTION 8cb] DEBUG OUTGOING headers: {'Host': 'localhost:8081', 'User-Agent': 'Mozilla/5.0 (X11; Ubuntu; Linux x86_64; rv:155.0) Gecko/20100101 Firefox/155.0', 'Accept': 'text/html,application/xhtml+xml,application/xml;q=0.9,*/*;q=0.8', 'Accept-Language': 'en-US,en;q=0.9', 'Accept-Encoding': 'gzip, deflate, br, zstd', 'Connection': 'keep-alive', 'Referer': 'http://localhost:8081/a2_filtered.php', 'Cookie': 'PHPSESSID=a7bfad51c20e216fb745b230a7da5e5b; security=impossible', 'Upgrade-Insecure-Requests': '1', 'Sec-Fetch-Dest': 'document', 'Sec-Fetch-Mode': 'navigate', 'Sec-Fetch-Site': 'same-origin', 'Sec-Fetch-User': '?1', 'Priority': 'u=0, i'}
[17:20:44.684] [GENERALFUNCTION 8cb] DEBUG OUTGOING post_data_encoded (truncated): 
[17:20:44.720] [SQLiFuzz 8cb] Response status: 200
[17:20:44.720] [SQLiFuzz 8cb] Response URL: http://localhost:8081/a2_filtered.php?Submit=Submit&id=%3F1
[17:20:44.720] [SQLiFuzz 8cb] Was redirected: False
[17:20:44.720] [SQLiFuzz 8cb] Getting response: <!doctype html>
<html>
<body>
<form method="GET">
  <label>User ID: <input type="text" name="id"></label>
  <input type="submit" name="Submit" value="Submit">
</form>
<pre>INPUT REJECTED</pre>
[17:20:45.721] [SQLAnalysis] Read 1 new lines from SQL log file.
[17:20:45.721] [SQLAnalysis] Appended 1 parsed entries.
[17:20:45.721] [SQLAnalysis 8cb] Extracted 547 Logs 2026-10-02 21:20:45.721760: [{'timestamp': '2026-10-02 21:20:44,707624', 'level': 'INFO', 'ip': '172.18.0.5', 'port': 51874, 'sql': 'USE db *#*#OK'}]
[17:20:45.721] [SQLAnalysis 8cb] Updated param pairs: {'looked_value': '?1'}
[17:20:45.722] [SQLAnalysis 8cb] Looked timestamp 2026-10-02 21:20:44.684443 -- 2026-10-02 21:20:44.717021
[17:20:45.728] [SQLAnalysis 8cb] query_array to be checked: ['use', 'db']
[17:20:45.729] [SQLAnalysis 8cb] normalized_query_array: ['use', 'db']
[17:20:45.729] [SQLiFuzz 8cb] No weird chars exist: GET http://localhost:8081/a2_filtered.php | ['[string (False)(None)] Sec-Fetch-Dest=document', '[string (False)(None)] Sec-Fetch-Mode=navigate', '[string (False)(None)] Sec-Fetch-Site=same-origin', '[string (False)(None)] Sec-Fetch-User=?1', '[string (False)(None)] Priority=u=0, i', '[url (False)(None)] path0=a2_filtered.php', '[int (False)(None)] id=?1', '[string (False)(None)] Submit=Submit'] | None
[17:20:45.729] [SQLiFuzz 14a] Getting prepared_target_request with ID 6fe for test_SQLi iteration 14/70
[17:20:45.729] [SQLiFuzz 6fe] chosen_idx: 1 from 8
[17:20:45.729] [HTTPREQUEST 6fe] Getting matched paramval from found values: ['?1', '1']
[17:20:45.729] [HTTPREQUEST 6fe] Found matched paramval: [string (False)(None)] Sec-Fetch-User=?1
[17:20:45.729] [HTTPREQUEST 6fe] Found matched paramval: [int (False)(None)] id=1
[17:20:45.729] [SQLiFuzz 6fe] Prioritize to fuzz matched SQL value first: [int (False)(None)] id=1
[17:20:45.730] [SQLiFuzz 6fe] Mutation applied. old='1' char='<' strategy='drop' new='<'
[17:20:45.730] [HTTPREQUEST 6fe] Update url and body param from paramvals:
[17:20:45.730] [HTTPREQUEST None] New post_data_encoded: 
[17:20:45.730] [HTTPREQUEST None] New param encoded: Submit=Submit&id=%3C
[17:20:45.730] [GENERALFUNCTION 6fe] ---SENDING THE REQUEST [1790976045-1b3fe3c9-4adb-4e8f-b9dc-640f2ed7a6fe] TO : [GET] http://localhost:8081/a2_filtered.php?Submit=Submit&id=%3C
[17:20:45.730] [GENERALFUNCTION 6fe] Post data encoded: 
[17:20:45.730] [GENERALFUNCTION 6fe] Adjusted Referer to http://localhost:8081/a2_filtered.php
[17:20:45.730] [GENERALFUNCTION 6fe] DEBUG OUTGOING request.full_url: http://localhost:8081/a2_filtered.php?Submit=Submit&id=%3C
[17:20:45.730] [GENERALFUNCTION 6fe] DEBUG OUTGOING headers: {'Host': 'localhost:8081', 'User-Agent': 'Mozilla/5.0 (X11; Ubuntu; Linux x86_64; rv:155.0) Gecko/20100101 Firefox/155.0', 'Accept': 'text/html,application/xhtml+xml,application/xml;q=0.9,*/*;q=0.8', 'Accept-Language': 'en-US,en;q=0.9', 'Accept-Encoding': 'gzip, deflate, br, zstd', 'Connection': 'keep-alive', 'Referer': 'http://localhost:8081/a2_filtered.php', 'Cookie': 'PHPSESSID=a7bfad51c20e216fb745b230a7da5e5b; security=impossible', 'Upgrade-Insecure-Requests': '1', 'Sec-Fetch-Dest': 'document', 'Sec-Fetch-Mode': 'navigate', 'Sec-Fetch-Site': 'same-origin', 'Sec-Fetch-User': '?1', 'Priority': 'u=0, i'}
[17:20:45.730] [GENERALFUNCTION 6fe] DEBUG OUTGOING post_data_encoded (truncated): 
[17:20:45.756] [SQLiFuzz 6fe] Response status: 200
[17:20:45.756] [SQLiFuzz 6fe] Response URL: http://localhost:8081/a2_filtered.php?Submit=Submit&id=%3C
[17:20:45.756] [SQLiFuzz 6fe] Was redirected: False
[17:20:45.756] [SQLiFuzz 6fe] Getting response: <!doctype html>
<html>
<body>
<form method="GET">
  <label>User ID: <input type="text" name="id"></label>
  <input type="submit" name="Submit" value="Submit">
</form>
<pre>INPUT REJECTED</pre>
[17:20:46.757] [SQLAnalysis] Read 1 new lines from SQL log file.
[17:20:46.758] [SQLAnalysis] Appended 1 parsed entries.
[17:20:46.758] [SQLAnalysis 6fe] Extracted 548 Logs 2026-10-02 21:20:46.758314: [{'timestamp': '2026-10-02 21:20:45,746948', 'level': 'INFO', 'ip': '172.18.0.5', 'port': 51900, 'sql': 'USE db *#*#OK'}]
[17:20:46.758] [SQLAnalysis 6fe] Updated param pairs: {'looked_value': '<'}
[17:20:46.758] [SQLAnalysis 6fe] Looked timestamp 2026-10-02 21:20:45.730897 -- 2026-10-02 21:20:45.753029
[17:20:46.773] [SQLAnalysis 6fe] query_array to be checked: ['use', 'db']
[17:20:46.773] [SQLAnalysis 6fe] normalized_query_array: ['use', 'db']
[17:20:46.773] [SQLiFuzz 6fe] No weird chars exist: GET http://localhost:8081/a2_filtered.php | ['[string (False)(None)] Sec-Fetch-Dest=document', '[string (False)(None)] Sec-Fetch-Mode=navigate', '[string (False)(None)] Sec-Fetch-Site=same-origin', '[string (False)(None)] Sec-Fetch-User=?1', '[string (False)(None)] Priority=u=0, i', '[url (False)(None)] path0=a2_filtered.php', '[int (False)(None)] id=<', '[string (False)(None)] Submit=Submit'] | None
[17:20:46.774] [SQLiFuzz 14a] Getting prepared_target_request with ID e12 for test_SQLi iteration 15/70
[17:20:46.774] [SQLiFuzz e12] chosen_idx: 7 from 8
[17:20:46.774] [HTTPREQUEST e12] Getting matched paramval from found values: ['?1', '1']
[17:20:46.774] [HTTPREQUEST e12] Found matched paramval: [string (False)(None)] Sec-Fetch-User=?1
[17:20:46.774] [HTTPREQUEST e12] Found matched paramval: [int (False)(None)] id=1
[17:20:46.774] [SQLiFuzz e12] Prioritize to fuzz matched SQL value first: [int (False)(None)] id=1
[17:20:46.774] [SQLiFuzz e12] Mutation applied. old='1' char='.' strategy='front' new='.1'
[17:20:46.774] [HTTPREQUEST e12] Update url and body param from paramvals:
[17:20:46.774] [HTTPREQUEST None] New post_data_encoded: 
[17:20:46.774] [HTTPREQUEST None] New param encoded: Submit=Submit&id=.1
[17:20:46.775] [GENERALFUNCTION e12] ---SENDING THE REQUEST [1790976046-ff3f3361-dddb-4c82-b82f-3acec4840e12] TO : [GET] http://localhost:8081/a2_filtered.php?Submit=Submit&id=.1
[17:20:46.775] [GENERALFUNCTION e12] Post data encoded: 
[17:20:46.775] [GENERALFUNCTION e12] Adjusted Referer to http://localhost:8081/a2_filtered.php
[17:20:46.775] [GENERALFUNCTION e12] DEBUG OUTGOING request.full_url: http://localhost:8081/a2_filtered.php?Submit=Submit&id=.1
[17:20:46.775] [GENERALFUNCTION e12] DEBUG OUTGOING headers: {'Host': 'localhost:8081', 'User-Agent': 'Mozilla/5.0 (X11; Ubuntu; Linux x86_64; rv:155.0) Gecko/20100101 Firefox/155.0', 'Accept': 'text/html,application/xhtml+xml,application/xml;q=0.9,*/*;q=0.8', 'Accept-Language': 'en-US,en;q=0.9', 'Accept-Encoding': 'gzip, deflate, br, zstd', 'Connection': 'keep-alive', 'Referer': 'http://localhost:8081/a2_filtered.php', 'Cookie': 'PHPSESSID=a7bfad51c20e216fb745b230a7da5e5b; security=impossible', 'Upgrade-Insecure-Requests': '1', 'Sec-Fetch-Dest': 'document', 'Sec-Fetch-Mode': 'navigate', 'Sec-Fetch-Site': 'same-origin', 'Sec-Fetch-User': '?1', 'Priority': 'u=0, i'}
[17:20:46.775] [GENERALFUNCTION e12] DEBUG OUTGOING post_data_encoded (truncated): 
[17:20:46.801] [SQLiFuzz e12] Response status: 200
[17:20:46.801] [SQLiFuzz e12] Response URL: http://localhost:8081/a2_filtered.php?Submit=Submit&id=.1
[17:20:46.801] [SQLiFuzz e12] Was redirected: False
[17:20:46.801] [SQLiFuzz e12] Getting response: <!doctype html>
<html>
<body>
<form method="GET">
  <label>User ID: <input type="text" name="id"></label>
  <input type="submit" name="Submit" value="Submit">
</form>
<pre>INPUT REJECTED</pre>
[17:20:48.184] [SQLAnalysis] Read 1 new lines from SQL log file.
[17:20:48.185] [SQLAnalysis] Appended 1 parsed entries.
[17:20:48.185] [SQLAnalysis e12] Extracted 549 Logs 2026-10-02 21:20:48.185392: [{'timestamp': '2026-10-02 21:20:46,789535', 'level': 'INFO', 'ip': '172.18.0.5', 'port': 51910, 'sql': 'USE db *#*#OK'}]
[17:20:48.185] [SQLAnalysis e12] Updated param pairs: {'looked_value': '.1'}
[17:20:48.185] [SQLAnalysis e12] Looked timestamp 2026-10-02 21:20:46.775697 -- 2026-10-02 21:20:46.798108
[17:20:48.199] [SQLAnalysis e12] query_array to be checked: ['use', 'db']
[17:20:48.199] [SQLAnalysis e12] normalized_query_array: ['use', 'db']
[17:20:48.199] [SQLiFuzz e12] No weird chars exist: GET http://localhost:8081/a2_filtered.php | ['[string (False)(None)] Sec-Fetch-Dest=document', '[string (False)(None)] Sec-Fetch-Mode=navigate', '[string (False)(None)] Sec-Fetch-Site=same-origin', '[string (False)(None)] Sec-Fetch-User=?1', '[string (False)(None)] Priority=u=0, i', '[url (False)(None)] path0=a2_filtered.php', '[int (False)(None)] id=.1', '[string (False)(None)] Submit=Submit'] | None
[17:20:48.199] [SQLiFuzz 14a] Getting prepared_target_request with ID 931 for test_SQLi iteration 16/70
[17:20:48.199] [SQLiFuzz 931] chosen_idx: 6 from 8
[17:20:48.199] [HTTPREQUEST 931] Getting matched paramval from found values: ['?1', '1']
[17:20:48.199] [HTTPREQUEST 931] Found matched paramval: [string (False)(None)] Sec-Fetch-User=?1
[17:20:48.199] [HTTPREQUEST 931] Found matched paramval: [int (False)(None)] id=1
[17:20:48.200] [SQLiFuzz 931] Prioritize to fuzz matched SQL value first: [int (False)(None)] id=1
[17:20:48.200] [SQLiFuzz 931] Mutation applied. old='1' char='&' strategy='random' new='1&'
[17:20:48.200] [HTTPREQUEST 931] Update url and body param from paramvals:
[17:20:48.200] [HTTPREQUEST None] New post_data_encoded: 
[17:20:48.200] [HTTPREQUEST None] New param encoded: Submit=Submit&id=1%26
[17:20:48.200] [GENERALFUNCTION 931] ---SENDING THE REQUEST [1790976048-ed870b4b-6f20-409f-a2c5-556f7960a931] TO : [GET] http://localhost:8081/a2_filtered.php?Submit=Submit&id=1%26
[17:20:48.200] [GENERALFUNCTION 931] Post data encoded: 
[17:20:48.200] [GENERALFUNCTION 931] Adjusted Referer to http://localhost:8081/a2_filtered.php
[17:20:48.200] [GENERALFUNCTION 931] DEBUG OUTGOING request.full_url: http://localhost:8081/a2_filtered.php?Submit=Submit&id=1%26
[17:20:48.200] [GENERALFUNCTION 931] DEBUG OUTGOING headers: {'Host': 'localhost:8081', 'User-Agent': 'Mozilla/5.0 (X11; Ubuntu; Linux x86_64; rv:155.0) Gecko/20100101 Firefox/155.0', 'Accept': 'text/html,application/xhtml+xml,application/xml;q=0.9,*/*;q=0.8', 'Accept-Language': 'en-US,en;q=0.9', 'Accept-Encoding': 'gzip, deflate, br, zstd', 'Connection': 'keep-alive', 'Referer': 'http://localhost:8081/a2_filtered.php', 'Cookie': 'PHPSESSID=a7bfad51c20e216fb745b230a7da5e5b; security=impossible', 'Upgrade-Insecure-Requests': '1', 'Sec-Fetch-Dest': 'document', 'Sec-Fetch-Mode': 'navigate', 'Sec-Fetch-Site': 'same-origin', 'Sec-Fetch-User': '?1', 'Priority': 'u=0, i'}
[17:20:48.200] [GENERALFUNCTION 931] DEBUG OUTGOING post_data_encoded (truncated): 
[17:20:48.225] [SQLiFuzz 931] Response status: 200
[17:20:48.226] [SQLiFuzz 931] Response URL: http://localhost:8081/a2_filtered.php?Submit=Submit&id=1%26
[17:20:48.226] [SQLiFuzz 931] Was redirected: False
[17:20:48.226] [SQLiFuzz 931] Getting response: <!doctype html>
<html>
<body>
<form method="GET">
  <label>User ID: <input type="text" name="id"></label>
  <input type="submit" name="Submit" value="Submit">
</form>
<pre>INPUT REJECTED</pre>
[17:20:49.226] [SQLAnalysis] Read 1 new lines from SQL log file.
[17:20:49.227] [SQLAnalysis] Appended 1 parsed entries.
[17:20:49.227] [SQLAnalysis 931] Extracted 550 Logs 2026-10-02 21:20:49.227491: [{'timestamp': '2026-10-02 21:20:48,215579', 'level': 'INFO', 'ip': '172.18.0.5', 'port': 51926, 'sql': 'USE db *#*#OK'}]
[17:20:49.227] [SQLAnalysis 931] Updated param pairs: {'looked_value': '1&'}
[17:20:49.227] [SQLAnalysis 931] Looked timestamp 2026-10-02 21:20:48.200755 -- 2026-10-02 21:20:48.222966
[17:20:49.237] [SQLAnalysis 931] query_array to be checked: ['use', 'db']
[17:20:49.238] [SQLAnalysis 931] normalized_query_array: ['use', 'db']
[17:20:49.238] [SQLiFuzz 931] No weird chars exist: GET http://localhost:8081/a2_filtered.php | ['[string (False)(None)] Sec-Fetch-Dest=document', '[string (False)(None)] Sec-Fetch-Mode=navigate', '[string (False)(None)] Sec-Fetch-Site=same-origin', '[string (False)(None)] Sec-Fetch-User=?1', '[string (False)(None)] Priority=u=0, i', '[url (False)(None)] path0=a2_filtered.php', '[int (False)(None)] id=1&', '[string (False)(None)] Submit=Submit'] | None
[17:20:49.239] [SQLiFuzz 14a] Getting prepared_target_request with ID d43 for test_SQLi iteration 17/70
[17:20:49.240] [SQLiFuzz d43] chosen_idx: 7 from 8
[17:20:49.240] [HTTPREQUEST d43] Getting matched paramval from found values: ['?1', '1']
[17:20:49.240] [HTTPREQUEST d43] Found matched paramval: [string (False)(None)] Sec-Fetch-User=?1
[17:20:49.240] [HTTPREQUEST d43] Found matched paramval: [int (False)(None)] id=1
[17:20:49.240] [SQLiFuzz d43] Prioritize to fuzz matched SQL value first: [int (False)(None)] id=1
[17:20:49.240] [SQLiFuzz d43] Mutation applied. old='1' char='|' strategy='random' new='|1'
[17:20:49.241] [HTTPREQUEST d43] Update url and body param from paramvals:
[17:20:49.241] [HTTPREQUEST None] New post_data_encoded: 
[17:20:49.241] [HTTPREQUEST None] New param encoded: Submit=Submit&id=%7C1
[17:20:49.241] [GENERALFUNCTION d43] ---SENDING THE REQUEST [1790976049-76b16ed8-fa81-4fcd-85e6-853f1d5cbd43] TO : [GET] http://localhost:8081/a2_filtered.php?Submit=Submit&id=%7C1
[17:20:49.241] [GENERALFUNCTION d43] Post data encoded: 
[17:20:49.241] [GENERALFUNCTION d43] Adjusted Referer to http://localhost:8081/a2_filtered.php
[17:20:49.242] [GENERALFUNCTION d43] DEBUG OUTGOING request.full_url: http://localhost:8081/a2_filtered.php?Submit=Submit&id=%7C1
[17:20:49.242] [GENERALFUNCTION d43] DEBUG OUTGOING headers: {'Host': 'localhost:8081', 'User-Agent': 'Mozilla/5.0 (X11; Ubuntu; Linux x86_64; rv:155.0) Gecko/20100101 Firefox/155.0', 'Accept': 'text/html,application/xhtml+xml,application/xml;q=0.9,*/*;q=0.8', 'Accept-Language': 'en-US,en;q=0.9', 'Accept-Encoding': 'gzip, deflate, br, zstd', 'Connection': 'keep-alive', 'Referer': 'http://localhost:8081/a2_filtered.php', 'Cookie': 'PHPSESSID=a7bfad51c20e216fb745b230a7da5e5b; security=impossible', 'Upgrade-Insecure-Requests': '1', 'Sec-Fetch-Dest': 'document', 'Sec-Fetch-Mode': 'navigate', 'Sec-Fetch-Site': 'same-origin', 'Sec-Fetch-User': '?1', 'Priority': 'u=0, i'}
[17:20:49.242] [GENERALFUNCTION d43] DEBUG OUTGOING post_data_encoded (truncated): 
[17:20:49.279] [SQLiFuzz d43] Response status: 200
[17:20:49.279] [SQLiFuzz d43] Response URL: http://localhost:8081/a2_filtered.php?Submit=Submit&id=%7C1
[17:20:49.279] [SQLiFuzz d43] Was redirected: False
[17:20:49.279] [SQLiFuzz d43] Getting response: <!doctype html>
<html>
<body>
<form method="GET">
  <label>User ID: <input type="text" name="id"></label>
  <input type="submit" name="Submit" value="Submit">
</form>
<pre>INPUT REJECTED</pre>
[17:20:50.280] [SQLAnalysis] Read 1 new lines from SQL log file.
[17:20:50.280] [SQLAnalysis] Appended 1 parsed entries.
[17:20:50.280] [SQLAnalysis d43] Extracted 551 Logs 2026-10-02 21:20:50.280949: [{'timestamp': '2026-10-02 21:20:49,262522', 'level': 'INFO', 'ip': '172.18.0.5', 'port': 51932, 'sql': 'USE db *#*#OK'}]
[17:20:50.281] [SQLAnalysis d43] Updated param pairs: {'looked_value': '|1'}
[17:20:50.281] [SQLAnalysis d43] Looked timestamp 2026-10-02 21:20:49.242721 -- 2026-10-02 21:20:49.276344
[17:20:50.290] [SQLAnalysis d43] query_array to be checked: ['use', 'db']
[17:20:50.290] [SQLAnalysis d43] normalized_query_array: ['use', 'db']
[17:20:50.291] [SQLiFuzz d43] No weird chars exist: GET http://localhost:8081/a2_filtered.php | ['[string (False)(None)] Sec-Fetch-Dest=document', '[string (False)(None)] Sec-Fetch-Mode=navigate', '[string (False)(None)] Sec-Fetch-Site=same-origin', '[string (False)(None)] Sec-Fetch-User=?1', '[string (False)(None)] Priority=u=0, i', '[url (False)(None)] path0=a2_filtered.php', '[int (False)(None)] id=|1', '[string (False)(None)] Submit=Submit'] | None
[17:20:50.291] [SQLiFuzz 14a] Getting prepared_target_request with ID eaa for test_SQLi iteration 18/70
[17:20:50.291] [SQLiFuzz eaa] chosen_idx: 4 from 8
[17:20:50.291] [HTTPREQUEST eaa] Getting matched paramval from found values: ['?1', '1']
[17:20:50.291] [HTTPREQUEST eaa] Found matched paramval: [string (False)(None)] Sec-Fetch-User=?1
[17:20:50.291] [HTTPREQUEST eaa] Found matched paramval: [int (False)(None)] id=1
[17:20:50.291] [SQLiFuzz eaa] Prioritize to fuzz matched SQL value first: [int (False)(None)] id=1
[17:20:50.291] [SQLiFuzz eaa] Mutation applied. old='1' char='^' strategy='drop' new='^'
[17:20:50.291] [HTTPREQUEST eaa] Update url and body param from paramvals:
[17:20:50.291] [HTTPREQUEST None] New post_data_encoded: 
[17:20:50.292] [HTTPREQUEST None] New param encoded: Submit=Submit&id=%5E
[17:20:50.292] [GENERALFUNCTION eaa] ---SENDING THE REQUEST [1790976050-80947673-99b3-4ba6-8bc4-b43d09ebceaa] TO : [GET] http://localhost:8081/a2_filtered.php?Submit=Submit&id=%5E
[17:20:50.292] [GENERALFUNCTION eaa] Post data encoded: 
[17:20:50.292] [GENERALFUNCTION eaa] Adjusted Referer to http://localhost:8081/a2_filtered.php
[17:20:50.292] [GENERALFUNCTION eaa] DEBUG OUTGOING request.full_url: http://localhost:8081/a2_filtered.php?Submit=Submit&id=%5E
[17:20:50.292] [GENERALFUNCTION eaa] DEBUG OUTGOING headers: {'Host': 'localhost:8081', 'User-Agent': 'Mozilla/5.0 (X11; Ubuntu; Linux x86_64; rv:155.0) Gecko/20100101 Firefox/155.0', 'Accept': 'text/html,application/xhtml+xml,application/xml;q=0.9,*/*;q=0.8', 'Accept-Language': 'en-US,en;q=0.9', 'Accept-Encoding': 'gzip, deflate, br, zstd', 'Connection': 'keep-alive', 'Referer': 'http://localhost:8081/a2_filtered.php', 'Cookie': 'PHPSESSID=a7bfad51c20e216fb745b230a7da5e5b; security=impossible', 'Upgrade-Insecure-Requests': '1', 'Sec-Fetch-Dest': 'document', 'Sec-Fetch-Mode': 'navigate', 'Sec-Fetch-Site': 'same-origin', 'Sec-Fetch-User': '?1', 'Priority': 'u=0, i'}
[17:20:50.292] [GENERALFUNCTION eaa] DEBUG OUTGOING post_data_encoded (truncated): 
[17:20:50.317] [SQLiFuzz eaa] Response status: 200
[17:20:50.317] [SQLiFuzz eaa] Response URL: http://localhost:8081/a2_filtered.php?Submit=Submit&id=%5E
[17:20:50.318] [SQLiFuzz eaa] Was redirected: False
[17:20:50.318] [SQLiFuzz eaa] Getting response: <!doctype html>
<html>
<body>
<form method="GET">
  <label>User ID: <input type="text" name="id"></label>
  <input type="submit" name="Submit" value="Submit">
</form>
<pre>INPUT REJECTED</pre>
[17:20:51.318] [SQLAnalysis] Read 1 new lines from SQL log file.
[17:20:51.319] [SQLAnalysis] Appended 1 parsed entries.
[17:20:51.319] [SQLAnalysis eaa] Extracted 552 Logs 2026-10-02 21:20:51.319175: [{'timestamp': '2026-10-02 21:20:50,304682', 'level': 'INFO', 'ip': '172.18.0.5', 'port': 51948, 'sql': 'USE db *#*#OK'}]
[17:20:51.319] [SQLAnalysis eaa] Updated param pairs: {'looked_value': '^'}
[17:20:51.319] [SQLAnalysis eaa] Looked timestamp 2026-10-02 21:20:50.292604 -- 2026-10-02 21:20:50.314398
[17:20:51.323] [SQLAnalysis eaa] query_array to be checked: ['use', 'db']
[17:20:51.323] [SQLAnalysis eaa] normalized_query_array: ['use', 'db']
[17:20:51.323] [SQLiFuzz eaa] No weird chars exist: GET http://localhost:8081/a2_filtered.php | ['[string (False)(None)] Sec-Fetch-Dest=document', '[string (False)(None)] Sec-Fetch-Mode=navigate', '[string (False)(None)] Sec-Fetch-Site=same-origin', '[string (False)(None)] Sec-Fetch-User=?1', '[string (False)(None)] Priority=u=0, i', '[url (False)(None)] path0=a2_filtered.php', '[int (False)(None)] id=^', '[string (False)(None)] Submit=Submit'] | None
[17:20:51.323] [SQLiFuzz 14a] Getting prepared_target_request with ID c8e for test_SQLi iteration 19/70
[17:20:51.323] [SQLiFuzz c8e] chosen_idx: 4 from 8
[17:20:51.323] [HTTPREQUEST c8e] Getting matched paramval from found values: ['?1', '1']
[17:20:51.323] [HTTPREQUEST c8e] Found matched paramval: [string (False)(None)] Sec-Fetch-User=?1
[17:20:51.323] [HTTPREQUEST c8e] Found matched paramval: [int (False)(None)] id=1
[17:20:51.323] [SQLiFuzz c8e] Prioritize to fuzz matched SQL value first: [int (False)(None)] id=1
[17:20:51.324] [SQLiFuzz c8e] Mutation applied. old='1' char='|' strategy='drop' new='|'
[17:20:51.324] [HTTPREQUEST c8e] Update url and body param from paramvals:
[17:20:51.324] [HTTPREQUEST None] New post_data_encoded: 
[17:20:51.324] [HTTPREQUEST None] New param encoded: Submit=Submit&id=%7C
[17:20:51.324] [GENERALFUNCTION c8e] ---SENDING THE REQUEST [1790976051-e823e9c5-11be-4fd7-a689-8f13bfc35c8e] TO : [GET] http://localhost:8081/a2_filtered.php?Submit=Submit&id=%7C
[17:20:51.324] [GENERALFUNCTION c8e] Post data encoded: 
[17:20:51.324] [GENERALFUNCTION c8e] Adjusted Referer to http://localhost:8081/a2_filtered.php
[17:20:51.324] [GENERALFUNCTION c8e] DEBUG OUTGOING request.full_url: http://localhost:8081/a2_filtered.php?Submit=Submit&id=%7C
[17:20:51.324] [GENERALFUNCTION c8e] DEBUG OUTGOING headers: {'Host': 'localhost:8081', 'User-Agent': 'Mozilla/5.0 (X11; Ubuntu; Linux x86_64; rv:155.0) Gecko/20100101 Firefox/155.0', 'Accept': 'text/html,application/xhtml+xml,application/xml;q=0.9,*/*;q=0.8', 'Accept-Language': 'en-US,en;q=0.9', 'Accept-Encoding': 'gzip, deflate, br, zstd', 'Connection': 'keep-alive', 'Referer': 'http://localhost:8081/a2_filtered.php', 'Cookie': 'PHPSESSID=a7bfad51c20e216fb745b230a7da5e5b; security=impossible', 'Upgrade-Insecure-Requests': '1', 'Sec-Fetch-Dest': 'document', 'Sec-Fetch-Mode': 'navigate', 'Sec-Fetch-Site': 'same-origin', 'Sec-Fetch-User': '?1', 'Priority': 'u=0, i'}
[17:20:51.324] [GENERALFUNCTION c8e] DEBUG OUTGOING post_data_encoded (truncated): 
[17:20:51.351] [SQLiFuzz c8e] Response status: 200
[17:20:51.351] [SQLiFuzz c8e] Response URL: http://localhost:8081/a2_filtered.php?Submit=Submit&id=%7C
[17:20:51.351] [SQLiFuzz c8e] Was redirected: False
[17:20:51.351] [SQLiFuzz c8e] Getting response: <!doctype html>
<html>
<body>
<form method="GET">
  <label>User ID: <input type="text" name="id"></label>
  <input type="submit" name="Submit" value="Submit">
</form>
<pre>INPUT REJECTED</pre>
[17:20:52.352] [SQLAnalysis] Read 1 new lines from SQL log file.
[17:20:52.352] [SQLAnalysis] Appended 1 parsed entries.
[17:20:52.352] [SQLAnalysis c8e] Extracted 553 Logs 2026-10-02 21:20:52.352687: [{'timestamp': '2026-10-02 21:20:51,338513', 'level': 'INFO', 'ip': '172.18.0.5', 'port': 51954, 'sql': 'USE db *#*#OK'}]
[17:20:52.352] [SQLAnalysis c8e] Updated param pairs: {'looked_value': '|'}
[17:20:52.352] [SQLAnalysis c8e] Looked timestamp 2026-10-02 21:20:51.324757 -- 2026-10-02 21:20:51.347478
[17:20:52.357] [SQLAnalysis c8e] query_array to be checked: ['use', 'db']
[17:20:52.357] [SQLAnalysis c8e] normalized_query_array: ['use', 'db']
[17:20:52.357] [SQLiFuzz c8e] No weird chars exist: GET http://localhost:8081/a2_filtered.php | ['[string (False)(None)] Sec-Fetch-Dest=document', '[string (False)(None)] Sec-Fetch-Mode=navigate', '[string (False)(None)] Sec-Fetch-Site=same-origin', '[string (False)(None)] Sec-Fetch-User=?1', '[string (False)(None)] Priority=u=0, i', '[url (False)(None)] path0=a2_filtered.php', '[int (False)(None)] id=|', '[string (False)(None)] Submit=Submit'] | None
[17:20:52.357] [SQLiFuzz 14a] Getting prepared_target_request with ID f19 for test_SQLi iteration 20/70
[17:20:52.357] [SQLiFuzz f19] chosen_idx: 1 from 8
[17:20:52.357] [HTTPREQUEST f19] Getting matched paramval from found values: ['?1', '1']
[17:20:52.358] [HTTPREQUEST f19] Found matched paramval: [string (False)(None)] Sec-Fetch-User=?1
[17:20:52.358] [HTTPREQUEST f19] Found matched paramval: [int (False)(None)] id=1
[17:20:52.358] [SQLiFuzz f19] Prioritize to fuzz matched SQL value first: [int (False)(None)] id=1
[17:20:52.358] [SQLiFuzz f19] Mutation applied. old='1' char='}' strategy='front' new='}1'
[17:20:52.358] [HTTPREQUEST f19] Update url and body param from paramvals:
[17:20:52.358] [HTTPREQUEST None] New post_data_encoded: 
[17:20:52.358] [HTTPREQUEST None] New param encoded: Submit=Submit&id=%7D1
[17:20:52.358] [GENERALFUNCTION f19] ---SENDING THE REQUEST [1790976052-9bb527e2-4c7a-4c19-be3d-13fb9b12bf19] TO : [GET] http://localhost:8081/a2_filtered.php?Submit=Submit&id=%7D1
[17:20:52.358] [GENERALFUNCTION f19] Post data encoded: 
[17:20:52.358] [GENERALFUNCTION f19] Adjusted Referer to http://localhost:8081/a2_filtered.php
[17:20:52.358] [GENERALFUNCTION f19] DEBUG OUTGOING request.full_url: http://localhost:8081/a2_filtered.php?Submit=Submit&id=%7D1
[17:20:52.358] [GENERALFUNCTION f19] DEBUG OUTGOING headers: {'Host': 'localhost:8081', 'User-Agent': 'Mozilla/5.0 (X11; Ubuntu; Linux x86_64; rv:155.0) Gecko/20100101 Firefox/155.0', 'Accept': 'text/html,application/xhtml+xml,application/xml;q=0.9,*/*;q=0.8', 'Accept-Language': 'en-US,en;q=0.9', 'Accept-Encoding': 'gzip, deflate, br, zstd', 'Connection': 'keep-alive', 'Referer': 'http://localhost:8081/a2_filtered.php', 'Cookie': 'PHPSESSID=a7bfad51c20e216fb745b230a7da5e5b; security=impossible', 'Upgrade-Insecure-Requests': '1', 'Sec-Fetch-Dest': 'document', 'Sec-Fetch-Mode': 'navigate', 'Sec-Fetch-Site': 'same-origin', 'Sec-Fetch-User': '?1', 'Priority': 'u=0, i'}
[17:20:52.358] [GENERALFUNCTION f19] DEBUG OUTGOING post_data_encoded (truncated): 
[17:20:52.379] [SQLiFuzz f19] Response status: 200
[17:20:52.379] [SQLiFuzz f19] Response URL: http://localhost:8081/a2_filtered.php?Submit=Submit&id=%7D1
[17:20:52.379] [SQLiFuzz f19] Was redirected: False
[17:20:52.380] [SQLiFuzz f19] Getting response: <!doctype html>
<html>
<body>
<form method="GET">
  <label>User ID: <input type="text" name="id"></label>
  <input type="submit" name="Submit" value="Submit">
</form>
<pre>INPUT REJECTED</pre>
[17:20:53.380] [SQLAnalysis] Read 1 new lines from SQL log file.
[17:20:53.380] [SQLAnalysis] Appended 1 parsed entries.
[17:20:53.381] [SQLAnalysis f19] Extracted 554 Logs 2026-10-02 21:20:53.381021: [{'timestamp': '2026-10-02 21:20:52,369490', 'level': 'INFO', 'ip': '172.18.0.5', 'port': 60640, 'sql': 'USE db *#*#OK'}]
[17:20:53.381] [SQLAnalysis f19] Updated param pairs: {'looked_value': '}1'}
[17:20:53.381] [SQLAnalysis f19] Looked timestamp 2026-10-02 21:20:52.358706 -- 2026-10-02 21:20:52.376654
[17:20:53.385] [SQLAnalysis f19] query_array to be checked: ['use', 'db']
[17:20:53.386] [SQLAnalysis f19] normalized_query_array: ['use', 'db']
[17:20:53.386] [SQLiFuzz f19] No weird chars exist: GET http://localhost:8081/a2_filtered.php | ['[string (False)(None)] Sec-Fetch-Dest=document', '[string (False)(None)] Sec-Fetch-Mode=navigate', '[string (False)(None)] Sec-Fetch-Site=same-origin', '[string (False)(None)] Sec-Fetch-User=?1', '[string (False)(None)] Priority=u=0, i', '[url (False)(None)] path0=a2_filtered.php', '[int (False)(None)] id=}1', '[string (False)(None)] Submit=Submit'] | None
[17:20:53.386] [SQLiFuzz 14a] Getting prepared_target_request with ID af3 for test_SQLi iteration 21/70
[17:20:53.386] [SQLiFuzz af3] chosen_idx: 6 from 8
[17:20:53.386] [HTTPREQUEST af3] Getting matched paramval from found values: ['?1', '1']
[17:20:53.386] [HTTPREQUEST af3] Found matched paramval: [string (False)(None)] Sec-Fetch-User=?1
[17:20:53.386] [HTTPREQUEST af3] Found matched paramval: [int (False)(None)] id=1
[17:20:53.386] [SQLiFuzz af3] Prioritize to fuzz matched SQL value first: [int (False)(None)] id=1
[17:20:53.386] [SQLiFuzz af3] Mutation applied. old='1' char='[' strategy='drop' new='['
[17:20:53.386] [HTTPREQUEST af3] Update url and body param from paramvals:
[17:20:53.386] [HTTPREQUEST None] New post_data_encoded: 
[17:20:53.386] [HTTPREQUEST None] New param encoded: Submit=Submit&id=%5B
[17:20:53.386] [GENERALFUNCTION af3] ---SENDING THE REQUEST [1790976053-38101685-604b-48ac-a77a-6e7d2026caf3] TO : [GET] http://localhost:8081/a2_filtered.php?Submit=Submit&id=%5B
[17:20:53.387] [GENERALFUNCTION af3] Post data encoded: 
[17:20:53.387] [GENERALFUNCTION af3] Adjusted Referer to http://localhost:8081/a2_filtered.php
[17:20:53.387] [GENERALFUNCTION af3] DEBUG OUTGOING request.full_url: http://localhost:8081/a2_filtered.php?Submit=Submit&id=%5B
[17:20:53.387] [GENERALFUNCTION af3] DEBUG OUTGOING headers: {'Host': 'localhost:8081', 'User-Agent': 'Mozilla/5.0 (X11; Ubuntu; Linux x86_64; rv:155.0) Gecko/20100101 Firefox/155.0', 'Accept': 'text/html,application/xhtml+xml,application/xml;q=0.9,*/*;q=0.8', 'Accept-Language': 'en-US,en;q=0.9', 'Accept-Encoding': 'gzip, deflate, br, zstd', 'Connection': 'keep-alive', 'Referer': 'http://localhost:8081/a2_filtered.php', 'Cookie': 'PHPSESSID=a7bfad51c20e216fb745b230a7da5e5b; security=impossible', 'Upgrade-Insecure-Requests': '1', 'Sec-Fetch-Dest': 'document', 'Sec-Fetch-Mode': 'navigate', 'Sec-Fetch-Site': 'same-origin', 'Sec-Fetch-User': '?1', 'Priority': 'u=0, i'}
[17:20:53.387] [GENERALFUNCTION af3] DEBUG OUTGOING post_data_encoded (truncated): 
[17:20:53.408] [SQLiFuzz af3] Response status: 200
[17:20:53.408] [SQLiFuzz af3] Response URL: http://localhost:8081/a2_filtered.php?Submit=Submit&id=%5B
[17:20:53.408] [SQLiFuzz af3] Was redirected: False
[17:20:53.408] [SQLiFuzz af3] Getting response: <!doctype html>
<html>
<body>
<form method="GET">
  <label>User ID: <input type="text" name="id"></label>
  <input type="submit" name="Submit" value="Submit">
</form>
<pre>INPUT REJECTED</pre>
[17:20:54.409] [SQLAnalysis] Read 1 new lines from SQL log file.
[17:20:54.409] [SQLAnalysis] Appended 1 parsed entries.
[17:20:54.409] [SQLAnalysis af3] Extracted 555 Logs 2026-10-02 21:20:54.409608: [{'timestamp': '2026-10-02 21:20:53,398660', 'level': 'INFO', 'ip': '172.18.0.5', 'port': 60666, 'sql': 'USE db *#*#OK'}]
[17:20:54.409] [SQLAnalysis af3] Updated param pairs: {'looked_value': '['}
[17:20:54.409] [SQLAnalysis af3] Looked timestamp 2026-10-02 21:20:53.387362 -- 2026-10-02 21:20:53.405054
[17:20:54.413] [SQLAnalysis af3] query_array to be checked: ['use', 'db']
[17:20:54.413] [SQLAnalysis af3] normalized_query_array: ['use', 'db']
[17:20:54.413] [SQLiFuzz af3] No weird chars exist: GET http://localhost:8081/a2_filtered.php | ['[string (False)(None)] Sec-Fetch-Dest=document', '[string (False)(None)] Sec-Fetch-Mode=navigate', '[string (False)(None)] Sec-Fetch-Site=same-origin', '[string (False)(None)] Sec-Fetch-User=?1', '[string (False)(None)] Priority=u=0, i', '[url (False)(None)] path0=a2_filtered.php', '[int (False)(None)] id=[', '[string (False)(None)] Submit=Submit'] | None
[17:20:54.414] [SQLiFuzz 14a] Getting prepared_target_request with ID 046 for test_SQLi iteration 22/70
[17:20:54.414] [SQLiFuzz 046] chosen_idx: 6 from 8
[17:20:54.414] [HTTPREQUEST 046] Getting matched paramval from found values: ['?1', '1']
[17:20:54.414] [HTTPREQUEST 046] Found matched paramval: [string (False)(None)] Sec-Fetch-User=?1
[17:20:54.414] [HTTPREQUEST 046] Found matched paramval: [int (False)(None)] id=1
[17:20:54.414] [SQLiFuzz 046] Prioritize to fuzz matched SQL value first: [int (False)(None)] id=1
[17:20:54.414] [SQLiFuzz 046] Mutation applied. old='1' char='+' strategy='tail' new='1+'
[17:20:54.414] [HTTPREQUEST 046] Update url and body param from paramvals:
[17:20:54.414] [HTTPREQUEST None] New post_data_encoded: 
[17:20:54.414] [HTTPREQUEST None] New param encoded: Submit=Submit&id=1%2B
[17:20:54.414] [GENERALFUNCTION 046] ---SENDING THE REQUEST [1790976054-7e57e832-db90-4e53-bc52-6f14f599a046] TO : [GET] http://localhost:8081/a2_filtered.php?Submit=Submit&id=1%2B
[17:20:54.415] [GENERALFUNCTION 046] Post data encoded: 
[17:20:54.415] [GENERALFUNCTION 046] Adjusted Referer to http://localhost:8081/a2_filtered.php
[17:20:54.415] [GENERALFUNCTION 046] DEBUG OUTGOING request.full_url: http://localhost:8081/a2_filtered.php?Submit=Submit&id=1%2B
[17:20:54.415] [GENERALFUNCTION 046] DEBUG OUTGOING headers: {'Host': 'localhost:8081', 'User-Agent': 'Mozilla/5.0 (X11; Ubuntu; Linux x86_64; rv:155.0) Gecko/20100101 Firefox/155.0', 'Accept': 'text/html,application/xhtml+xml,application/xml;q=0.9,*/*;q=0.8', 'Accept-Language': 'en-US,en;q=0.9', 'Accept-Encoding': 'gzip, deflate, br, zstd', 'Connection': 'keep-alive', 'Referer': 'http://localhost:8081/a2_filtered.php', 'Cookie': 'PHPSESSID=a7bfad51c20e216fb745b230a7da5e5b; security=impossible', 'Upgrade-Insecure-Requests': '1', 'Sec-Fetch-Dest': 'document', 'Sec-Fetch-Mode': 'navigate', 'Sec-Fetch-Site': 'same-origin', 'Sec-Fetch-User': '?1', 'Priority': 'u=0, i'}
[17:20:54.415] [GENERALFUNCTION 046] DEBUG OUTGOING post_data_encoded (truncated): 
[17:20:54.443] [SQLiFuzz 046] Response status: 200
[17:20:54.443] [SQLiFuzz 046] Response URL: http://localhost:8081/a2_filtered.php?Submit=Submit&id=1%2B
[17:20:54.444] [SQLiFuzz 046] Was redirected: False
[17:20:54.444] [SQLiFuzz 046] Getting response: <!doctype html>
<html>
<body>
<form method="GET">
  <label>User ID: <input type="text" name="id"></label>
  <input type="submit" name="Submit" value="Submit">
</form>
<pre>INPUT REJECTED</pre>
[17:20:55.444] [SQLAnalysis] Read 1 new lines from SQL log file.
[17:20:55.444] [SQLAnalysis] Appended 1 parsed entries.
[17:20:55.444] [SQLAnalysis 046] Extracted 556 Logs 2026-10-02 21:20:55.444880: [{'timestamp': '2026-10-02 21:20:54,429509', 'level': 'INFO', 'ip': '172.18.0.5', 'port': 60674, 'sql': 'USE db *#*#OK'}]
[17:20:55.445] [SQLAnalysis 046] Updated param pairs: {'looked_value': '1+'}
[17:20:55.445] [SQLAnalysis 046] Looked timestamp 2026-10-02 21:20:54.415271 -- 2026-10-02 21:20:54.438892
[17:20:55.450] [SQLAnalysis 046] query_array to be checked: ['use', 'db']
[17:20:55.450] [SQLAnalysis 046] normalized_query_array: ['use', 'db']
[17:20:55.450] [SQLiFuzz 046] No weird chars exist: GET http://localhost:8081/a2_filtered.php | ['[string (False)(None)] Sec-Fetch-Dest=document', '[string (False)(None)] Sec-Fetch-Mode=navigate', '[string (False)(None)] Sec-Fetch-Site=same-origin', '[string (False)(None)] Sec-Fetch-User=?1', '[string (False)(None)] Priority=u=0, i', '[url (False)(None)] path0=a2_filtered.php', '[int (False)(None)] id=1+', '[string (False)(None)] Submit=Submit'] | None
[17:20:55.451] [SQLiFuzz 14a] Getting prepared_target_request with ID a30 for test_SQLi iteration 23/70
[17:20:55.451] [SQLiFuzz a30] chosen_idx: 2 from 8
[17:20:55.451] [HTTPREQUEST a30] Getting matched paramval from found values: ['?1', '1']
[17:20:55.451] [HTTPREQUEST a30] Found matched paramval: [string (False)(None)] Sec-Fetch-User=?1
[17:20:55.451] [HTTPREQUEST a30] Found matched paramval: [int (False)(None)] id=1
[17:20:55.451] [SQLiFuzz a30] Prioritize to fuzz matched SQL value first: [int (False)(None)] id=1
[17:20:55.451] [SQLiFuzz a30] Mutation applied. old='1' char='"' strategy='random' new='1"'
[17:20:55.451] [HTTPREQUEST a30] Update url and body param from paramvals:
[17:20:55.451] [HTTPREQUEST None] New post_data_encoded: 
[17:20:55.451] [HTTPREQUEST None] New param encoded: Submit=Submit&id=1%22
[17:20:55.451] [GENERALFUNCTION a30] ---SENDING THE REQUEST [1790976055-8cc243bb-6448-4dbf-912c-555453de1a30] TO : [GET] http://localhost:8081/a2_filtered.php?Submit=Submit&id=1%22
[17:20:55.451] [GENERALFUNCTION a30] Post data encoded: 
[17:20:55.451] [GENERALFUNCTION a30] Adjusted Referer to http://localhost:8081/a2_filtered.php
[17:20:55.451] [GENERALFUNCTION a30] DEBUG OUTGOING request.full_url: http://localhost:8081/a2_filtered.php?Submit=Submit&id=1%22
[17:20:55.451] [GENERALFUNCTION a30] DEBUG OUTGOING headers: {'Host': 'localhost:8081', 'User-Agent': 'Mozilla/5.0 (X11; Ubuntu; Linux x86_64; rv:155.0) Gecko/20100101 Firefox/155.0', 'Accept': 'text/html,application/xhtml+xml,application/xml;q=0.9,*/*;q=0.8', 'Accept-Language': 'en-US,en;q=0.9', 'Accept-Encoding': 'gzip, deflate, br, zstd', 'Connection': 'keep-alive', 'Referer': 'http://localhost:8081/a2_filtered.php', 'Cookie': 'PHPSESSID=a7bfad51c20e216fb745b230a7da5e5b; security=impossible', 'Upgrade-Insecure-Requests': '1', 'Sec-Fetch-Dest': 'document', 'Sec-Fetch-Mode': 'navigate', 'Sec-Fetch-Site': 'same-origin', 'Sec-Fetch-User': '?1', 'Priority': 'u=0, i'}
[17:20:55.452] [GENERALFUNCTION a30] DEBUG OUTGOING post_data_encoded (truncated): 
[17:20:55.473] [SQLiFuzz a30] Response status: 200
[17:20:55.473] [SQLiFuzz a30] Response URL: http://localhost:8081/a2_filtered.php?Submit=Submit&id=1%22
[17:20:55.474] [SQLiFuzz a30] Was redirected: False
[17:20:55.474] [SQLiFuzz a30] Getting response: <!doctype html>
<html>
<body>
<form method="GET">
  <label>User ID: <input type="text" name="id"></label>
  <input type="submit" name="Submit" value="Submit">
</form>
<pre>INPUT REJECTED</pre>
[17:20:56.474] [SQLAnalysis] Read 1 new lines from SQL log file.
[17:20:56.474] [SQLAnalysis] Appended 1 parsed entries.
[17:20:56.474] [SQLAnalysis a30] Extracted 557 Logs 2026-10-02 21:20:56.474892: [{'timestamp': '2026-10-02 21:20:55,464934', 'level': 'INFO', 'ip': '172.18.0.5', 'port': 60696, 'sql': 'USE db *#*#OK'}]
[17:20:56.475] [SQLAnalysis a30] Updated param pairs: {'looked_value': '1"'}
[17:20:56.475] [SQLAnalysis a30] Looked timestamp 2026-10-02 21:20:55.452100 -- 2026-10-02 21:20:55.470752
[17:20:56.479] [SQLAnalysis a30] query_array to be checked: ['use', 'db']
[17:20:56.479] [SQLAnalysis a30] normalized_query_array: ['use', 'db']
[17:20:56.479] [SQLiFuzz a30] No weird chars exist: GET http://localhost:8081/a2_filtered.php | ['[string (False)(None)] Sec-Fetch-Dest=document', '[string (False)(None)] Sec-Fetch-Mode=navigate', '[string (False)(None)] Sec-Fetch-Site=same-origin', '[string (False)(None)] Sec-Fetch-User=?1', '[string (False)(None)] Priority=u=0, i', '[url (False)(None)] path0=a2_filtered.php', '[int (False)(None)] id=1"', '[string (False)(None)] Submit=Submit'] | None
[17:20:56.479] [SQLiFuzz 14a] Getting prepared_target_request with ID 7c7 for test_SQLi iteration 24/70
[17:20:56.479] [SQLiFuzz 7c7] chosen_idx: 4 from 8
[17:20:56.479] [HTTPREQUEST 7c7] Getting matched paramval from found values: ['?1', '1']
[17:20:56.479] [HTTPREQUEST 7c7] Found matched paramval: [string (False)(None)] Sec-Fetch-User=?1
[17:20:56.479] [HTTPREQUEST 7c7] Found matched paramval: [int (False)(None)] id=1
[17:20:56.479] [SQLiFuzz 7c7] Prioritize to fuzz matched SQL value first: [int (False)(None)] id=1
[17:20:56.479] [SQLiFuzz 7c7] Mutation applied. old='1' char='&' strategy='front' new='&1'
[17:20:56.479] [HTTPREQUEST 7c7] Update url and body param from paramvals:
[17:20:56.479] [HTTPREQUEST None] New post_data_encoded: 
[17:20:56.479] [HTTPREQUEST None] New param encoded: Submit=Submit&id=%261
[17:20:56.480] [GENERALFUNCTION 7c7] ---SENDING THE REQUEST [1790976056-f9d739ab-e923-4381-b24d-d08bbf2407c7] TO : [GET] http://localhost:8081/a2_filtered.php?Submit=Submit&id=%261
[17:20:56.480] [GENERALFUNCTION 7c7] Post data encoded: 
[17:20:56.480] [GENERALFUNCTION 7c7] Adjusted Referer to http://localhost:8081/a2_filtered.php
[17:20:56.480] [GENERALFUNCTION 7c7] DEBUG OUTGOING request.full_url: http://localhost:8081/a2_filtered.php?Submit=Submit&id=%261
[17:20:56.480] [GENERALFUNCTION 7c7] DEBUG OUTGOING headers: {'Host': 'localhost:8081', 'User-Agent': 'Mozilla/5.0 (X11; Ubuntu; Linux x86_64; rv:155.0) Gecko/20100101 Firefox/155.0', 'Accept': 'text/html,application/xhtml+xml,application/xml;q=0.9,*/*;q=0.8', 'Accept-Language': 'en-US,en;q=0.9', 'Accept-Encoding': 'gzip, deflate, br, zstd', 'Connection': 'keep-alive', 'Referer': 'http://localhost:8081/a2_filtered.php', 'Cookie': 'PHPSESSID=a7bfad51c20e216fb745b230a7da5e5b; security=impossible', 'Upgrade-Insecure-Requests': '1', 'Sec-Fetch-Dest': 'document', 'Sec-Fetch-Mode': 'navigate', 'Sec-Fetch-Site': 'same-origin', 'Sec-Fetch-User': '?1', 'Priority': 'u=0, i'}
[17:20:56.480] [GENERALFUNCTION 7c7] DEBUG OUTGOING post_data_encoded (truncated): 
[17:20:56.510] [SQLiFuzz 7c7] Response status: 200
[17:20:56.510] [SQLiFuzz 7c7] Response URL: http://localhost:8081/a2_filtered.php?Submit=Submit&id=%261
[17:20:56.510] [SQLiFuzz 7c7] Was redirected: False
[17:20:56.510] [SQLiFuzz 7c7] Getting response: <!doctype html>
<html>
<body>
<form method="GET">
  <label>User ID: <input type="text" name="id"></label>
  <input type="submit" name="Submit" value="Submit">
</form>
<pre>INPUT REJECTED</pre>
[17:20:57.511] [SQLAnalysis] Read 1 new lines from SQL log file.
[17:20:57.511] [SQLAnalysis] Appended 1 parsed entries.
[17:20:57.511] [SQLAnalysis 7c7] Extracted 558 Logs 2026-10-02 21:20:57.511625: [{'timestamp': '2026-10-02 21:20:56,497825', 'level': 'INFO', 'ip': '172.18.0.5', 'port': 60714, 'sql': 'USE db *#*#OK'}]
[17:20:57.511] [SQLAnalysis 7c7] Updated param pairs: {'looked_value': '&1'}
[17:20:57.511] [SQLAnalysis 7c7] Looked timestamp 2026-10-02 21:20:56.480411 -- 2026-10-02 21:20:56.506496
[17:20:57.518] [SQLAnalysis 7c7] query_array to be checked: ['use', 'db']
[17:20:57.518] [SQLAnalysis 7c7] normalized_query_array: ['use', 'db']
[17:20:57.518] [SQLiFuzz 7c7] No weird chars exist: GET http://localhost:8081/a2_filtered.php | ['[string (False)(None)] Sec-Fetch-Dest=document', '[string (False)(None)] Sec-Fetch-Mode=navigate', '[string (False)(None)] Sec-Fetch-Site=same-origin', '[string (False)(None)] Sec-Fetch-User=?1', '[string (False)(None)] Priority=u=0, i', '[url (False)(None)] path0=a2_filtered.php', '[int (False)(None)] id=&1', '[string (False)(None)] Submit=Submit'] | None
[17:20:57.519] [SQLiFuzz 14a] Getting prepared_target_request with ID 95c for test_SQLi iteration 25/70
[17:20:57.519] [SQLiFuzz 95c] chosen_idx: 1 from 8
[17:20:57.519] [HTTPREQUEST 95c] Getting matched paramval from found values: ['?1', '1']
[17:20:57.519] [HTTPREQUEST 95c] Found matched paramval: [string (False)(None)] Sec-Fetch-User=?1
[17:20:57.519] [HTTPREQUEST 95c] Found matched paramval: [int (False)(None)] id=1
[17:20:57.519] [SQLiFuzz 95c] Prioritize to fuzz matched SQL value first: [int (False)(None)] id=1
[17:20:57.519] [SQLiFuzz 95c] Mutation applied. old='1' char=')' strategy='front' new=')1'
[17:20:57.519] [HTTPREQUEST 95c] Update url and body param from paramvals:
[17:20:57.519] [HTTPREQUEST None] New post_data_encoded: 
[17:20:57.520] [HTTPREQUEST None] New param encoded: Submit=Submit&id=%291
[17:20:57.520] [GENERALFUNCTION 95c] ---SENDING THE REQUEST [1790976057-a2372787-c6d2-44b1-b14c-c8d90cdf395c] TO : [GET] http://localhost:8081/a2_filtered.php?Submit=Submit&id=%291
[17:20:57.520] [GENERALFUNCTION 95c] Post data encoded: 
[17:20:57.520] [GENERALFUNCTION 95c] Adjusted Referer to http://localhost:8081/a2_filtered.php
[17:20:57.520] [GENERALFUNCTION 95c] DEBUG OUTGOING request.full_url: http://localhost:8081/a2_filtered.php?Submit=Submit&id=%291
[17:20:57.520] [GENERALFUNCTION 95c] DEBUG OUTGOING headers: {'Host': 'localhost:8081', 'User-Agent': 'Mozilla/5.0 (X11; Ubuntu; Linux x86_64; rv:155.0) Gecko/20100101 Firefox/155.0', 'Accept': 'text/html,application/xhtml+xml,application/xml;q=0.9,*/*;q=0.8', 'Accept-Language': 'en-US,en;q=0.9', 'Accept-Encoding': 'gzip, deflate, br, zstd', 'Connection': 'keep-alive', 'Referer': 'http://localhost:8081/a2_filtered.php', 'Cookie': 'PHPSESSID=a7bfad51c20e216fb745b230a7da5e5b; security=impossible', 'Upgrade-Insecure-Requests': '1', 'Sec-Fetch-Dest': 'document', 'Sec-Fetch-Mode': 'navigate', 'Sec-Fetch-Site': 'same-origin', 'Sec-Fetch-User': '?1', 'Priority': 'u=0, i'}
[17:20:57.520] [GENERALFUNCTION 95c] DEBUG OUTGOING post_data_encoded (truncated): 
[17:20:57.538] [SQLiFuzz 95c] Response status: 200
[17:20:57.538] [SQLiFuzz 95c] Response URL: http://localhost:8081/a2_filtered.php?Submit=Submit&id=%291
[17:20:57.538] [SQLiFuzz 95c] Was redirected: False
[17:20:57.538] [SQLiFuzz 95c] Getting response: <!doctype html>
<html>
<body>
<form method="GET">
  <label>User ID: <input type="text" name="id"></label>
  <input type="submit" name="Submit" value="Submit">
</form>
<pre>INPUT REJECTED</pre>
[17:20:58.540] [SQLAnalysis] Read 1 new lines from SQL log file.
[17:20:58.540] [SQLAnalysis] Appended 1 parsed entries.
[17:20:58.540] [SQLAnalysis 95c] Extracted 559 Logs 2026-10-02 21:20:58.540674: [{'timestamp': '2026-10-02 21:20:57,529800', 'level': 'INFO', 'ip': '172.18.0.5', 'port': 60744, 'sql': 'USE db *#*#OK'}]
[17:20:58.540] [SQLAnalysis 95c] Updated param pairs: {'looked_value': ')1'}
[17:20:58.540] [SQLAnalysis 95c] Looked timestamp 2026-10-02 21:20:57.520703 -- 2026-10-02 21:20:57.535739
[17:20:58.545] [SQLAnalysis 95c] query_array to be checked: ['use', 'db']
[17:20:58.545] [SQLAnalysis 95c] normalized_query_array: ['use', 'db']
[17:20:58.545] [SQLiFuzz 95c] No weird chars exist: GET http://localhost:8081/a2_filtered.php | ['[string (False)(None)] Sec-Fetch-Dest=document', '[string (False)(None)] Sec-Fetch-Mode=navigate', '[string (False)(None)] Sec-Fetch-Site=same-origin', '[string (False)(None)] Sec-Fetch-User=?1', '[string (False)(None)] Priority=u=0, i', '[url (False)(None)] path0=a2_filtered.php', '[int (False)(None)] id=)1', '[string (False)(None)] Submit=Submit'] | None
[17:20:58.545] [SQLiFuzz 14a] Getting prepared_target_request with ID 3fc for test_SQLi iteration 26/70
[17:20:58.545] [SQLiFuzz 3fc] chosen_idx: 2 from 8
[17:20:58.545] [HTTPREQUEST 3fc] Getting matched paramval from found values: ['?1', '1']
[17:20:58.545] [HTTPREQUEST 3fc] Found matched paramval: [string (False)(None)] Sec-Fetch-User=?1
[17:20:58.545] [HTTPREQUEST 3fc] Found matched paramval: [int (False)(None)] id=1
[17:20:58.546] [SQLiFuzz 3fc] Prioritize to fuzz matched SQL value first: [int (False)(None)] id=1
[17:20:58.546] [SQLiFuzz 3fc] Mutation applied. old='1' char='@' strategy='tail' new='1@'
[17:20:58.546] [HTTPREQUEST 3fc] Update url and body param from paramvals:
[17:20:58.546] [HTTPREQUEST None] New post_data_encoded: 
[17:20:58.546] [HTTPREQUEST None] New param encoded: Submit=Submit&id=1%40
[17:20:58.546] [GENERALFUNCTION 3fc] ---SENDING THE REQUEST [1790976058-6e621ba1-f46e-4f63-be43-036e9dbff3fc] TO : [GET] http://localhost:8081/a2_filtered.php?Submit=Submit&id=1%40
[17:20:58.546] [GENERALFUNCTION 3fc] Post data encoded: 
[17:20:58.546] [GENERALFUNCTION 3fc] Adjusted Referer to http://localhost:8081/a2_filtered.php
[17:20:58.546] [GENERALFUNCTION 3fc] DEBUG OUTGOING request.full_url: http://localhost:8081/a2_filtered.php?Submit=Submit&id=1%40
[17:20:58.546] [GENERALFUNCTION 3fc] DEBUG OUTGOING headers: {'Host': 'localhost:8081', 'User-Agent': 'Mozilla/5.0 (X11; Ubuntu; Linux x86_64; rv:155.0) Gecko/20100101 Firefox/155.0', 'Accept': 'text/html,application/xhtml+xml,application/xml;q=0.9,*/*;q=0.8', 'Accept-Language': 'en-US,en;q=0.9', 'Accept-Encoding': 'gzip, deflate, br, zstd', 'Connection': 'keep-alive', 'Referer': 'http://localhost:8081/a2_filtered.php', 'Cookie': 'PHPSESSID=a7bfad51c20e216fb745b230a7da5e5b; security=impossible', 'Upgrade-Insecure-Requests': '1', 'Sec-Fetch-Dest': 'document', 'Sec-Fetch-Mode': 'navigate', 'Sec-Fetch-Site': 'same-origin', 'Sec-Fetch-User': '?1', 'Priority': 'u=0, i'}
[17:20:58.547] [GENERALFUNCTION 3fc] DEBUG OUTGOING post_data_encoded (truncated): 
[17:20:58.569] [SQLiFuzz 3fc] Response status: 200
[17:20:58.569] [SQLiFuzz 3fc] Response URL: http://localhost:8081/a2_filtered.php?Submit=Submit&id=1%40
[17:20:58.569] [SQLiFuzz 3fc] Was redirected: False
[17:20:58.569] [SQLiFuzz 3fc] Getting response: <!doctype html>
<html>
<body>
<form method="GET">
  <label>User ID: <input type="text" name="id"></label>
  <input type="submit" name="Submit" value="Submit">
</form>
<pre>INPUT REJECTED</pre>
[17:20:59.570] [SQLAnalysis] Read 1 new lines from SQL log file.
[17:20:59.570] [SQLAnalysis] Appended 1 parsed entries.
[17:20:59.570] [SQLAnalysis 3fc] Extracted 560 Logs 2026-10-02 21:20:59.570639: [{'timestamp': '2026-10-02 21:20:58,558627', 'level': 'INFO', 'ip': '172.18.0.5', 'port': 60760, 'sql': 'USE db *#*#OK'}]
[17:20:59.570] [SQLAnalysis 3fc] Updated param pairs: {'looked_value': '1@'}
[17:20:59.570] [SQLAnalysis 3fc] Looked timestamp 2026-10-02 21:20:58.547070 -- 2026-10-02 21:20:58.565641
[17:20:59.578] [SQLAnalysis 3fc] query_array to be checked: ['use', 'db']
[17:20:59.578] [SQLAnalysis 3fc] normalized_query_array: ['use', 'db']
[17:20:59.578] [SQLiFuzz 3fc] No weird chars exist: GET http://localhost:8081/a2_filtered.php | ['[string (False)(None)] Sec-Fetch-Dest=document', '[string (False)(None)] Sec-Fetch-Mode=navigate', '[string (False)(None)] Sec-Fetch-Site=same-origin', '[string (False)(None)] Sec-Fetch-User=?1', '[string (False)(None)] Priority=u=0, i', '[url (False)(None)] path0=a2_filtered.php', '[int (False)(None)] id=1@', '[string (False)(None)] Submit=Submit'] | None
[17:20:59.578] [SQLiFuzz 14a] Getting prepared_target_request with ID c1f for test_SQLi iteration 27/70
[17:20:59.578] [SQLiFuzz c1f] chosen_idx: 3 from 8
[17:20:59.578] [HTTPREQUEST c1f] Getting matched paramval from found values: ['?1', '1']
[17:20:59.579] [HTTPREQUEST c1f] Found matched paramval: [string (False)(None)] Sec-Fetch-User=?1
[17:20:59.579] [HTTPREQUEST c1f] Found matched paramval: [int (False)(None)] id=1
[17:20:59.579] [SQLiFuzz c1f] Prioritize to fuzz matched SQL value first: [int (False)(None)] id=1
[17:20:59.579] [SQLiFuzz c1f] Mutation applied. old='1' char='|' strategy='random' new='1|'
[17:20:59.579] [HTTPREQUEST c1f] Update url and body param from paramvals:
[17:20:59.579] [HTTPREQUEST None] New post_data_encoded: 
[17:20:59.579] [HTTPREQUEST None] New param encoded: Submit=Submit&id=1%7C
[17:20:59.579] [GENERALFUNCTION c1f] ---SENDING THE REQUEST [1790976059-7ca1b9a2-6c22-4476-9782-6d6402389c1f] TO : [GET] http://localhost:8081/a2_filtered.php?Submit=Submit&id=1%7C
[17:20:59.579] [GENERALFUNCTION c1f] Post data encoded: 
[17:20:59.579] [GENERALFUNCTION c1f] Adjusted Referer to http://localhost:8081/a2_filtered.php
[17:20:59.579] [GENERALFUNCTION c1f] DEBUG OUTGOING request.full_url: http://localhost:8081/a2_filtered.php?Submit=Submit&id=1%7C
[17:20:59.579] [GENERALFUNCTION c1f] DEBUG OUTGOING headers: {'Host': 'localhost:8081', 'User-Agent': 'Mozilla/5.0 (X11; Ubuntu; Linux x86_64; rv:155.0) Gecko/20100101 Firefox/155.0', 'Accept': 'text/html,application/xhtml+xml,application/xml;q=0.9,*/*;q=0.8', 'Accept-Language': 'en-US,en;q=0.9', 'Accept-Encoding': 'gzip, deflate, br, zstd', 'Connection': 'keep-alive', 'Referer': 'http://localhost:8081/a2_filtered.php', 'Cookie': 'PHPSESSID=a7bfad51c20e216fb745b230a7da5e5b; security=impossible', 'Upgrade-Insecure-Requests': '1', 'Sec-Fetch-Dest': 'document', 'Sec-Fetch-Mode': 'navigate', 'Sec-Fetch-Site': 'same-origin', 'Sec-Fetch-User': '?1', 'Priority': 'u=0, i'}
[17:20:59.579] [GENERALFUNCTION c1f] DEBUG OUTGOING post_data_encoded (truncated): 
[17:20:59.602] [SQLiFuzz c1f] Response status: 200
[17:20:59.602] [SQLiFuzz c1f] Response URL: http://localhost:8081/a2_filtered.php?Submit=Submit&id=1%7C
[17:20:59.602] [SQLiFuzz c1f] Was redirected: False
[17:20:59.602] [SQLiFuzz c1f] Getting response: <!doctype html>
<html>
<body>
<form method="GET">
  <label>User ID: <input type="text" name="id"></label>
  <input type="submit" name="Submit" value="Submit">
</form>
<pre>INPUT REJECTED</pre>
[17:21:00.603] [SQLAnalysis] Read 1 new lines from SQL log file.
[17:21:00.603] [SQLAnalysis] Appended 1 parsed entries.
[17:21:00.604] [SQLAnalysis c1f] Extracted 561 Logs 2026-10-02 21:21:00.604043: [{'timestamp': '2026-10-02 21:20:59,593760', 'level': 'INFO', 'ip': '172.18.0.5', 'port': 60782, 'sql': 'USE db *#*#OK'}]
[17:21:00.604] [SQLAnalysis c1f] Updated param pairs: {'looked_value': '1|'}
[17:21:00.604] [SQLAnalysis c1f] Looked timestamp 2026-10-02 21:20:59.580003 -- 2026-10-02 21:20:59.599581
[17:21:00.611] [SQLAnalysis c1f] query_array to be checked: ['use', 'db']
[17:21:00.611] [SQLAnalysis c1f] normalized_query_array: ['use', 'db']
[17:21:00.611] [SQLiFuzz c1f] No weird chars exist: GET http://localhost:8081/a2_filtered.php | ['[string (False)(None)] Sec-Fetch-Dest=document', '[string (False)(None)] Sec-Fetch-Mode=navigate', '[string (False)(None)] Sec-Fetch-Site=same-origin', '[string (False)(None)] Sec-Fetch-User=?1', '[string (False)(None)] Priority=u=0, i', '[url (False)(None)] path0=a2_filtered.php', '[int (False)(None)] id=1|', '[string (False)(None)] Submit=Submit'] | None
[17:21:00.612] [SQLiFuzz 14a] Getting prepared_target_request with ID 058 for test_SQLi iteration 28/70
[17:21:00.612] [SQLiFuzz 058] chosen_idx: 6 from 8
[17:21:00.612] [HTTPREQUEST 058] Getting matched paramval from found values: ['?1', '1']
[17:21:00.612] [HTTPREQUEST 058] Found matched paramval: [string (False)(None)] Sec-Fetch-User=?1
[17:21:00.612] [HTTPREQUEST 058] Found matched paramval: [int (False)(None)] id=1
[17:21:00.612] [SQLiFuzz 058] Prioritize to fuzz matched SQL value first: [int (False)(None)] id=1
[17:21:00.612] [SQLiFuzz 058] Mutation applied. old='1' char=';' strategy='front' new=';1'
[17:21:00.612] [HTTPREQUEST 058] Update url and body param from paramvals:
[17:21:00.612] [HTTPREQUEST None] New post_data_encoded: 
[17:21:00.613] [HTTPREQUEST None] New param encoded: Submit=Submit&id=%3B1
[17:21:00.613] [GENERALFUNCTION 058] ---SENDING THE REQUEST [1790976060-b00cb84c-8de9-48a4-96cd-8ef106812058] TO : [GET] http://localhost:8081/a2_filtered.php?Submit=Submit&id=%3B1
[17:21:00.613] [GENERALFUNCTION 058] Post data encoded: 
[17:21:00.613] [GENERALFUNCTION 058] Adjusted Referer to http://localhost:8081/a2_filtered.php
[17:21:00.613] [GENERALFUNCTION 058] DEBUG OUTGOING request.full_url: http://localhost:8081/a2_filtered.php?Submit=Submit&id=%3B1
[17:21:00.613] [GENERALFUNCTION 058] DEBUG OUTGOING headers: {'Host': 'localhost:8081', 'User-Agent': 'Mozilla/5.0 (X11; Ubuntu; Linux x86_64; rv:155.0) Gecko/20100101 Firefox/155.0', 'Accept': 'text/html,application/xhtml+xml,application/xml;q=0.9,*/*;q=0.8', 'Accept-Language': 'en-US,en;q=0.9', 'Accept-Encoding': 'gzip, deflate, br, zstd', 'Connection': 'keep-alive', 'Referer': 'http://localhost:8081/a2_filtered.php', 'Cookie': 'PHPSESSID=a7bfad51c20e216fb745b230a7da5e5b; security=impossible', 'Upgrade-Insecure-Requests': '1', 'Sec-Fetch-Dest': 'document', 'Sec-Fetch-Mode': 'navigate', 'Sec-Fetch-Site': 'same-origin', 'Sec-Fetch-User': '?1', 'Priority': 'u=0, i'}
[17:21:00.613] [GENERALFUNCTION 058] DEBUG OUTGOING post_data_encoded (truncated): 
[17:21:00.635] [SQLiFuzz 058] Response status: 200
[17:21:00.635] [SQLiFuzz 058] Response URL: http://localhost:8081/a2_filtered.php?Submit=Submit&id=%3B1
[17:21:00.635] [SQLiFuzz 058] Was redirected: False
[17:21:00.635] [SQLiFuzz 058] Getting response: <!doctype html>
<html>
<body>
<form method="GET">
  <label>User ID: <input type="text" name="id"></label>
  <input type="submit" name="Submit" value="Submit">
</form>
<pre>INPUT REJECTED</pre>
[17:21:01.636] [SQLAnalysis] Read 1 new lines from SQL log file.
[17:21:01.636] [SQLAnalysis] Appended 1 parsed entries.
[17:21:01.636] [SQLAnalysis 058] Extracted 562 Logs 2026-10-02 21:21:01.636730: [{'timestamp': '2026-10-02 21:21:00,624326', 'level': 'INFO', 'ip': '172.18.0.5', 'port': 60800, 'sql': 'USE db *#*#OK'}]
[17:21:01.636] [SQLAnalysis 058] Updated param pairs: {'looked_value': ';1'}
[17:21:01.636] [SQLAnalysis 058] Looked timestamp 2026-10-02 21:21:00.613713 -- 2026-10-02 21:21:00.631029
[17:21:01.641] [SQLAnalysis 058] query_array to be checked: ['use', 'db']
[17:21:01.641] [SQLAnalysis 058] normalized_query_array: ['use', 'db']
[17:21:01.641] [SQLiFuzz 058] No weird chars exist: GET http://localhost:8081/a2_filtered.php | ['[string (False)(None)] Sec-Fetch-Dest=document', '[string (False)(None)] Sec-Fetch-Mode=navigate', '[string (False)(None)] Sec-Fetch-Site=same-origin', '[string (False)(None)] Sec-Fetch-User=?1', '[string (False)(None)] Priority=u=0, i', '[url (False)(None)] path0=a2_filtered.php', '[int (False)(None)] id=;1', '[string (False)(None)] Submit=Submit'] | None
[17:21:01.641] [SQLiFuzz 14a] Getting prepared_target_request with ID 986 for test_SQLi iteration 29/70
[17:21:01.641] [SQLiFuzz 986] chosen_idx: 5 from 8
[17:21:01.641] [HTTPREQUEST 986] Getting matched paramval from found values: ['?1', '1']
[17:21:01.641] [HTTPREQUEST 986] Found matched paramval: [string (False)(None)] Sec-Fetch-User=?1
[17:21:01.641] [HTTPREQUEST 986] Found matched paramval: [int (False)(None)] id=1
[17:21:01.641] [SQLiFuzz 986] Prioritize to fuzz matched SQL value first: [int (False)(None)] id=1
[17:21:01.641] [SQLiFuzz 986] Mutation applied. old='1' char='}' strategy='drop' new='}'
[17:21:01.641] [HTTPREQUEST 986] Update url and body param from paramvals:
[17:21:01.641] [HTTPREQUEST None] New post_data_encoded: 
[17:21:01.641] [HTTPREQUEST None] New param encoded: Submit=Submit&id=%7D
[17:21:01.642] [GENERALFUNCTION 986] ---SENDING THE REQUEST [1790976061-a3fe2931-8ca3-45aa-9eae-941b1dfd2986] TO : [GET] http://localhost:8081/a2_filtered.php?Submit=Submit&id=%7D
[17:21:01.642] [GENERALFUNCTION 986] Post data encoded: 
[17:21:01.642] [GENERALFUNCTION 986] Adjusted Referer to http://localhost:8081/a2_filtered.php
[17:21:01.642] [GENERALFUNCTION 986] DEBUG OUTGOING request.full_url: http://localhost:8081/a2_filtered.php?Submit=Submit&id=%7D
[17:21:01.642] [GENERALFUNCTION 986] DEBUG OUTGOING headers: {'Host': 'localhost:8081', 'User-Agent': 'Mozilla/5.0 (X11; Ubuntu; Linux x86_64; rv:155.0) Gecko/20100101 Firefox/155.0', 'Accept': 'text/html,application/xhtml+xml,application/xml;q=0.9,*/*;q=0.8', 'Accept-Language': 'en-US,en;q=0.9', 'Accept-Encoding': 'gzip, deflate, br, zstd', 'Connection': 'keep-alive', 'Referer': 'http://localhost:8081/a2_filtered.php', 'Cookie': 'PHPSESSID=a7bfad51c20e216fb745b230a7da5e5b; security=impossible', 'Upgrade-Insecure-Requests': '1', 'Sec-Fetch-Dest': 'document', 'Sec-Fetch-Mode': 'navigate', 'Sec-Fetch-Site': 'same-origin', 'Sec-Fetch-User': '?1', 'Priority': 'u=0, i'}
[17:21:01.642] [GENERALFUNCTION 986] DEBUG OUTGOING post_data_encoded (truncated): 
[17:21:01.664] [SQLiFuzz 986] Response status: 200
[17:21:01.664] [SQLiFuzz 986] Response URL: http://localhost:8081/a2_filtered.php?Submit=Submit&id=%7D
[17:21:01.664] [SQLiFuzz 986] Was redirected: False
[17:21:01.664] [SQLiFuzz 986] Getting response: <!doctype html>
<html>
<body>
<form method="GET">
  <label>User ID: <input type="text" name="id"></label>
  <input type="submit" name="Submit" value="Submit">
</form>
<pre>INPUT REJECTED</pre>
[17:21:02.665] [SQLAnalysis] Read 1 new lines from SQL log file.
[17:21:02.665] [SQLAnalysis] Appended 1 parsed entries.
[17:21:02.665] [SQLAnalysis 986] Extracted 563 Logs 2026-10-02 21:21:02.665532: [{'timestamp': '2026-10-02 21:21:01,653266', 'level': 'INFO', 'ip': '172.18.0.5', 'port': 60820, 'sql': 'USE db *#*#OK'}]
[17:21:02.665] [SQLAnalysis 986] Updated param pairs: {'looked_value': '}'}
[17:21:02.665] [SQLAnalysis 986] Looked timestamp 2026-10-02 21:21:01.642360 -- 2026-10-02 21:21:01.660765
[17:21:02.671] [SQLAnalysis 986] query_array to be checked: ['use', 'db']
[17:21:02.671] [SQLAnalysis 986] normalized_query_array: ['use', 'db']
[17:21:02.671] [SQLiFuzz 986] No weird chars exist: GET http://localhost:8081/a2_filtered.php | ['[string (False)(None)] Sec-Fetch-Dest=document', '[string (False)(None)] Sec-Fetch-Mode=navigate', '[string (False)(None)] Sec-Fetch-Site=same-origin', '[string (False)(None)] Sec-Fetch-User=?1', '[string (False)(None)] Priority=u=0, i', '[url (False)(None)] path0=a2_filtered.php', '[int (False)(None)] id=}', '[string (False)(None)] Submit=Submit'] | None
[17:21:02.672] [SQLiFuzz 14a] Getting prepared_target_request with ID ce2 for test_SQLi iteration 30/70
[17:21:02.672] [SQLiFuzz ce2] chosen_idx: 6 from 8
[17:21:02.673] [HTTPREQUEST ce2] Getting matched paramval from found values: ['?1', '1']
[17:21:02.673] [HTTPREQUEST ce2] Found matched paramval: [string (False)(None)] Sec-Fetch-User=?1
[17:21:02.673] [HTTPREQUEST ce2] Found matched paramval: [int (False)(None)] id=1
[17:21:02.673] [SQLiFuzz ce2] Prioritize to fuzz matched SQL value first: [int (False)(None)] id=1
[17:21:02.673] [SQLiFuzz ce2] Mutation applied. old='1' char='!' strategy='tail' new='1!'
[17:21:02.673] [HTTPREQUEST ce2] Update url and body param from paramvals:
[17:21:02.673] [HTTPREQUEST None] New post_data_encoded: 
[17:21:02.673] [HTTPREQUEST None] New param encoded: Submit=Submit&id=1%21
[17:21:02.673] [GENERALFUNCTION ce2] ---SENDING THE REQUEST [1790976062-94678cfb-82ca-4b6a-8bdd-5dcc3e9dfce2] TO : [GET] http://localhost:8081/a2_filtered.php?Submit=Submit&id=1%21
[17:21:02.673] [GENERALFUNCTION ce2] Post data encoded: 
[17:21:02.673] [GENERALFUNCTION ce2] Adjusted Referer to http://localhost:8081/a2_filtered.php
[17:21:02.674] [GENERALFUNCTION ce2] DEBUG OUTGOING request.full_url: http://localhost:8081/a2_filtered.php?Submit=Submit&id=1%21
[17:21:02.674] [GENERALFUNCTION ce2] DEBUG OUTGOING headers: {'Host': 'localhost:8081', 'User-Agent': 'Mozilla/5.0 (X11; Ubuntu; Linux x86_64; rv:155.0) Gecko/20100101 Firefox/155.0', 'Accept': 'text/html,application/xhtml+xml,application/xml;q=0.9,*/*;q=0.8', 'Accept-Language': 'en-US,en;q=0.9', 'Accept-Encoding': 'gzip, deflate, br, zstd', 'Connection': 'keep-alive', 'Referer': 'http://localhost:8081/a2_filtered.php', 'Cookie': 'PHPSESSID=a7bfad51c20e216fb745b230a7da5e5b; security=impossible', 'Upgrade-Insecure-Requests': '1', 'Sec-Fetch-Dest': 'document', 'Sec-Fetch-Mode': 'navigate', 'Sec-Fetch-Site': 'same-origin', 'Sec-Fetch-User': '?1', 'Priority': 'u=0, i'}
[17:21:02.674] [GENERALFUNCTION ce2] DEBUG OUTGOING post_data_encoded (truncated): 
[17:21:02.696] [SQLiFuzz ce2] Response status: 200
[17:21:02.696] [SQLiFuzz ce2] Response URL: http://localhost:8081/a2_filtered.php?Submit=Submit&id=1%21
[17:21:02.697] [SQLiFuzz ce2] Was redirected: False
[17:21:02.697] [SQLiFuzz ce2] Getting response: <!doctype html>
<html>
<body>
<form method="GET">
  <label>User ID: <input type="text" name="id"></label>
  <input type="submit" name="Submit" value="Submit">
</form>
<pre>INPUT REJECTED</pre>
[17:21:03.697] [SQLAnalysis] Read 1 new lines from SQL log file.
[17:21:03.697] [SQLAnalysis] Appended 1 parsed entries.
[17:21:03.698] [SQLAnalysis ce2] Extracted 564 Logs 2026-10-02 21:21:03.697974: [{'timestamp': '2026-10-02 21:21:02,685615', 'level': 'INFO', 'ip': '172.18.0.5', 'port': 34310, 'sql': 'USE db *#*#OK'}]
[17:21:03.698] [SQLAnalysis ce2] Updated param pairs: {'looked_value': '1!'}
[17:21:03.698] [SQLAnalysis ce2] Looked timestamp 2026-10-02 21:21:02.674163 -- 2026-10-02 21:21:02.692345
[17:21:03.707] [SQLAnalysis ce2] query_array to be checked: ['use', 'db']
[17:21:03.708] [SQLAnalysis ce2] normalized_query_array: ['use', 'db']
[17:21:03.708] [SQLiFuzz ce2] No weird chars exist: GET http://localhost:8081/a2_filtered.php | ['[string (False)(None)] Sec-Fetch-Dest=document', '[string (False)(None)] Sec-Fetch-Mode=navigate', '[string (False)(None)] Sec-Fetch-Site=same-origin', '[string (False)(None)] Sec-Fetch-User=?1', '[string (False)(None)] Priority=u=0, i', '[url (False)(None)] path0=a2_filtered.php', '[int (False)(None)] id=1!', '[string (False)(None)] Submit=Submit'] | None
[17:21:03.708] [SQLiFuzz 14a] Getting prepared_target_request with ID eed for test_SQLi iteration 31/70
[17:21:03.708] [SQLiFuzz eed] chosen_idx: 4 from 8
[17:21:03.708] [HTTPREQUEST eed] Getting matched paramval from found values: ['?1', '1']
[17:21:03.708] [HTTPREQUEST eed] Found matched paramval: [string (False)(None)] Sec-Fetch-User=?1
[17:21:03.708] [HTTPREQUEST eed] Found matched paramval: [int (False)(None)] id=1
[17:21:03.708] [SQLiFuzz eed] Prioritize to fuzz matched SQL value first: [int (False)(None)] id=1
[17:21:03.709] [SQLiFuzz eed] Mutation applied. old='1' char='&' strategy='tail' new='1&'
[17:21:03.709] [HTTPREQUEST eed] Update url and body param from paramvals:
[17:21:03.709] [HTTPREQUEST None] New post_data_encoded: 
[17:21:03.709] [HTTPREQUEST None] New param encoded: Submit=Submit&id=1%26
[17:21:03.709] [GENERALFUNCTION eed] ---SENDING THE REQUEST [1790976063-b0018f6d-eb45-4dd3-95b2-6304751d0eed] TO : [GET] http://localhost:8081/a2_filtered.php?Submit=Submit&id=1%26
[17:21:03.709] [GENERALFUNCTION eed] Post data encoded: 
[17:21:03.709] [GENERALFUNCTION eed] Adjusted Referer to http://localhost:8081/a2_filtered.php
[17:21:03.709] [GENERALFUNCTION eed] DEBUG OUTGOING request.full_url: http://localhost:8081/a2_filtered.php?Submit=Submit&id=1%26
[17:21:03.709] [GENERALFUNCTION eed] DEBUG OUTGOING headers: {'Host': 'localhost:8081', 'User-Agent': 'Mozilla/5.0 (X11; Ubuntu; Linux x86_64; rv:155.0) Gecko/20100101 Firefox/155.0', 'Accept': 'text/html,application/xhtml+xml,application/xml;q=0.9,*/*;q=0.8', 'Accept-Language': 'en-US,en;q=0.9', 'Accept-Encoding': 'gzip, deflate, br, zstd', 'Connection': 'keep-alive', 'Referer': 'http://localhost:8081/a2_filtered.php', 'Cookie': 'PHPSESSID=a7bfad51c20e216fb745b230a7da5e5b; security=impossible', 'Upgrade-Insecure-Requests': '1', 'Sec-Fetch-Dest': 'document', 'Sec-Fetch-Mode': 'navigate', 'Sec-Fetch-Site': 'same-origin', 'Sec-Fetch-User': '?1', 'Priority': 'u=0, i'}
[17:21:03.709] [GENERALFUNCTION eed] DEBUG OUTGOING post_data_encoded (truncated): 
[17:21:03.732] [SQLiFuzz eed] Response status: 200
[17:21:03.732] [SQLiFuzz eed] Response URL: http://localhost:8081/a2_filtered.php?Submit=Submit&id=1%26
[17:21:03.732] [SQLiFuzz eed] Was redirected: False
[17:21:03.732] [SQLiFuzz eed] Getting response: <!doctype html>
<html>
<body>
<form method="GET">
  <label>User ID: <input type="text" name="id"></label>
  <input type="submit" name="Submit" value="Submit">
</form>
<pre>INPUT REJECTED</pre>
[17:21:04.733] [SQLAnalysis] Read 1 new lines from SQL log file.
[17:21:04.733] [SQLAnalysis] Appended 1 parsed entries.
[17:21:04.733] [SQLAnalysis eed] Extracted 565 Logs 2026-10-02 21:21:04.733736: [{'timestamp': '2026-10-02 21:21:03,722023', 'level': 'INFO', 'ip': '172.18.0.5', 'port': 34330, 'sql': 'USE db *#*#OK'}]
[17:21:04.734] [SQLAnalysis eed] Updated param pairs: {'looked_value': '1&'}
[17:21:04.734] [SQLAnalysis eed] Looked timestamp 2026-10-02 21:21:03.709822 -- 2026-10-02 21:21:03.729464
[17:21:04.741] [SQLAnalysis eed] query_array to be checked: ['use', 'db']
[17:21:04.742] [SQLAnalysis eed] normalized_query_array: ['use', 'db']
[17:21:04.742] [SQLiFuzz eed] No weird chars exist: GET http://localhost:8081/a2_filtered.php | ['[string (False)(None)] Sec-Fetch-Dest=document', '[string (False)(None)] Sec-Fetch-Mode=navigate', '[string (False)(None)] Sec-Fetch-Site=same-origin', '[string (False)(None)] Sec-Fetch-User=?1', '[string (False)(None)] Priority=u=0, i', '[url (False)(None)] path0=a2_filtered.php', '[int (False)(None)] id=1&', '[string (False)(None)] Submit=Submit'] | None
[17:21:04.742] [SQLiFuzz 14a] Getting prepared_target_request with ID 1c7 for test_SQLi iteration 32/70
[17:21:04.742] [SQLiFuzz 1c7] chosen_idx: 5 from 8
[17:21:04.742] [HTTPREQUEST 1c7] Getting matched paramval from found values: ['?1', '1']
[17:21:04.742] [HTTPREQUEST 1c7] Found matched paramval: [string (False)(None)] Sec-Fetch-User=?1
[17:21:04.742] [HTTPREQUEST 1c7] Found matched paramval: [int (False)(None)] id=1
[17:21:04.743] [SQLiFuzz 1c7] Prioritize to fuzz matched SQL value first: [int (False)(None)] id=1
[17:21:04.743] [SQLiFuzz 1c7] Mutation applied. old='1' char='-' strategy='front' new='-1'
[17:21:04.743] [HTTPREQUEST 1c7] Update url and body param from paramvals:
[17:21:04.743] [HTTPREQUEST None] New post_data_encoded: 
[17:21:04.743] [HTTPREQUEST None] New param encoded: Submit=Submit&id=-1
[17:21:04.743] [GENERALFUNCTION 1c7] ---SENDING THE REQUEST [1790976064-80bc17e5-5eb0-4439-b942-b3a4f73101c7] TO : [GET] http://localhost:8081/a2_filtered.php?Submit=Submit&id=-1
[17:21:04.743] [GENERALFUNCTION 1c7] Post data encoded: 
[17:21:04.743] [GENERALFUNCTION 1c7] Adjusted Referer to http://localhost:8081/a2_filtered.php
[17:21:04.743] [GENERALFUNCTION 1c7] DEBUG OUTGOING request.full_url: http://localhost:8081/a2_filtered.php?Submit=Submit&id=-1
[17:21:04.743] [GENERALFUNCTION 1c7] DEBUG OUTGOING headers: {'Host': 'localhost:8081', 'User-Agent': 'Mozilla/5.0 (X11; Ubuntu; Linux x86_64; rv:155.0) Gecko/20100101 Firefox/155.0', 'Accept': 'text/html,application/xhtml+xml,application/xml;q=0.9,*/*;q=0.8', 'Accept-Language': 'en-US,en;q=0.9', 'Accept-Encoding': 'gzip, deflate, br, zstd', 'Connection': 'keep-alive', 'Referer': 'http://localhost:8081/a2_filtered.php', 'Cookie': 'PHPSESSID=a7bfad51c20e216fb745b230a7da5e5b; security=impossible', 'Upgrade-Insecure-Requests': '1', 'Sec-Fetch-Dest': 'document', 'Sec-Fetch-Mode': 'navigate', 'Sec-Fetch-Site': 'same-origin', 'Sec-Fetch-User': '?1', 'Priority': 'u=0, i'}
[17:21:04.743] [GENERALFUNCTION 1c7] DEBUG OUTGOING post_data_encoded (truncated): 
[17:21:04.767] [SQLiFuzz 1c7] Response status: 200
[17:21:04.767] [SQLiFuzz 1c7] Response URL: http://localhost:8081/a2_filtered.php?Submit=Submit&id=-1
[17:21:04.767] [SQLiFuzz 1c7] Was redirected: False
[17:21:04.767] [SQLiFuzz 1c7] Getting response: <!doctype html>
<html>
<body>
<form method="GET">
  <label>User ID: <input type="text" name="id"></label>
  <input type="submit" name="Submit" value="Submit">
</form>
<pre>INPUT REJECTED</pre>
[17:21:05.768] [SQLAnalysis] Read 1 new lines from SQL log file.
[17:21:05.768] [SQLAnalysis] Appended 1 parsed entries.
[17:21:05.768] [SQLAnalysis 1c7] Extracted 566 Logs 2026-10-02 21:21:05.768399: [{'timestamp': '2026-10-02 21:21:04,757272', 'level': 'INFO', 'ip': '172.18.0.5', 'port': 34348, 'sql': 'USE db *#*#OK'}]
[17:21:05.768] [SQLAnalysis 1c7] Updated param pairs: {'looked_value': '-1'}
[17:21:05.768] [SQLAnalysis 1c7] Looked timestamp 2026-10-02 21:21:04.744041 -- 2026-10-02 21:21:04.764091
[17:21:05.772] [SQLAnalysis 1c7] query_array to be checked: ['use', 'db']
[17:21:05.772] [SQLAnalysis 1c7] normalized_query_array: ['use', 'db']
[17:21:05.772] [SQLiFuzz 1c7] No weird chars exist: GET http://localhost:8081/a2_filtered.php | ['[string (False)(None)] Sec-Fetch-Dest=document', '[string (False)(None)] Sec-Fetch-Mode=navigate', '[string (False)(None)] Sec-Fetch-Site=same-origin', '[string (False)(None)] Sec-Fetch-User=?1', '[string (False)(None)] Priority=u=0, i', '[url (False)(None)] path0=a2_filtered.php', '[int (False)(None)] id=-1', '[string (False)(None)] Submit=Submit'] | None
[17:21:05.772] [SQLiFuzz 14a] Getting prepared_target_request with ID 3fd for test_SQLi iteration 33/70
[17:21:05.772] [SQLiFuzz 3fd] chosen_idx: 0 from 8
[17:21:05.773] [HTTPREQUEST 3fd] Getting matched paramval from found values: ['?1', '1']
[17:21:05.773] [HTTPREQUEST 3fd] Found matched paramval: [string (False)(None)] Sec-Fetch-User=?1
[17:21:05.773] [HTTPREQUEST 3fd] Found matched paramval: [int (False)(None)] id=1
[17:21:05.773] [SQLiFuzz 3fd] Prioritize to fuzz matched SQL value first: [int (False)(None)] id=1
[17:21:05.773] [SQLiFuzz 3fd] Mutation applied. old='1' char='+' strategy='drop' new='+'
[17:21:05.773] [HTTPREQUEST 3fd] Update url and body param from paramvals:
[17:21:05.773] [HTTPREQUEST None] New post_data_encoded: 
[17:21:05.773] [HTTPREQUEST None] New param encoded: Submit=Submit&id=%2B
[17:21:05.773] [GENERALFUNCTION 3fd] ---SENDING THE REQUEST [1790976065-3bbebc59-8370-4e6a-a793-6d33108b93fd] TO : [GET] http://localhost:8081/a2_filtered.php?Submit=Submit&id=%2B
[17:21:05.773] [GENERALFUNCTION 3fd] Post data encoded: 
[17:21:05.773] [GENERALFUNCTION 3fd] Adjusted Referer to http://localhost:8081/a2_filtered.php
[17:21:05.773] [GENERALFUNCTION 3fd] DEBUG OUTGOING request.full_url: http://localhost:8081/a2_filtered.php?Submit=Submit&id=%2B
[17:21:05.773] [GENERALFUNCTION 3fd] DEBUG OUTGOING headers: {'Host': 'localhost:8081', 'User-Agent': 'Mozilla/5.0 (X11; Ubuntu; Linux x86_64; rv:155.0) Gecko/20100101 Firefox/155.0', 'Accept': 'text/html,application/xhtml+xml,application/xml;q=0.9,*/*;q=0.8', 'Accept-Language': 'en-US,en;q=0.9', 'Accept-Encoding': 'gzip, deflate, br, zstd', 'Connection': 'keep-alive', 'Referer': 'http://localhost:8081/a2_filtered.php', 'Cookie': 'PHPSESSID=a7bfad51c20e216fb745b230a7da5e5b; security=impossible', 'Upgrade-Insecure-Requests': '1', 'Sec-Fetch-Dest': 'document', 'Sec-Fetch-Mode': 'navigate', 'Sec-Fetch-Site': 'same-origin', 'Sec-Fetch-User': '?1', 'Priority': 'u=0, i'}
[17:21:05.773] [GENERALFUNCTION 3fd] DEBUG OUTGOING post_data_encoded (truncated): 
[17:21:05.795] [SQLiFuzz 3fd] Response status: 200
[17:21:05.796] [SQLiFuzz 3fd] Response URL: http://localhost:8081/a2_filtered.php?Submit=Submit&id=%2B
[17:21:05.796] [SQLiFuzz 3fd] Was redirected: False
[17:21:05.796] [SQLiFuzz 3fd] Getting response: <!doctype html>
<html>
<body>
<form method="GET">
  <label>User ID: <input type="text" name="id"></label>
  <input type="submit" name="Submit" value="Submit">
</form>
<pre>INPUT REJECTED</pre>
[17:21:06.796] [SQLAnalysis] Read 1 new lines from SQL log file.
[17:21:06.796] [SQLAnalysis] Appended 1 parsed entries.
[17:21:06.796] [SQLAnalysis 3fd] Extracted 567 Logs 2026-10-02 21:21:06.796819: [{'timestamp': '2026-10-02 21:21:05,785702', 'level': 'INFO', 'ip': '172.18.0.5', 'port': 34358, 'sql': 'USE db *#*#OK'}]
[17:21:06.796] [SQLAnalysis 3fd] Updated param pairs: {'looked_value': '+'}
[17:21:06.797] [SQLAnalysis 3fd] Looked timestamp 2026-10-02 21:21:05.773864 -- 2026-10-02 21:21:05.792510
[17:21:06.800] [SQLAnalysis 3fd] query_array to be checked: ['use', 'db']
[17:21:06.800] [SQLAnalysis 3fd] normalized_query_array: ['use', 'db']
[17:21:06.800] [SQLiFuzz 3fd] No weird chars exist: GET http://localhost:8081/a2_filtered.php | ['[string (False)(None)] Sec-Fetch-Dest=document', '[string (False)(None)] Sec-Fetch-Mode=navigate', '[string (False)(None)] Sec-Fetch-Site=same-origin', '[string (False)(None)] Sec-Fetch-User=?1', '[string (False)(None)] Priority=u=0, i', '[url (False)(None)] path0=a2_filtered.php', '[int (False)(None)] id=+', '[string (False)(None)] Submit=Submit'] | None
[17:21:06.801] [SQLiFuzz 14a] Getting prepared_target_request with ID 91e for test_SQLi iteration 34/70
[17:21:06.801] [SQLiFuzz 91e] chosen_idx: 4 from 8
[17:21:06.802] [HTTPREQUEST 91e] Getting matched paramval from found values: ['?1', '1']
[17:21:06.802] [HTTPREQUEST 91e] Found matched paramval: [string (False)(None)] Sec-Fetch-User=?1
[17:21:06.802] [HTTPREQUEST 91e] Found matched paramval: [int (False)(None)] id=1
[17:21:06.802] [SQLiFuzz 91e] Prioritize to fuzz matched SQL value first: [int (False)(None)] id=1
[17:21:06.802] [SQLiFuzz 91e] Mutation applied. old='1' char='_' strategy='drop' new='_'
[17:21:06.802] [HTTPREQUEST 91e] Update url and body param from paramvals:
[17:21:06.802] [HTTPREQUEST None] New post_data_encoded: 
[17:21:06.802] [HTTPREQUEST None] New param encoded: Submit=Submit&id=_
[17:21:06.802] [GENERALFUNCTION 91e] ---SENDING THE REQUEST [1790976066-4216de11-ec52-4098-81d4-e408f680791e] TO : [GET] http://localhost:8081/a2_filtered.php?Submit=Submit&id=_
[17:21:06.802] [GENERALFUNCTION 91e] Post data encoded: 
[17:21:06.802] [GENERALFUNCTION 91e] Adjusted Referer to http://localhost:8081/a2_filtered.php
[17:21:06.802] [GENERALFUNCTION 91e] DEBUG OUTGOING request.full_url: http://localhost:8081/a2_filtered.php?Submit=Submit&id=_
[17:21:06.802] [GENERALFUNCTION 91e] DEBUG OUTGOING headers: {'Host': 'localhost:8081', 'User-Agent': 'Mozilla/5.0 (X11; Ubuntu; Linux x86_64; rv:155.0) Gecko/20100101 Firefox/155.0', 'Accept': 'text/html,application/xhtml+xml,application/xml;q=0.9,*/*;q=0.8', 'Accept-Language': 'en-US,en;q=0.9', 'Accept-Encoding': 'gzip, deflate, br, zstd', 'Connection': 'keep-alive', 'Referer': 'http://localhost:8081/a2_filtered.php', 'Cookie': 'PHPSESSID=a7bfad51c20e216fb745b230a7da5e5b; security=impossible', 'Upgrade-Insecure-Requests': '1', 'Sec-Fetch-Dest': 'document', 'Sec-Fetch-Mode': 'navigate', 'Sec-Fetch-Site': 'same-origin', 'Sec-Fetch-User': '?1', 'Priority': 'u=0, i'}
[17:21:06.802] [GENERALFUNCTION 91e] DEBUG OUTGOING post_data_encoded (truncated): 
[17:21:06.827] [SQLiFuzz 91e] Response status: 200
[17:21:06.827] [SQLiFuzz 91e] Response URL: http://localhost:8081/a2_filtered.php?Submit=Submit&id=_
[17:21:06.827] [SQLiFuzz 91e] Was redirected: False
[17:21:06.827] [SQLiFuzz 91e] Getting response: <!doctype html>
<html>
<body>
<form method="GET">
  <label>User ID: <input type="text" name="id"></label>
  <input type="submit" name="Submit" value="Submit">
</form>
<pre>INPUT REJECTED</pre>
[17:21:07.828] [SQLAnalysis] Read 1 new lines from SQL log file.
[17:21:07.828] [SQLAnalysis] Appended 1 parsed entries.
[17:21:07.828] [SQLAnalysis 91e] Extracted 568 Logs 2026-10-02 21:21:07.828707: [{'timestamp': '2026-10-02 21:21:06,813951', 'level': 'INFO', 'ip': '172.18.0.5', 'port': 34366, 'sql': 'USE db *#*#OK'}]
[17:21:07.828] [SQLAnalysis 91e] Updated param pairs: {'looked_value': '_'}
[17:21:07.828] [SQLAnalysis 91e] Looked timestamp 2026-10-02 21:21:06.802961 -- 2026-10-02 21:21:06.820721
[17:21:07.832] [SQLAnalysis 91e] query_array to be checked: ['use', 'db']
[17:21:07.833] [SQLAnalysis 91e] normalized_query_array: ['use', 'db']
[17:21:07.833] [SQLiFuzz 91e] No weird chars exist: GET http://localhost:8081/a2_filtered.php | ['[string (False)(None)] Sec-Fetch-Dest=document', '[string (False)(None)] Sec-Fetch-Mode=navigate', '[string (False)(None)] Sec-Fetch-Site=same-origin', '[string (False)(None)] Sec-Fetch-User=?1', '[string (False)(None)] Priority=u=0, i', '[url (False)(None)] path0=a2_filtered.php', '[int (False)(None)] id=_', '[string (False)(None)] Submit=Submit'] | None
[17:21:07.833] [SQLiFuzz 14a] Getting prepared_target_request with ID 6a0 for test_SQLi iteration 35/70
[17:21:07.833] [SQLiFuzz 6a0] chosen_idx: 0 from 8
[17:21:07.833] [HTTPREQUEST 6a0] Getting matched paramval from found values: ['?1', '1']
[17:21:07.833] [HTTPREQUEST 6a0] Found matched paramval: [string (False)(None)] Sec-Fetch-User=?1
[17:21:07.833] [HTTPREQUEST 6a0] Found matched paramval: [int (False)(None)] id=1
[17:21:07.833] [SQLiFuzz 6a0] Prioritize to fuzz matched SQL value first: [int (False)(None)] id=1
[17:21:07.833] [SQLiFuzz 6a0] Mutation applied. old='1' char=',' strategy='tail' new='1,'
[17:21:07.833] [HTTPREQUEST 6a0] Update url and body param from paramvals:
[17:21:07.833] [HTTPREQUEST None] New post_data_encoded: 
[17:21:07.833] [HTTPREQUEST None] New param encoded: Submit=Submit&id=1%2C
[17:21:07.833] [GENERALFUNCTION 6a0] ---SENDING THE REQUEST [1790976067-7f367b47-64ea-4bb9-acdb-97807a1526a0] TO : [GET] http://localhost:8081/a2_filtered.php?Submit=Submit&id=1%2C
[17:21:07.834] [GENERALFUNCTION 6a0] Post data encoded: 
[17:21:07.834] [GENERALFUNCTION 6a0] Adjusted Referer to http://localhost:8081/a2_filtered.php
[17:21:07.834] [GENERALFUNCTION 6a0] DEBUG OUTGOING request.full_url: http://localhost:8081/a2_filtered.php?Submit=Submit&id=1%2C
[17:21:07.834] [GENERALFUNCTION 6a0] DEBUG OUTGOING headers: {'Host': 'localhost:8081', 'User-Agent': 'Mozilla/5.0 (X11; Ubuntu; Linux x86_64; rv:155.0) Gecko/20100101 Firefox/155.0', 'Accept': 'text/html,application/xhtml+xml,application/xml;q=0.9,*/*;q=0.8', 'Accept-Language': 'en-US,en;q=0.9', 'Accept-Encoding': 'gzip, deflate, br, zstd', 'Connection': 'keep-alive', 'Referer': 'http://localhost:8081/a2_filtered.php', 'Cookie': 'PHPSESSID=a7bfad51c20e216fb745b230a7da5e5b; security=impossible', 'Upgrade-Insecure-Requests': '1', 'Sec-Fetch-Dest': 'document', 'Sec-Fetch-Mode': 'navigate', 'Sec-Fetch-Site': 'same-origin', 'Sec-Fetch-User': '?1', 'Priority': 'u=0, i'}
[17:21:07.834] [GENERALFUNCTION 6a0] DEBUG OUTGOING post_data_encoded (truncated): 
[17:21:07.858] [SQLiFuzz 6a0] Response status: 200
[17:21:07.859] [SQLiFuzz 6a0] Response URL: http://localhost:8081/a2_filtered.php?Submit=Submit&id=1%2C
[17:21:07.859] [SQLiFuzz 6a0] Was redirected: False
[17:21:07.859] [SQLiFuzz 6a0] Getting response: <!doctype html>
<html>
<body>
<form method="GET">
  <label>User ID: <input type="text" name="id"></label>
  <input type="submit" name="Submit" value="Submit">
</form>
<pre>INPUT REJECTED</pre>
[17:21:08.859] [SQLAnalysis] Read 1 new lines from SQL log file.
[17:21:08.860] [SQLAnalysis] Appended 1 parsed entries.
[17:21:08.860] [SQLAnalysis 6a0] Extracted 569 Logs 2026-10-02 21:21:08.860133: [{'timestamp': '2026-10-02 21:21:07,846797', 'level': 'INFO', 'ip': '172.18.0.5', 'port': 34378, 'sql': 'USE db *#*#OK'}]
[17:21:08.860] [SQLAnalysis 6a0] Updated param pairs: {'looked_value': '1,'}
[17:21:08.860] [SQLAnalysis 6a0] Looked timestamp 2026-10-02 21:21:07.834292 -- 2026-10-02 21:21:07.854349
[17:21:08.864] [SQLAnalysis 6a0] query_array to be checked: ['use', 'db']
[17:21:08.864] [SQLAnalysis 6a0] normalized_query_array: ['use', 'db']
[17:21:08.864] [SQLiFuzz 6a0] No weird chars exist: GET http://localhost:8081/a2_filtered.php | ['[string (False)(None)] Sec-Fetch-Dest=document', '[string (False)(None)] Sec-Fetch-Mode=navigate', '[string (False)(None)] Sec-Fetch-Site=same-origin', '[string (False)(None)] Sec-Fetch-User=?1', '[string (False)(None)] Priority=u=0, i', '[url (False)(None)] path0=a2_filtered.php', '[int (False)(None)] id=1,', '[string (False)(None)] Submit=Submit'] | None
[17:21:08.865] [SQLiFuzz 14a] Getting prepared_target_request with ID cae for test_SQLi iteration 36/70
[17:21:08.865] [SQLiFuzz cae] chosen_idx: 6 from 8
[17:21:08.865] [HTTPREQUEST cae] Getting matched paramval from found values: ['?1', '1']
[17:21:08.865] [HTTPREQUEST cae] Found matched paramval: [string (False)(None)] Sec-Fetch-User=?1
[17:21:08.865] [HTTPREQUEST cae] Found matched paramval: [int (False)(None)] id=1
[17:21:08.865] [SQLiFuzz cae] Prioritize to fuzz matched SQL value first: [int (False)(None)] id=1
[17:21:08.865] [SQLiFuzz cae] Mutation applied. old='1' char='/' strategy='tail' new='1/'
[17:21:08.865] [HTTPREQUEST cae] Update url and body param from paramvals:
[17:21:08.865] [HTTPREQUEST None] New post_data_encoded: 
[17:21:08.865] [HTTPREQUEST None] New param encoded: Submit=Submit&id=1%2F
[17:21:08.865] [GENERALFUNCTION cae] ---SENDING THE REQUEST [1790976068-22e6df40-daea-4c70-9fca-e9b997a5bcae] TO : [GET] http://localhost:8081/a2_filtered.php?Submit=Submit&id=1%2F
[17:21:08.866] [GENERALFUNCTION cae] Post data encoded: 
[17:21:08.866] [GENERALFUNCTION cae] Adjusted Referer to http://localhost:8081/a2_filtered.php
[17:21:08.866] [GENERALFUNCTION cae] DEBUG OUTGOING request.full_url: http://localhost:8081/a2_filtered.php?Submit=Submit&id=1%2F
[17:21:08.866] [GENERALFUNCTION cae] DEBUG OUTGOING headers: {'Host': 'localhost:8081', 'User-Agent': 'Mozilla/5.0 (X11; Ubuntu; Linux x86_64; rv:155.0) Gecko/20100101 Firefox/155.0', 'Accept': 'text/html,application/xhtml+xml,application/xml;q=0.9,*/*;q=0.8', 'Accept-Language': 'en-US,en;q=0.9', 'Accept-Encoding': 'gzip, deflate, br, zstd', 'Connection': 'keep-alive', 'Referer': 'http://localhost:8081/a2_filtered.php', 'Cookie': 'PHPSESSID=a7bfad51c20e216fb745b230a7da5e5b; security=impossible', 'Upgrade-Insecure-Requests': '1', 'Sec-Fetch-Dest': 'document', 'Sec-Fetch-Mode': 'navigate', 'Sec-Fetch-Site': 'same-origin', 'Sec-Fetch-User': '?1', 'Priority': 'u=0, i'}
[17:21:08.866] [GENERALFUNCTION cae] DEBUG OUTGOING post_data_encoded (truncated): 
[17:21:08.887] [SQLiFuzz cae] Response status: 200
[17:21:08.888] [SQLiFuzz cae] Response URL: http://localhost:8081/a2_filtered.php?Submit=Submit&id=1%2F
[17:21:08.888] [SQLiFuzz cae] Was redirected: False
[17:21:08.888] [SQLiFuzz cae] Getting response: <!doctype html>
<html>
<body>
<form method="GET">
  <label>User ID: <input type="text" name="id"></label>
  <input type="submit" name="Submit" value="Submit">
</form>
<pre>INPUT REJECTED</pre>
[17:21:09.888] [SQLAnalysis] Read 1 new lines from SQL log file.
[17:21:09.888] [SQLAnalysis] Appended 1 parsed entries.
[17:21:09.888] [SQLAnalysis cae] Extracted 570 Logs 2026-10-02 21:21:09.888966: [{'timestamp': '2026-10-02 21:21:08,876582', 'level': 'INFO', 'ip': '172.18.0.5', 'port': 34404, 'sql': 'USE db *#*#OK'}]
[17:21:09.889] [SQLAnalysis cae] Updated param pairs: {'looked_value': '1/'}
[17:21:09.889] [SQLAnalysis cae] Looked timestamp 2026-10-02 21:21:08.866328 -- 2026-10-02 21:21:08.884131
[17:21:09.893] [SQLAnalysis cae] query_array to be checked: ['use', 'db']
[17:21:09.893] [SQLAnalysis cae] normalized_query_array: ['use', 'db']
[17:21:09.893] [SQLiFuzz cae] No weird chars exist: GET http://localhost:8081/a2_filtered.php | ['[string (False)(None)] Sec-Fetch-Dest=document', '[string (False)(None)] Sec-Fetch-Mode=navigate', '[string (False)(None)] Sec-Fetch-Site=same-origin', '[string (False)(None)] Sec-Fetch-User=?1', '[string (False)(None)] Priority=u=0, i', '[url (False)(None)] path0=a2_filtered.php', '[int (False)(None)] id=1/', '[string (False)(None)] Submit=Submit'] | None
[17:21:09.894] [SQLiFuzz 14a] Getting prepared_target_request with ID 504 for test_SQLi iteration 37/70
[17:21:09.894] [SQLiFuzz 504] chosen_idx: 2 from 8
[17:21:09.894] [HTTPREQUEST 504] Getting matched paramval from found values: ['?1', '1']
[17:21:09.894] [HTTPREQUEST 504] Found matched paramval: [string (False)(None)] Sec-Fetch-User=?1
[17:21:09.894] [HTTPREQUEST 504] Found matched paramval: [int (False)(None)] id=1
[17:21:09.894] [SQLiFuzz 504] Prioritize to fuzz matched SQL value first: [int (False)(None)] id=1
[17:21:09.894] [SQLiFuzz 504] Mutation applied. old='1' char='!' strategy='random' new='1!'
[17:21:09.894] [HTTPREQUEST 504] Update url and body param from paramvals:
[17:21:09.894] [HTTPREQUEST None] New post_data_encoded: 
[17:21:09.894] [HTTPREQUEST None] New param encoded: Submit=Submit&id=1%21
[17:21:09.894] [GENERALFUNCTION 504] ---SENDING THE REQUEST [1790976069-310d79fc-c1a1-4b81-b351-3a51a1fdc504] TO : [GET] http://localhost:8081/a2_filtered.php?Submit=Submit&id=1%21
[17:21:09.894] [GENERALFUNCTION 504] Post data encoded: 
[17:21:09.894] [GENERALFUNCTION 504] Adjusted Referer to http://localhost:8081/a2_filtered.php
[17:21:09.894] [GENERALFUNCTION 504] DEBUG OUTGOING request.full_url: http://localhost:8081/a2_filtered.php?Submit=Submit&id=1%21
[17:21:09.894] [GENERALFUNCTION 504] DEBUG OUTGOING headers: {'Host': 'localhost:8081', 'User-Agent': 'Mozilla/5.0 (X11; Ubuntu; Linux x86_64; rv:155.0) Gecko/20100101 Firefox/155.0', 'Accept': 'text/html,application/xhtml+xml,application/xml;q=0.9,*/*;q=0.8', 'Accept-Language': 'en-US,en;q=0.9', 'Accept-Encoding': 'gzip, deflate, br, zstd', 'Connection': 'keep-alive', 'Referer': 'http://localhost:8081/a2_filtered.php', 'Cookie': 'PHPSESSID=a7bfad51c20e216fb745b230a7da5e5b; security=impossible', 'Upgrade-Insecure-Requests': '1', 'Sec-Fetch-Dest': 'document', 'Sec-Fetch-Mode': 'navigate', 'Sec-Fetch-Site': 'same-origin', 'Sec-Fetch-User': '?1', 'Priority': 'u=0, i'}
[17:21:09.894] [GENERALFUNCTION 504] DEBUG OUTGOING post_data_encoded (truncated): 
[17:21:09.923] [SQLiFuzz 504] Response status: 200
[17:21:09.923] [SQLiFuzz 504] Response URL: http://localhost:8081/a2_filtered.php?Submit=Submit&id=1%21
[17:21:09.923] [SQLiFuzz 504] Was redirected: False
[17:21:09.923] [SQLiFuzz 504] Getting response: <!doctype html>
<html>
<body>
<form method="GET">
  <label>User ID: <input type="text" name="id"></label>
  <input type="submit" name="Submit" value="Submit">
</form>
<pre>INPUT REJECTED</pre>
[17:21:10.924] [SQLAnalysis] Read 1 new lines from SQL log file.
[17:21:10.925] [SQLAnalysis] Appended 1 parsed entries.
[17:21:10.925] [SQLAnalysis 504] Extracted 571 Logs 2026-10-02 21:21:10.925578: [{'timestamp': '2026-10-02 21:21:09,905380', 'level': 'INFO', 'ip': '172.18.0.5', 'port': 34420, 'sql': 'USE db *#*#OK'}]
[17:21:10.926] [SQLAnalysis 504] Updated param pairs: {'looked_value': '1!'}
[17:21:10.926] [SQLAnalysis 504] Looked timestamp 2026-10-02 21:21:09.894879 -- 2026-10-02 21:21:09.917222
[17:21:10.929] [SQLAnalysis 504] query_array to be checked: ['use', 'db']
[17:21:10.930] [SQLAnalysis 504] normalized_query_array: ['use', 'db']
[17:21:10.930] [SQLiFuzz 504] No weird chars exist: GET http://localhost:8081/a2_filtered.php | ['[string (False)(None)] Sec-Fetch-Dest=document', '[string (False)(None)] Sec-Fetch-Mode=navigate', '[string (False)(None)] Sec-Fetch-Site=same-origin', '[string (False)(None)] Sec-Fetch-User=?1', '[string (False)(None)] Priority=u=0, i', '[url (False)(None)] path0=a2_filtered.php', '[int (False)(None)] id=1!', '[string (False)(None)] Submit=Submit'] | None
[17:21:10.930] [SQLiFuzz 14a] Getting prepared_target_request with ID 010 for test_SQLi iteration 38/70
[17:21:10.930] [SQLiFuzz 010] chosen_idx: 6 from 8
[17:21:10.930] [HTTPREQUEST 010] Getting matched paramval from found values: ['?1', '1']
[17:21:10.930] [HTTPREQUEST 010] Found matched paramval: [string (False)(None)] Sec-Fetch-User=?1
[17:21:10.930] [HTTPREQUEST 010] Found matched paramval: [int (False)(None)] id=1
[17:21:10.930] [SQLiFuzz 010] Prioritize to fuzz matched SQL value first: [int (False)(None)] id=1
[17:21:10.930] [SQLiFuzz 010] Mutation applied. old='1' char='-' strategy='front' new='-1'
[17:21:10.930] [HTTPREQUEST 010] Update url and body param from paramvals:
[17:21:10.930] [HTTPREQUEST None] New post_data_encoded: 
[17:21:10.930] [HTTPREQUEST None] New param encoded: Submit=Submit&id=-1
[17:21:10.931] [GENERALFUNCTION 010] ---SENDING THE REQUEST [1790976070-30407f24-678e-4370-970b-9b0e15659010] TO : [GET] http://localhost:8081/a2_filtered.php?Submit=Submit&id=-1
[17:21:10.931] [GENERALFUNCTION 010] Post data encoded: 
[17:21:10.931] [GENERALFUNCTION 010] Adjusted Referer to http://localhost:8081/a2_filtered.php
[17:21:10.931] [GENERALFUNCTION 010] DEBUG OUTGOING request.full_url: http://localhost:8081/a2_filtered.php?Submit=Submit&id=-1
[17:21:10.931] [GENERALFUNCTION 010] DEBUG OUTGOING headers: {'Host': 'localhost:8081', 'User-Agent': 'Mozilla/5.0 (X11; Ubuntu; Linux x86_64; rv:155.0) Gecko/20100101 Firefox/155.0', 'Accept': 'text/html,application/xhtml+xml,application/xml;q=0.9,*/*;q=0.8', 'Accept-Language': 'en-US,en;q=0.9', 'Accept-Encoding': 'gzip, deflate, br, zstd', 'Connection': 'keep-alive', 'Referer': 'http://localhost:8081/a2_filtered.php', 'Cookie': 'PHPSESSID=a7bfad51c20e216fb745b230a7da5e5b; security=impossible', 'Upgrade-Insecure-Requests': '1', 'Sec-Fetch-Dest': 'document', 'Sec-Fetch-Mode': 'navigate', 'Sec-Fetch-Site': 'same-origin', 'Sec-Fetch-User': '?1', 'Priority': 'u=0, i'}
[17:21:10.931] [GENERALFUNCTION 010] DEBUG OUTGOING post_data_encoded (truncated): 
[17:21:10.955] [SQLiFuzz 010] Response status: 200
[17:21:10.955] [SQLiFuzz 010] Response URL: http://localhost:8081/a2_filtered.php?Submit=Submit&id=-1
[17:21:10.955] [SQLiFuzz 010] Was redirected: False
[17:21:10.955] [SQLiFuzz 010] Getting response: <!doctype html>
<html>
<body>
<form method="GET">
  <label>User ID: <input type="text" name="id"></label>
  <input type="submit" name="Submit" value="Submit">
</form>
<pre>INPUT REJECTED</pre>
[17:21:11.956] [SQLAnalysis] Read 1 new lines from SQL log file.
[17:21:11.956] [SQLAnalysis] Appended 1 parsed entries.
[17:21:11.956] [SQLAnalysis 010] Extracted 572 Logs 2026-10-02 21:21:11.956609: [{'timestamp': '2026-10-02 21:21:10,943525', 'level': 'INFO', 'ip': '172.18.0.5', 'port': 34440, 'sql': 'USE db *#*#OK'}]
[17:21:11.956] [SQLAnalysis 010] Updated param pairs: {'looked_value': '-1'}
[17:21:11.956] [SQLAnalysis 010] Looked timestamp 2026-10-02 21:21:10.931389 -- 2026-10-02 21:21:10.952115
[17:21:11.965] [SQLAnalysis 010] query_array to be checked: ['use', 'db']
[17:21:11.965] [SQLAnalysis 010] normalized_query_array: ['use', 'db']
[17:21:11.965] [SQLiFuzz 010] No weird chars exist: GET http://localhost:8081/a2_filtered.php | ['[string (False)(None)] Sec-Fetch-Dest=document', '[string (False)(None)] Sec-Fetch-Mode=navigate', '[string (False)(None)] Sec-Fetch-Site=same-origin', '[string (False)(None)] Sec-Fetch-User=?1', '[string (False)(None)] Priority=u=0, i', '[url (False)(None)] path0=a2_filtered.php', '[int (False)(None)] id=-1', '[string (False)(None)] Submit=Submit'] | None
[17:21:11.965] [SQLiFuzz 14a] Getting prepared_target_request with ID 76f for test_SQLi iteration 39/70
[17:21:11.966] [SQLiFuzz 76f] chosen_idx: 6 from 8
[17:21:11.966] [HTTPREQUEST 76f] Getting matched paramval from found values: ['?1', '1']
[17:21:11.966] [HTTPREQUEST 76f] Found matched paramval: [string (False)(None)] Sec-Fetch-User=?1
[17:21:11.966] [HTTPREQUEST 76f] Found matched paramval: [int (False)(None)] id=1
[17:21:11.966] [SQLiFuzz 76f] Prioritize to fuzz matched SQL value first: [int (False)(None)] id=1
[17:21:11.966] [SQLiFuzz 76f] Mutation applied. old='1' char='=' strategy='front' new='=1'
[17:21:11.966] [HTTPREQUEST 76f] Update url and body param from paramvals:
[17:21:11.966] [HTTPREQUEST None] New post_data_encoded: 
[17:21:11.966] [HTTPREQUEST None] New param encoded: Submit=Submit&id=%3D1
[17:21:11.966] [GENERALFUNCTION 76f] ---SENDING THE REQUEST [1790976071-cbaa3125-6fb6-4a32-bbd9-e2faeeba376f] TO : [GET] http://localhost:8081/a2_filtered.php?Submit=Submit&id=%3D1
[17:21:11.966] [GENERALFUNCTION 76f] Post data encoded: 
[17:21:11.966] [GENERALFUNCTION 76f] Adjusted Referer to http://localhost:8081/a2_filtered.php
[17:21:11.966] [GENERALFUNCTION 76f] DEBUG OUTGOING request.full_url: http://localhost:8081/a2_filtered.php?Submit=Submit&id=%3D1
[17:21:11.966] [GENERALFUNCTION 76f] DEBUG OUTGOING headers: {'Host': 'localhost:8081', 'User-Agent': 'Mozilla/5.0 (X11; Ubuntu; Linux x86_64; rv:155.0) Gecko/20100101 Firefox/155.0', 'Accept': 'text/html,application/xhtml+xml,application/xml;q=0.9,*/*;q=0.8', 'Accept-Language': 'en-US,en;q=0.9', 'Accept-Encoding': 'gzip, deflate, br, zstd', 'Connection': 'keep-alive', 'Referer': 'http://localhost:8081/a2_filtered.php', 'Cookie': 'PHPSESSID=a7bfad51c20e216fb745b230a7da5e5b; security=impossible', 'Upgrade-Insecure-Requests': '1', 'Sec-Fetch-Dest': 'document', 'Sec-Fetch-Mode': 'navigate', 'Sec-Fetch-Site': 'same-origin', 'Sec-Fetch-User': '?1', 'Priority': 'u=0, i'}
[17:21:11.966] [GENERALFUNCTION 76f] DEBUG OUTGOING post_data_encoded (truncated): 
[17:21:11.987] [SQLiFuzz 76f] Response status: 200
[17:21:11.987] [SQLiFuzz 76f] Response URL: http://localhost:8081/a2_filtered.php?Submit=Submit&id=%3D1
[17:21:11.987] [SQLiFuzz 76f] Was redirected: False
[17:21:11.987] [SQLiFuzz 76f] Getting response: <!doctype html>
<html>
<body>
<form method="GET">
  <label>User ID: <input type="text" name="id"></label>
  <input type="submit" name="Submit" value="Submit">
</form>
<pre>INPUT REJECTED</pre>
[17:21:12.988] [SQLAnalysis] Read 1 new lines from SQL log file.
[17:21:12.988] [SQLAnalysis] Appended 1 parsed entries.
[17:21:12.988] [SQLAnalysis 76f] Extracted 573 Logs 2026-10-02 21:21:12.988864: [{'timestamp': '2026-10-02 21:21:11,976125', 'level': 'INFO', 'ip': '172.18.0.5', 'port': 37526, 'sql': 'USE db *#*#OK'}]
[17:21:12.989] [SQLAnalysis 76f] Updated param pairs: {'looked_value': '=1'}
[17:21:12.989] [SQLAnalysis 76f] Looked timestamp 2026-10-02 21:21:11.966884 -- 2026-10-02 21:21:11.984331
[17:21:12.994] [SQLAnalysis 76f] query_array to be checked: ['use', 'db']
[17:21:12.994] [SQLAnalysis 76f] normalized_query_array: ['use', 'db']
[17:21:12.994] [SQLiFuzz 76f] No weird chars exist: GET http://localhost:8081/a2_filtered.php | ['[string (False)(None)] Sec-Fetch-Dest=document', '[string (False)(None)] Sec-Fetch-Mode=navigate', '[string (False)(None)] Sec-Fetch-Site=same-origin', '[string (False)(None)] Sec-Fetch-User=?1', '[string (False)(None)] Priority=u=0, i', '[url (False)(None)] path0=a2_filtered.php', '[int (False)(None)] id==1', '[string (False)(None)] Submit=Submit'] | None
[17:21:12.995] [SQLiFuzz 14a] Getting prepared_target_request with ID b38 for test_SQLi iteration 40/70
[17:21:12.995] [SQLiFuzz b38] chosen_idx: 0 from 8
[17:21:12.995] [HTTPREQUEST b38] Getting matched paramval from found values: ['?1', '1']
[17:21:12.995] [HTTPREQUEST b38] Found matched paramval: [string (False)(None)] Sec-Fetch-User=?1
[17:21:12.995] [HTTPREQUEST b38] Found matched paramval: [int (False)(None)] id=1
[17:21:12.995] [SQLiFuzz b38] Prioritize to fuzz matched SQL value first: [int (False)(None)] id=1
[17:21:12.995] [SQLiFuzz b38] Mutation applied. old='1' char='[' strategy='tail' new='1['
[17:21:12.995] [HTTPREQUEST b38] Update url and body param from paramvals:
[17:21:12.995] [HTTPREQUEST None] New post_data_encoded: 
[17:21:12.995] [HTTPREQUEST None] New param encoded: Submit=Submit&id=1%5B
[17:21:12.995] [GENERALFUNCTION b38] ---SENDING THE REQUEST [1790976072-b78144fe-684a-4c92-b6d0-e599d8dd4b38] TO : [GET] http://localhost:8081/a2_filtered.php?Submit=Submit&id=1%5B
[17:21:12.995] [GENERALFUNCTION b38] Post data encoded: 
[17:21:12.995] [GENERALFUNCTION b38] Adjusted Referer to http://localhost:8081/a2_filtered.php
[17:21:12.995] [GENERALFUNCTION b38] DEBUG OUTGOING request.full_url: http://localhost:8081/a2_filtered.php?Submit=Submit&id=1%5B
[17:21:12.996] [GENERALFUNCTION b38] DEBUG OUTGOING headers: {'Host': 'localhost:8081', 'User-Agent': 'Mozilla/5.0 (X11; Ubuntu; Linux x86_64; rv:155.0) Gecko/20100101 Firefox/155.0', 'Accept': 'text/html,application/xhtml+xml,application/xml;q=0.9,*/*;q=0.8', 'Accept-Language': 'en-US,en;q=0.9', 'Accept-Encoding': 'gzip, deflate, br, zstd', 'Connection': 'keep-alive', 'Referer': 'http://localhost:8081/a2_filtered.php', 'Cookie': 'PHPSESSID=a7bfad51c20e216fb745b230a7da5e5b; security=impossible', 'Upgrade-Insecure-Requests': '1', 'Sec-Fetch-Dest': 'document', 'Sec-Fetch-Mode': 'navigate', 'Sec-Fetch-Site': 'same-origin', 'Sec-Fetch-User': '?1', 'Priority': 'u=0, i'}
[17:21:12.996] [GENERALFUNCTION b38] DEBUG OUTGOING post_data_encoded (truncated): 
[17:21:13.016] [SQLiFuzz b38] Response status: 200
[17:21:13.016] [SQLiFuzz b38] Response URL: http://localhost:8081/a2_filtered.php?Submit=Submit&id=1%5B
[17:21:13.016] [SQLiFuzz b38] Was redirected: False
[17:21:13.016] [SQLiFuzz b38] Getting response: <!doctype html>
<html>
<body>
<form method="GET">
  <label>User ID: <input type="text" name="id"></label>
  <input type="submit" name="Submit" value="Submit">
</form>
<pre>INPUT REJECTED</pre>
[17:21:14.017] [SQLAnalysis] Read 1 new lines from SQL log file.
[17:21:14.017] [SQLAnalysis] Appended 1 parsed entries.
[17:21:14.017] [SQLAnalysis b38] Extracted 574 Logs 2026-10-02 21:21:14.017564: [{'timestamp': '2026-10-02 21:21:13,006260', 'level': 'INFO', 'ip': '172.18.0.5', 'port': 37542, 'sql': 'USE db *#*#OK'}]
[17:21:14.017] [SQLAnalysis b38] Updated param pairs: {'looked_value': '1['}
[17:21:14.017] [SQLAnalysis b38] Looked timestamp 2026-10-02 21:21:12.996163 -- 2026-10-02 21:21:13.013009
[17:21:14.022] [SQLAnalysis b38] query_array to be checked: ['use', 'db']
[17:21:14.022] [SQLAnalysis b38] normalized_query_array: ['use', 'db']
[17:21:14.022] [SQLiFuzz b38] No weird chars exist: GET http://localhost:8081/a2_filtered.php | ['[string (False)(None)] Sec-Fetch-Dest=document', '[string (False)(None)] Sec-Fetch-Mode=navigate', '[string (False)(None)] Sec-Fetch-Site=same-origin', '[string (False)(None)] Sec-Fetch-User=?1', '[string (False)(None)] Priority=u=0, i', '[url (False)(None)] path0=a2_filtered.php', '[int (False)(None)] id=1[', '[string (False)(None)] Submit=Submit'] | None
[17:21:14.023] [SQLiFuzz 14a] Getting prepared_target_request with ID 41f for test_SQLi iteration 41/70
[17:21:14.023] [SQLiFuzz 41f] chosen_idx: 0 from 8
[17:21:14.023] [HTTPREQUEST 41f] Getting matched paramval from found values: ['?1', '1']
[17:21:14.023] [HTTPREQUEST 41f] Found matched paramval: [string (False)(None)] Sec-Fetch-User=?1
[17:21:14.023] [HTTPREQUEST 41f] Found matched paramval: [int (False)(None)] id=1
[17:21:14.023] [SQLiFuzz 41f] Prioritize to fuzz matched SQL value first: [int (False)(None)] id=1
[17:21:14.023] [SQLiFuzz 41f] Mutation applied. old='1' char='+' strategy='tail' new='1+'
[17:21:14.023] [HTTPREQUEST 41f] Update url and body param from paramvals:
[17:21:14.023] [HTTPREQUEST None] New post_data_encoded: 
[17:21:14.023] [HTTPREQUEST None] New param encoded: Submit=Submit&id=1%2B
[17:21:14.023] [GENERALFUNCTION 41f] ---SENDING THE REQUEST [1790976074-5f3b4c0b-deb8-478d-afa5-2a52a1a7f41f] TO : [GET] http://localhost:8081/a2_filtered.php?Submit=Submit&id=1%2B
[17:21:14.023] [GENERALFUNCTION 41f] Post data encoded: 
[17:21:14.023] [GENERALFUNCTION 41f] Adjusted Referer to http://localhost:8081/a2_filtered.php
[17:21:14.023] [GENERALFUNCTION 41f] DEBUG OUTGOING request.full_url: http://localhost:8081/a2_filtered.php?Submit=Submit&id=1%2B
[17:21:14.023] [GENERALFUNCTION 41f] DEBUG OUTGOING headers: {'Host': 'localhost:8081', 'User-Agent': 'Mozilla/5.0 (X11; Ubuntu; Linux x86_64; rv:155.0) Gecko/20100101 Firefox/155.0', 'Accept': 'text/html,application/xhtml+xml,application/xml;q=0.9,*/*;q=0.8', 'Accept-Language': 'en-US,en;q=0.9', 'Accept-Encoding': 'gzip, deflate, br, zstd', 'Connection': 'keep-alive', 'Referer': 'http://localhost:8081/a2_filtered.php', 'Cookie': 'PHPSESSID=a7bfad51c20e216fb745b230a7da5e5b; security=impossible', 'Upgrade-Insecure-Requests': '1', 'Sec-Fetch-Dest': 'document', 'Sec-Fetch-Mode': 'navigate', 'Sec-Fetch-Site': 'same-origin', 'Sec-Fetch-User': '?1', 'Priority': 'u=0, i'}
[17:21:14.024] [GENERALFUNCTION 41f] DEBUG OUTGOING post_data_encoded (truncated): 
[17:21:14.043] [SQLiFuzz 41f] Response status: 200
[17:21:14.043] [SQLiFuzz 41f] Response URL: http://localhost:8081/a2_filtered.php?Submit=Submit&id=1%2B
[17:21:14.043] [SQLiFuzz 41f] Was redirected: False
[17:21:14.043] [SQLiFuzz 41f] Getting response: <!doctype html>
<html>
<body>
<form method="GET">
  <label>User ID: <input type="text" name="id"></label>
  <input type="submit" name="Submit" value="Submit">
</form>
<pre>INPUT REJECTED</pre>
[17:21:15.045] [SQLAnalysis] Read 1 new lines from SQL log file.
[17:21:15.045] [SQLAnalysis] Appended 1 parsed entries.
[17:21:15.045] [SQLAnalysis 41f] Extracted 575 Logs 2026-10-02 21:21:15.045957: [{'timestamp': '2026-10-02 21:21:14,033801', 'level': 'INFO', 'ip': '172.18.0.5', 'port': 37562, 'sql': 'USE db *#*#OK'}]
[17:21:15.046] [SQLAnalysis 41f] Updated param pairs: {'looked_value': '1+'}
[17:21:15.046] [SQLAnalysis 41f] Looked timestamp 2026-10-02 21:21:14.024079 -- 2026-10-02 21:21:14.040598
[17:21:15.056] [SQLAnalysis 41f] query_array to be checked: ['use', 'db']
[17:21:15.056] [SQLAnalysis 41f] normalized_query_array: ['use', 'db']
[17:21:15.057] [SQLiFuzz 41f] No weird chars exist: GET http://localhost:8081/a2_filtered.php | ['[string (False)(None)] Sec-Fetch-Dest=document', '[string (False)(None)] Sec-Fetch-Mode=navigate', '[string (False)(None)] Sec-Fetch-Site=same-origin', '[string (False)(None)] Sec-Fetch-User=?1', '[string (False)(None)] Priority=u=0, i', '[url (False)(None)] path0=a2_filtered.php', '[int (False)(None)] id=1+', '[string (False)(None)] Submit=Submit'] | None
[17:21:15.057] [SQLiFuzz 14a] Getting prepared_target_request with ID e29 for test_SQLi iteration 42/70
[17:21:15.057] [SQLiFuzz e29] chosen_idx: 5 from 8
[17:21:15.057] [HTTPREQUEST e29] Getting matched paramval from found values: ['?1', '1']
[17:21:15.057] [HTTPREQUEST e29] Found matched paramval: [string (False)(None)] Sec-Fetch-User=?1
[17:21:15.057] [HTTPREQUEST e29] Found matched paramval: [int (False)(None)] id=1
[17:21:15.057] [SQLiFuzz e29] Prioritize to fuzz matched SQL value first: [int (False)(None)] id=1
[17:21:15.057] [SQLiFuzz e29] Mutation applied. old='1' char='!' strategy='random' new='1!'
[17:21:15.058] [HTTPREQUEST e29] Update url and body param from paramvals:
[17:21:15.058] [HTTPREQUEST None] New post_data_encoded: 
[17:21:15.058] [HTTPREQUEST None] New param encoded: Submit=Submit&id=1%21
[17:21:15.058] [GENERALFUNCTION e29] ---SENDING THE REQUEST [1790976075-beee2940-c2e6-4c17-8bb2-65c7a70d2e29] TO : [GET] http://localhost:8081/a2_filtered.php?Submit=Submit&id=1%21
[17:21:15.058] [GENERALFUNCTION e29] Post data encoded: 
[17:21:15.058] [GENERALFUNCTION e29] Adjusted Referer to http://localhost:8081/a2_filtered.php
[17:21:15.058] [GENERALFUNCTION e29] DEBUG OUTGOING request.full_url: http://localhost:8081/a2_filtered.php?Submit=Submit&id=1%21
[17:21:15.058] [GENERALFUNCTION e29] DEBUG OUTGOING headers: {'Host': 'localhost:8081', 'User-Agent': 'Mozilla/5.0 (X11; Ubuntu; Linux x86_64; rv:155.0) Gecko/20100101 Firefox/155.0', 'Accept': 'text/html,application/xhtml+xml,application/xml;q=0.9,*/*;q=0.8', 'Accept-Language': 'en-US,en;q=0.9', 'Accept-Encoding': 'gzip, deflate, br, zstd', 'Connection': 'keep-alive', 'Referer': 'http://localhost:8081/a2_filtered.php', 'Cookie': 'PHPSESSID=a7bfad51c20e216fb745b230a7da5e5b; security=impossible', 'Upgrade-Insecure-Requests': '1', 'Sec-Fetch-Dest': 'document', 'Sec-Fetch-Mode': 'navigate', 'Sec-Fetch-Site': 'same-origin', 'Sec-Fetch-User': '?1', 'Priority': 'u=0, i'}
[17:21:15.058] [GENERALFUNCTION e29] DEBUG OUTGOING post_data_encoded (truncated): 
[17:21:15.066] [HOOK] Idle monitor: 1 pending tasks, 1 active tasks, idle 1s
[17:21:15.066] [HOOK] Number response: 2 | Memory usage (MB): 86.52734375 PID: 40338
[17:21:15.066] [STATS] {'total_req': 2, 'sql_req': 1, 'null_req': 0, 'not_sql_req': 1, 'sql_injection_detected': 0, 'another_sql_error_detected': 0, 'sql_req_not_detected': 0, 'error_req': 0, 'fuzzed_req': 41, 'processing_time_total': 0.9451670000000002, 'processing_time_ave': 0.02305285365853659, 'running_time': 'Not finished yet', 200: 2}
[17:21:15.081] [SQLiFuzz e29] Response status: 200
[17:21:15.081] [SQLiFuzz e29] Response URL: http://localhost:8081/a2_filtered.php?Submit=Submit&id=1%21
[17:21:15.082] [SQLiFuzz e29] Was redirected: False
[17:21:15.082] [SQLiFuzz e29] Getting response: <!doctype html>
<html>
<body>
<form method="GET">
  <label>User ID: <input type="text" name="id"></label>
  <input type="submit" name="Submit" value="Submit">
</form>
<pre>INPUT REJECTED</pre>
[17:21:16.082] [SQLAnalysis] Read 1 new lines from SQL log file.
[17:21:16.082] [SQLAnalysis] Appended 1 parsed entries.
[17:21:16.083] [SQLAnalysis e29] Extracted 576 Logs 2026-10-02 21:21:16.083005: [{'timestamp': '2026-10-02 21:21:15,070634', 'level': 'INFO', 'ip': '172.18.0.5', 'port': 37588, 'sql': 'USE db *#*#OK'}]
[17:21:16.083] [SQLAnalysis e29] Updated param pairs: {'looked_value': '1!'}
[17:21:16.083] [SQLAnalysis e29] Looked timestamp 2026-10-02 21:21:15.058944 -- 2026-10-02 21:21:15.078281
[17:21:16.090] [SQLAnalysis e29] query_array to be checked: ['use', 'db']
[17:21:16.090] [SQLAnalysis e29] normalized_query_array: ['use', 'db']
[17:21:16.090] [SQLiFuzz e29] No weird chars exist: GET http://localhost:8081/a2_filtered.php | ['[string (False)(None)] Sec-Fetch-Dest=document', '[string (False)(None)] Sec-Fetch-Mode=navigate', '[string (False)(None)] Sec-Fetch-Site=same-origin', '[string (False)(None)] Sec-Fetch-User=?1', '[string (False)(None)] Priority=u=0, i', '[url (False)(None)] path0=a2_filtered.php', '[int (False)(None)] id=1!', '[string (False)(None)] Submit=Submit'] | None
[17:21:16.090] [SQLiFuzz 14a] Getting prepared_target_request with ID 071 for test_SQLi iteration 43/70
[17:21:16.090] [SQLiFuzz 071] chosen_idx: 7 from 8
[17:21:16.090] [HTTPREQUEST 071] Getting matched paramval from found values: ['?1', '1']
[17:21:16.091] [HTTPREQUEST 071] Found matched paramval: [string (False)(None)] Sec-Fetch-User=?1
[17:21:16.091] [HTTPREQUEST 071] Found matched paramval: [int (False)(None)] id=1
[17:21:16.091] [SQLiFuzz 071] Prioritize to fuzz matched SQL value first: [int (False)(None)] id=1
[17:21:16.091] [SQLiFuzz 071] Mutation applied. old='1' char='=' strategy='drop' new='='
[17:21:16.091] [HTTPREQUEST 071] Update url and body param from paramvals:
[17:21:16.091] [HTTPREQUEST None] New post_data_encoded: 
[17:21:16.091] [HTTPREQUEST None] New param encoded: Submit=Submit&id=%3D
[17:21:16.091] [GENERALFUNCTION 071] ---SENDING THE REQUEST [1790976076-0902feb6-a50d-4e38-ad19-4954bee91071] TO : [GET] http://localhost:8081/a2_filtered.php?Submit=Submit&id=%3D
[17:21:16.091] [GENERALFUNCTION 071] Post data encoded: 
[17:21:16.091] [GENERALFUNCTION 071] Adjusted Referer to http://localhost:8081/a2_filtered.php
[17:21:16.091] [GENERALFUNCTION 071] DEBUG OUTGOING request.full_url: http://localhost:8081/a2_filtered.php?Submit=Submit&id=%3D
[17:21:16.091] [GENERALFUNCTION 071] DEBUG OUTGOING headers: {'Host': 'localhost:8081', 'User-Agent': 'Mozilla/5.0 (X11; Ubuntu; Linux x86_64; rv:155.0) Gecko/20100101 Firefox/155.0', 'Accept': 'text/html,application/xhtml+xml,application/xml;q=0.9,*/*;q=0.8', 'Accept-Language': 'en-US,en;q=0.9', 'Accept-Encoding': 'gzip, deflate, br, zstd', 'Connection': 'keep-alive', 'Referer': 'http://localhost:8081/a2_filtered.php', 'Cookie': 'PHPSESSID=a7bfad51c20e216fb745b230a7da5e5b; security=impossible', 'Upgrade-Insecure-Requests': '1', 'Sec-Fetch-Dest': 'document', 'Sec-Fetch-Mode': 'navigate', 'Sec-Fetch-Site': 'same-origin', 'Sec-Fetch-User': '?1', 'Priority': 'u=0, i'}
[17:21:16.091] [GENERALFUNCTION 071] DEBUG OUTGOING post_data_encoded (truncated): 
[17:21:16.109] [SQLiFuzz 071] Response status: 200
[17:21:16.109] [SQLiFuzz 071] Response URL: http://localhost:8081/a2_filtered.php?Submit=Submit&id=%3D
[17:21:16.109] [SQLiFuzz 071] Was redirected: False
[17:21:16.109] [SQLiFuzz 071] Getting response: <!doctype html>
<html>
<body>
<form method="GET">
  <label>User ID: <input type="text" name="id"></label>
  <input type="submit" name="Submit" value="Submit">
</form>
<pre>INPUT REJECTED</pre>
[17:21:17.109] [SQLAnalysis] Read 1 new lines from SQL log file.
[17:21:17.110] [SQLAnalysis] Appended 1 parsed entries.
[17:21:17.110] [SQLAnalysis 071] Extracted 577 Logs 2026-10-02 21:21:17.110350: [{'timestamp': '2026-10-02 21:21:16,100531', 'level': 'INFO', 'ip': '172.18.0.5', 'port': 37606, 'sql': 'USE db *#*#OK'}]
[17:21:17.111] [SQLAnalysis 071] Updated param pairs: {'looked_value': '='}
[17:21:17.111] [SQLAnalysis 071] Looked timestamp 2026-10-02 21:21:16.091913 -- 2026-10-02 21:21:16.106244
[17:21:17.118] [SQLAnalysis 071] query_array to be checked: ['use', 'db']
[17:21:17.118] [SQLAnalysis 071] normalized_query_array: ['use', 'db']
[17:21:17.119] [SQLiFuzz 071] No weird chars exist: GET http://localhost:8081/a2_filtered.php | ['[string (False)(None)] Sec-Fetch-Dest=document', '[string (False)(None)] Sec-Fetch-Mode=navigate', '[string (False)(None)] Sec-Fetch-Site=same-origin', '[string (False)(None)] Sec-Fetch-User=?1', '[string (False)(None)] Priority=u=0, i', '[url (False)(None)] path0=a2_filtered.php', '[int (False)(None)] id==', '[string (False)(None)] Submit=Submit'] | None
[17:21:17.119] [SQLiFuzz 14a] Getting prepared_target_request with ID 188 for test_SQLi iteration 44/70
[17:21:17.119] [SQLiFuzz 188] chosen_idx: 6 from 8
[17:21:17.119] [HTTPREQUEST 188] Getting matched paramval from found values: ['?1', '1']
[17:21:17.119] [HTTPREQUEST 188] Found matched paramval: [string (False)(None)] Sec-Fetch-User=?1
[17:21:17.119] [HTTPREQUEST 188] Found matched paramval: [int (False)(None)] id=1
[17:21:17.119] [SQLiFuzz 188] Prioritize to fuzz matched SQL value first: [int (False)(None)] id=1
[17:21:17.120] [SQLiFuzz 188] Mutation applied. old='1' char='{' strategy='drop' new='{'
[17:21:17.120] [HTTPREQUEST 188] Update url and body param from paramvals:
[17:21:17.120] [HTTPREQUEST None] New post_data_encoded: 
[17:21:17.120] [HTTPREQUEST None] New param encoded: Submit=Submit&id=%7B
[17:21:17.120] [GENERALFUNCTION 188] ---SENDING THE REQUEST [1790976077-14f91bf6-202d-4a1c-a016-062d841ec188] TO : [GET] http://localhost:8081/a2_filtered.php?Submit=Submit&id=%7B
[17:21:17.120] [GENERALFUNCTION 188] Post data encoded: 
[17:21:17.120] [GENERALFUNCTION 188] Adjusted Referer to http://localhost:8081/a2_filtered.php
[17:21:17.120] [GENERALFUNCTION 188] DEBUG OUTGOING request.full_url: http://localhost:8081/a2_filtered.php?Submit=Submit&id=%7B
[17:21:17.120] [GENERALFUNCTION 188] DEBUG OUTGOING headers: {'Host': 'localhost:8081', 'User-Agent': 'Mozilla/5.0 (X11; Ubuntu; Linux x86_64; rv:155.0) Gecko/20100101 Firefox/155.0', 'Accept': 'text/html,application/xhtml+xml,application/xml;q=0.9,*/*;q=0.8', 'Accept-Language': 'en-US,en;q=0.9', 'Accept-Encoding': 'gzip, deflate, br, zstd', 'Connection': 'keep-alive', 'Referer': 'http://localhost:8081/a2_filtered.php', 'Cookie': 'PHPSESSID=a7bfad51c20e216fb745b230a7da5e5b; security=impossible', 'Upgrade-Insecure-Requests': '1', 'Sec-Fetch-Dest': 'document', 'Sec-Fetch-Mode': 'navigate', 'Sec-Fetch-Site': 'same-origin', 'Sec-Fetch-User': '?1', 'Priority': 'u=0, i'}
[17:21:17.120] [GENERALFUNCTION 188] DEBUG OUTGOING post_data_encoded (truncated): 
[17:21:17.145] [SQLiFuzz 188] Response status: 200
[17:21:17.145] [SQLiFuzz 188] Response URL: http://localhost:8081/a2_filtered.php?Submit=Submit&id=%7B
[17:21:17.145] [SQLiFuzz 188] Was redirected: False
[17:21:17.145] [SQLiFuzz 188] Getting response: <!doctype html>
<html>
<body>
<form method="GET">
  <label>User ID: <input type="text" name="id"></label>
  <input type="submit" name="Submit" value="Submit">
</form>
<pre>INPUT REJECTED</pre>
[17:21:18.145] [SQLAnalysis] Read 1 new lines from SQL log file.
[17:21:18.145] [SQLAnalysis] Appended 1 parsed entries.
[17:21:18.146] [SQLAnalysis 188] Extracted 578 Logs 2026-10-02 21:21:18.146034: [{'timestamp': '2026-10-02 21:21:17,134141', 'level': 'INFO', 'ip': '172.18.0.5', 'port': 37618, 'sql': 'USE db *#*#OK'}]
[17:21:18.146] [SQLAnalysis 188] Updated param pairs: {'looked_value': '{'}
[17:21:18.146] [SQLAnalysis 188] Looked timestamp 2026-10-02 21:21:17.120865 -- 2026-10-02 21:21:17.141488
[17:21:18.151] [SQLAnalysis 188] query_array to be checked: ['use', 'db']
[17:21:18.151] [SQLAnalysis 188] normalized_query_array: ['use', 'db']
[17:21:18.151] [SQLiFuzz 188] No weird chars exist: GET http://localhost:8081/a2_filtered.php | ['[string (False)(None)] Sec-Fetch-Dest=document', '[string (False)(None)] Sec-Fetch-Mode=navigate', '[string (False)(None)] Sec-Fetch-Site=same-origin', '[string (False)(None)] Sec-Fetch-User=?1', '[string (False)(None)] Priority=u=0, i', '[url (False)(None)] path0=a2_filtered.php', '[int (False)(None)] id={', '[string (False)(None)] Submit=Submit'] | None
[17:21:18.151] [SQLiFuzz 14a] Getting prepared_target_request with ID 208 for test_SQLi iteration 45/70
[17:21:18.151] [SQLiFuzz 208] chosen_idx: 3 from 8
[17:21:18.151] [HTTPREQUEST 208] Getting matched paramval from found values: ['?1', '1']
[17:21:18.151] [HTTPREQUEST 208] Found matched paramval: [string (False)(None)] Sec-Fetch-User=?1
[17:21:18.151] [HTTPREQUEST 208] Found matched paramval: [int (False)(None)] id=1
[17:21:18.151] [SQLiFuzz 208] Prioritize to fuzz matched SQL value first: [int (False)(None)] id=1
[17:21:18.151] [SQLiFuzz 208] Mutation applied. old='1' char=':' strategy='drop' new=':'
[17:21:18.152] [HTTPREQUEST 208] Update url and body param from paramvals:
[17:21:18.152] [HTTPREQUEST None] New post_data_encoded: 
[17:21:18.152] [HTTPREQUEST None] New param encoded: Submit=Submit&id=%3A
[17:21:18.152] [GENERALFUNCTION 208] ---SENDING THE REQUEST [1790976078-a5b7da67-87d0-4307-a9de-d83c351f8208] TO : [GET] http://localhost:8081/a2_filtered.php?Submit=Submit&id=%3A
[17:21:18.152] [GENERALFUNCTION 208] Post data encoded: 
[17:21:18.152] [GENERALFUNCTION 208] Adjusted Referer to http://localhost:8081/a2_filtered.php
[17:21:18.152] [GENERALFUNCTION 208] DEBUG OUTGOING request.full_url: http://localhost:8081/a2_filtered.php?Submit=Submit&id=%3A
[17:21:18.152] [GENERALFUNCTION 208] DEBUG OUTGOING headers: {'Host': 'localhost:8081', 'User-Agent': 'Mozilla/5.0 (X11; Ubuntu; Linux x86_64; rv:155.0) Gecko/20100101 Firefox/155.0', 'Accept': 'text/html,application/xhtml+xml,application/xml;q=0.9,*/*;q=0.8', 'Accept-Language': 'en-US,en;q=0.9', 'Accept-Encoding': 'gzip, deflate, br, zstd', 'Connection': 'keep-alive', 'Referer': 'http://localhost:8081/a2_filtered.php', 'Cookie': 'PHPSESSID=a7bfad51c20e216fb745b230a7da5e5b; security=impossible', 'Upgrade-Insecure-Requests': '1', 'Sec-Fetch-Dest': 'document', 'Sec-Fetch-Mode': 'navigate', 'Sec-Fetch-Site': 'same-origin', 'Sec-Fetch-User': '?1', 'Priority': 'u=0, i'}
[17:21:18.152] [GENERALFUNCTION 208] DEBUG OUTGOING post_data_encoded (truncated): 
[17:21:18.168] [SQLiFuzz 208] Response status: 200
[17:21:18.168] [SQLiFuzz 208] Response URL: http://localhost:8081/a2_filtered.php?Submit=Submit&id=%3A
[17:21:18.168] [SQLiFuzz 208] Was redirected: False
[17:21:18.168] [SQLiFuzz 208] Getting response: <!doctype html>
<html>
<body>
<form method="GET">
  <label>User ID: <input type="text" name="id"></label>
  <input type="submit" name="Submit" value="Submit">
</form>
<pre>INPUT REJECTED</pre>
[17:21:19.168] [SQLAnalysis] Read 1 new lines from SQL log file.
[17:21:19.169] [SQLAnalysis] Appended 1 parsed entries.
[17:21:19.169] [SQLAnalysis 208] Extracted 579 Logs 2026-10-02 21:21:19.169599: [{'timestamp': '2026-10-02 21:21:18,160352', 'level': 'INFO', 'ip': '172.18.0.5', 'port': 37634, 'sql': 'USE db *#*#OK'}]
[17:21:19.169] [SQLAnalysis 208] Updated param pairs: {'looked_value': ':'}
[17:21:19.170] [SQLAnalysis 208] Looked timestamp 2026-10-02 21:21:18.152541 -- 2026-10-02 21:21:18.165320
[17:21:19.177] [SQLAnalysis 208] query_array to be checked: ['use', 'db']
[17:21:19.177] [SQLAnalysis 208] normalized_query_array: ['use', 'db']
[17:21:19.177] [SQLiFuzz 208] No weird chars exist: GET http://localhost:8081/a2_filtered.php | ['[string (False)(None)] Sec-Fetch-Dest=document', '[string (False)(None)] Sec-Fetch-Mode=navigate', '[string (False)(None)] Sec-Fetch-Site=same-origin', '[string (False)(None)] Sec-Fetch-User=?1', '[string (False)(None)] Priority=u=0, i', '[url (False)(None)] path0=a2_filtered.php', '[int (False)(None)] id=:', '[string (False)(None)] Submit=Submit'] | None
[17:21:19.177] [SQLiFuzz 14a] Getting prepared_target_request with ID 657 for test_SQLi iteration 46/70
[17:21:19.177] [SQLiFuzz 657] chosen_idx: 0 from 8
[17:21:19.177] [HTTPREQUEST 657] Getting matched paramval from found values: ['?1', '1']
[17:21:19.178] [HTTPREQUEST 657] Found matched paramval: [string (False)(None)] Sec-Fetch-User=?1
[17:21:19.178] [HTTPREQUEST 657] Found matched paramval: [int (False)(None)] id=1
[17:21:19.178] [SQLiFuzz 657] Prioritize to fuzz matched SQL value first: [int (False)(None)] id=1
[17:21:19.178] [SQLiFuzz 657] Mutation applied. old='1' char='!' strategy='tail' new='1!'
[17:21:19.178] [HTTPREQUEST 657] Update url and body param from paramvals:
[17:21:19.178] [HTTPREQUEST None] New post_data_encoded: 
[17:21:19.178] [HTTPREQUEST None] New param encoded: Submit=Submit&id=1%21
[17:21:19.178] [GENERALFUNCTION 657] ---SENDING THE REQUEST [1790976079-48da2fd0-15c0-445a-9c27-443f39e7c657] TO : [GET] http://localhost:8081/a2_filtered.php?Submit=Submit&id=1%21
[17:21:19.178] [GENERALFUNCTION 657] Post data encoded: 
[17:21:19.178] [GENERALFUNCTION 657] Adjusted Referer to http://localhost:8081/a2_filtered.php
[17:21:19.178] [GENERALFUNCTION 657] DEBUG OUTGOING request.full_url: http://localhost:8081/a2_filtered.php?Submit=Submit&id=1%21
[17:21:19.178] [GENERALFUNCTION 657] DEBUG OUTGOING headers: {'Host': 'localhost:8081', 'User-Agent': 'Mozilla/5.0 (X11; Ubuntu; Linux x86_64; rv:155.0) Gecko/20100101 Firefox/155.0', 'Accept': 'text/html,application/xhtml+xml,application/xml;q=0.9,*/*;q=0.8', 'Accept-Language': 'en-US,en;q=0.9', 'Accept-Encoding': 'gzip, deflate, br, zstd', 'Connection': 'keep-alive', 'Referer': 'http://localhost:8081/a2_filtered.php', 'Cookie': 'PHPSESSID=a7bfad51c20e216fb745b230a7da5e5b; security=impossible', 'Upgrade-Insecure-Requests': '1', 'Sec-Fetch-Dest': 'document', 'Sec-Fetch-Mode': 'navigate', 'Sec-Fetch-Site': 'same-origin', 'Sec-Fetch-User': '?1', 'Priority': 'u=0, i'}
[17:21:19.179] [GENERALFUNCTION 657] DEBUG OUTGOING post_data_encoded (truncated): 
[17:21:19.206] [SQLiFuzz 657] Response status: 200
[17:21:19.206] [SQLiFuzz 657] Response URL: http://localhost:8081/a2_filtered.php?Submit=Submit&id=1%21
[17:21:19.206] [SQLiFuzz 657] Was redirected: False
[17:21:19.206] [SQLiFuzz 657] Getting response: <!doctype html>
<html>
<body>
<form method="GET">
  <label>User ID: <input type="text" name="id"></label>
  <input type="submit" name="Submit" value="Submit">
</form>
<pre>INPUT REJECTED</pre>
[17:21:20.208] [SQLAnalysis] Read 1 new lines from SQL log file.
[17:21:20.208] [SQLAnalysis] Appended 1 parsed entries.
[17:21:20.208] [SQLAnalysis 657] Extracted 580 Logs 2026-10-02 21:21:20.208711: [{'timestamp': '2026-10-02 21:21:19,191315', 'level': 'INFO', 'ip': '172.18.0.5', 'port': 37654, 'sql': 'USE db *#*#OK'}]
[17:21:20.209] [SQLAnalysis 657] Updated param pairs: {'looked_value': '1!'}
[17:21:20.209] [SQLAnalysis 657] Looked timestamp 2026-10-02 21:21:19.179069 -- 2026-10-02 21:21:19.201278
[17:21:20.220] [SQLAnalysis 657] query_array to be checked: ['use', 'db']
[17:21:20.220] [SQLAnalysis 657] normalized_query_array: ['use', 'db']
[17:21:20.220] [SQLiFuzz 657] No weird chars exist: GET http://localhost:8081/a2_filtered.php | ['[string (False)(None)] Sec-Fetch-Dest=document', '[string (False)(None)] Sec-Fetch-Mode=navigate', '[string (False)(None)] Sec-Fetch-Site=same-origin', '[string (False)(None)] Sec-Fetch-User=?1', '[string (False)(None)] Priority=u=0, i', '[url (False)(None)] path0=a2_filtered.php', '[int (False)(None)] id=1!', '[string (False)(None)] Submit=Submit'] | None
[17:21:20.220] [SQLiFuzz 14a] Getting prepared_target_request with ID 3d6 for test_SQLi iteration 47/70
[17:21:20.221] [SQLiFuzz 3d6] chosen_idx: 1 from 8
[17:21:20.221] [HTTPREQUEST 3d6] Getting matched paramval from found values: ['?1', '1']
[17:21:20.221] [HTTPREQUEST 3d6] Found matched paramval: [string (False)(None)] Sec-Fetch-User=?1
[17:21:20.221] [HTTPREQUEST 3d6] Found matched paramval: [int (False)(None)] id=1
[17:21:20.221] [SQLiFuzz 3d6] Prioritize to fuzz matched SQL value first: [int (False)(None)] id=1
[17:21:20.221] [SQLiFuzz 3d6] Mutation applied. old='1' char='<' strategy='random' new='<1'
[17:21:20.221] [HTTPREQUEST 3d6] Update url and body param from paramvals:
[17:21:20.222] [HTTPREQUEST None] New post_data_encoded: 
[17:21:20.222] [HTTPREQUEST None] New param encoded: Submit=Submit&id=%3C1
[17:21:20.222] [GENERALFUNCTION 3d6] ---SENDING THE REQUEST [1790976080-b76208e6-718d-45d9-b588-a56150f593d6] TO : [GET] http://localhost:8081/a2_filtered.php?Submit=Submit&id=%3C1
[17:21:20.222] [GENERALFUNCTION 3d6] Post data encoded: 
[17:21:20.222] [GENERALFUNCTION 3d6] Adjusted Referer to http://localhost:8081/a2_filtered.php
[17:21:20.222] [GENERALFUNCTION 3d6] DEBUG OUTGOING request.full_url: http://localhost:8081/a2_filtered.php?Submit=Submit&id=%3C1
[17:21:20.223] [GENERALFUNCTION 3d6] DEBUG OUTGOING headers: {'Host': 'localhost:8081', 'User-Agent': 'Mozilla/5.0 (X11; Ubuntu; Linux x86_64; rv:155.0) Gecko/20100101 Firefox/155.0', 'Accept': 'text/html,application/xhtml+xml,application/xml;q=0.9,*/*;q=0.8', 'Accept-Language': 'en-US,en;q=0.9', 'Accept-Encoding': 'gzip, deflate, br, zstd', 'Connection': 'keep-alive', 'Referer': 'http://localhost:8081/a2_filtered.php', 'Cookie': 'PHPSESSID=a7bfad51c20e216fb745b230a7da5e5b; security=impossible', 'Upgrade-Insecure-Requests': '1', 'Sec-Fetch-Dest': 'document', 'Sec-Fetch-Mode': 'navigate', 'Sec-Fetch-Site': 'same-origin', 'Sec-Fetch-User': '?1', 'Priority': 'u=0, i'}
[17:21:20.223] [GENERALFUNCTION 3d6] DEBUG OUTGOING post_data_encoded (truncated): 
[17:21:20.253] [SQLiFuzz 3d6] Response status: 200
[17:21:20.253] [SQLiFuzz 3d6] Response URL: http://localhost:8081/a2_filtered.php?Submit=Submit&id=%3C1
[17:21:20.253] [SQLiFuzz 3d6] Was redirected: False
[17:21:20.254] [SQLiFuzz 3d6] Getting response: <!doctype html>
<html>
<body>
<form method="GET">
  <label>User ID: <input type="text" name="id"></label>
  <input type="submit" name="Submit" value="Submit">
</form>
<pre>INPUT REJECTED</pre>
[17:21:21.255] [SQLAnalysis] Read 1 new lines from SQL log file.
[17:21:21.255] [SQLAnalysis] Appended 1 parsed entries.
[17:21:21.255] [SQLAnalysis 3d6] Extracted 581 Logs 2026-10-02 21:21:21.255949: [{'timestamp': '2026-10-02 21:21:20,237879', 'level': 'INFO', 'ip': '172.18.0.5', 'port': 37684, 'sql': 'USE db *#*#OK'}]
[17:21:21.256] [SQLAnalysis 3d6] Updated param pairs: {'looked_value': '<1'}
[17:21:21.256] [SQLAnalysis 3d6] Looked timestamp 2026-10-02 21:21:20.223444 -- 2026-10-02 21:21:20.248498
[17:21:21.269] [SQLAnalysis 3d6] query_array to be checked: ['use', 'db']
[17:21:21.270] [SQLAnalysis 3d6] normalized_query_array: ['use', 'db']
[17:21:21.270] [SQLiFuzz 3d6] No weird chars exist: GET http://localhost:8081/a2_filtered.php | ['[string (False)(None)] Sec-Fetch-Dest=document', '[string (False)(None)] Sec-Fetch-Mode=navigate', '[string (False)(None)] Sec-Fetch-Site=same-origin', '[string (False)(None)] Sec-Fetch-User=?1', '[string (False)(None)] Priority=u=0, i', '[url (False)(None)] path0=a2_filtered.php', '[int (False)(None)] id=<1', '[string (False)(None)] Submit=Submit'] | None
[17:21:21.270] [SQLiFuzz 14a] Getting prepared_target_request with ID f4d for test_SQLi iteration 48/70
[17:21:21.271] [SQLiFuzz f4d] chosen_idx: 2 from 8
[17:21:21.271] [HTTPREQUEST f4d] Getting matched paramval from found values: ['?1', '1']
[17:21:21.271] [HTTPREQUEST f4d] Found matched paramval: [string (False)(None)] Sec-Fetch-User=?1
[17:21:21.271] [HTTPREQUEST f4d] Found matched paramval: [int (False)(None)] id=1
[17:21:21.271] [SQLiFuzz f4d] Prioritize to fuzz matched SQL value first: [int (False)(None)] id=1
[17:21:21.271] [SQLiFuzz f4d] Mutation applied. old='1' char='`' strategy='random' new='1`'
[17:21:21.271] [HTTPREQUEST f4d] Update url and body param from paramvals:
[17:21:21.271] [HTTPREQUEST None] New post_data_encoded: 
[17:21:21.271] [HTTPREQUEST None] New param encoded: Submit=Submit&id=1%60
[17:21:21.272] [GENERALFUNCTION f4d] ---SENDING THE REQUEST [1790976081-3bdf9351-a4dc-4899-88e5-8623d6226f4d] TO : [GET] http://localhost:8081/a2_filtered.php?Submit=Submit&id=1%60
[17:21:21.272] [GENERALFUNCTION f4d] Post data encoded: 
[17:21:21.272] [GENERALFUNCTION f4d] Adjusted Referer to http://localhost:8081/a2_filtered.php
[17:21:21.272] [GENERALFUNCTION f4d] DEBUG OUTGOING request.full_url: http://localhost:8081/a2_filtered.php?Submit=Submit&id=1%60
[17:21:21.272] [GENERALFUNCTION f4d] DEBUG OUTGOING headers: {'Host': 'localhost:8081', 'User-Agent': 'Mozilla/5.0 (X11; Ubuntu; Linux x86_64; rv:155.0) Gecko/20100101 Firefox/155.0', 'Accept': 'text/html,application/xhtml+xml,application/xml;q=0.9,*/*;q=0.8', 'Accept-Language': 'en-US,en;q=0.9', 'Accept-Encoding': 'gzip, deflate, br, zstd', 'Connection': 'keep-alive', 'Referer': 'http://localhost:8081/a2_filtered.php', 'Cookie': 'PHPSESSID=a7bfad51c20e216fb745b230a7da5e5b; security=impossible', 'Upgrade-Insecure-Requests': '1', 'Sec-Fetch-Dest': 'document', 'Sec-Fetch-Mode': 'navigate', 'Sec-Fetch-Site': 'same-origin', 'Sec-Fetch-User': '?1', 'Priority': 'u=0, i'}
[17:21:21.272] [GENERALFUNCTION f4d] DEBUG OUTGOING post_data_encoded (truncated): 
[17:21:21.312] [SQLiFuzz f4d] Response status: 200
[17:21:21.313] [SQLiFuzz f4d] Response URL: http://localhost:8081/a2_filtered.php?Submit=Submit&id=1%60
[17:21:21.313] [SQLiFuzz f4d] Was redirected: False
[17:21:21.313] [SQLiFuzz f4d] Getting response: <!doctype html>
<html>
<body>
<form method="GET">
  <label>User ID: <input type="text" name="id"></label>
  <input type="submit" name="Submit" value="Submit">
</form>
<pre>INPUT REJECTED</pre>
[17:21:22.314] [SQLAnalysis] Read 1 new lines from SQL log file.
[17:21:22.314] [SQLAnalysis] Appended 1 parsed entries.
[17:21:22.314] [SQLAnalysis f4d] Extracted 582 Logs 2026-10-02 21:21:22.314624: [{'timestamp': '2026-10-02 21:21:21,289706', 'level': 'INFO', 'ip': '172.18.0.5', 'port': 37696, 'sql': 'USE db *#*#OK'}]
[17:21:22.314] [SQLAnalysis f4d] Updated param pairs: {'looked_value': '1`'}
[17:21:22.314] [SQLAnalysis f4d] Looked timestamp 2026-10-02 21:21:21.272923 -- 2026-10-02 21:21:21.307334
[17:21:22.322] [SQLAnalysis f4d] query_array to be checked: ['use', 'db']
[17:21:22.322] [SQLAnalysis f4d] normalized_query_array: ['use', 'db']
[17:21:22.322] [SQLiFuzz f4d] No weird chars exist: GET http://localhost:8081/a2_filtered.php | ['[string (False)(None)] Sec-Fetch-Dest=document', '[string (False)(None)] Sec-Fetch-Mode=navigate', '[string (False)(None)] Sec-Fetch-Site=same-origin', '[string (False)(None)] Sec-Fetch-User=?1', '[string (False)(None)] Priority=u=0, i', '[url (False)(None)] path0=a2_filtered.php', '[int (False)(None)] id=1`', '[string (False)(None)] Submit=Submit'] | None
[17:21:22.323] [SQLiFuzz 14a] Getting prepared_target_request with ID edf for test_SQLi iteration 49/70
[17:21:22.323] [SQLiFuzz edf] chosen_idx: 7 from 8
[17:21:22.323] [HTTPREQUEST edf] Getting matched paramval from found values: ['?1', '1']
[17:21:22.323] [HTTPREQUEST edf] Found matched paramval: [string (False)(None)] Sec-Fetch-User=?1
[17:21:22.323] [HTTPREQUEST edf] Found matched paramval: [int (False)(None)] id=1
[17:21:22.323] [SQLiFuzz edf] Prioritize to fuzz matched SQL value first: [int (False)(None)] id=1
[17:21:22.323] [SQLiFuzz edf] Mutation applied. old='1' char='%' strategy='drop' new='%'
[17:21:22.323] [HTTPREQUEST edf] Update url and body param from paramvals:
[17:21:22.323] [HTTPREQUEST None] New post_data_encoded: 
[17:21:22.323] [HTTPREQUEST None] New param encoded: Submit=Submit&id=%25
[17:21:22.324] [GENERALFUNCTION edf] ---SENDING THE REQUEST [1790976082-6cabde94-fa3c-43cd-a3d5-f1479fc74edf] TO : [GET] http://localhost:8081/a2_filtered.php?Submit=Submit&id=%25
[17:21:22.324] [GENERALFUNCTION edf] Post data encoded: 
[17:21:22.324] [GENERALFUNCTION edf] Adjusted Referer to http://localhost:8081/a2_filtered.php
[17:21:22.324] [GENERALFUNCTION edf] DEBUG OUTGOING request.full_url: http://localhost:8081/a2_filtered.php?Submit=Submit&id=%25
[17:21:22.324] [GENERALFUNCTION edf] DEBUG OUTGOING headers: {'Host': 'localhost:8081', 'User-Agent': 'Mozilla/5.0 (X11; Ubuntu; Linux x86_64; rv:155.0) Gecko/20100101 Firefox/155.0', 'Accept': 'text/html,application/xhtml+xml,application/xml;q=0.9,*/*;q=0.8', 'Accept-Language': 'en-US,en;q=0.9', 'Accept-Encoding': 'gzip, deflate, br, zstd', 'Connection': 'keep-alive', 'Referer': 'http://localhost:8081/a2_filtered.php', 'Cookie': 'PHPSESSID=a7bfad51c20e216fb745b230a7da5e5b; security=impossible', 'Upgrade-Insecure-Requests': '1', 'Sec-Fetch-Dest': 'document', 'Sec-Fetch-Mode': 'navigate', 'Sec-Fetch-Site': 'same-origin', 'Sec-Fetch-User': '?1', 'Priority': 'u=0, i'}
[17:21:22.324] [GENERALFUNCTION edf] DEBUG OUTGOING post_data_encoded (truncated): 
[17:21:22.350] [SQLiFuzz edf] Response status: 200
[17:21:22.350] [SQLiFuzz edf] Response URL: http://localhost:8081/a2_filtered.php?Submit=Submit&id=%25
[17:21:22.350] [SQLiFuzz edf] Was redirected: False
[17:21:22.350] [SQLiFuzz edf] Getting response: <!doctype html>
<html>
<body>
<form method="GET">
  <label>User ID: <input type="text" name="id"></label>
  <input type="submit" name="Submit" value="Submit">
</form>
<pre>INPUT REJECTED</pre>
[17:21:23.351] [SQLAnalysis] Read 1 new lines from SQL log file.
[17:21:23.351] [SQLAnalysis] Appended 1 parsed entries.
[17:21:23.352] [SQLAnalysis edf] Extracted 583 Logs 2026-10-02 21:21:23.352023: [{'timestamp': '2026-10-02 21:21:22,338458', 'level': 'INFO', 'ip': '172.18.0.5', 'port': 40322, 'sql': 'USE db *#*#OK'}]
[17:21:23.352] [SQLAnalysis edf] Updated param pairs: {'looked_value': '%'}
[17:21:23.353] [SQLAnalysis edf] Looked timestamp 2026-10-02 21:21:22.324627 -- 2026-10-02 21:21:22.346367
[17:21:23.362] [SQLAnalysis edf] query_array to be checked: ['use', 'db']
[17:21:23.362] [SQLAnalysis edf] normalized_query_array: ['use', 'db']
[17:21:23.363] [SQLiFuzz edf] No weird chars exist: GET http://localhost:8081/a2_filtered.php | ['[string (False)(None)] Sec-Fetch-Dest=document', '[string (False)(None)] Sec-Fetch-Mode=navigate', '[string (False)(None)] Sec-Fetch-Site=same-origin', '[string (False)(None)] Sec-Fetch-User=?1', '[string (False)(None)] Priority=u=0, i', '[url (False)(None)] path0=a2_filtered.php', '[int (False)(None)] id=%', '[string (False)(None)] Submit=Submit'] | None
[17:21:23.363] [SQLiFuzz 14a] Getting prepared_target_request with ID 678 for test_SQLi iteration 50/70
[17:21:23.363] [SQLiFuzz 678] chosen_idx: 2 from 8
[17:21:23.363] [HTTPREQUEST 678] Getting matched paramval from found values: ['?1', '1']
[17:21:23.363] [HTTPREQUEST 678] Found matched paramval: [string (False)(None)] Sec-Fetch-User=?1
[17:21:23.363] [HTTPREQUEST 678] Found matched paramval: [int (False)(None)] id=1
[17:21:23.364] [SQLiFuzz 678] Prioritize to fuzz matched SQL value first: [int (False)(None)] id=1
[17:21:23.364] [SQLiFuzz 678] Mutation applied. old='1' char=')' strategy='drop' new=')'
[17:21:23.364] [HTTPREQUEST 678] Update url and body param from paramvals:
[17:21:23.364] [HTTPREQUEST None] New post_data_encoded: 
[17:21:23.364] [HTTPREQUEST None] New param encoded: Submit=Submit&id=%29
[17:21:23.364] [GENERALFUNCTION 678] ---SENDING THE REQUEST [1790976083-95e9ce1d-98da-4efe-9bb8-9c4a5dc66678] TO : [GET] http://localhost:8081/a2_filtered.php?Submit=Submit&id=%29
[17:21:23.364] [GENERALFUNCTION 678] Post data encoded: 
[17:21:23.365] [GENERALFUNCTION 678] Adjusted Referer to http://localhost:8081/a2_filtered.php
[17:21:23.365] [GENERALFUNCTION 678] DEBUG OUTGOING request.full_url: http://localhost:8081/a2_filtered.php?Submit=Submit&id=%29
[17:21:23.365] [GENERALFUNCTION 678] DEBUG OUTGOING headers: {'Host': 'localhost:8081', 'User-Agent': 'Mozilla/5.0 (X11; Ubuntu; Linux x86_64; rv:155.0) Gecko/20100101 Firefox/155.0', 'Accept': 'text/html,application/xhtml+xml,application/xml;q=0.9,*/*;q=0.8', 'Accept-Language': 'en-US,en;q=0.9', 'Accept-Encoding': 'gzip, deflate, br, zstd', 'Connection': 'keep-alive', 'Referer': 'http://localhost:8081/a2_filtered.php', 'Cookie': 'PHPSESSID=a7bfad51c20e216fb745b230a7da5e5b; security=impossible', 'Upgrade-Insecure-Requests': '1', 'Sec-Fetch-Dest': 'document', 'Sec-Fetch-Mode': 'navigate', 'Sec-Fetch-Site': 'same-origin', 'Sec-Fetch-User': '?1', 'Priority': 'u=0, i'}
[17:21:23.365] [GENERALFUNCTION 678] DEBUG OUTGOING post_data_encoded (truncated): 
[17:21:23.385] [SQLiFuzz 678] Response status: 200
[17:21:23.385] [SQLiFuzz 678] Response URL: http://localhost:8081/a2_filtered.php?Submit=Submit&id=%29
[17:21:23.385] [SQLiFuzz 678] Was redirected: False
[17:21:23.385] [SQLiFuzz 678] Getting response: <!doctype html>
<html>
<body>
<form method="GET">
  <label>User ID: <input type="text" name="id"></label>
  <input type="submit" name="Submit" value="Submit">
</form>
<pre>INPUT REJECTED</pre>
[17:21:25.079] [SQLAnalysis] Read 1 new lines from SQL log file.
[17:21:25.079] [SQLAnalysis] Appended 1 parsed entries.
[17:21:25.079] [SQLAnalysis 678] Extracted 584 Logs 2026-10-02 21:21:25.079388: [{'timestamp': '2026-10-02 21:21:23,376460', 'level': 'INFO', 'ip': '172.18.0.5', 'port': 40340, 'sql': 'USE db *#*#OK'}]
[17:21:25.079] [SQLAnalysis 678] Updated param pairs: {'looked_value': ')'}
[17:21:25.079] [SQLAnalysis 678] Looked timestamp 2026-10-02 21:21:23.365446 -- 2026-10-02 21:21:23.382162
[17:21:25.086] [SQLAnalysis 678] query_array to be checked: ['use', 'db']
[17:21:25.086] [SQLAnalysis 678] normalized_query_array: ['use', 'db']
[17:21:25.086] [SQLiFuzz 678] No weird chars exist: GET http://localhost:8081/a2_filtered.php | ['[string (False)(None)] Sec-Fetch-Dest=document', '[string (False)(None)] Sec-Fetch-Mode=navigate', '[string (False)(None)] Sec-Fetch-Site=same-origin', '[string (False)(None)] Sec-Fetch-User=?1', '[string (False)(None)] Priority=u=0, i', '[url (False)(None)] path0=a2_filtered.php', '[int (False)(None)] id=)', '[string (False)(None)] Submit=Submit'] | None
[17:21:25.088] [SQLiFuzz 14a] Getting prepared_target_request with ID 346 for test_SQLi iteration 51/70
[17:21:25.088] [SQLiFuzz 346] chosen_idx: 3 from 8
[17:21:25.088] [HTTPREQUEST 346] Getting matched paramval from found values: ['?1', '1']
[17:21:25.088] [HTTPREQUEST 346] Found matched paramval: [string (False)(None)] Sec-Fetch-User=?1
[17:21:25.088] [HTTPREQUEST 346] Found matched paramval: [int (False)(None)] id=1
[17:21:25.088] [SQLiFuzz 346] Prioritize to fuzz matched SQL value first: [int (False)(None)] id=1
[17:21:25.088] [SQLiFuzz 346] Mutation applied. old='1' char='<' strategy='tail' new='1<'
[17:21:25.088] [HTTPREQUEST 346] Update url and body param from paramvals:
[17:21:25.089] [HTTPREQUEST None] New post_data_encoded: 
[17:21:25.089] [HTTPREQUEST None] New param encoded: Submit=Submit&id=1%3C
[17:21:25.089] [GENERALFUNCTION 346] ---SENDING THE REQUEST [1790976085-409fc0a9-ef12-436a-9e76-4ae18308b346] TO : [GET] http://localhost:8081/a2_filtered.php?Submit=Submit&id=1%3C
[17:21:25.089] [GENERALFUNCTION 346] Post data encoded: 
[17:21:25.089] [GENERALFUNCTION 346] Adjusted Referer to http://localhost:8081/a2_filtered.php
[17:21:25.089] [GENERALFUNCTION 346] DEBUG OUTGOING request.full_url: http://localhost:8081/a2_filtered.php?Submit=Submit&id=1%3C
[17:21:25.089] [GENERALFUNCTION 346] DEBUG OUTGOING headers: {'Host': 'localhost:8081', 'User-Agent': 'Mozilla/5.0 (X11; Ubuntu; Linux x86_64; rv:155.0) Gecko/20100101 Firefox/155.0', 'Accept': 'text/html,application/xhtml+xml,application/xml;q=0.9,*/*;q=0.8', 'Accept-Language': 'en-US,en;q=0.9', 'Accept-Encoding': 'gzip, deflate, br, zstd', 'Connection': 'keep-alive', 'Referer': 'http://localhost:8081/a2_filtered.php', 'Cookie': 'PHPSESSID=a7bfad51c20e216fb745b230a7da5e5b; security=impossible', 'Upgrade-Insecure-Requests': '1', 'Sec-Fetch-Dest': 'document', 'Sec-Fetch-Mode': 'navigate', 'Sec-Fetch-Site': 'same-origin', 'Sec-Fetch-User': '?1', 'Priority': 'u=0, i'}
[17:21:25.089] [GENERALFUNCTION 346] DEBUG OUTGOING post_data_encoded (truncated): 
[17:21:25.117] [SQLiFuzz 346] Response status: 200
[17:21:25.117] [SQLiFuzz 346] Response URL: http://localhost:8081/a2_filtered.php?Submit=Submit&id=1%3C
[17:21:25.117] [SQLiFuzz 346] Was redirected: False
[17:21:25.117] [SQLiFuzz 346] Getting response: <!doctype html>
<html>
<body>
<form method="GET">
  <label>User ID: <input type="text" name="id"></label>
  <input type="submit" name="Submit" value="Submit">
</form>
<pre>INPUT REJECTED</pre>
[17:21:26.118] [SQLAnalysis] Read 1 new lines from SQL log file.
[17:21:26.118] [SQLAnalysis] Appended 1 parsed entries.
[17:21:26.118] [SQLAnalysis 346] Extracted 585 Logs 2026-10-02 21:21:26.118528: [{'timestamp': '2026-10-02 21:21:25,105493', 'level': 'INFO', 'ip': '172.18.0.5', 'port': 40360, 'sql': 'USE db *#*#OK'}]
[17:21:26.118] [SQLAnalysis 346] Updated param pairs: {'looked_value': '1<'}
[17:21:26.118] [SQLAnalysis 346] Looked timestamp 2026-10-02 21:21:25.089595 -- 2026-10-02 21:21:25.113354
[17:21:26.125] [SQLAnalysis 346] query_array to be checked: ['use', 'db']
[17:21:26.125] [SQLAnalysis 346] normalized_query_array: ['use', 'db']
[17:21:26.125] [SQLiFuzz 346] No weird chars exist: GET http://localhost:8081/a2_filtered.php | ['[string (False)(None)] Sec-Fetch-Dest=document', '[string (False)(None)] Sec-Fetch-Mode=navigate', '[string (False)(None)] Sec-Fetch-Site=same-origin', '[string (False)(None)] Sec-Fetch-User=?1', '[string (False)(None)] Priority=u=0, i', '[url (False)(None)] path0=a2_filtered.php', '[int (False)(None)] id=1<', '[string (False)(None)] Submit=Submit'] | None
[17:21:26.126] [SQLiFuzz 14a] Getting prepared_target_request with ID 262 for test_SQLi iteration 52/70
[17:21:26.126] [SQLiFuzz 262] chosen_idx: 3 from 8
[17:21:26.126] [HTTPREQUEST 262] Getting matched paramval from found values: ['?1', '1']
[17:21:26.126] [HTTPREQUEST 262] Found matched paramval: [string (False)(None)] Sec-Fetch-User=?1
[17:21:26.126] [HTTPREQUEST 262] Found matched paramval: [int (False)(None)] id=1
[17:21:26.126] [SQLiFuzz 262] Prioritize to fuzz matched SQL value first: [int (False)(None)] id=1
[17:21:26.126] [SQLiFuzz 262] Mutation applied. old='1' char='~' strategy='tail' new='1~'
[17:21:26.127] [HTTPREQUEST 262] Update url and body param from paramvals:
[17:21:26.127] [HTTPREQUEST None] New post_data_encoded: 
[17:21:26.127] [HTTPREQUEST None] New param encoded: Submit=Submit&id=1~
[17:21:26.127] [GENERALFUNCTION 262] ---SENDING THE REQUEST [1790976086-43dced6a-f516-4e59-98b5-a0f952558262] TO : [GET] http://localhost:8081/a2_filtered.php?Submit=Submit&id=1~
[17:21:26.127] [GENERALFUNCTION 262] Post data encoded: 
[17:21:26.128] [GENERALFUNCTION 262] Adjusted Referer to http://localhost:8081/a2_filtered.php
[17:21:26.128] [GENERALFUNCTION 262] DEBUG OUTGOING request.full_url: http://localhost:8081/a2_filtered.php?Submit=Submit&id=1~
[17:21:26.128] [GENERALFUNCTION 262] DEBUG OUTGOING headers: {'Host': 'localhost:8081', 'User-Agent': 'Mozilla/5.0 (X11; Ubuntu; Linux x86_64; rv:155.0) Gecko/20100101 Firefox/155.0', 'Accept': 'text/html,application/xhtml+xml,application/xml;q=0.9,*/*;q=0.8', 'Accept-Language': 'en-US,en;q=0.9', 'Accept-Encoding': 'gzip, deflate, br, zstd', 'Connection': 'keep-alive', 'Referer': 'http://localhost:8081/a2_filtered.php', 'Cookie': 'PHPSESSID=a7bfad51c20e216fb745b230a7da5e5b; security=impossible', 'Upgrade-Insecure-Requests': '1', 'Sec-Fetch-Dest': 'document', 'Sec-Fetch-Mode': 'navigate', 'Sec-Fetch-Site': 'same-origin', 'Sec-Fetch-User': '?1', 'Priority': 'u=0, i'}
[17:21:26.128] [GENERALFUNCTION 262] DEBUG OUTGOING post_data_encoded (truncated): 
[17:21:26.171] [SQLiFuzz 262] Response status: 200
[17:21:26.171] [SQLiFuzz 262] Response URL: http://localhost:8081/a2_filtered.php?Submit=Submit&id=1~
[17:21:26.171] [SQLiFuzz 262] Was redirected: False
[17:21:26.171] [SQLiFuzz 262] Getting response: <!doctype html>
<html>
<body>
<form method="GET">
  <label>User ID: <input type="text" name="id"></label>
  <input type="submit" name="Submit" value="Submit">
</form>
<pre>INPUT REJECTED</pre>
[17:21:27.172] [SQLAnalysis] Read 1 new lines from SQL log file.
[17:21:27.172] [SQLAnalysis] Appended 1 parsed entries.
[17:21:27.172] [SQLAnalysis 262] Extracted 586 Logs 2026-10-02 21:21:27.172859: [{'timestamp': '2026-10-02 21:21:26,145437', 'level': 'INFO', 'ip': '172.18.0.5', 'port': 40372, 'sql': 'USE db *#*#OK'}]
[17:21:27.173] [SQLAnalysis 262] Updated param pairs: {'looked_value': '1~'}
[17:21:27.173] [SQLAnalysis 262] Looked timestamp 2026-10-02 21:21:26.128326 -- 2026-10-02 21:21:26.167618
[17:21:27.183] [SQLAnalysis 262] query_array to be checked: ['use', 'db']
[17:21:27.183] [SQLAnalysis 262] normalized_query_array: ['use', 'db']
[17:21:27.183] [SQLiFuzz 262] No weird chars exist: GET http://localhost:8081/a2_filtered.php | ['[string (False)(None)] Sec-Fetch-Dest=document', '[string (False)(None)] Sec-Fetch-Mode=navigate', '[string (False)(None)] Sec-Fetch-Site=same-origin', '[string (False)(None)] Sec-Fetch-User=?1', '[string (False)(None)] Priority=u=0, i', '[url (False)(None)] path0=a2_filtered.php', '[int (False)(None)] id=1~', '[string (False)(None)] Submit=Submit'] | None
[17:21:27.184] [SQLiFuzz 14a] Getting prepared_target_request with ID 1e7 for test_SQLi iteration 53/70
[17:21:27.184] [SQLiFuzz 1e7] chosen_idx: 3 from 8
[17:21:27.184] [HTTPREQUEST 1e7] Getting matched paramval from found values: ['?1', '1']
[17:21:27.184] [HTTPREQUEST 1e7] Found matched paramval: [string (False)(None)] Sec-Fetch-User=?1
[17:21:27.184] [HTTPREQUEST 1e7] Found matched paramval: [int (False)(None)] id=1
[17:21:27.184] [SQLiFuzz 1e7] Prioritize to fuzz matched SQL value first: [int (False)(None)] id=1
[17:21:27.184] [SQLiFuzz 1e7] Mutation applied. old='1' char='~' strategy='tail' new='1~'
[17:21:27.184] [HTTPREQUEST 1e7] Update url and body param from paramvals:
[17:21:27.185] [HTTPREQUEST None] New post_data_encoded: 
[17:21:27.185] [HTTPREQUEST None] New param encoded: Submit=Submit&id=1~
[17:21:27.185] [GENERALFUNCTION 1e7] ---SENDING THE REQUEST [1790976087-0960c846-7c98-4f47-92cb-b0c41c3e71e7] TO : [GET] http://localhost:8081/a2_filtered.php?Submit=Submit&id=1~
[17:21:27.185] [GENERALFUNCTION 1e7] Post data encoded: 
[17:21:27.185] [GENERALFUNCTION 1e7] Adjusted Referer to http://localhost:8081/a2_filtered.php
[17:21:27.185] [GENERALFUNCTION 1e7] DEBUG OUTGOING request.full_url: http://localhost:8081/a2_filtered.php?Submit=Submit&id=1~
[17:21:27.185] [GENERALFUNCTION 1e7] DEBUG OUTGOING headers: {'Host': 'localhost:8081', 'User-Agent': 'Mozilla/5.0 (X11; Ubuntu; Linux x86_64; rv:155.0) Gecko/20100101 Firefox/155.0', 'Accept': 'text/html,application/xhtml+xml,application/xml;q=0.9,*/*;q=0.8', 'Accept-Language': 'en-US,en;q=0.9', 'Accept-Encoding': 'gzip, deflate, br, zstd', 'Connection': 'keep-alive', 'Referer': 'http://localhost:8081/a2_filtered.php', 'Cookie': 'PHPSESSID=a7bfad51c20e216fb745b230a7da5e5b; security=impossible', 'Upgrade-Insecure-Requests': '1', 'Sec-Fetch-Dest': 'document', 'Sec-Fetch-Mode': 'navigate', 'Sec-Fetch-Site': 'same-origin', 'Sec-Fetch-User': '?1', 'Priority': 'u=0, i'}
[17:21:27.185] [GENERALFUNCTION 1e7] DEBUG OUTGOING post_data_encoded (truncated): 
[17:21:27.226] [SQLiFuzz 1e7] Response status: 200
[17:21:27.226] [SQLiFuzz 1e7] Response URL: http://localhost:8081/a2_filtered.php?Submit=Submit&id=1~
[17:21:27.226] [SQLiFuzz 1e7] Was redirected: False
[17:21:27.226] [SQLiFuzz 1e7] Getting response: <!doctype html>
<html>
<body>
<form method="GET">
  <label>User ID: <input type="text" name="id"></label>
  <input type="submit" name="Submit" value="Submit">
</form>
<pre>INPUT REJECTED</pre>
[17:21:28.227] [SQLAnalysis] Read 1 new lines from SQL log file.
[17:21:28.227] [SQLAnalysis] Appended 1 parsed entries.
[17:21:28.227] [SQLAnalysis 1e7] Extracted 587 Logs 2026-10-02 21:21:28.227728: [{'timestamp': '2026-10-02 21:21:27,210239', 'level': 'INFO', 'ip': '172.18.0.5', 'port': 40402, 'sql': 'USE db *#*#OK'}]
[17:21:28.228] [SQLAnalysis 1e7] Updated param pairs: {'looked_value': '1~'}
[17:21:28.228] [SQLAnalysis 1e7] Looked timestamp 2026-10-02 21:21:27.185783 -- 2026-10-02 21:21:27.223091
[17:21:28.238] [SQLAnalysis 1e7] query_array to be checked: ['use', 'db']
[17:21:28.238] [SQLAnalysis 1e7] normalized_query_array: ['use', 'db']
[17:21:28.240] [SQLiFuzz 1e7] No weird chars exist: GET http://localhost:8081/a2_filtered.php | ['[string (False)(None)] Sec-Fetch-Dest=document', '[string (False)(None)] Sec-Fetch-Mode=navigate', '[string (False)(None)] Sec-Fetch-Site=same-origin', '[string (False)(None)] Sec-Fetch-User=?1', '[string (False)(None)] Priority=u=0, i', '[url (False)(None)] path0=a2_filtered.php', '[int (False)(None)] id=1~', '[string (False)(None)] Submit=Submit'] | None
[17:21:28.242] [SQLiFuzz 14a] Getting prepared_target_request with ID fac for test_SQLi iteration 54/70
[17:21:28.242] [SQLiFuzz fac] chosen_idx: 3 from 8
[17:21:28.242] [HTTPREQUEST fac] Getting matched paramval from found values: ['?1', '1']
[17:21:28.243] [HTTPREQUEST fac] Found matched paramval: [string (False)(None)] Sec-Fetch-User=?1
[17:21:28.243] [HTTPREQUEST fac] Found matched paramval: [int (False)(None)] id=1
[17:21:28.243] [SQLiFuzz fac] Prioritize to fuzz matched SQL value first: [int (False)(None)] id=1
[17:21:28.243] [SQLiFuzz fac] Mutation applied. old='1' char='{' strategy='tail' new='1{'
[17:21:28.243] [HTTPREQUEST fac] Update url and body param from paramvals:
[17:21:28.243] [HTTPREQUEST None] New post_data_encoded: 
[17:21:28.243] [HTTPREQUEST None] New param encoded: Submit=Submit&id=1%7B
[17:21:28.243] [GENERALFUNCTION fac] ---SENDING THE REQUEST [1790976088-90513e23-8842-44bb-8b46-72f988276fac] TO : [GET] http://localhost:8081/a2_filtered.php?Submit=Submit&id=1%7B
[17:21:28.243] [GENERALFUNCTION fac] Post data encoded: 
[17:21:28.244] [GENERALFUNCTION fac] Adjusted Referer to http://localhost:8081/a2_filtered.php
[17:21:28.244] [GENERALFUNCTION fac] DEBUG OUTGOING request.full_url: http://localhost:8081/a2_filtered.php?Submit=Submit&id=1%7B
[17:21:28.244] [GENERALFUNCTION fac] DEBUG OUTGOING headers: {'Host': 'localhost:8081', 'User-Agent': 'Mozilla/5.0 (X11; Ubuntu; Linux x86_64; rv:155.0) Gecko/20100101 Firefox/155.0', 'Accept': 'text/html,application/xhtml+xml,application/xml;q=0.9,*/*;q=0.8', 'Accept-Language': 'en-US,en;q=0.9', 'Accept-Encoding': 'gzip, deflate, br, zstd', 'Connection': 'keep-alive', 'Referer': 'http://localhost:8081/a2_filtered.php', 'Cookie': 'PHPSESSID=a7bfad51c20e216fb745b230a7da5e5b; security=impossible', 'Upgrade-Insecure-Requests': '1', 'Sec-Fetch-Dest': 'document', 'Sec-Fetch-Mode': 'navigate', 'Sec-Fetch-Site': 'same-origin', 'Sec-Fetch-User': '?1', 'Priority': 'u=0, i'}
[17:21:28.244] [GENERALFUNCTION fac] DEBUG OUTGOING post_data_encoded (truncated): 
[17:21:28.276] [SQLiFuzz fac] Response status: 200
[17:21:28.276] [SQLiFuzz fac] Response URL: http://localhost:8081/a2_filtered.php?Submit=Submit&id=1%7B
[17:21:28.276] [SQLiFuzz fac] Was redirected: False
[17:21:28.276] [SQLiFuzz fac] Getting response: <!doctype html>
<html>
<body>
<form method="GET">
  <label>User ID: <input type="text" name="id"></label>
  <input type="submit" name="Submit" value="Submit">
</form>
<pre>INPUT REJECTED</pre>
[17:21:29.277] [SQLAnalysis] Read 1 new lines from SQL log file.
[17:21:29.277] [SQLAnalysis] Appended 1 parsed entries.
[17:21:29.278] [SQLAnalysis fac] Extracted 588 Logs 2026-10-02 21:21:29.278134: [{'timestamp': '2026-10-02 21:21:28,257585', 'level': 'INFO', 'ip': '172.18.0.5', 'port': 40414, 'sql': 'USE db *#*#OK'}]
[17:21:29.278] [SQLAnalysis fac] Updated param pairs: {'looked_value': '1{'}
[17:21:29.278] [SQLAnalysis fac] Looked timestamp 2026-10-02 21:21:28.244650 -- 2026-10-02 21:21:28.269850
[17:21:29.292] [SQLAnalysis fac] query_array to be checked: ['use', 'db']
[17:21:29.293] [SQLAnalysis fac] normalized_query_array: ['use', 'db']
[17:21:29.293] [SQLiFuzz fac] No weird chars exist: GET http://localhost:8081/a2_filtered.php | ['[string (False)(None)] Sec-Fetch-Dest=document', '[string (False)(None)] Sec-Fetch-Mode=navigate', '[string (False)(None)] Sec-Fetch-Site=same-origin', '[string (False)(None)] Sec-Fetch-User=?1', '[string (False)(None)] Priority=u=0, i', '[url (False)(None)] path0=a2_filtered.php', '[int (False)(None)] id=1{', '[string (False)(None)] Submit=Submit'] | None
[17:21:29.293] [SQLiFuzz 14a] Getting prepared_target_request with ID 25d for test_SQLi iteration 55/70
[17:21:29.293] [SQLiFuzz 25d] chosen_idx: 2 from 8
[17:21:29.293] [HTTPREQUEST 25d] Getting matched paramval from found values: ['?1', '1']
[17:21:29.293] [HTTPREQUEST 25d] Found matched paramval: [string (False)(None)] Sec-Fetch-User=?1
[17:21:29.293] [HTTPREQUEST 25d] Found matched paramval: [int (False)(None)] id=1
[17:21:29.293] [SQLiFuzz 25d] Prioritize to fuzz matched SQL value first: [int (False)(None)] id=1
[17:21:29.294] [SQLiFuzz 25d] Mutation applied. old='1' char=')' strategy='front' new=')1'
[17:21:29.294] [HTTPREQUEST 25d] Update url and body param from paramvals:
[17:21:29.294] [HTTPREQUEST None] New post_data_encoded: 
[17:21:29.294] [HTTPREQUEST None] New param encoded: Submit=Submit&id=%291
[17:21:29.294] [GENERALFUNCTION 25d] ---SENDING THE REQUEST [1790976089-63ff4e51-4576-4ac1-8e92-57a30167c25d] TO : [GET] http://localhost:8081/a2_filtered.php?Submit=Submit&id=%291
[17:21:29.294] [GENERALFUNCTION 25d] Post data encoded: 
[17:21:29.294] [GENERALFUNCTION 25d] Adjusted Referer to http://localhost:8081/a2_filtered.php
[17:21:29.294] [GENERALFUNCTION 25d] DEBUG OUTGOING request.full_url: http://localhost:8081/a2_filtered.php?Submit=Submit&id=%291
[17:21:29.294] [GENERALFUNCTION 25d] DEBUG OUTGOING headers: {'Host': 'localhost:8081', 'User-Agent': 'Mozilla/5.0 (X11; Ubuntu; Linux x86_64; rv:155.0) Gecko/20100101 Firefox/155.0', 'Accept': 'text/html,application/xhtml+xml,application/xml;q=0.9,*/*;q=0.8', 'Accept-Language': 'en-US,en;q=0.9', 'Accept-Encoding': 'gzip, deflate, br, zstd', 'Connection': 'keep-alive', 'Referer': 'http://localhost:8081/a2_filtered.php', 'Cookie': 'PHPSESSID=a7bfad51c20e216fb745b230a7da5e5b; security=impossible', 'Upgrade-Insecure-Requests': '1', 'Sec-Fetch-Dest': 'document', 'Sec-Fetch-Mode': 'navigate', 'Sec-Fetch-Site': 'same-origin', 'Sec-Fetch-User': '?1', 'Priority': 'u=0, i'}
[17:21:29.294] [GENERALFUNCTION 25d] DEBUG OUTGOING post_data_encoded (truncated): 
[17:21:29.319] [SQLiFuzz 25d] Response status: 200
[17:21:29.319] [SQLiFuzz 25d] Response URL: http://localhost:8081/a2_filtered.php?Submit=Submit&id=%291
[17:21:29.319] [SQLiFuzz 25d] Was redirected: False
[17:21:29.319] [SQLiFuzz 25d] Getting response: <!doctype html>
<html>
<body>
<form method="GET">
  <label>User ID: <input type="text" name="id"></label>
  <input type="submit" name="Submit" value="Submit">
</form>
<pre>INPUT REJECTED</pre>
[17:21:30.320] [SQLAnalysis] Read 1 new lines from SQL log file.
[17:21:30.320] [SQLAnalysis] Appended 1 parsed entries.
[17:21:30.320] [SQLAnalysis 25d] Extracted 589 Logs 2026-10-02 21:21:30.320890: [{'timestamp': '2026-10-02 21:21:29,309812', 'level': 'INFO', 'ip': '172.18.0.5', 'port': 40428, 'sql': 'USE db *#*#OK'}]
[17:21:30.321] [SQLAnalysis 25d] Updated param pairs: {'looked_value': ')1'}
[17:21:30.321] [SQLAnalysis 25d] Looked timestamp 2026-10-02 21:21:29.295043 -- 2026-10-02 21:21:29.316101
[17:21:30.327] [SQLAnalysis 25d] query_array to be checked: ['use', 'db']
[17:21:30.327] [SQLAnalysis 25d] normalized_query_array: ['use', 'db']
[17:21:30.327] [SQLiFuzz 25d] No weird chars exist: GET http://localhost:8081/a2_filtered.php | ['[string (False)(None)] Sec-Fetch-Dest=document', '[string (False)(None)] Sec-Fetch-Mode=navigate', '[string (False)(None)] Sec-Fetch-Site=same-origin', '[string (False)(None)] Sec-Fetch-User=?1', '[string (False)(None)] Priority=u=0, i', '[url (False)(None)] path0=a2_filtered.php', '[int (False)(None)] id=)1', '[string (False)(None)] Submit=Submit'] | None
[17:21:30.327] [SQLiFuzz 14a] Getting prepared_target_request with ID 0a5 for test_SQLi iteration 56/70
[17:21:30.327] [SQLiFuzz 0a5] chosen_idx: 6 from 8
[17:21:30.327] [HTTPREQUEST 0a5] Getting matched paramval from found values: ['?1', '1']
[17:21:30.327] [HTTPREQUEST 0a5] Found matched paramval: [string (False)(None)] Sec-Fetch-User=?1
[17:21:30.328] [HTTPREQUEST 0a5] Found matched paramval: [int (False)(None)] id=1
[17:21:30.328] [SQLiFuzz 0a5] Prioritize to fuzz matched SQL value first: [int (False)(None)] id=1
[17:21:30.328] [SQLiFuzz 0a5] Mutation applied. old='1' char=']' strategy='drop' new=']'
[17:21:30.328] [HTTPREQUEST 0a5] Update url and body param from paramvals:
[17:21:30.328] [HTTPREQUEST None] New post_data_encoded: 
[17:21:30.328] [HTTPREQUEST None] New param encoded: Submit=Submit&id=%5D
[17:21:30.328] [GENERALFUNCTION 0a5] ---SENDING THE REQUEST [1790976090-10b34e96-d15f-4551-af17-f2ca2997d0a5] TO : [GET] http://localhost:8081/a2_filtered.php?Submit=Submit&id=%5D
[17:21:30.328] [GENERALFUNCTION 0a5] Post data encoded: 
[17:21:30.328] [GENERALFUNCTION 0a5] Adjusted Referer to http://localhost:8081/a2_filtered.php
[17:21:30.328] [GENERALFUNCTION 0a5] DEBUG OUTGOING request.full_url: http://localhost:8081/a2_filtered.php?Submit=Submit&id=%5D
[17:21:30.329] [GENERALFUNCTION 0a5] DEBUG OUTGOING headers: {'Host': 'localhost:8081', 'User-Agent': 'Mozilla/5.0 (X11; Ubuntu; Linux x86_64; rv:155.0) Gecko/20100101 Firefox/155.0', 'Accept': 'text/html,application/xhtml+xml,application/xml;q=0.9,*/*;q=0.8', 'Accept-Language': 'en-US,en;q=0.9', 'Accept-Encoding': 'gzip, deflate, br, zstd', 'Connection': 'keep-alive', 'Referer': 'http://localhost:8081/a2_filtered.php', 'Cookie': 'PHPSESSID=a7bfad51c20e216fb745b230a7da5e5b; security=impossible', 'Upgrade-Insecure-Requests': '1', 'Sec-Fetch-Dest': 'document', 'Sec-Fetch-Mode': 'navigate', 'Sec-Fetch-Site': 'same-origin', 'Sec-Fetch-User': '?1', 'Priority': 'u=0, i'}
[17:21:30.329] [GENERALFUNCTION 0a5] DEBUG OUTGOING post_data_encoded (truncated): 
[17:21:30.351] [SQLiFuzz 0a5] Response status: 200
[17:21:30.351] [SQLiFuzz 0a5] Response URL: http://localhost:8081/a2_filtered.php?Submit=Submit&id=%5D
[17:21:30.351] [SQLiFuzz 0a5] Was redirected: False
[17:21:30.351] [SQLiFuzz 0a5] Getting response: <!doctype html>
<html>
<body>
<form method="GET">
  <label>User ID: <input type="text" name="id"></label>
  <input type="submit" name="Submit" value="Submit">
</form>
<pre>INPUT REJECTED</pre>
[17:21:31.352] [SQLAnalysis] Read 1 new lines from SQL log file.
[17:21:31.353] [SQLAnalysis] Appended 1 parsed entries.
[17:21:31.353] [SQLAnalysis 0a5] Extracted 590 Logs 2026-10-02 21:21:31.353215: [{'timestamp': '2026-10-02 21:21:30,340332', 'level': 'INFO', 'ip': '172.18.0.5', 'port': 40444, 'sql': 'USE db *#*#OK'}]
[17:21:31.354] [SQLAnalysis 0a5] Updated param pairs: {'looked_value': ']'}
[17:21:31.354] [SQLAnalysis 0a5] Looked timestamp 2026-10-02 21:21:30.329325 -- 2026-10-02 21:21:30.348621
[17:21:31.364] [SQLAnalysis 0a5] query_array to be checked: ['use', 'db']
[17:21:31.364] [SQLAnalysis 0a5] normalized_query_array: ['use', 'db']
[17:21:31.365] [SQLiFuzz 0a5] No weird chars exist: GET http://localhost:8081/a2_filtered.php | ['[string (False)(None)] Sec-Fetch-Dest=document', '[string (False)(None)] Sec-Fetch-Mode=navigate', '[string (False)(None)] Sec-Fetch-Site=same-origin', '[string (False)(None)] Sec-Fetch-User=?1', '[string (False)(None)] Priority=u=0, i', '[url (False)(None)] path0=a2_filtered.php', '[int (False)(None)] id=]', '[string (False)(None)] Submit=Submit'] | None
[17:21:31.365] [SQLiFuzz 14a] Getting prepared_target_request with ID 492 for test_SQLi iteration 57/70
[17:21:31.365] [SQLiFuzz 492] chosen_idx: 0 from 8
[17:21:31.365] [HTTPREQUEST 492] Getting matched paramval from found values: ['?1', '1']
[17:21:31.365] [HTTPREQUEST 492] Found matched paramval: [string (False)(None)] Sec-Fetch-User=?1
[17:21:31.365] [HTTPREQUEST 492] Found matched paramval: [int (False)(None)] id=1
[17:21:31.365] [SQLiFuzz 492] Prioritize to fuzz matched SQL value first: [int (False)(None)] id=1
[17:21:31.365] [SQLiFuzz 492] Mutation applied. old='1' char='{' strategy='random' new='{1'
[17:21:31.365] [HTTPREQUEST 492] Update url and body param from paramvals:
[17:21:31.365] [HTTPREQUEST None] New post_data_encoded: 
[17:21:31.365] [HTTPREQUEST None] New param encoded: Submit=Submit&id=%7B1
[17:21:31.365] [GENERALFUNCTION 492] ---SENDING THE REQUEST [1790976091-e923f1cf-c515-45aa-9bdc-9656b4950492] TO : [GET] http://localhost:8081/a2_filtered.php?Submit=Submit&id=%7B1
[17:21:31.365] [GENERALFUNCTION 492] Post data encoded: 
[17:21:31.366] [GENERALFUNCTION 492] Adjusted Referer to http://localhost:8081/a2_filtered.php
[17:21:31.366] [GENERALFUNCTION 492] DEBUG OUTGOING request.full_url: http://localhost:8081/a2_filtered.php?Submit=Submit&id=%7B1
[17:21:31.366] [GENERALFUNCTION 492] DEBUG OUTGOING headers: {'Host': 'localhost:8081', 'User-Agent': 'Mozilla/5.0 (X11; Ubuntu; Linux x86_64; rv:155.0) Gecko/20100101 Firefox/155.0', 'Accept': 'text/html,application/xhtml+xml,application/xml;q=0.9,*/*;q=0.8', 'Accept-Language': 'en-US,en;q=0.9', 'Accept-Encoding': 'gzip, deflate, br, zstd', 'Connection': 'keep-alive', 'Referer': 'http://localhost:8081/a2_filtered.php', 'Cookie': 'PHPSESSID=a7bfad51c20e216fb745b230a7da5e5b; security=impossible', 'Upgrade-Insecure-Requests': '1', 'Sec-Fetch-Dest': 'document', 'Sec-Fetch-Mode': 'navigate', 'Sec-Fetch-Site': 'same-origin', 'Sec-Fetch-User': '?1', 'Priority': 'u=0, i'}
[17:21:31.366] [GENERALFUNCTION 492] DEBUG OUTGOING post_data_encoded (truncated): 
[17:21:31.390] [SQLiFuzz 492] Response status: 200
[17:21:31.390] [SQLiFuzz 492] Response URL: http://localhost:8081/a2_filtered.php?Submit=Submit&id=%7B1
[17:21:31.390] [SQLiFuzz 492] Was redirected: False
[17:21:31.390] [SQLiFuzz 492] Getting response: <!doctype html>
<html>
<body>
<form method="GET">
  <label>User ID: <input type="text" name="id"></label>
  <input type="submit" name="Submit" value="Submit">
</form>
<pre>INPUT REJECTED</pre>
[17:21:32.391] [SQLAnalysis] Read 1 new lines from SQL log file.
[17:21:32.391] [SQLAnalysis] Appended 1 parsed entries.
[17:21:32.391] [SQLAnalysis 492] Extracted 591 Logs 2026-10-02 21:21:32.391849: [{'timestamp': '2026-10-02 21:21:31,378687', 'level': 'INFO', 'ip': '172.18.0.5', 'port': 40456, 'sql': 'USE db *#*#OK'}]
[17:21:32.392] [SQLAnalysis 492] Updated param pairs: {'looked_value': '{1'}
[17:21:32.393] [SQLAnalysis 492] Looked timestamp 2026-10-02 21:21:31.366241 -- 2026-10-02 21:21:31.387235
[17:21:32.402] [SQLAnalysis 492] query_array to be checked: ['use', 'db']
[17:21:32.403] [SQLAnalysis 492] normalized_query_array: ['use', 'db']
[17:21:32.403] [SQLiFuzz 492] No weird chars exist: GET http://localhost:8081/a2_filtered.php | ['[string (False)(None)] Sec-Fetch-Dest=document', '[string (False)(None)] Sec-Fetch-Mode=navigate', '[string (False)(None)] Sec-Fetch-Site=same-origin', '[string (False)(None)] Sec-Fetch-User=?1', '[string (False)(None)] Priority=u=0, i', '[url (False)(None)] path0=a2_filtered.php', '[int (False)(None)] id={1', '[string (False)(None)] Submit=Submit'] | None
[17:21:32.403] [SQLiFuzz 14a] Getting prepared_target_request with ID 55d for test_SQLi iteration 58/70
[17:21:32.404] [SQLiFuzz 55d] chosen_idx: 0 from 8
[17:21:32.404] [HTTPREQUEST 55d] Getting matched paramval from found values: ['?1', '1']
[17:21:32.404] [HTTPREQUEST 55d] Found matched paramval: [string (False)(None)] Sec-Fetch-User=?1
[17:21:32.404] [HTTPREQUEST 55d] Found matched paramval: [int (False)(None)] id=1
[17:21:32.404] [SQLiFuzz 55d] Prioritize to fuzz matched SQL value first: [int (False)(None)] id=1
[17:21:32.404] [SQLiFuzz 55d] Mutation applied. old='1' char='@' strategy='tail' new='1@'
[17:21:32.404] [HTTPREQUEST 55d] Update url and body param from paramvals:
[17:21:32.404] [HTTPREQUEST None] New post_data_encoded: 
[17:21:32.404] [HTTPREQUEST None] New param encoded: Submit=Submit&id=1%40
[17:21:32.404] [GENERALFUNCTION 55d] ---SENDING THE REQUEST [1790976092-1997b74f-b7d5-44be-8b62-ccc159efb55d] TO : [GET] http://localhost:8081/a2_filtered.php?Submit=Submit&id=1%40
[17:21:32.405] [GENERALFUNCTION 55d] Post data encoded: 
[17:21:32.405] [GENERALFUNCTION 55d] Adjusted Referer to http://localhost:8081/a2_filtered.php
[17:21:32.405] [GENERALFUNCTION 55d] DEBUG OUTGOING request.full_url: http://localhost:8081/a2_filtered.php?Submit=Submit&id=1%40
[17:21:32.405] [GENERALFUNCTION 55d] DEBUG OUTGOING headers: {'Host': 'localhost:8081', 'User-Agent': 'Mozilla/5.0 (X11; Ubuntu; Linux x86_64; rv:155.0) Gecko/20100101 Firefox/155.0', 'Accept': 'text/html,application/xhtml+xml,application/xml;q=0.9,*/*;q=0.8', 'Accept-Language': 'en-US,en;q=0.9', 'Accept-Encoding': 'gzip, deflate, br, zstd', 'Connection': 'keep-alive', 'Referer': 'http://localhost:8081/a2_filtered.php', 'Cookie': 'PHPSESSID=a7bfad51c20e216fb745b230a7da5e5b; security=impossible', 'Upgrade-Insecure-Requests': '1', 'Sec-Fetch-Dest': 'document', 'Sec-Fetch-Mode': 'navigate', 'Sec-Fetch-Site': 'same-origin', 'Sec-Fetch-User': '?1', 'Priority': 'u=0, i'}
[17:21:32.405] [GENERALFUNCTION 55d] DEBUG OUTGOING post_data_encoded (truncated): 
[17:21:32.438] [SQLiFuzz 55d] Response status: 200
[17:21:32.438] [SQLiFuzz 55d] Response URL: http://localhost:8081/a2_filtered.php?Submit=Submit&id=1%40
[17:21:32.438] [SQLiFuzz 55d] Was redirected: False
[17:21:32.438] [SQLiFuzz 55d] Getting response: <!doctype html>
<html>
<body>
<form method="GET">
  <label>User ID: <input type="text" name="id"></label>
  <input type="submit" name="Submit" value="Submit">
</form>
<pre>INPUT REJECTED</pre>
[17:21:33.439] [SQLAnalysis] Read 1 new lines from SQL log file.
[17:21:33.439] [SQLAnalysis] Appended 1 parsed entries.
[17:21:33.439] [SQLAnalysis 55d] Extracted 592 Logs 2026-10-02 21:21:33.439930: [{'timestamp': '2026-10-02 21:21:32,426496', 'level': 'INFO', 'ip': '172.18.0.5', 'port': 60114, 'sql': 'USE db *#*#OK'}]
[17:21:33.440] [SQLAnalysis 55d] Updated param pairs: {'looked_value': '1@'}
[17:21:33.440] [SQLAnalysis 55d] Looked timestamp 2026-10-02 21:21:32.405696 -- 2026-10-02 21:21:32.434454
[17:21:33.446] [SQLAnalysis 55d] query_array to be checked: ['use', 'db']
[17:21:33.446] [SQLAnalysis 55d] normalized_query_array: ['use', 'db']
[17:21:33.446] [SQLiFuzz 55d] No weird chars exist: GET http://localhost:8081/a2_filtered.php | ['[string (False)(None)] Sec-Fetch-Dest=document', '[string (False)(None)] Sec-Fetch-Mode=navigate', '[string (False)(None)] Sec-Fetch-Site=same-origin', '[string (False)(None)] Sec-Fetch-User=?1', '[string (False)(None)] Priority=u=0, i', '[url (False)(None)] path0=a2_filtered.php', '[int (False)(None)] id=1@', '[string (False)(None)] Submit=Submit'] | None
[17:21:33.446] [SQLiFuzz 14a] Getting prepared_target_request with ID dc6 for test_SQLi iteration 59/70
[17:21:33.447] [SQLiFuzz dc6] chosen_idx: 6 from 8
[17:21:33.447] [HTTPREQUEST dc6] Getting matched paramval from found values: ['?1', '1']
[17:21:33.447] [HTTPREQUEST dc6] Found matched paramval: [string (False)(None)] Sec-Fetch-User=?1
[17:21:33.447] [HTTPREQUEST dc6] Found matched paramval: [int (False)(None)] id=1
[17:21:33.447] [SQLiFuzz dc6] Prioritize to fuzz matched SQL value first: [int (False)(None)] id=1
[17:21:33.447] [SQLiFuzz dc6] Mutation applied. old='1' char='=' strategy='drop' new='='
[17:21:33.447] [HTTPREQUEST dc6] Update url and body param from paramvals:
[17:21:33.447] [HTTPREQUEST None] New post_data_encoded: 
[17:21:33.447] [HTTPREQUEST None] New param encoded: Submit=Submit&id=%3D
[17:21:33.447] [GENERALFUNCTION dc6] ---SENDING THE REQUEST [1790976093-1d97e3d2-1829-40db-993b-be2292256dc6] TO : [GET] http://localhost:8081/a2_filtered.php?Submit=Submit&id=%3D
[17:21:33.447] [GENERALFUNCTION dc6] Post data encoded: 
[17:21:33.447] [GENERALFUNCTION dc6] Adjusted Referer to http://localhost:8081/a2_filtered.php
[17:21:33.447] [GENERALFUNCTION dc6] DEBUG OUTGOING request.full_url: http://localhost:8081/a2_filtered.php?Submit=Submit&id=%3D
[17:21:33.447] [GENERALFUNCTION dc6] DEBUG OUTGOING headers: {'Host': 'localhost:8081', 'User-Agent': 'Mozilla/5.0 (X11; Ubuntu; Linux x86_64; rv:155.0) Gecko/20100101 Firefox/155.0', 'Accept': 'text/html,application/xhtml+xml,application/xml;q=0.9,*/*;q=0.8', 'Accept-Language': 'en-US,en;q=0.9', 'Accept-Encoding': 'gzip, deflate, br, zstd', 'Connection': 'keep-alive', 'Referer': 'http://localhost:8081/a2_filtered.php', 'Cookie': 'PHPSESSID=a7bfad51c20e216fb745b230a7da5e5b; security=impossible', 'Upgrade-Insecure-Requests': '1', 'Sec-Fetch-Dest': 'document', 'Sec-Fetch-Mode': 'navigate', 'Sec-Fetch-Site': 'same-origin', 'Sec-Fetch-User': '?1', 'Priority': 'u=0, i'}
[17:21:33.447] [GENERALFUNCTION dc6] DEBUG OUTGOING post_data_encoded (truncated): 
[17:21:33.473] [SQLiFuzz dc6] Response status: 200
[17:21:33.473] [SQLiFuzz dc6] Response URL: http://localhost:8081/a2_filtered.php?Submit=Submit&id=%3D
[17:21:33.474] [SQLiFuzz dc6] Was redirected: False
[17:21:33.474] [SQLiFuzz dc6] Getting response: <!doctype html>
<html>
<body>
<form method="GET">
  <label>User ID: <input type="text" name="id"></label>
  <input type="submit" name="Submit" value="Submit">
</form>
<pre>INPUT REJECTED</pre>
[17:21:34.474] [SQLAnalysis] Read 1 new lines from SQL log file.
[17:21:34.474] [SQLAnalysis] Appended 1 parsed entries.
[17:21:34.474] [SQLAnalysis dc6] Extracted 593 Logs 2026-10-02 21:21:34.474972: [{'timestamp': '2026-10-02 21:21:33,460532', 'level': 'INFO', 'ip': '172.18.0.5', 'port': 60128, 'sql': 'USE db *#*#OK'}]
[17:21:34.475] [SQLAnalysis dc6] Updated param pairs: {'looked_value': '='}
[17:21:34.475] [SQLAnalysis dc6] Looked timestamp 2026-10-02 21:21:33.447983 -- 2026-10-02 21:21:33.470134
[17:21:34.482] [SQLAnalysis dc6] query_array to be checked: ['use', 'db']
[17:21:34.482] [SQLAnalysis dc6] normalized_query_array: ['use', 'db']
[17:21:34.482] [SQLiFuzz dc6] No weird chars exist: GET http://localhost:8081/a2_filtered.php | ['[string (False)(None)] Sec-Fetch-Dest=document', '[string (False)(None)] Sec-Fetch-Mode=navigate', '[string (False)(None)] Sec-Fetch-Site=same-origin', '[string (False)(None)] Sec-Fetch-User=?1', '[string (False)(None)] Priority=u=0, i', '[url (False)(None)] path0=a2_filtered.php', '[int (False)(None)] id==', '[string (False)(None)] Submit=Submit'] | None
[17:21:34.482] [SQLiFuzz 14a] Getting prepared_target_request with ID 111 for test_SQLi iteration 60/70
[17:21:34.482] [SQLiFuzz 111] chosen_idx: 6 from 8
[17:21:34.483] [HTTPREQUEST 111] Getting matched paramval from found values: ['?1', '1']
[17:21:34.483] [HTTPREQUEST 111] Found matched paramval: [string (False)(None)] Sec-Fetch-User=?1
[17:21:34.483] [HTTPREQUEST 111] Found matched paramval: [int (False)(None)] id=1
[17:21:34.483] [SQLiFuzz 111] Prioritize to fuzz matched SQL value first: [int (False)(None)] id=1
[17:21:34.483] [SQLiFuzz 111] Mutation applied. old='1' char='"' strategy='drop' new='"'
[17:21:34.483] [HTTPREQUEST 111] Update url and body param from paramvals:
[17:21:34.483] [HTTPREQUEST None] New post_data_encoded: 
[17:21:34.483] [HTTPREQUEST None] New param encoded: Submit=Submit&id=%22
[17:21:34.483] [GENERALFUNCTION 111] ---SENDING THE REQUEST [1790976094-d4daa48b-b017-4f39-90be-3235954fc111] TO : [GET] http://localhost:8081/a2_filtered.php?Submit=Submit&id=%22
[17:21:34.483] [GENERALFUNCTION 111] Post data encoded: 
[17:21:34.483] [GENERALFUNCTION 111] Adjusted Referer to http://localhost:8081/a2_filtered.php
[17:21:34.483] [GENERALFUNCTION 111] DEBUG OUTGOING request.full_url: http://localhost:8081/a2_filtered.php?Submit=Submit&id=%22
[17:21:34.483] [GENERALFUNCTION 111] DEBUG OUTGOING headers: {'Host': 'localhost:8081', 'User-Agent': 'Mozilla/5.0 (X11; Ubuntu; Linux x86_64; rv:155.0) Gecko/20100101 Firefox/155.0', 'Accept': 'text/html,application/xhtml+xml,application/xml;q=0.9,*/*;q=0.8', 'Accept-Language': 'en-US,en;q=0.9', 'Accept-Encoding': 'gzip, deflate, br, zstd', 'Connection': 'keep-alive', 'Referer': 'http://localhost:8081/a2_filtered.php', 'Cookie': 'PHPSESSID=a7bfad51c20e216fb745b230a7da5e5b; security=impossible', 'Upgrade-Insecure-Requests': '1', 'Sec-Fetch-Dest': 'document', 'Sec-Fetch-Mode': 'navigate', 'Sec-Fetch-Site': 'same-origin', 'Sec-Fetch-User': '?1', 'Priority': 'u=0, i'}
[17:21:34.484] [GENERALFUNCTION 111] DEBUG OUTGOING post_data_encoded (truncated): 
[17:21:34.510] [SQLiFuzz 111] Response status: 200
[17:21:34.510] [SQLiFuzz 111] Response URL: http://localhost:8081/a2_filtered.php?Submit=Submit&id=%22
[17:21:34.510] [SQLiFuzz 111] Was redirected: False
[17:21:34.510] [SQLiFuzz 111] Getting response: <!doctype html>
<html>
<body>
<form method="GET">
  <label>User ID: <input type="text" name="id"></label>
  <input type="submit" name="Submit" value="Submit">
</form>
<pre>INPUT REJECTED</pre>
[17:21:35.511] [SQLAnalysis] Read 1 new lines from SQL log file.
[17:21:35.511] [SQLAnalysis] Appended 1 parsed entries.
[17:21:35.511] [SQLAnalysis 111] Extracted 594 Logs 2026-10-02 21:21:35.511649: [{'timestamp': '2026-10-02 21:21:34,498848', 'level': 'INFO', 'ip': '172.18.0.5', 'port': 60144, 'sql': 'USE db *#*#OK'}]
[17:21:35.511] [SQLAnalysis 111] Updated param pairs: {'looked_value': '"'}
[17:21:35.511] [SQLAnalysis 111] Looked timestamp 2026-10-02 21:21:34.484107 -- 2026-10-02 21:21:34.507594
[17:21:35.516] [SQLAnalysis 111] query_array to be checked: ['use', 'db']
[17:21:35.516] [SQLAnalysis 111] normalized_query_array: ['use', 'db']
[17:21:35.516] [SQLiFuzz 111] No weird chars exist: GET http://localhost:8081/a2_filtered.php | ['[string (False)(None)] Sec-Fetch-Dest=document', '[string (False)(None)] Sec-Fetch-Mode=navigate', '[string (False)(None)] Sec-Fetch-Site=same-origin', '[string (False)(None)] Sec-Fetch-User=?1', '[string (False)(None)] Priority=u=0, i', '[url (False)(None)] path0=a2_filtered.php', '[int (False)(None)] id="', '[string (False)(None)] Submit=Submit'] | None
[17:21:35.516] [SQLiFuzz 14a] Getting prepared_target_request with ID d6b for test_SQLi iteration 61/70
[17:21:35.516] [SQLiFuzz d6b] chosen_idx: 0 from 8
[17:21:35.516] [HTTPREQUEST d6b] Getting matched paramval from found values: ['?1', '1']
[17:21:35.516] [HTTPREQUEST d6b] Found matched paramval: [string (False)(None)] Sec-Fetch-User=?1
[17:21:35.517] [HTTPREQUEST d6b] Found matched paramval: [int (False)(None)] id=1
[17:21:35.517] [SQLiFuzz d6b] Prioritize to fuzz matched SQL value first: [int (False)(None)] id=1
[17:21:35.517] [SQLiFuzz d6b] Mutation applied. old='1' char=']' strategy='drop' new=']'
[17:21:35.517] [HTTPREQUEST d6b] Update url and body param from paramvals:
[17:21:35.517] [HTTPREQUEST None] New post_data_encoded: 
[17:21:35.517] [HTTPREQUEST None] New param encoded: Submit=Submit&id=%5D
[17:21:35.517] [GENERALFUNCTION d6b] ---SENDING THE REQUEST [1790976095-e01a4cf7-45d7-4f2d-b9fd-6450b5252d6b] TO : [GET] http://localhost:8081/a2_filtered.php?Submit=Submit&id=%5D
[17:21:35.517] [GENERALFUNCTION d6b] Post data encoded: 
[17:21:35.517] [GENERALFUNCTION d6b] Adjusted Referer to http://localhost:8081/a2_filtered.php
[17:21:35.518] [GENERALFUNCTION d6b] DEBUG OUTGOING request.full_url: http://localhost:8081/a2_filtered.php?Submit=Submit&id=%5D
[17:21:35.518] [GENERALFUNCTION d6b] DEBUG OUTGOING headers: {'Host': 'localhost:8081', 'User-Agent': 'Mozilla/5.0 (X11; Ubuntu; Linux x86_64; rv:155.0) Gecko/20100101 Firefox/155.0', 'Accept': 'text/html,application/xhtml+xml,application/xml;q=0.9,*/*;q=0.8', 'Accept-Language': 'en-US,en;q=0.9', 'Accept-Encoding': 'gzip, deflate, br, zstd', 'Connection': 'keep-alive', 'Referer': 'http://localhost:8081/a2_filtered.php', 'Cookie': 'PHPSESSID=a7bfad51c20e216fb745b230a7da5e5b; security=impossible', 'Upgrade-Insecure-Requests': '1', 'Sec-Fetch-Dest': 'document', 'Sec-Fetch-Mode': 'navigate', 'Sec-Fetch-Site': 'same-origin', 'Sec-Fetch-User': '?1', 'Priority': 'u=0, i'}
[17:21:35.518] [GENERALFUNCTION d6b] DEBUG OUTGOING post_data_encoded (truncated): 
[17:21:35.522] [HOOK] Idle monitor: 1 pending tasks, 1 active tasks, idle 1s
[17:21:35.523] [HOOK] Number response: 2 | Memory usage (MB): 86.58984375 PID: 40338
[17:21:35.523] [STATS] {'total_req': 2, 'sql_req': 1, 'null_req': 0, 'not_sql_req': 1, 'sql_injection_detected': 0, 'another_sql_error_detected': 0, 'sql_req_not_detected': 0, 'error_req': 0, 'fuzzed_req': 60, 'processing_time_total': 1.3936700000000004, 'processing_time_ave': 0.02322783333333334, 'running_time': 'Not finished yet', 200: 2}
[17:21:35.541] [SQLiFuzz d6b] Response status: 200
[17:21:35.541] [SQLiFuzz d6b] Response URL: http://localhost:8081/a2_filtered.php?Submit=Submit&id=%5D
[17:21:35.541] [SQLiFuzz d6b] Was redirected: False
[17:21:35.541] [SQLiFuzz d6b] Getting response: <!doctype html>
<html>
<body>
<form method="GET">
  <label>User ID: <input type="text" name="id"></label>
  <input type="submit" name="Submit" value="Submit">
</form>
<pre>INPUT REJECTED</pre>
[17:21:36.542] [SQLAnalysis] Read 1 new lines from SQL log file.
[17:21:36.542] [SQLAnalysis] Appended 1 parsed entries.
[17:21:36.542] [SQLAnalysis d6b] Extracted 595 Logs 2026-10-02 21:21:36.542515: [{'timestamp': '2026-10-02 21:21:35,529781', 'level': 'INFO', 'ip': '172.18.0.5', 'port': 60156, 'sql': 'USE db *#*#OK'}]
[17:21:36.542] [SQLAnalysis d6b] Updated param pairs: {'looked_value': ']'}
[17:21:36.542] [SQLAnalysis d6b] Looked timestamp 2026-10-02 21:21:35.518362 -- 2026-10-02 21:21:35.536902
[17:21:36.549] [SQLAnalysis d6b] query_array to be checked: ['use', 'db']
[17:21:36.549] [SQLAnalysis d6b] normalized_query_array: ['use', 'db']
[17:21:36.549] [SQLiFuzz d6b] No weird chars exist: GET http://localhost:8081/a2_filtered.php | ['[string (False)(None)] Sec-Fetch-Dest=document', '[string (False)(None)] Sec-Fetch-Mode=navigate', '[string (False)(None)] Sec-Fetch-Site=same-origin', '[string (False)(None)] Sec-Fetch-User=?1', '[string (False)(None)] Priority=u=0, i', '[url (False)(None)] path0=a2_filtered.php', '[int (False)(None)] id=]', '[string (False)(None)] Submit=Submit'] | None
[17:21:36.550] [SQLiFuzz 14a] Getting prepared_target_request with ID 972 for test_SQLi iteration 62/70
[17:21:36.550] [SQLiFuzz 972] chosen_idx: 5 from 8
[17:21:36.550] [HTTPREQUEST 972] Getting matched paramval from found values: ['?1', '1']
[17:21:36.550] [HTTPREQUEST 972] Found matched paramval: [string (False)(None)] Sec-Fetch-User=?1
[17:21:36.550] [HTTPREQUEST 972] Found matched paramval: [int (False)(None)] id=1
[17:21:36.550] [SQLiFuzz 972] Prioritize to fuzz matched SQL value first: [int (False)(None)] id=1
[17:21:36.550] [SQLiFuzz 972] Mutation applied. old='1' char='\' strategy='front' new='\1'
[17:21:36.550] [HTTPREQUEST 972] Update url and body param from paramvals:
[17:21:36.550] [HTTPREQUEST None] New post_data_encoded: 
[17:21:36.550] [HTTPREQUEST None] New param encoded: Submit=Submit&id=%5C1
[17:21:36.550] [GENERALFUNCTION 972] ---SENDING THE REQUEST [1790976096-f5e9c962-1e1e-4780-97d8-094619fc8972] TO : [GET] http://localhost:8081/a2_filtered.php?Submit=Submit&id=%5C1
[17:21:36.550] [GENERALFUNCTION 972] Post data encoded: 
[17:21:36.550] [GENERALFUNCTION 972] Adjusted Referer to http://localhost:8081/a2_filtered.php
[17:21:36.550] [GENERALFUNCTION 972] DEBUG OUTGOING request.full_url: http://localhost:8081/a2_filtered.php?Submit=Submit&id=%5C1
[17:21:36.550] [GENERALFUNCTION 972] DEBUG OUTGOING headers: {'Host': 'localhost:8081', 'User-Agent': 'Mozilla/5.0 (X11; Ubuntu; Linux x86_64; rv:155.0) Gecko/20100101 Firefox/155.0', 'Accept': 'text/html,application/xhtml+xml,application/xml;q=0.9,*/*;q=0.8', 'Accept-Language': 'en-US,en;q=0.9', 'Accept-Encoding': 'gzip, deflate, br, zstd', 'Connection': 'keep-alive', 'Referer': 'http://localhost:8081/a2_filtered.php', 'Cookie': 'PHPSESSID=a7bfad51c20e216fb745b230a7da5e5b; security=impossible', 'Upgrade-Insecure-Requests': '1', 'Sec-Fetch-Dest': 'document', 'Sec-Fetch-Mode': 'navigate', 'Sec-Fetch-Site': 'same-origin', 'Sec-Fetch-User': '?1', 'Priority': 'u=0, i'}
[17:21:36.550] [GENERALFUNCTION 972] DEBUG OUTGOING post_data_encoded (truncated): 
[17:21:36.572] [SQLiFuzz 972] Response status: 200
[17:21:36.572] [SQLiFuzz 972] Response URL: http://localhost:8081/a2_filtered.php?Submit=Submit&id=%5C1
[17:21:36.572] [SQLiFuzz 972] Was redirected: False
[17:21:36.572] [SQLiFuzz 972] Getting response: <!doctype html>
<html>
<body>
<form method="GET">
  <label>User ID: <input type="text" name="id"></label>
  <input type="submit" name="Submit" value="Submit">
</form>
<pre>INPUT REJECTED</pre>
[17:21:37.573] [SQLAnalysis] Read 1 new lines from SQL log file.
[17:21:37.574] [SQLAnalysis] Appended 1 parsed entries.
[17:21:37.574] [SQLAnalysis 972] Extracted 596 Logs 2026-10-02 21:21:37.574326: [{'timestamp': '2026-10-02 21:21:36,562036', 'level': 'INFO', 'ip': '172.18.0.5', 'port': 60172, 'sql': 'USE db *#*#OK'}]
[17:21:37.574] [SQLAnalysis 972] Updated param pairs: {'looked_value': '\\1'}
[17:21:37.574] [SQLAnalysis 972] Looked timestamp 2026-10-02 21:21:36.550961 -- 2026-10-02 21:21:36.569449
[17:21:37.579] [SQLAnalysis 972] query_array to be checked: ['use', 'db']
[17:21:37.579] [SQLAnalysis 972] normalized_query_array: ['use', 'db']
[17:21:37.580] [SQLiFuzz 972] No weird chars exist: GET http://localhost:8081/a2_filtered.php | ['[string (False)(None)] Sec-Fetch-Dest=document', '[string (False)(None)] Sec-Fetch-Mode=navigate', '[string (False)(None)] Sec-Fetch-Site=same-origin', '[string (False)(None)] Sec-Fetch-User=?1', '[string (False)(None)] Priority=u=0, i', '[url (False)(None)] path0=a2_filtered.php', '[int (False)(None)] id=\\1', '[string (False)(None)] Submit=Submit'] | None
[17:21:37.580] [SQLiFuzz 14a] Getting prepared_target_request with ID 11e for test_SQLi iteration 63/70
[17:21:37.580] [SQLiFuzz 11e] chosen_idx: 6 from 8
[17:21:37.580] [HTTPREQUEST 11e] Getting matched paramval from found values: ['?1', '1']
[17:21:37.580] [HTTPREQUEST 11e] Found matched paramval: [string (False)(None)] Sec-Fetch-User=?1
[17:21:37.580] [HTTPREQUEST 11e] Found matched paramval: [int (False)(None)] id=1
[17:21:37.580] [SQLiFuzz 11e] Prioritize to fuzz matched SQL value first: [int (False)(None)] id=1
[17:21:37.580] [SQLiFuzz 11e] Mutation applied. old='1' char=')' strategy='random' new='1)'
[17:21:37.580] [HTTPREQUEST 11e] Update url and body param from paramvals:
[17:21:37.580] [HTTPREQUEST None] New post_data_encoded: 
[17:21:37.580] [HTTPREQUEST None] New param encoded: Submit=Submit&id=1%29
[17:21:37.581] [GENERALFUNCTION 11e] ---SENDING THE REQUEST [1790976097-d1f8b1df-ee22-4bc4-91d8-e0178a65b11e] TO : [GET] http://localhost:8081/a2_filtered.php?Submit=Submit&id=1%29
[17:21:37.581] [GENERALFUNCTION 11e] Post data encoded: 
[17:21:37.581] [GENERALFUNCTION 11e] Adjusted Referer to http://localhost:8081/a2_filtered.php
[17:21:37.581] [GENERALFUNCTION 11e] DEBUG OUTGOING request.full_url: http://localhost:8081/a2_filtered.php?Submit=Submit&id=1%29
[17:21:37.581] [GENERALFUNCTION 11e] DEBUG OUTGOING headers: {'Host': 'localhost:8081', 'User-Agent': 'Mozilla/5.0 (X11; Ubuntu; Linux x86_64; rv:155.0) Gecko/20100101 Firefox/155.0', 'Accept': 'text/html,application/xhtml+xml,application/xml;q=0.9,*/*;q=0.8', 'Accept-Language': 'en-US,en;q=0.9', 'Accept-Encoding': 'gzip, deflate, br, zstd', 'Connection': 'keep-alive', 'Referer': 'http://localhost:8081/a2_filtered.php', 'Cookie': 'PHPSESSID=a7bfad51c20e216fb745b230a7da5e5b; security=impossible', 'Upgrade-Insecure-Requests': '1', 'Sec-Fetch-Dest': 'document', 'Sec-Fetch-Mode': 'navigate', 'Sec-Fetch-Site': 'same-origin', 'Sec-Fetch-User': '?1', 'Priority': 'u=0, i'}
[17:21:37.581] [GENERALFUNCTION 11e] DEBUG OUTGOING post_data_encoded (truncated): 
[17:21:37.600] [SQLiFuzz 11e] Response status: 200
[17:21:37.600] [SQLiFuzz 11e] Response URL: http://localhost:8081/a2_filtered.php?Submit=Submit&id=1%29
[17:21:37.600] [SQLiFuzz 11e] Was redirected: False
[17:21:37.600] [SQLiFuzz 11e] Getting response: <!doctype html>
<html>
<body>
<form method="GET">
  <label>User ID: <input type="text" name="id"></label>
  <input type="submit" name="Submit" value="Submit">
</form>
<pre>INPUT REJECTED</pre>
[17:21:38.601] [SQLAnalysis] Read 1 new lines from SQL log file.
[17:21:38.602] [SQLAnalysis] Appended 1 parsed entries.
[17:21:38.602] [SQLAnalysis 11e] Extracted 597 Logs 2026-10-02 21:21:38.602229: [{'timestamp': '2026-10-02 21:21:37,591026', 'level': 'INFO', 'ip': '172.18.0.5', 'port': 60190, 'sql': 'USE db *#*#OK'}]
[17:21:38.602] [SQLAnalysis 11e] Updated param pairs: {'looked_value': '1)'}
[17:21:38.602] [SQLAnalysis 11e] Looked timestamp 2026-10-02 21:21:37.581369 -- 2026-10-02 21:21:37.597680
[17:21:38.607] [SQLAnalysis 11e] query_array to be checked: ['use', 'db']
[17:21:38.607] [SQLAnalysis 11e] normalized_query_array: ['use', 'db']
[17:21:38.607] [SQLiFuzz 11e] No weird chars exist: GET http://localhost:8081/a2_filtered.php | ['[string (False)(None)] Sec-Fetch-Dest=document', '[string (False)(None)] Sec-Fetch-Mode=navigate', '[string (False)(None)] Sec-Fetch-Site=same-origin', '[string (False)(None)] Sec-Fetch-User=?1', '[string (False)(None)] Priority=u=0, i', '[url (False)(None)] path0=a2_filtered.php', '[int (False)(None)] id=1)', '[string (False)(None)] Submit=Submit'] | None
[17:21:38.608] [SQLiFuzz 14a] Getting prepared_target_request with ID d16 for test_SQLi iteration 64/70
[17:21:38.608] [SQLiFuzz d16] chosen_idx: 7 from 8
[17:21:38.608] [HTTPREQUEST d16] Getting matched paramval from found values: ['?1', '1']
[17:21:38.608] [HTTPREQUEST d16] Found matched paramval: [string (False)(None)] Sec-Fetch-User=?1
[17:21:38.608] [HTTPREQUEST d16] Found matched paramval: [int (False)(None)] id=1
[17:21:38.608] [SQLiFuzz d16] Prioritize to fuzz matched SQL value first: [int (False)(None)] id=1
[17:21:38.608] [SQLiFuzz d16] Mutation applied. old='1' char='?' strategy='front' new='?1'
[17:21:38.608] [HTTPREQUEST d16] Update url and body param from paramvals:
[17:21:38.608] [HTTPREQUEST None] New post_data_encoded: 
[17:21:38.608] [HTTPREQUEST None] New param encoded: Submit=Submit&id=%3F1
[17:21:38.608] [GENERALFUNCTION d16] ---SENDING THE REQUEST [1790976098-4d4083dc-afd2-4020-97a5-533dbc8aad16] TO : [GET] http://localhost:8081/a2_filtered.php?Submit=Submit&id=%3F1
[17:21:38.608] [GENERALFUNCTION d16] Post data encoded: 
[17:21:38.608] [GENERALFUNCTION d16] Adjusted Referer to http://localhost:8081/a2_filtered.php
[17:21:38.609] [GENERALFUNCTION d16] DEBUG OUTGOING request.full_url: http://localhost:8081/a2_filtered.php?Submit=Submit&id=%3F1
[17:21:38.609] [GENERALFUNCTION d16] DEBUG OUTGOING headers: {'Host': 'localhost:8081', 'User-Agent': 'Mozilla/5.0 (X11; Ubuntu; Linux x86_64; rv:155.0) Gecko/20100101 Firefox/155.0', 'Accept': 'text/html,application/xhtml+xml,application/xml;q=0.9,*/*;q=0.8', 'Accept-Language': 'en-US,en;q=0.9', 'Accept-Encoding': 'gzip, deflate, br, zstd', 'Connection': 'keep-alive', 'Referer': 'http://localhost:8081/a2_filtered.php', 'Cookie': 'PHPSESSID=a7bfad51c20e216fb745b230a7da5e5b; security=impossible', 'Upgrade-Insecure-Requests': '1', 'Sec-Fetch-Dest': 'document', 'Sec-Fetch-Mode': 'navigate', 'Sec-Fetch-Site': 'same-origin', 'Sec-Fetch-User': '?1', 'Priority': 'u=0, i'}
[17:21:38.609] [GENERALFUNCTION d16] DEBUG OUTGOING post_data_encoded (truncated): 
[17:21:38.665] [SQLiFuzz d16] Response status: 200
[17:21:38.665] [SQLiFuzz d16] Response URL: http://localhost:8081/a2_filtered.php?Submit=Submit&id=%3F1
[17:21:38.665] [SQLiFuzz d16] Was redirected: False
[17:21:38.666] [SQLiFuzz d16] Getting response: <!doctype html>
<html>
<body>
<form method="GET">
  <label>User ID: <input type="text" name="id"></label>
  <input type="submit" name="Submit" value="Submit">
</form>
<pre>INPUT REJECTED</pre>
[17:21:39.666] [SQLAnalysis] Read 1 new lines from SQL log file.
[17:21:39.666] [SQLAnalysis] Appended 1 parsed entries.
[17:21:39.666] [SQLAnalysis d16] Extracted 598 Logs 2026-10-02 21:21:39.666728: [{'timestamp': '2026-10-02 21:21:38,653570', 'level': 'INFO', 'ip': '172.18.0.5', 'port': 60204, 'sql': 'USE db *#*#OK'}]
[17:21:39.666] [SQLAnalysis d16] Updated param pairs: {'looked_value': '?1'}
[17:21:39.666] [SQLAnalysis d16] Looked timestamp 2026-10-02 21:21:38.609257 -- 2026-10-02 21:21:38.660268
[17:21:39.671] [SQLAnalysis d16] query_array to be checked: ['use', 'db']
[17:21:39.671] [SQLAnalysis d16] normalized_query_array: ['use', 'db']
[17:21:39.671] [SQLiFuzz d16] No weird chars exist: GET http://localhost:8081/a2_filtered.php | ['[string (False)(None)] Sec-Fetch-Dest=document', '[string (False)(None)] Sec-Fetch-Mode=navigate', '[string (False)(None)] Sec-Fetch-Site=same-origin', '[string (False)(None)] Sec-Fetch-User=?1', '[string (False)(None)] Priority=u=0, i', '[url (False)(None)] path0=a2_filtered.php', '[int (False)(None)] id=?1', '[string (False)(None)] Submit=Submit'] | None
[17:21:39.671] [SQLiFuzz 14a] Getting prepared_target_request with ID 4a9 for test_SQLi iteration 65/70
[17:21:39.671] [SQLiFuzz 4a9] chosen_idx: 0 from 8
[17:21:39.671] [HTTPREQUEST 4a9] Getting matched paramval from found values: ['?1', '1']
[17:21:39.672] [HTTPREQUEST 4a9] Found matched paramval: [string (False)(None)] Sec-Fetch-User=?1
[17:21:39.672] [HTTPREQUEST 4a9] Found matched paramval: [int (False)(None)] id=1
[17:21:39.672] [SQLiFuzz 4a9] Prioritize to fuzz matched SQL value first: [int (False)(None)] id=1
[17:21:39.672] [SQLiFuzz 4a9] Mutation applied. old='1' char='[' strategy='tail' new='1['
[17:21:39.672] [HTTPREQUEST 4a9] Update url and body param from paramvals:
[17:21:39.672] [HTTPREQUEST None] New post_data_encoded: 
[17:21:39.672] [HTTPREQUEST None] New param encoded: Submit=Submit&id=1%5B
[17:21:39.672] [GENERALFUNCTION 4a9] ---SENDING THE REQUEST [1790976099-9b8a7fd0-687e-4ab1-b1de-f3f4936444a9] TO : [GET] http://localhost:8081/a2_filtered.php?Submit=Submit&id=1%5B
[17:21:39.672] [GENERALFUNCTION 4a9] Post data encoded: 
[17:21:39.672] [GENERALFUNCTION 4a9] Adjusted Referer to http://localhost:8081/a2_filtered.php
[17:21:39.672] [GENERALFUNCTION 4a9] DEBUG OUTGOING request.full_url: http://localhost:8081/a2_filtered.php?Submit=Submit&id=1%5B
[17:21:39.672] [GENERALFUNCTION 4a9] DEBUG OUTGOING headers: {'Host': 'localhost:8081', 'User-Agent': 'Mozilla/5.0 (X11; Ubuntu; Linux x86_64; rv:155.0) Gecko/20100101 Firefox/155.0', 'Accept': 'text/html,application/xhtml+xml,application/xml;q=0.9,*/*;q=0.8', 'Accept-Language': 'en-US,en;q=0.9', 'Accept-Encoding': 'gzip, deflate, br, zstd', 'Connection': 'keep-alive', 'Referer': 'http://localhost:8081/a2_filtered.php', 'Cookie': 'PHPSESSID=a7bfad51c20e216fb745b230a7da5e5b; security=impossible', 'Upgrade-Insecure-Requests': '1', 'Sec-Fetch-Dest': 'document', 'Sec-Fetch-Mode': 'navigate', 'Sec-Fetch-Site': 'same-origin', 'Sec-Fetch-User': '?1', 'Priority': 'u=0, i'}
[17:21:39.672] [GENERALFUNCTION 4a9] DEBUG OUTGOING post_data_encoded (truncated): 
[17:21:39.705] [SQLiFuzz 4a9] Response status: 200
[17:21:39.705] [SQLiFuzz 4a9] Response URL: http://localhost:8081/a2_filtered.php?Submit=Submit&id=1%5B
[17:21:39.705] [SQLiFuzz 4a9] Was redirected: False
[17:21:39.705] [SQLiFuzz 4a9] Getting response: <!doctype html>
<html>
<body>
<form method="GET">
  <label>User ID: <input type="text" name="id"></label>
  <input type="submit" name="Submit" value="Submit">
</form>
<pre>INPUT REJECTED</pre>
[17:21:40.706] [SQLAnalysis] Read 1 new lines from SQL log file.
[17:21:40.706] [SQLAnalysis] Appended 1 parsed entries.
[17:21:40.707] [SQLAnalysis 4a9] Extracted 599 Logs 2026-10-02 21:21:40.707121: [{'timestamp': '2026-10-02 21:21:39,686832', 'level': 'INFO', 'ip': '172.18.0.5', 'port': 60218, 'sql': 'USE db *#*#OK'}]
[17:21:40.707] [SQLAnalysis 4a9] Updated param pairs: {'looked_value': '1['}
[17:21:40.707] [SQLAnalysis 4a9] Looked timestamp 2026-10-02 21:21:39.673028 -- 2026-10-02 21:21:39.702434
[17:21:40.722] [SQLAnalysis 4a9] query_array to be checked: ['use', 'db']
[17:21:40.722] [SQLAnalysis 4a9] normalized_query_array: ['use', 'db']
[17:21:40.722] [SQLiFuzz 4a9] No weird chars exist: GET http://localhost:8081/a2_filtered.php | ['[string (False)(None)] Sec-Fetch-Dest=document', '[string (False)(None)] Sec-Fetch-Mode=navigate', '[string (False)(None)] Sec-Fetch-Site=same-origin', '[string (False)(None)] Sec-Fetch-User=?1', '[string (False)(None)] Priority=u=0, i', '[url (False)(None)] path0=a2_filtered.php', '[int (False)(None)] id=1[', '[string (False)(None)] Submit=Submit'] | None
[17:21:40.723] [SQLiFuzz 14a] Getting prepared_target_request with ID 9be for test_SQLi iteration 66/70
[17:21:40.723] [SQLiFuzz 9be] chosen_idx: 5 from 8
[17:21:40.724] [HTTPREQUEST 9be] Getting matched paramval from found values: ['?1', '1']
[17:21:40.724] [HTTPREQUEST 9be] Found matched paramval: [string (False)(None)] Sec-Fetch-User=?1
[17:21:40.724] [HTTPREQUEST 9be] Found matched paramval: [int (False)(None)] id=1
[17:21:40.724] [SQLiFuzz 9be] Prioritize to fuzz matched SQL value first: [int (False)(None)] id=1
[17:21:40.724] [SQLiFuzz 9be] Mutation applied. old='1' char='~' strategy='drop' new='~'
[17:21:40.724] [HTTPREQUEST 9be] Update url and body param from paramvals:
[17:21:40.724] [HTTPREQUEST None] New post_data_encoded: 
[17:21:40.724] [HTTPREQUEST None] New param encoded: Submit=Submit&id=~
[17:21:40.724] [GENERALFUNCTION 9be] ---SENDING THE REQUEST [1790976100-fb45b123-b39c-431d-8281-589c92b869be] TO : [GET] http://localhost:8081/a2_filtered.php?Submit=Submit&id=~
[17:21:40.724] [GENERALFUNCTION 9be] Post data encoded: 
[17:21:40.725] [GENERALFUNCTION 9be] Adjusted Referer to http://localhost:8081/a2_filtered.php
[17:21:40.725] [GENERALFUNCTION 9be] DEBUG OUTGOING request.full_url: http://localhost:8081/a2_filtered.php?Submit=Submit&id=~
[17:21:40.725] [GENERALFUNCTION 9be] DEBUG OUTGOING headers: {'Host': 'localhost:8081', 'User-Agent': 'Mozilla/5.0 (X11; Ubuntu; Linux x86_64; rv:155.0) Gecko/20100101 Firefox/155.0', 'Accept': 'text/html,application/xhtml+xml,application/xml;q=0.9,*/*;q=0.8', 'Accept-Language': 'en-US,en;q=0.9', 'Accept-Encoding': 'gzip, deflate, br, zstd', 'Connection': 'keep-alive', 'Referer': 'http://localhost:8081/a2_filtered.php', 'Cookie': 'PHPSESSID=a7bfad51c20e216fb745b230a7da5e5b; security=impossible', 'Upgrade-Insecure-Requests': '1', 'Sec-Fetch-Dest': 'document', 'Sec-Fetch-Mode': 'navigate', 'Sec-Fetch-Site': 'same-origin', 'Sec-Fetch-User': '?1', 'Priority': 'u=0, i'}
[17:21:40.725] [GENERALFUNCTION 9be] DEBUG OUTGOING post_data_encoded (truncated): 
[17:21:40.759] [SQLiFuzz 9be] Response status: 200
[17:21:40.759] [SQLiFuzz 9be] Response URL: http://localhost:8081/a2_filtered.php?Submit=Submit&id=~
[17:21:40.759] [SQLiFuzz 9be] Was redirected: False
[17:21:40.759] [SQLiFuzz 9be] Getting response: <!doctype html>
<html>
<body>
<form method="GET">
  <label>User ID: <input type="text" name="id"></label>
  <input type="submit" name="Submit" value="Submit">
</form>
<pre>INPUT REJECTED</pre>
[17:21:41.760] [SQLAnalysis] Read 1 new lines from SQL log file.
[17:21:41.760] [SQLAnalysis] Appended 1 parsed entries.
[17:21:41.761] [SQLAnalysis 9be] Extracted 600 Logs 2026-10-02 21:21:41.761012: [{'timestamp': '2026-10-02 21:21:40,743494', 'level': 'INFO', 'ip': '172.18.0.5', 'port': 60238, 'sql': 'USE db *#*#OK'}]
[17:21:41.761] [SQLAnalysis 9be] Updated param pairs: {'looked_value': '~'}
[17:21:41.761] [SQLAnalysis 9be] Looked timestamp 2026-10-02 21:21:40.725814 -- 2026-10-02 21:21:40.754729
[17:21:41.768] [SQLAnalysis 9be] query_array to be checked: ['use', 'db']
[17:21:41.768] [SQLAnalysis 9be] normalized_query_array: ['use', 'db']
[17:21:41.768] [SQLiFuzz 9be] No weird chars exist: GET http://localhost:8081/a2_filtered.php | ['[string (False)(None)] Sec-Fetch-Dest=document', '[string (False)(None)] Sec-Fetch-Mode=navigate', '[string (False)(None)] Sec-Fetch-Site=same-origin', '[string (False)(None)] Sec-Fetch-User=?1', '[string (False)(None)] Priority=u=0, i', '[url (False)(None)] path0=a2_filtered.php', '[int (False)(None)] id=~', '[string (False)(None)] Submit=Submit'] | None
[17:21:41.769] [SQLiFuzz 14a] Getting prepared_target_request with ID 076 for test_SQLi iteration 67/70
[17:21:41.769] [SQLiFuzz 076] chosen_idx: 6 from 8
[17:21:41.769] [HTTPREQUEST 076] Getting matched paramval from found values: ['?1', '1']
[17:21:41.769] [HTTPREQUEST 076] Found matched paramval: [string (False)(None)] Sec-Fetch-User=?1
[17:21:41.769] [HTTPREQUEST 076] Found matched paramval: [int (False)(None)] id=1
[17:21:41.769] [SQLiFuzz 076] Prioritize to fuzz matched SQL value first: [int (False)(None)] id=1
[17:21:41.769] [SQLiFuzz 076] Mutation applied. old='1' char='_' strategy='random' new='1_'
[17:21:41.769] [HTTPREQUEST 076] Update url and body param from paramvals:
[17:21:41.769] [HTTPREQUEST None] New post_data_encoded: 
[17:21:41.769] [HTTPREQUEST None] New param encoded: Submit=Submit&id=1_
[17:21:41.769] [GENERALFUNCTION 076] ---SENDING THE REQUEST [1790976101-e8a85e1f-5e18-4363-a387-0806cd041076] TO : [GET] http://localhost:8081/a2_filtered.php?Submit=Submit&id=1_
[17:21:41.769] [GENERALFUNCTION 076] Post data encoded: 
[17:21:41.769] [GENERALFUNCTION 076] Adjusted Referer to http://localhost:8081/a2_filtered.php
[17:21:41.770] [GENERALFUNCTION 076] DEBUG OUTGOING request.full_url: http://localhost:8081/a2_filtered.php?Submit=Submit&id=1_
[17:21:41.770] [GENERALFUNCTION 076] DEBUG OUTGOING headers: {'Host': 'localhost:8081', 'User-Agent': 'Mozilla/5.0 (X11; Ubuntu; Linux x86_64; rv:155.0) Gecko/20100101 Firefox/155.0', 'Accept': 'text/html,application/xhtml+xml,application/xml;q=0.9,*/*;q=0.8', 'Accept-Language': 'en-US,en;q=0.9', 'Accept-Encoding': 'gzip, deflate, br, zstd', 'Connection': 'keep-alive', 'Referer': 'http://localhost:8081/a2_filtered.php', 'Cookie': 'PHPSESSID=a7bfad51c20e216fb745b230a7da5e5b; security=impossible', 'Upgrade-Insecure-Requests': '1', 'Sec-Fetch-Dest': 'document', 'Sec-Fetch-Mode': 'navigate', 'Sec-Fetch-Site': 'same-origin', 'Sec-Fetch-User': '?1', 'Priority': 'u=0, i'}
[17:21:41.770] [GENERALFUNCTION 076] DEBUG OUTGOING post_data_encoded (truncated): 
[17:21:41.804] [SQLiFuzz 076] Response status: 200
[17:21:41.804] [SQLiFuzz 076] Response URL: http://localhost:8081/a2_filtered.php?Submit=Submit&id=1_
[17:21:41.804] [SQLiFuzz 076] Was redirected: False
[17:21:41.804] [SQLiFuzz 076] Getting response: <!doctype html>
<html>
<body>
<form method="GET">
  <label>User ID: <input type="text" name="id"></label>
  <input type="submit" name="Submit" value="Submit">
</form>
<pre>INPUT REJECTED</pre>
[17:21:42.805] [SQLAnalysis] Read 1 new lines from SQL log file.
[17:21:42.805] [SQLAnalysis] Appended 1 parsed entries.
[17:21:42.805] [SQLAnalysis 076] Extracted 601 Logs 2026-10-02 21:21:42.805921: [{'timestamp': '2026-10-02 21:21:41,786967', 'level': 'INFO', 'ip': '172.18.0.5', 'port': 60250, 'sql': 'USE db *#*#OK'}]
[17:21:42.806] [SQLAnalysis 076] Updated param pairs: {'looked_value': '1_'}
[17:21:42.806] [SQLAnalysis 076] Looked timestamp 2026-10-02 21:21:41.770302 -- 2026-10-02 21:21:41.801230
[17:21:42.812] [SQLAnalysis 076] query_array to be checked: ['use', 'db']
[17:21:42.812] [SQLAnalysis 076] normalized_query_array: ['use', 'db']
[17:21:42.812] [SQLiFuzz 076] No weird chars exist: GET http://localhost:8081/a2_filtered.php | ['[string (False)(None)] Sec-Fetch-Dest=document', '[string (False)(None)] Sec-Fetch-Mode=navigate', '[string (False)(None)] Sec-Fetch-Site=same-origin', '[string (False)(None)] Sec-Fetch-User=?1', '[string (False)(None)] Priority=u=0, i', '[url (False)(None)] path0=a2_filtered.php', '[int (False)(None)] id=1_', '[string (False)(None)] Submit=Submit'] | None
[17:21:42.813] [SQLiFuzz 14a] Getting prepared_target_request with ID 39e for test_SQLi iteration 68/70
[17:21:42.813] [SQLiFuzz 39e] chosen_idx: 6 from 8
[17:21:42.813] [HTTPREQUEST 39e] Getting matched paramval from found values: ['?1', '1']
[17:21:42.813] [HTTPREQUEST 39e] Found matched paramval: [string (False)(None)] Sec-Fetch-User=?1
[17:21:42.813] [HTTPREQUEST 39e] Found matched paramval: [int (False)(None)] id=1
[17:21:42.813] [SQLiFuzz 39e] Prioritize to fuzz matched SQL value first: [int (False)(None)] id=1
[17:21:42.813] [SQLiFuzz 39e] Mutation applied. old='1' char='^' strategy='random' new='1^'
[17:21:42.813] [HTTPREQUEST 39e] Update url and body param from paramvals:
[17:21:42.813] [HTTPREQUEST None] New post_data_encoded: 
[17:21:42.813] [HTTPREQUEST None] New param encoded: Submit=Submit&id=1%5E
[17:21:42.813] [GENERALFUNCTION 39e] ---SENDING THE REQUEST [1790976102-54c4e039-28dd-43cb-8a8f-c6f5776e339e] TO : [GET] http://localhost:8081/a2_filtered.php?Submit=Submit&id=1%5E
[17:21:42.814] [GENERALFUNCTION 39e] Post data encoded: 
[17:21:42.814] [GENERALFUNCTION 39e] Adjusted Referer to http://localhost:8081/a2_filtered.php
[17:21:42.814] [GENERALFUNCTION 39e] DEBUG OUTGOING request.full_url: http://localhost:8081/a2_filtered.php?Submit=Submit&id=1%5E
[17:21:42.814] [GENERALFUNCTION 39e] DEBUG OUTGOING headers: {'Host': 'localhost:8081', 'User-Agent': 'Mozilla/5.0 (X11; Ubuntu; Linux x86_64; rv:155.0) Gecko/20100101 Firefox/155.0', 'Accept': 'text/html,application/xhtml+xml,application/xml;q=0.9,*/*;q=0.8', 'Accept-Language': 'en-US,en;q=0.9', 'Accept-Encoding': 'gzip, deflate, br, zstd', 'Connection': 'keep-alive', 'Referer': 'http://localhost:8081/a2_filtered.php', 'Cookie': 'PHPSESSID=a7bfad51c20e216fb745b230a7da5e5b; security=impossible', 'Upgrade-Insecure-Requests': '1', 'Sec-Fetch-Dest': 'document', 'Sec-Fetch-Mode': 'navigate', 'Sec-Fetch-Site': 'same-origin', 'Sec-Fetch-User': '?1', 'Priority': 'u=0, i'}
[17:21:42.814] [GENERALFUNCTION 39e] DEBUG OUTGOING post_data_encoded (truncated): 
[17:21:43.737] [SQLiFuzz 39e] Response status: 200
[17:21:43.738] [SQLiFuzz 39e] Response URL: http://localhost:8081/a2_filtered.php?Submit=Submit&id=1%5E
[17:21:43.738] [SQLiFuzz 39e] Was redirected: False
[17:21:43.738] [SQLiFuzz 39e] Getting response: <!doctype html>
<html>
<body>
<form method="GET">
  <label>User ID: <input type="text" name="id"></label>
  <input type="submit" name="Submit" value="Submit">
</form>
<pre>INPUT REJECTED</pre>
[17:21:45.457] [SQLAnalysis] Read 1 new lines from SQL log file.
[17:21:45.457] [SQLAnalysis] Appended 1 parsed entries.
[17:21:45.458] [SQLAnalysis 39e] Extracted 602 Logs 2026-10-02 21:21:45.458150: [{'timestamp': '2026-10-02 21:21:43,709110', 'level': 'INFO', 'ip': '172.18.0.5', 'port': 59220, 'sql': 'USE db *#*#OK'}]
[17:21:45.458] [SQLAnalysis 39e] Updated param pairs: {'looked_value': '1^'}
[17:21:45.458] [SQLAnalysis 39e] Looked timestamp 2026-10-02 21:21:42.814473 -- 2026-10-02 21:21:43.729852
[17:21:45.465] [SQLAnalysis 39e] query_array to be checked: ['use', 'db']
[17:21:45.466] [SQLAnalysis 39e] normalized_query_array: ['use', 'db']
[17:21:45.466] [SQLiFuzz 39e] No weird chars exist: GET http://localhost:8081/a2_filtered.php | ['[string (False)(None)] Sec-Fetch-Dest=document', '[string (False)(None)] Sec-Fetch-Mode=navigate', '[string (False)(None)] Sec-Fetch-Site=same-origin', '[string (False)(None)] Sec-Fetch-User=?1', '[string (False)(None)] Priority=u=0, i', '[url (False)(None)] path0=a2_filtered.php', '[int (False)(None)] id=1^', '[string (False)(None)] Submit=Submit'] | None
[17:21:45.466] [SQLiFuzz 14a] Getting prepared_target_request with ID 7a9 for test_SQLi iteration 69/70
[17:21:45.466] [SQLiFuzz 7a9] chosen_idx: 7 from 8
[17:21:45.466] [HTTPREQUEST 7a9] Getting matched paramval from found values: ['?1', '1']
[17:21:45.466] [HTTPREQUEST 7a9] Found matched paramval: [string (False)(None)] Sec-Fetch-User=?1
[17:21:45.466] [HTTPREQUEST 7a9] Found matched paramval: [int (False)(None)] id=1
[17:21:45.466] [SQLiFuzz 7a9] Prioritize to fuzz matched SQL value first: [int (False)(None)] id=1
[17:21:45.466] [SQLiFuzz 7a9] Mutation applied. old='1' char='&' strategy='tail' new='1&'
[17:21:45.466] [HTTPREQUEST 7a9] Update url and body param from paramvals:
[17:21:45.466] [HTTPREQUEST None] New post_data_encoded: 
[17:21:45.466] [HTTPREQUEST None] New param encoded: Submit=Submit&id=1%26
[17:21:45.466] [GENERALFUNCTION 7a9] ---SENDING THE REQUEST [1790976105-be4c1259-00b2-4096-bffa-670de51c77a9] TO : [GET] http://localhost:8081/a2_filtered.php?Submit=Submit&id=1%26
[17:21:45.467] [GENERALFUNCTION 7a9] Post data encoded: 
[17:21:45.467] [GENERALFUNCTION 7a9] Adjusted Referer to http://localhost:8081/a2_filtered.php
[17:21:45.467] [GENERALFUNCTION 7a9] DEBUG OUTGOING request.full_url: http://localhost:8081/a2_filtered.php?Submit=Submit&id=1%26
[17:21:45.467] [GENERALFUNCTION 7a9] DEBUG OUTGOING headers: {'Host': 'localhost:8081', 'User-Agent': 'Mozilla/5.0 (X11; Ubuntu; Linux x86_64; rv:155.0) Gecko/20100101 Firefox/155.0', 'Accept': 'text/html,application/xhtml+xml,application/xml;q=0.9,*/*;q=0.8', 'Accept-Language': 'en-US,en;q=0.9', 'Accept-Encoding': 'gzip, deflate, br, zstd', 'Connection': 'keep-alive', 'Referer': 'http://localhost:8081/a2_filtered.php', 'Cookie': 'PHPSESSID=a7bfad51c20e216fb745b230a7da5e5b; security=impossible', 'Upgrade-Insecure-Requests': '1', 'Sec-Fetch-Dest': 'document', 'Sec-Fetch-Mode': 'navigate', 'Sec-Fetch-Site': 'same-origin', 'Sec-Fetch-User': '?1', 'Priority': 'u=0, i'}
[17:21:45.468] [GENERALFUNCTION 7a9] DEBUG OUTGOING post_data_encoded (truncated): 
[17:21:45.542] [SQLiFuzz 7a9] Response status: 200
[17:21:45.543] [SQLiFuzz 7a9] Response URL: http://localhost:8081/a2_filtered.php?Submit=Submit&id=1%26
[17:21:45.543] [SQLiFuzz 7a9] Was redirected: False
[17:21:45.543] [SQLiFuzz 7a9] Getting response: <!doctype html>
<html>
<body>
<form method="GET">
  <label>User ID: <input type="text" name="id"></label>
  <input type="submit" name="Submit" value="Submit">
</form>
<pre>INPUT REJECTED</pre>
[17:21:46.543] [SQLAnalysis] Read 1 new lines from SQL log file.
[17:21:46.543] [SQLAnalysis] Appended 1 parsed entries.
[17:21:46.544] [SQLAnalysis 7a9] Extracted 603 Logs 2026-10-02 21:21:46.543991: [{'timestamp': '2026-10-02 21:21:45,499751', 'level': 'INFO', 'ip': '172.18.0.5', 'port': 59242, 'sql': 'USE db *#*#OK'}]
[17:21:46.544] [SQLAnalysis 7a9] Updated param pairs: {'looked_value': '1&'}
[17:21:46.544] [SQLAnalysis 7a9] Looked timestamp 2026-10-02 21:21:45.468698 -- 2026-10-02 21:21:45.529814
[17:21:46.548] [SQLAnalysis 7a9] query_array to be checked: ['use', 'db']
[17:21:46.548] [SQLAnalysis 7a9] normalized_query_array: ['use', 'db']
[17:21:46.548] [SQLiFuzz 7a9] No weird chars exist: GET http://localhost:8081/a2_filtered.php | ['[string (False)(None)] Sec-Fetch-Dest=document', '[string (False)(None)] Sec-Fetch-Mode=navigate', '[string (False)(None)] Sec-Fetch-Site=same-origin', '[string (False)(None)] Sec-Fetch-User=?1', '[string (False)(None)] Priority=u=0, i', '[url (False)(None)] path0=a2_filtered.php', '[int (False)(None)] id=1&', '[string (False)(None)] Submit=Submit'] | None
[17:21:46.548] [SQLiFuzz 14a] Getting prepared_target_request with ID f29 for test_SQLi iteration 70/70
[17:21:46.548] [SQLiFuzz f29] chosen_idx: 3 from 8
[17:21:46.548] [HTTPREQUEST f29] Getting matched paramval from found values: ['?1', '1']
[17:21:46.548] [HTTPREQUEST f29] Found matched paramval: [string (False)(None)] Sec-Fetch-User=?1
[17:21:46.548] [HTTPREQUEST f29] Found matched paramval: [int (False)(None)] id=1
[17:21:46.548] [SQLiFuzz f29] Prioritize to fuzz matched SQL value first: [int (False)(None)] id=1
[17:21:46.548] [SQLiFuzz f29] Mutation applied. old='1' char='[' strategy='drop' new='['
[17:21:46.548] [HTTPREQUEST f29] Update url and body param from paramvals:
[17:21:46.548] [HTTPREQUEST None] New post_data_encoded: 
[17:21:46.548] [HTTPREQUEST None] New param encoded: Submit=Submit&id=%5B
[17:21:46.549] [GENERALFUNCTION f29] ---SENDING THE REQUEST [1790976106-ac63f1dc-4498-42cf-b976-3d97d5279f29] TO : [GET] http://localhost:8081/a2_filtered.php?Submit=Submit&id=%5B
[17:21:46.549] [GENERALFUNCTION f29] Post data encoded: 
[17:21:46.549] [GENERALFUNCTION f29] Adjusted Referer to http://localhost:8081/a2_filtered.php
[17:21:46.549] [GENERALFUNCTION f29] DEBUG OUTGOING request.full_url: http://localhost:8081/a2_filtered.php?Submit=Submit&id=%5B
[17:21:46.549] [GENERALFUNCTION f29] DEBUG OUTGOING headers: {'Host': 'localhost:8081', 'User-Agent': 'Mozilla/5.0 (X11; Ubuntu; Linux x86_64; rv:155.0) Gecko/20100101 Firefox/155.0', 'Accept': 'text/html,application/xhtml+xml,application/xml;q=0.9,*/*;q=0.8', 'Accept-Language': 'en-US,en;q=0.9', 'Accept-Encoding': 'gzip, deflate, br, zstd', 'Connection': 'keep-alive', 'Referer': 'http://localhost:8081/a2_filtered.php', 'Cookie': 'PHPSESSID=a7bfad51c20e216fb745b230a7da5e5b; security=impossible', 'Upgrade-Insecure-Requests': '1', 'Sec-Fetch-Dest': 'document', 'Sec-Fetch-Mode': 'navigate', 'Sec-Fetch-Site': 'same-origin', 'Sec-Fetch-User': '?1', 'Priority': 'u=0, i'}
[17:21:46.549] [GENERALFUNCTION f29] DEBUG OUTGOING post_data_encoded (truncated): 
[17:21:46.571] [SQLiFuzz f29] Response status: 200
[17:21:46.571] [SQLiFuzz f29] Response URL: http://localhost:8081/a2_filtered.php?Submit=Submit&id=%5B
[17:21:46.571] [SQLiFuzz f29] Was redirected: False
[17:21:46.571] [SQLiFuzz f29] Getting response: <!doctype html>
<html>
<body>
<form method="GET">
  <label>User ID: <input type="text" name="id"></label>
  <input type="submit" name="Submit" value="Submit">
</form>
<pre>INPUT REJECTED</pre>
[17:21:47.571] [SQLAnalysis] Read 1 new lines from SQL log file.
[17:21:47.572] [SQLAnalysis] Appended 1 parsed entries.
[17:21:47.572] [SQLAnalysis f29] Extracted 604 Logs 2026-10-02 21:21:47.572293: [{'timestamp': '2026-10-02 21:21:46,559901', 'level': 'INFO', 'ip': '172.18.0.5', 'port': 59248, 'sql': 'USE db *#*#OK'}]
[17:21:47.572] [SQLAnalysis f29] Updated param pairs: {'looked_value': '['}
[17:21:47.572] [SQLAnalysis f29] Looked timestamp 2026-10-02 21:21:46.549391 -- 2026-10-02 21:21:46.567933
[17:21:47.576] [SQLAnalysis f29] query_array to be checked: ['use', 'db']
[17:21:47.576] [SQLAnalysis f29] normalized_query_array: ['use', 'db']
[17:21:47.576] [SQLiFuzz f29] No weird chars exist: GET http://localhost:8081/a2_filtered.php | ['[string (False)(None)] Sec-Fetch-Dest=document', '[string (False)(None)] Sec-Fetch-Mode=navigate', '[string (False)(None)] Sec-Fetch-Site=same-origin', '[string (False)(None)] Sec-Fetch-User=?1', '[string (False)(None)] Priority=u=0, i', '[url (False)(None)] path0=a2_filtered.php', '[int (False)(None)] id=[', '[string (False)(None)] Submit=Submit'] | None
[17:21:47.576] [SQLiFuzz f29] No SQL Injection. Drop it. GET http://localhost:8081/a2_filtered.php | ['[string (False)(None)] Sec-Fetch-Dest=document', '[string (False)(None)] Sec-Fetch-Mode=navigate', '[string (False)(None)] Sec-Fetch-Site=same-origin', '[string (False)(None)] Sec-Fetch-User=?1', '[string (False)(None)] Priority=u=0, i', '[url (False)(None)] path0=a2_filtered.php', '[int (False)(None)] id=[', '[string (False)(None)] Submit=Submit'] | None
[17:21:47.583] [HOOK 14a] Completed fuzz (remaining: 0)
[17:23:55.537] [HOOK] Idle timeout (120s) reached with no pending tasks. Initiating shutdown...
[HOOK] Idle timeout reached. Saving results and shutting down...
[17:23:55.537] 


-----FINAL RESULT------
FINAL RESULT
[17:23:55.537] ###Matched SQL Injection Detected: [METHOD] | [URL] | [PARAMS] | [POST_DATA] [MATCHED_PAYLOAD] ==> [SQL_DETECTED] || [ERROR_SQL_DETECTED]

###Matched SQL Injection Detected: [METHOD] | [URL] | [PARAMS] | [POST_DATA] [MATCHED_PAYLOAD] ==> [SQL_DETECTED] || [ERROR_SQL_DETECTED]

[17:23:55.538] No SQL Injection Detected.

No SQL Injection Detected.

[17:23:55.538] [SQLICollection] Result will be saved in final_result/FR/FR-dvwa--emmalee-VMware-Virtual-Platform-1790976014.txt
[17:23:55.538] [SQLICollection] Statistics: {'total_req': 2, 'sql_req': 1, 'null_req': 0, 'not_sql_req': 1, 'sql_injection_detected': 0, 'another_sql_error_detected': 0, 'sql_req_not_detected': 1, 'error_req': 0, 'fuzzed_req': 70, 'processing_time_total': 2.582306000000001, 'processing_time_ave': 0.036890085714285724, 'running_time': '0:03:41.271021', 200: 2}
[17:23:55.538] [HOOK] FINISH on 2026-10-02 17:23:55.537828. Total run time: 0:03:41.271021
[HOOK] FINISH on 2026-10-02 17:23:55.537828. Total run time: 0:03:41.271021
