[13:54:29.907] Loading script sqlifuzz/mitmproxy_addon.py
[13:54:30.149] [CONFIG] A config file from configs/config-general.yaml is loaded.
[13:54:30.149] [HOOK] Idle shutdown monitor started. Will check after 60s initial wait...
[13:54:30.150] [HOOK] Idle shutdown monitor scheduled (timeout: 120s)
[13:54:30.150] Starting Time: 2026-10-03 13:54:30.116570
[13:54:30.150] Start MITM Addon with 10 max concurrent fuzzing tasks
[13:54:30.150] [HOOK] Number response: 0 | Memory usage (MB): 81.05859375 PID: 65420
[13:54:30.151] [STATS] {'total_req': 0, 'sql_req': 0, 'null_req': 0, 'not_sql_req': 0, 'sql_injection_detected': 0, 'another_sql_error_detected': 0, 'sql_req_not_detected': 0, 'error_req': 0, 'fuzzed_req': 0, 'processing_time_total': 0.0, 'processing_time_ave': 0.0, 'running_time': 'Not finished yet'}
[13:54:30.152] reverse proxy to http://localhost:8081 listening at *:8888.
[13:54:37.551][127.0.0.1:33352] client connect
[13:54:37.554][127.0.0.1:33352] server connect localhost:8081 (127.0.0.1:8081)
[13:54:42.941][127.0.0.1:33352] client disconnect
[13:54:42.941][127.0.0.1:33352] server disconnect localhost:8081 (127.0.0.1:8081)
[13:54:42.945][127.0.0.1:45286] client connect
[13:54:42.950][127.0.0.1:45286] server connect localhost:8081 (127.0.0.1:8081)
[13:54:45.875] [HOOK b8b] Check GET http://localhost:8081/a2_filtered_post.php || 
[13:54:45.875] [HTTPREQUEST b8b] Converting Request Entry to HTTP Request: 51eebfac-f849-4b4b-b29d-65edf3abeb8b
[13:54:45.876] [HTTPREQUEST b8b] No content-type is found
[13:54:46.878] [SQLAnalysis] Read 783 new lines from SQL log file.
[13:54:46.882] [SQLAnalysis] Appended 774 parsed entries.
[13:54:46.882] [SQLAnalysis b8b] Extracted 774 Logs 2026-10-03 17:54:46.882444: [{'timestamp': '2026-10-03 17:54:45,862508', 'level': 'INFO', 'ip': '172.18.0.5', 'port': 37006, 'sql': 'USE db *#*#OK'}]
[13:54:46.885] [SQLAnalysis b8b] Checking Request: GET http://localhost:8081/a2_filtered_post.php | ['[string (False)(None)] Sec-Fetch-Dest=document', '[string (False)(None)] Sec-Fetch-Mode=navigate', '[string (False)(None)] Sec-Fetch-Site=none', '[string (False)(None)] Sec-Fetch-User=?1', '[string (False)(None)] Priority=u=0, i', '[url (False)(None)] path0=a2_filtered_post.php'] | None
[13:54:46.885] [SQLAnalysis b8b] Updated param pairs: {'Sec-Fetch-Dest': 'document', 'Sec-Fetch-Mode': 'navigate', 'Sec-Fetch-Site': 'none', 'Sec-Fetch-User': '?1', 'Priority': 'u=0, i', 'path0': 'a2_filtered_post.php'}
[13:54:46.885] [SQLAnalysis b8b] Looked timestamp 2026-10-03 17:54:45.842000 -- 2026-10-03 17:54:45.872000
[13:54:46.897] [SQLAnalysis b8b] query_array to be checked: ['use', 'db']
[13:54:46.897] [SQLAnalysis b8b] normalized_query_array: ['use', 'db']
[13:54:46.897] [HTTPREQUEST b8b] Getting null paramvals
[13:54:46.897] [HOOK b8b] The request does not trigger SQL query. Drop it. GET http://localhost:8081/a2_filtered_post.php || 
127.0.0.1:45286: GET http://localhost:8081/a2_filtered_post.php
              << 200 OK 147b
[13:54:49.020] [HOOK e0f] Check POST http://localhost:8081/a2_filtered_post.php || id=1&Submit=Submit
[13:54:49.020] [HTTPREQUEST e0f] Converting Request Entry to HTTP Request: bc7681ec-df0c-4a18-9b79-90d249ea7e0f
[13:54:49.020] [HTTPREQUEST e0f] Seeing a post data with x-www-form-urlencoded content-type in bc7681ec-df0c-4a18-9b79-90d249ea7e0f
[13:54:49.020] [FUNCTION] Call parse_post_data for id=1&Submit=Submit
[13:54:50.021] [SQLAnalysis] Read 2 new lines from SQL log file.
[13:54:50.021] [SQLAnalysis] Appended 2 parsed entries.
[13:54:50.022] [SQLAnalysis e0f] Extracted 776 Logs 2026-10-03 17:54:50.021999: [{'timestamp': '2026-10-03 17:54:49,015376', 'level': 'INFO', 'ip': '172.18.0.5', 'port': 37026, 'sql': 'SELECT first_name, last_name FROM users WHERE user_id = 1 *#*#Result Set'}]
[13:54:50.022] [SQLAnalysis e0f] Checking Request: POST http://localhost:8081/a2_filtered_post.php | ['[string (False)(None)] Sec-Fetch-Dest=document', '[string (False)(None)] Sec-Fetch-Mode=navigate', '[string (False)(None)] Sec-Fetch-Site=same-origin', '[string (False)(None)] Sec-Fetch-User=?1', '[string (False)(None)] Priority=u=0, i', '[url (False)(None)] path0=a2_filtered_post.php', '[int (False)(None)] id=1', '[string (False)(None)] Submit=Submit'] | None
[13:54:50.022] [SQLAnalysis e0f] Updated param pairs: {'Sec-Fetch-Dest': 'document', 'Sec-Fetch-Mode': 'navigate', 'Sec-Fetch-Site': 'same-origin', 'Sec-Fetch-User': '?1', 'Priority': 'u=0, i', 'path0': 'a2_filtered_post.php', 'id': '1', 'Submit': 'Submit'}
[13:54:50.022] [SQLAnalysis e0f] Looked timestamp 2026-10-03 17:54:48.990000 -- 2026-10-03 17:54:49.019000
[13:54:50.028] [SQLAnalysis e0f] query_array to be checked: ['use', 'db']
[13:54:50.029] [SQLAnalysis e0f] normalized_query_array: ['use', 'db']
[13:54:50.029] [SQLAnalysis e0f] query_array to be checked: ['select', 'first_name', 'last_name', 'from', 'users', 'where', 'user_id', '=', '1']
[13:54:50.029] [SQLAnalysis e0f] normalized_query_array: ['select', 'firstname', 'lastname', 'from', 'users', 'where', 'userid', '', '1']
[13:54:50.029] [SQLAnalysis e0f] Getting Sec-Fetch-User==>?1 [1] in ['select', 'firstname', 'lastname', 'from', 'users', 'where', 'userid', '', '1']
[13:54:50.029] [SQLAnalysis e0f] Getting id==>1 [1] in ['select', 'firstname', 'lastname', 'from', 'users', 'where', 'userid', '', '1']
[13:54:50.029] [HOOK e0f] Get matching queries: ['select first_name, last_name from users where user_id = 1 *#*#result set', 'select first_name, last_name from users where user_id = 1 *#*#result set'] from POST http://localhost:8081/a2_filtered_post.php || id=1&Submit=Submit
[13:54:50.029] [HOOK e0f] Async callback triggered for: http://localhost:8081/a2_filtered_post.php
[HOOK e0f] Starting fuzz http://localhost:8081/a2_filtered_post.php (pending: 1 requests)
[13:54:50.029] [HOOK e0f] Starting fuzz (pending: 1)
[13:54:50.029] [SQLiFuzz e0f] Calling send_requests for: http://localhost:8081/a2_filtered_post.php
[13:54:50.029] [SQLiFuzz e0f] DEBUG Captured request body (truncated): id=1&Submit=Submit
[13:54:50.029] [SQLiFuzz e0f] DEBUG Captured request headers: {'Host': 'localhost:8081', 'User-Agent': 'Mozilla/5.0 (X11; Ubuntu; Linux x86_64; rv:155.0) Gecko/20100101 Firefox/155.0', 'Accept': 'text/html,application/xhtml+xml,application/xml;q=0.9,*/*;q=0.8', 'Accept-Language': 'en-US,en;q=0.9', 'Accept-Encoding': 'gzip, deflate, br, zstd', 'Content-Type': 'application/x-www-form-urlencoded', 'Content-Length': '18', 'Origin': 'http://localhost:8888', 'Connection': 'keep-alive', 'Referer': 'http://localhost:8888/a2_filtered_post.php', 'Cookie': 'PHPSESSID=35253801c188b6aea68c14a610415c8d; security=impossible', 'Upgrade-Insecure-Requests': '1', 'Sec-Fetch-Dest': 'document', 'Sec-Fetch-Mode': 'navigate', 'Sec-Fetch-Site': 'same-origin', 'Sec-Fetch-User': '?1', 'Priority': 'u=0, i'}
[13:54:50.029] [SQLiFuzz e0f] DEBUG Converted request.post_data_encoded (truncated): id=1&Submit=Submit
[13:54:50.030] [SQLiFuzz e0f] DEBUG Converted request.header: {'Host': 'localhost:8081', 'User-Agent': 'Mozilla/5.0 (X11; Ubuntu; Linux x86_64; rv:155.0) Gecko/20100101 Firefox/155.0', 'Accept': 'text/html,application/xhtml+xml,application/xml;q=0.9,*/*;q=0.8', 'Accept-Language': 'en-US,en;q=0.9', 'Accept-Encoding': 'gzip, deflate, br, zstd', 'Content-Type': 'application/x-www-form-urlencoded', 'Content-Length': '18', 'Origin': 'http://localhost:8888', 'Connection': 'keep-alive', 'Referer': 'http://localhost:8888/a2_filtered_post.php', 'Cookie': 'PHPSESSID=35253801c188b6aea68c14a610415c8d; security=impossible', 'Upgrade-Insecure-Requests': '1', 'Sec-Fetch-Dest': 'document', 'Sec-Fetch-Mode': 'navigate', 'Sec-Fetch-Site': 'same-origin', 'Sec-Fetch-User': '?1', 'Priority': 'u=0, i'}
[13:54:50.030] [SQLiFuzz e0f] DEBUG Converted request.content_type: application/x-www-form-urlencoded
127.0.0.1:45286: POST http://localhost:8081/a2_filtered_post.php
              << 200 OK 158b
[13:54:50.748] [SQLiFuzz e0f] test_SQLi for POST http://localhost:8081/a2_filtered_post.php | ['[string (False)(None)] Sec-Fetch-Dest=document', '[string (False)(None)] Sec-Fetch-Mode=navigate', '[string (False)(None)] Sec-Fetch-Site=same-origin', '[string (False)(None)] Sec-Fetch-User=?1', '[string (False)(None)] Priority=u=0, i', '[url (False)(None)] path0=a2_filtered_post.php', '[int (False)(None)] id=1', '[string (False)(None)] Submit=Submit'] | None
[13:54:50.749] [SQLiFuzz e0f] Getting prepared_target_request with ID 92f for test_SQLi iteration 1/70
[13:54:50.749] [SQLiFuzz 92f] chosen_idx: 5 from 8
[13:54:50.749] [HTTPREQUEST 92f] Getting matched paramval from found values: ['?1', '1']
[13:54:50.749] [HTTPREQUEST 92f] Found matched paramval: [string (False)(None)] Sec-Fetch-User=?1
[13:54:50.749] [HTTPREQUEST 92f] Found matched paramval: [int (False)(None)] id=1
[13:54:50.749] [SQLiFuzz 92f] Prioritize to fuzz matched SQL value first: [string (False)(None)] Sec-Fetch-User=?1
[13:54:50.749] [SQLiFuzz 92f] Mutation applied. old='?1' char=''' strategy='drop' new='''
[13:54:50.749] [HTTPREQUEST 92f] Update url and body param from paramvals:
[13:54:50.749] [HTTPREQUEST None] New post_data_encoded: Submit=Submit&id=1
[13:54:50.749] [HTTPREQUEST None] New param encoded: 
[13:54:50.750] [GENERALFUNCTION 92f] ---SENDING THE REQUEST [1791050090-e74def42-1032-4b3e-8aed-2ca1b9e6992f] TO : [POST] http://localhost:8081/a2_filtered_post.php
[13:54:50.750] [GENERALFUNCTION 92f] Post data encoded: Submit=Submit&id=1
[13:54:50.750] [GENERALFUNCTION 92f] Adjusted Content-Length to 18
[13:54:50.750] [GENERALFUNCTION 92f] Adjusted Origin to http://localhost:8081
[13:54:50.750] [GENERALFUNCTION 92f] Adjusted Referer to http://localhost:8081/a2_filtered_post.php
[13:54:50.750] [GENERALFUNCTION 92f] DEBUG OUTGOING request.full_url: http://localhost:8081/a2_filtered_post.php
[13:54:50.750] [GENERALFUNCTION 92f] DEBUG OUTGOING headers: {'Host': 'localhost:8081', 'User-Agent': 'Mozilla/5.0 (X11; Ubuntu; Linux x86_64; rv:155.0) Gecko/20100101 Firefox/155.0', 'Accept': 'text/html,application/xhtml+xml,application/xml;q=0.9,*/*;q=0.8', 'Accept-Language': 'en-US,en;q=0.9', 'Accept-Encoding': 'gzip, deflate, br, zstd', 'Content-Type': 'application/x-www-form-urlencoded', 'Content-Length': '18', 'Origin': 'http://localhost:8081', 'Connection': 'keep-alive', 'Referer': 'http://localhost:8081/a2_filtered_post.php', 'Cookie': 'PHPSESSID=35253801c188b6aea68c14a610415c8d; security=impossible', 'Upgrade-Insecure-Requests': '1', 'Sec-Fetch-Dest': 'document', 'Sec-Fetch-Mode': 'navigate', 'Sec-Fetch-Site': 'same-origin', 'Sec-Fetch-User': "'", 'Priority': 'u=0, i'}
[13:54:50.750] [GENERALFUNCTION 92f] DEBUG OUTGOING post_data_encoded (truncated): Submit=Submit&id=1
[13:54:50.750] [GENERALFUNCTION 92f] DEBUG OUTGOING body_param_dict: {'Submit': 'Submit', 'id': '1'}
[13:54:50.807] [SQLiFuzz 92f] Response status: 200
[13:54:50.808] [SQLiFuzz 92f] Response URL: http://localhost:8081/a2_filtered_post.php
[13:54:50.808] [SQLiFuzz 92f] Was redirected: False
[13:54:50.808] [SQLiFuzz 92f] Getting response: 
<!doctype html>

<html>

<body>

<form method="POST">

  <label>User ID: <input type="text" name="id"></label>

  <input type="submit" name="Submit" value="Submit">

</form>

<pre>ROWS=1</pre>
</body>

</html>

[13:54:51.808] [SQLAnalysis] Read 2 new lines from SQL log file.
[13:54:51.809] [SQLAnalysis] Appended 2 parsed entries.
[13:54:51.809] [SQLAnalysis 92f] Extracted 778 Logs 2026-10-03 17:54:51.809219: [{'timestamp': '2026-10-03 17:54:50,786354', 'level': 'INFO', 'ip': '172.18.0.5', 'port': 39858, 'sql': 'SELECT first_name, last_name FROM users WHERE user_id = 1 *#*#Result Set'}]
[13:54:51.809] [SQLAnalysis 92f] Updated param pairs: {'looked_value': "'"}
[13:54:51.809] [SQLAnalysis 92f] Looked timestamp 2026-10-03 17:54:50.750747 -- 2026-10-03 17:54:50.801917
[13:54:51.816] [SQLAnalysis 92f] query_array to be checked: ['use', 'db']
[13:54:51.816] [SQLAnalysis 92f] normalized_query_array: ['use', 'db']
[13:54:51.816] [SQLAnalysis 92f] query_array to be checked: ['select', 'first_name', 'last_name', 'from', 'users', 'where', 'user_id', '=', '1']
[13:54:51.816] [SQLAnalysis 92f] normalized_query_array: ['select', 'firstname', 'lastname', 'from', 'users', 'where', 'userid', '', '1']
[13:54:51.816] [SQLiFuzz 92f] No weird chars exist: POST http://localhost:8081/a2_filtered_post.php | ['[string (False)(None)] Sec-Fetch-Dest=document', '[string (False)(None)] Sec-Fetch-Mode=navigate', '[string (False)(None)] Sec-Fetch-Site=same-origin', "[string (False)(None)] Sec-Fetch-User='", '[string (False)(None)] Priority=u=0, i', '[url (False)(None)] path0=a2_filtered_post.php', '[int (False)(None)] id=1', '[string (False)(None)] Submit=Submit'] | None
[13:54:51.817] [SQLiFuzz e0f] Getting prepared_target_request with ID a4b for test_SQLi iteration 2/70
[13:54:51.817] [SQLiFuzz a4b] chosen_idx: 2 from 8
[13:54:51.817] [HTTPREQUEST a4b] Getting matched paramval from found values: ['?1', '1']
[13:54:51.817] [HTTPREQUEST a4b] Found matched paramval: [string (False)(None)] Sec-Fetch-User=?1
[13:54:51.817] [HTTPREQUEST a4b] Found matched paramval: [int (False)(None)] id=1
[13:54:51.817] [SQLiFuzz a4b] Prioritize to fuzz matched SQL value first: [int (False)(None)] id=1
[13:54:51.817] [SQLiFuzz a4b] Mutation applied. old='1' char=''' strategy='tail' new='1''
[13:54:51.817] [HTTPREQUEST a4b] Update url and body param from paramvals:
[13:54:51.817] [HTTPREQUEST None] New post_data_encoded: Submit=Submit&id=1%27
[13:54:51.817] [HTTPREQUEST None] New param encoded: 
[13:54:51.817] [GENERALFUNCTION a4b] ---SENDING THE REQUEST [1791050091-b17656f6-b244-4b21-9c92-4b434595ca4b] TO : [POST] http://localhost:8081/a2_filtered_post.php
[13:54:51.817] [GENERALFUNCTION a4b] Post data encoded: Submit=Submit&id=1%27
[13:54:51.817] [GENERALFUNCTION a4b] Adjusted Content-Length to 21
[13:54:51.817] [GENERALFUNCTION a4b] Adjusted Origin to http://localhost:8081
[13:54:51.818] [GENERALFUNCTION a4b] Adjusted Referer to http://localhost:8081/a2_filtered_post.php
[13:54:51.818] [GENERALFUNCTION a4b] DEBUG OUTGOING request.full_url: http://localhost:8081/a2_filtered_post.php
[13:54:51.818] [GENERALFUNCTION a4b] DEBUG OUTGOING headers: {'Host': 'localhost:8081', 'User-Agent': 'Mozilla/5.0 (X11; Ubuntu; Linux x86_64; rv:155.0) Gecko/20100101 Firefox/155.0', 'Accept': 'text/html,application/xhtml+xml,application/xml;q=0.9,*/*;q=0.8', 'Accept-Language': 'en-US,en;q=0.9', 'Accept-Encoding': 'gzip, deflate, br, zstd', 'Content-Type': 'application/x-www-form-urlencoded', 'Content-Length': '21', 'Origin': 'http://localhost:8081', 'Connection': 'keep-alive', 'Referer': 'http://localhost:8081/a2_filtered_post.php', 'Cookie': 'PHPSESSID=35253801c188b6aea68c14a610415c8d; security=impossible', 'Upgrade-Insecure-Requests': '1', 'Sec-Fetch-Dest': 'document', 'Sec-Fetch-Mode': 'navigate', 'Sec-Fetch-Site': 'same-origin', 'Sec-Fetch-User': '?1', 'Priority': 'u=0, i'}
[13:54:51.818] [GENERALFUNCTION a4b] DEBUG OUTGOING post_data_encoded (truncated): Submit=Submit&id=1%27
[13:54:51.818] [GENERALFUNCTION a4b] DEBUG OUTGOING body_param_dict: {'Submit': 'Submit', 'id': "1'"}
[13:54:51.845] [SQLiFuzz a4b] Response status: 200
[13:54:51.846] [SQLiFuzz a4b] Response URL: http://localhost:8081/a2_filtered_post.php
[13:54:51.846] [SQLiFuzz a4b] Was redirected: False
[13:54:51.846] [SQLiFuzz a4b] Getting response: 
<!doctype html>

<html>

<body>

<form method="POST">

  <label>User ID: <input type="text" name="id"></label>

  <input type="submit" name="Submit" value="Submit">

</form>

<pre>INPUT REJECTED</pre>
[13:54:52.849] [SQLAnalysis] Read 1 new lines from SQL log file.
[13:54:52.849] [SQLAnalysis] Appended 1 parsed entries.
[13:54:52.849] [SQLAnalysis a4b] Extracted 779 Logs 2026-10-03 17:54:52.849886: [{'timestamp': '2026-10-03 17:54:51,832096', 'level': 'INFO', 'ip': '172.18.0.5', 'port': 39882, 'sql': 'USE db *#*#OK'}]
[13:54:52.850] [SQLAnalysis a4b] Updated param pairs: {'looked_value': "1'"}
[13:54:52.850] [SQLAnalysis a4b] Looked timestamp 2026-10-03 17:54:51.818391 -- 2026-10-03 17:54:51.841851
[13:54:52.856] [SQLAnalysis a4b] query_array to be checked: ['use', 'db']
[13:54:52.857] [SQLAnalysis a4b] normalized_query_array: ['use', 'db']
[13:54:52.857] [SQLiFuzz a4b] No weird chars exist: POST http://localhost:8081/a2_filtered_post.php | ['[string (False)(None)] Sec-Fetch-Dest=document', '[string (False)(None)] Sec-Fetch-Mode=navigate', '[string (False)(None)] Sec-Fetch-Site=same-origin', '[string (False)(None)] Sec-Fetch-User=?1', '[string (False)(None)] Priority=u=0, i', '[url (False)(None)] path0=a2_filtered_post.php', "[int (False)(None)] id=1'", '[string (False)(None)] Submit=Submit'] | None
[13:54:52.857] [SQLiFuzz e0f] Getting prepared_target_request with ID 112 for test_SQLi iteration 3/70
[13:54:52.857] [SQLiFuzz 112] chosen_idx: 0 from 8
[13:54:52.858] [HTTPREQUEST 112] Getting matched paramval from found values: ['?1', '1']
[13:54:52.858] [HTTPREQUEST 112] Found matched paramval: [string (False)(None)] Sec-Fetch-User=?1
[13:54:52.858] [HTTPREQUEST 112] Found matched paramval: [int (False)(None)] id=1
[13:54:52.858] [SQLiFuzz 112] Prioritize to fuzz matched SQL value first: [int (False)(None)] id=1
[13:54:52.858] [SQLiFuzz 112] Mutation applied. old='1' char=''' strategy='front' new=''1'
[13:54:52.858] [HTTPREQUEST 112] Update url and body param from paramvals:
[13:54:52.860] [HTTPREQUEST None] New post_data_encoded: Submit=Submit&id=%271
[13:54:52.860] [HTTPREQUEST None] New param encoded: 
[13:54:52.860] [GENERALFUNCTION 112] ---SENDING THE REQUEST [1791050092-17445d14-d134-4b2b-8b33-3cb8f24d3112] TO : [POST] http://localhost:8081/a2_filtered_post.php
[13:54:52.860] [GENERALFUNCTION 112] Post data encoded: Submit=Submit&id=%271
[13:54:52.860] [GENERALFUNCTION 112] Adjusted Content-Length to 21
[13:54:52.860] [GENERALFUNCTION 112] Adjusted Origin to http://localhost:8081
[13:54:52.861] [GENERALFUNCTION 112] Adjusted Referer to http://localhost:8081/a2_filtered_post.php
[13:54:52.861] [GENERALFUNCTION 112] DEBUG OUTGOING request.full_url: http://localhost:8081/a2_filtered_post.php
[13:54:52.861] [GENERALFUNCTION 112] DEBUG OUTGOING headers: {'Host': 'localhost:8081', 'User-Agent': 'Mozilla/5.0 (X11; Ubuntu; Linux x86_64; rv:155.0) Gecko/20100101 Firefox/155.0', 'Accept': 'text/html,application/xhtml+xml,application/xml;q=0.9,*/*;q=0.8', 'Accept-Language': 'en-US,en;q=0.9', 'Accept-Encoding': 'gzip, deflate, br, zstd', 'Content-Type': 'application/x-www-form-urlencoded', 'Content-Length': '21', 'Origin': 'http://localhost:8081', 'Connection': 'keep-alive', 'Referer': 'http://localhost:8081/a2_filtered_post.php', 'Cookie': 'PHPSESSID=35253801c188b6aea68c14a610415c8d; security=impossible', 'Upgrade-Insecure-Requests': '1', 'Sec-Fetch-Dest': 'document', 'Sec-Fetch-Mode': 'navigate', 'Sec-Fetch-Site': 'same-origin', 'Sec-Fetch-User': '?1', 'Priority': 'u=0, i'}
[13:54:52.861] [GENERALFUNCTION 112] DEBUG OUTGOING post_data_encoded (truncated): Submit=Submit&id=%271
[13:54:52.861] [GENERALFUNCTION 112] DEBUG OUTGOING body_param_dict: {'Submit': 'Submit', 'id': "'1"}
[13:54:52.895] [SQLiFuzz 112] Response status: 200
[13:54:52.895] [SQLiFuzz 112] Response URL: http://localhost:8081/a2_filtered_post.php
[13:54:52.895] [SQLiFuzz 112] Was redirected: False
[13:54:52.895] [SQLiFuzz 112] Getting response: 
<!doctype html>

<html>

<body>

<form method="POST">

  <label>User ID: <input type="text" name="id"></label>

  <input type="submit" name="Submit" value="Submit">

</form>

<pre>INPUT REJECTED</pre>
[13:54:53.896] [SQLAnalysis] Read 1 new lines from SQL log file.
[13:54:53.896] [SQLAnalysis] Appended 1 parsed entries.
[13:54:53.896] [SQLAnalysis 112] Extracted 780 Logs 2026-10-03 17:54:53.896605: [{'timestamp': '2026-10-03 17:54:52,877220', 'level': 'INFO', 'ip': '172.18.0.5', 'port': 39908, 'sql': 'USE db *#*#OK'}]
[13:54:53.896] [SQLAnalysis 112] Updated param pairs: {'looked_value': "'1"}
[13:54:53.896] [SQLAnalysis 112] Looked timestamp 2026-10-03 17:54:52.861322 -- 2026-10-03 17:54:52.890950
[13:54:53.905] [SQLAnalysis 112] query_array to be checked: ['use', 'db']
[13:54:53.906] [SQLAnalysis 112] normalized_query_array: ['use', 'db']
[13:54:53.906] [SQLiFuzz 112] No weird chars exist: POST http://localhost:8081/a2_filtered_post.php | ['[string (False)(None)] Sec-Fetch-Dest=document', '[string (False)(None)] Sec-Fetch-Mode=navigate', '[string (False)(None)] Sec-Fetch-Site=same-origin', '[string (False)(None)] Sec-Fetch-User=?1', '[string (False)(None)] Priority=u=0, i', '[url (False)(None)] path0=a2_filtered_post.php', "[int (False)(None)] id='1", '[string (False)(None)] Submit=Submit'] | None
[13:54:53.906] [SQLiFuzz e0f] Getting prepared_target_request with ID 1bf for test_SQLi iteration 4/70
[13:54:53.906] [SQLiFuzz 1bf] chosen_idx: 7 from 8
[13:54:53.906] [HTTPREQUEST 1bf] Getting matched paramval from found values: ['?1', '1']
[13:54:53.906] [HTTPREQUEST 1bf] Found matched paramval: [string (False)(None)] Sec-Fetch-User=?1
[13:54:53.907] [HTTPREQUEST 1bf] Found matched paramval: [int (False)(None)] id=1
[13:54:53.907] [SQLiFuzz 1bf] Prioritize to fuzz matched SQL value first: [int (False)(None)] id=1
[13:54:53.907] [SQLiFuzz 1bf] Mutation applied. old='1' char='*' strategy='drop' new='*'
[13:54:53.907] [HTTPREQUEST 1bf] Update url and body param from paramvals:
[13:54:53.907] [HTTPREQUEST None] New post_data_encoded: Submit=Submit&id=%2A
[13:54:53.907] [HTTPREQUEST None] New param encoded: 
[13:54:53.907] [GENERALFUNCTION 1bf] ---SENDING THE REQUEST [1791050093-daa6547a-6cf9-4962-8bf7-0a9bdbf621bf] TO : [POST] http://localhost:8081/a2_filtered_post.php
[13:54:53.907] [GENERALFUNCTION 1bf] Post data encoded: Submit=Submit&id=%2A
[13:54:53.907] [GENERALFUNCTION 1bf] Adjusted Content-Length to 20
[13:54:53.907] [GENERALFUNCTION 1bf] Adjusted Origin to http://localhost:8081
[13:54:53.907] [GENERALFUNCTION 1bf] Adjusted Referer to http://localhost:8081/a2_filtered_post.php
[13:54:53.907] [GENERALFUNCTION 1bf] DEBUG OUTGOING request.full_url: http://localhost:8081/a2_filtered_post.php
[13:54:53.907] [GENERALFUNCTION 1bf] DEBUG OUTGOING headers: {'Host': 'localhost:8081', 'User-Agent': 'Mozilla/5.0 (X11; Ubuntu; Linux x86_64; rv:155.0) Gecko/20100101 Firefox/155.0', 'Accept': 'text/html,application/xhtml+xml,application/xml;q=0.9,*/*;q=0.8', 'Accept-Language': 'en-US,en;q=0.9', 'Accept-Encoding': 'gzip, deflate, br, zstd', 'Content-Type': 'application/x-www-form-urlencoded', 'Content-Length': '20', 'Origin': 'http://localhost:8081', 'Connection': 'keep-alive', 'Referer': 'http://localhost:8081/a2_filtered_post.php', 'Cookie': 'PHPSESSID=35253801c188b6aea68c14a610415c8d; security=impossible', 'Upgrade-Insecure-Requests': '1', 'Sec-Fetch-Dest': 'document', 'Sec-Fetch-Mode': 'navigate', 'Sec-Fetch-Site': 'same-origin', 'Sec-Fetch-User': '?1', 'Priority': 'u=0, i'}
[13:54:53.907] [GENERALFUNCTION 1bf] DEBUG OUTGOING post_data_encoded (truncated): Submit=Submit&id=%2A
[13:54:53.907] [GENERALFUNCTION 1bf] DEBUG OUTGOING body_param_dict: {'Submit': 'Submit', 'id': '*'}
[13:54:53.937] [SQLiFuzz 1bf] Response status: 200
[13:54:53.937] [SQLiFuzz 1bf] Response URL: http://localhost:8081/a2_filtered_post.php
[13:54:53.937] [SQLiFuzz 1bf] Was redirected: False
[13:54:53.937] [SQLiFuzz 1bf] Getting response: 
<!doctype html>

<html>

<body>

<form method="POST">

  <label>User ID: <input type="text" name="id"></label>

  <input type="submit" name="Submit" value="Submit">

</form>

<pre>INPUT REJECTED</pre>
[13:54:54.938] [SQLAnalysis] Read 1 new lines from SQL log file.
[13:54:54.938] [SQLAnalysis] Appended 1 parsed entries.
[13:54:54.938] [SQLAnalysis 1bf] Extracted 781 Logs 2026-10-03 17:54:54.938916: [{'timestamp': '2026-10-03 17:54:53,922500', 'level': 'INFO', 'ip': '172.18.0.5', 'port': 39934, 'sql': 'USE db *#*#OK'}]
[13:54:54.939] [SQLAnalysis 1bf] Updated param pairs: {'looked_value': '*'}
[13:54:54.939] [SQLAnalysis 1bf] Looked timestamp 2026-10-03 17:54:53.907992 -- 2026-10-03 17:54:53.933100
[13:54:54.945] [SQLAnalysis 1bf] query_array to be checked: ['use', 'db']
[13:54:54.945] [SQLAnalysis 1bf] normalized_query_array: ['use', 'db']
[13:54:54.945] [SQLiFuzz 1bf] No weird chars exist: POST http://localhost:8081/a2_filtered_post.php | ['[string (False)(None)] Sec-Fetch-Dest=document', '[string (False)(None)] Sec-Fetch-Mode=navigate', '[string (False)(None)] Sec-Fetch-Site=same-origin', '[string (False)(None)] Sec-Fetch-User=?1', '[string (False)(None)] Priority=u=0, i', '[url (False)(None)] path0=a2_filtered_post.php', '[int (False)(None)] id=*', '[string (False)(None)] Submit=Submit'] | None
[13:54:54.946] [SQLiFuzz e0f] Getting prepared_target_request with ID b11 for test_SQLi iteration 5/70
[13:54:54.946] [SQLiFuzz b11] chosen_idx: 7 from 8
[13:54:54.946] [HTTPREQUEST b11] Getting matched paramval from found values: ['?1', '1']
[13:54:54.946] [HTTPREQUEST b11] Found matched paramval: [string (False)(None)] Sec-Fetch-User=?1
[13:54:54.946] [HTTPREQUEST b11] Found matched paramval: [int (False)(None)] id=1
[13:54:54.946] [SQLiFuzz b11] Prioritize to fuzz matched SQL value first: [int (False)(None)] id=1
[13:54:54.946] [SQLiFuzz b11] Mutation applied. old='1' char='*' strategy='tail' new='1*'
[13:54:54.946] [HTTPREQUEST b11] Update url and body param from paramvals:
[13:54:54.946] [HTTPREQUEST None] New post_data_encoded: Submit=Submit&id=1%2A
[13:54:54.946] [HTTPREQUEST None] New param encoded: 
[13:54:54.947] [GENERALFUNCTION b11] ---SENDING THE REQUEST [1791050094-1aa6d5db-5345-4e6a-a3ce-febbd2032b11] TO : [POST] http://localhost:8081/a2_filtered_post.php
[13:54:54.947] [GENERALFUNCTION b11] Post data encoded: Submit=Submit&id=1%2A
[13:54:54.947] [GENERALFUNCTION b11] Adjusted Content-Length to 21
[13:54:54.947] [GENERALFUNCTION b11] Adjusted Origin to http://localhost:8081
[13:54:54.947] [GENERALFUNCTION b11] Adjusted Referer to http://localhost:8081/a2_filtered_post.php
[13:54:54.947] [GENERALFUNCTION b11] DEBUG OUTGOING request.full_url: http://localhost:8081/a2_filtered_post.php
[13:54:54.947] [GENERALFUNCTION b11] DEBUG OUTGOING headers: {'Host': 'localhost:8081', 'User-Agent': 'Mozilla/5.0 (X11; Ubuntu; Linux x86_64; rv:155.0) Gecko/20100101 Firefox/155.0', 'Accept': 'text/html,application/xhtml+xml,application/xml;q=0.9,*/*;q=0.8', 'Accept-Language': 'en-US,en;q=0.9', 'Accept-Encoding': 'gzip, deflate, br, zstd', 'Content-Type': 'application/x-www-form-urlencoded', 'Content-Length': '21', 'Origin': 'http://localhost:8081', 'Connection': 'keep-alive', 'Referer': 'http://localhost:8081/a2_filtered_post.php', 'Cookie': 'PHPSESSID=35253801c188b6aea68c14a610415c8d; security=impossible', 'Upgrade-Insecure-Requests': '1', 'Sec-Fetch-Dest': 'document', 'Sec-Fetch-Mode': 'navigate', 'Sec-Fetch-Site': 'same-origin', 'Sec-Fetch-User': '?1', 'Priority': 'u=0, i'}
[13:54:54.947] [GENERALFUNCTION b11] DEBUG OUTGOING post_data_encoded (truncated): Submit=Submit&id=1%2A
[13:54:54.947] [GENERALFUNCTION b11] DEBUG OUTGOING body_param_dict: {'Submit': 'Submit', 'id': '1*'}
[13:54:54.953][127.0.0.1:45286] server disconnect localhost:8081 (127.0.0.1:8081)
[13:54:54.989] [SQLiFuzz b11] Response status: 200
[13:54:54.990] [SQLiFuzz b11] Response URL: http://localhost:8081/a2_filtered_post.php
[13:54:54.990] [SQLiFuzz b11] Was redirected: False
[13:54:54.990] [SQLiFuzz b11] Getting response: 
<!doctype html>

<html>

<body>

<form method="POST">

  <label>User ID: <input type="text" name="id"></label>

  <input type="submit" name="Submit" value="Submit">

</form>

<pre>INPUT REJECTED</pre>
[13:54:55.991] [SQLAnalysis] Read 1 new lines from SQL log file.
[13:54:55.992] [SQLAnalysis] Appended 1 parsed entries.
[13:54:55.992] [SQLAnalysis b11] Extracted 782 Logs 2026-10-03 17:54:55.992621: [{'timestamp': '2026-10-03 17:54:54,964722', 'level': 'INFO', 'ip': '172.18.0.5', 'port': 39952, 'sql': 'USE db *#*#OK'}]
[13:54:55.992] [SQLAnalysis b11] Updated param pairs: {'looked_value': '1*'}
[13:54:55.992] [SQLAnalysis b11] Looked timestamp 2026-10-03 17:54:54.947571 -- 2026-10-03 17:54:54.984190
[13:54:55.999] [SQLAnalysis b11] query_array to be checked: ['use', 'db']
[13:54:55.999] [SQLAnalysis b11] normalized_query_array: ['use', 'db']
[13:54:55.999] [SQLiFuzz b11] No weird chars exist: POST http://localhost:8081/a2_filtered_post.php | ['[string (False)(None)] Sec-Fetch-Dest=document', '[string (False)(None)] Sec-Fetch-Mode=navigate', '[string (False)(None)] Sec-Fetch-Site=same-origin', '[string (False)(None)] Sec-Fetch-User=?1', '[string (False)(None)] Priority=u=0, i', '[url (False)(None)] path0=a2_filtered_post.php', '[int (False)(None)] id=1*', '[string (False)(None)] Submit=Submit'] | None
[13:54:56.000] [SQLiFuzz e0f] Getting prepared_target_request with ID 8ab for test_SQLi iteration 6/70
[13:54:56.000] [SQLiFuzz 8ab] chosen_idx: 1 from 8
[13:54:56.000] [HTTPREQUEST 8ab] Getting matched paramval from found values: ['?1', '1']
[13:54:56.000] [HTTPREQUEST 8ab] Found matched paramval: [string (False)(None)] Sec-Fetch-User=?1
[13:54:56.000] [HTTPREQUEST 8ab] Found matched paramval: [int (False)(None)] id=1
[13:54:56.000] [SQLiFuzz 8ab] Prioritize to fuzz matched SQL value first: [int (False)(None)] id=1
[13:54:56.000] [SQLiFuzz 8ab] Mutation applied. old='1' char='*' strategy='front' new='*1'
[13:54:56.000] [HTTPREQUEST 8ab] Update url and body param from paramvals:
[13:54:56.000] [HTTPREQUEST None] New post_data_encoded: Submit=Submit&id=%2A1
[13:54:56.000] [HTTPREQUEST None] New param encoded: 
[13:54:56.000] [GENERALFUNCTION 8ab] ---SENDING THE REQUEST [1791050096-0cc50119-6c77-4231-98a0-6a8a36aa78ab] TO : [POST] http://localhost:8081/a2_filtered_post.php
[13:54:56.000] [GENERALFUNCTION 8ab] Post data encoded: Submit=Submit&id=%2A1
[13:54:56.000] [GENERALFUNCTION 8ab] Adjusted Content-Length to 21
[13:54:56.001] [GENERALFUNCTION 8ab] Adjusted Origin to http://localhost:8081
[13:54:56.001] [GENERALFUNCTION 8ab] Adjusted Referer to http://localhost:8081/a2_filtered_post.php
[13:54:56.001] [GENERALFUNCTION 8ab] DEBUG OUTGOING request.full_url: http://localhost:8081/a2_filtered_post.php
[13:54:56.001] [GENERALFUNCTION 8ab] DEBUG OUTGOING headers: {'Host': 'localhost:8081', 'User-Agent': 'Mozilla/5.0 (X11; Ubuntu; Linux x86_64; rv:155.0) Gecko/20100101 Firefox/155.0', 'Accept': 'text/html,application/xhtml+xml,application/xml;q=0.9,*/*;q=0.8', 'Accept-Language': 'en-US,en;q=0.9', 'Accept-Encoding': 'gzip, deflate, br, zstd', 'Content-Type': 'application/x-www-form-urlencoded', 'Content-Length': '21', 'Origin': 'http://localhost:8081', 'Connection': 'keep-alive', 'Referer': 'http://localhost:8081/a2_filtered_post.php', 'Cookie': 'PHPSESSID=35253801c188b6aea68c14a610415c8d; security=impossible', 'Upgrade-Insecure-Requests': '1', 'Sec-Fetch-Dest': 'document', 'Sec-Fetch-Mode': 'navigate', 'Sec-Fetch-Site': 'same-origin', 'Sec-Fetch-User': '?1', 'Priority': 'u=0, i'}
[13:54:56.001] [GENERALFUNCTION 8ab] DEBUG OUTGOING post_data_encoded (truncated): Submit=Submit&id=%2A1
[13:54:56.001] [GENERALFUNCTION 8ab] DEBUG OUTGOING body_param_dict: {'Submit': 'Submit', 'id': '*1'}
[13:54:56.009][127.0.0.1:45286] client disconnect
[13:54:56.033] [SQLiFuzz 8ab] Response status: 200
[13:54:56.034] [SQLiFuzz 8ab] Response URL: http://localhost:8081/a2_filtered_post.php
[13:54:56.034] [SQLiFuzz 8ab] Was redirected: False
[13:54:56.034] [SQLiFuzz 8ab] Getting response: 
<!doctype html>

<html>

<body>

<form method="POST">

  <label>User ID: <input type="text" name="id"></label>

  <input type="submit" name="Submit" value="Submit">

</form>

<pre>INPUT REJECTED</pre>
[13:54:57.034] [SQLAnalysis] Read 1 new lines from SQL log file.
[13:54:57.035] [SQLAnalysis] Appended 1 parsed entries.
[13:54:57.035] [SQLAnalysis 8ab] Extracted 783 Logs 2026-10-03 17:54:57.035201: [{'timestamp': '2026-10-03 17:54:56,017862', 'level': 'INFO', 'ip': '172.18.0.5', 'port': 39970, 'sql': 'USE db *#*#OK'}]
[13:54:57.035] [SQLAnalysis 8ab] Updated param pairs: {'looked_value': '*1'}
[13:54:57.035] [SQLAnalysis 8ab] Looked timestamp 2026-10-03 17:54:56.001477 -- 2026-10-03 17:54:56.030218
[13:54:57.042] [SQLAnalysis 8ab] query_array to be checked: ['use', 'db']
[13:54:57.042] [SQLAnalysis 8ab] normalized_query_array: ['use', 'db']
[13:54:57.042] [SQLiFuzz 8ab] No weird chars exist: POST http://localhost:8081/a2_filtered_post.php | ['[string (False)(None)] Sec-Fetch-Dest=document', '[string (False)(None)] Sec-Fetch-Mode=navigate', '[string (False)(None)] Sec-Fetch-Site=same-origin', '[string (False)(None)] Sec-Fetch-User=?1', '[string (False)(None)] Priority=u=0, i', '[url (False)(None)] path0=a2_filtered_post.php', '[int (False)(None)] id=*1', '[string (False)(None)] Submit=Submit'] | None
[13:54:57.043] [SQLiFuzz e0f] Getting prepared_target_request with ID ded for test_SQLi iteration 7/70
[13:54:57.043] [SQLiFuzz ded] chosen_idx: 2 from 8
[13:54:57.043] [HTTPREQUEST ded] Getting matched paramval from found values: ['?1', '1']
[13:54:57.043] [HTTPREQUEST ded] Found matched paramval: [string (False)(None)] Sec-Fetch-User=?1
[13:54:57.043] [HTTPREQUEST ded] Found matched paramval: [int (False)(None)] id=1
[13:54:57.043] [SQLiFuzz ded] Prioritize to fuzz matched SQL value first: [int (False)(None)] id=1
[13:54:57.043] [SQLiFuzz ded] Mutation applied. old='1' char='^' strategy='drop' new='^'
[13:54:57.043] [HTTPREQUEST ded] Update url and body param from paramvals:
[13:54:57.043] [HTTPREQUEST None] New post_data_encoded: Submit=Submit&id=%5E
[13:54:57.044] [HTTPREQUEST None] New param encoded: 
[13:54:57.044] [GENERALFUNCTION ded] ---SENDING THE REQUEST [1791050097-bf5285e4-2e19-4ca3-bdf5-cc7d69b67ded] TO : [POST] http://localhost:8081/a2_filtered_post.php
[13:54:57.044] [GENERALFUNCTION ded] Post data encoded: Submit=Submit&id=%5E
[13:54:57.044] [GENERALFUNCTION ded] Adjusted Content-Length to 20
[13:54:57.044] [GENERALFUNCTION ded] Adjusted Origin to http://localhost:8081
[13:54:57.044] [GENERALFUNCTION ded] Adjusted Referer to http://localhost:8081/a2_filtered_post.php
[13:54:57.044] [GENERALFUNCTION ded] DEBUG OUTGOING request.full_url: http://localhost:8081/a2_filtered_post.php
[13:54:57.044] [GENERALFUNCTION ded] DEBUG OUTGOING headers: {'Host': 'localhost:8081', 'User-Agent': 'Mozilla/5.0 (X11; Ubuntu; Linux x86_64; rv:155.0) Gecko/20100101 Firefox/155.0', 'Accept': 'text/html,application/xhtml+xml,application/xml;q=0.9,*/*;q=0.8', 'Accept-Language': 'en-US,en;q=0.9', 'Accept-Encoding': 'gzip, deflate, br, zstd', 'Content-Type': 'application/x-www-form-urlencoded', 'Content-Length': '20', 'Origin': 'http://localhost:8081', 'Connection': 'keep-alive', 'Referer': 'http://localhost:8081/a2_filtered_post.php', 'Cookie': 'PHPSESSID=35253801c188b6aea68c14a610415c8d; security=impossible', 'Upgrade-Insecure-Requests': '1', 'Sec-Fetch-Dest': 'document', 'Sec-Fetch-Mode': 'navigate', 'Sec-Fetch-Site': 'same-origin', 'Sec-Fetch-User': '?1', 'Priority': 'u=0, i'}
[13:54:57.044] [GENERALFUNCTION ded] DEBUG OUTGOING post_data_encoded (truncated): Submit=Submit&id=%5E
[13:54:57.044] [GENERALFUNCTION ded] DEBUG OUTGOING body_param_dict: {'Submit': 'Submit', 'id': '^'}
[13:54:57.079] [SQLiFuzz ded] Response status: 200
[13:54:57.079] [SQLiFuzz ded] Response URL: http://localhost:8081/a2_filtered_post.php
[13:54:57.079] [SQLiFuzz ded] Was redirected: False
[13:54:57.079] [SQLiFuzz ded] Getting response: 
<!doctype html>

<html>

<body>

<form method="POST">

  <label>User ID: <input type="text" name="id"></label>

  <input type="submit" name="Submit" value="Submit">

</form>

<pre>INPUT REJECTED</pre>
[13:54:58.080] [SQLAnalysis] Read 1 new lines from SQL log file.
[13:54:58.080] [SQLAnalysis] Appended 1 parsed entries.
[13:54:58.080] [SQLAnalysis ded] Extracted 784 Logs 2026-10-03 17:54:58.080360: [{'timestamp': '2026-10-03 17:54:57,066047', 'level': 'INFO', 'ip': '172.18.0.5', 'port': 39988, 'sql': 'USE db *#*#OK'}]
[13:54:58.080] [SQLAnalysis ded] Updated param pairs: {'looked_value': '^'}
[13:54:58.080] [SQLAnalysis ded] Looked timestamp 2026-10-03 17:54:57.044702 -- 2026-10-03 17:54:57.075127
[13:54:58.088] [SQLAnalysis ded] query_array to be checked: ['use', 'db']
[13:54:58.088] [SQLAnalysis ded] normalized_query_array: ['use', 'db']
[13:54:58.088] [SQLiFuzz ded] No weird chars exist: POST http://localhost:8081/a2_filtered_post.php | ['[string (False)(None)] Sec-Fetch-Dest=document', '[string (False)(None)] Sec-Fetch-Mode=navigate', '[string (False)(None)] Sec-Fetch-Site=same-origin', '[string (False)(None)] Sec-Fetch-User=?1', '[string (False)(None)] Priority=u=0, i', '[url (False)(None)] path0=a2_filtered_post.php', '[int (False)(None)] id=^', '[string (False)(None)] Submit=Submit'] | None
[13:54:58.088] [SQLiFuzz e0f] Getting prepared_target_request with ID 52f for test_SQLi iteration 8/70
[13:54:58.088] [SQLiFuzz 52f] chosen_idx: 7 from 8
[13:54:58.089] [HTTPREQUEST 52f] Getting matched paramval from found values: ['?1', '1']
[13:54:58.089] [HTTPREQUEST 52f] Found matched paramval: [string (False)(None)] Sec-Fetch-User=?1
[13:54:58.089] [HTTPREQUEST 52f] Found matched paramval: [int (False)(None)] id=1
[13:54:58.089] [SQLiFuzz 52f] Prioritize to fuzz matched SQL value first: [int (False)(None)] id=1
[13:54:58.089] [SQLiFuzz 52f] Mutation applied. old='1' char='[' strategy='drop' new='['
[13:54:58.089] [HTTPREQUEST 52f] Update url and body param from paramvals:
[13:54:58.089] [HTTPREQUEST None] New post_data_encoded: Submit=Submit&id=%5B
[13:54:58.089] [HTTPREQUEST None] New param encoded: 
[13:54:58.089] [GENERALFUNCTION 52f] ---SENDING THE REQUEST [1791050098-21b274fa-c16d-49bf-99f4-d76cb7c6852f] TO : [POST] http://localhost:8081/a2_filtered_post.php
[13:54:58.089] [GENERALFUNCTION 52f] Post data encoded: Submit=Submit&id=%5B
[13:54:58.089] [GENERALFUNCTION 52f] Adjusted Content-Length to 20
[13:54:58.089] [GENERALFUNCTION 52f] Adjusted Origin to http://localhost:8081
[13:54:58.090] [GENERALFUNCTION 52f] Adjusted Referer to http://localhost:8081/a2_filtered_post.php
[13:54:58.090] [GENERALFUNCTION 52f] DEBUG OUTGOING request.full_url: http://localhost:8081/a2_filtered_post.php
[13:54:58.090] [GENERALFUNCTION 52f] DEBUG OUTGOING headers: {'Host': 'localhost:8081', 'User-Agent': 'Mozilla/5.0 (X11; Ubuntu; Linux x86_64; rv:155.0) Gecko/20100101 Firefox/155.0', 'Accept': 'text/html,application/xhtml+xml,application/xml;q=0.9,*/*;q=0.8', 'Accept-Language': 'en-US,en;q=0.9', 'Accept-Encoding': 'gzip, deflate, br, zstd', 'Content-Type': 'application/x-www-form-urlencoded', 'Content-Length': '20', 'Origin': 'http://localhost:8081', 'Connection': 'keep-alive', 'Referer': 'http://localhost:8081/a2_filtered_post.php', 'Cookie': 'PHPSESSID=35253801c188b6aea68c14a610415c8d; security=impossible', 'Upgrade-Insecure-Requests': '1', 'Sec-Fetch-Dest': 'document', 'Sec-Fetch-Mode': 'navigate', 'Sec-Fetch-Site': 'same-origin', 'Sec-Fetch-User': '?1', 'Priority': 'u=0, i'}
[13:54:58.090] [GENERALFUNCTION 52f] DEBUG OUTGOING post_data_encoded (truncated): Submit=Submit&id=%5B
[13:54:58.090] [GENERALFUNCTION 52f] DEBUG OUTGOING body_param_dict: {'Submit': 'Submit', 'id': '['}
[13:54:58.119] [SQLiFuzz 52f] Response status: 200
[13:54:58.119] [SQLiFuzz 52f] Response URL: http://localhost:8081/a2_filtered_post.php
[13:54:58.119] [SQLiFuzz 52f] Was redirected: False
[13:54:58.119] [SQLiFuzz 52f] Getting response: 
<!doctype html>

<html>

<body>

<form method="POST">

  <label>User ID: <input type="text" name="id"></label>

  <input type="submit" name="Submit" value="Submit">

</form>

<pre>INPUT REJECTED</pre>
[13:54:59.120] [SQLAnalysis] Read 1 new lines from SQL log file.
[13:54:59.120] [SQLAnalysis] Appended 1 parsed entries.
[13:54:59.120] [SQLAnalysis 52f] Extracted 785 Logs 2026-10-03 17:54:59.120775: [{'timestamp': '2026-10-03 17:54:58,105652', 'level': 'INFO', 'ip': '172.18.0.5', 'port': 40006, 'sql': 'USE db *#*#OK'}]
[13:54:59.120] [SQLAnalysis 52f] Updated param pairs: {'looked_value': '['}
[13:54:59.120] [SQLAnalysis 52f] Looked timestamp 2026-10-03 17:54:58.090457 -- 2026-10-03 17:54:58.115385
[13:54:59.128] [SQLAnalysis 52f] query_array to be checked: ['use', 'db']
[13:54:59.128] [SQLAnalysis 52f] normalized_query_array: ['use', 'db']
[13:54:59.129] [SQLiFuzz 52f] No weird chars exist: POST http://localhost:8081/a2_filtered_post.php | ['[string (False)(None)] Sec-Fetch-Dest=document', '[string (False)(None)] Sec-Fetch-Mode=navigate', '[string (False)(None)] Sec-Fetch-Site=same-origin', '[string (False)(None)] Sec-Fetch-User=?1', '[string (False)(None)] Priority=u=0, i', '[url (False)(None)] path0=a2_filtered_post.php', '[int (False)(None)] id=[', '[string (False)(None)] Submit=Submit'] | None
[13:54:59.129] [SQLiFuzz e0f] Getting prepared_target_request with ID cc4 for test_SQLi iteration 9/70
[13:54:59.129] [SQLiFuzz cc4] chosen_idx: 6 from 8
[13:54:59.129] [HTTPREQUEST cc4] Getting matched paramval from found values: ['?1', '1']
[13:54:59.129] [HTTPREQUEST cc4] Found matched paramval: [string (False)(None)] Sec-Fetch-User=?1
[13:54:59.129] [HTTPREQUEST cc4] Found matched paramval: [int (False)(None)] id=1
[13:54:59.129] [SQLiFuzz cc4] Prioritize to fuzz matched SQL value first: [int (False)(None)] id=1
[13:54:59.129] [SQLiFuzz cc4] Mutation applied. old='1' char='#' strategy='tail' new='1#'
[13:54:59.130] [HTTPREQUEST cc4] Update url and body param from paramvals:
[13:54:59.130] [HTTPREQUEST None] New post_data_encoded: Submit=Submit&id=1%23
[13:54:59.130] [HTTPREQUEST None] New param encoded: 
[13:54:59.130] [GENERALFUNCTION cc4] ---SENDING THE REQUEST [1791050099-91290751-6a2a-46b7-94be-57af71bf7cc4] TO : [POST] http://localhost:8081/a2_filtered_post.php
[13:54:59.130] [GENERALFUNCTION cc4] Post data encoded: Submit=Submit&id=1%23
[13:54:59.130] [GENERALFUNCTION cc4] Adjusted Content-Length to 21
[13:54:59.130] [GENERALFUNCTION cc4] Adjusted Origin to http://localhost:8081
[13:54:59.130] [GENERALFUNCTION cc4] Adjusted Referer to http://localhost:8081/a2_filtered_post.php
[13:54:59.130] [GENERALFUNCTION cc4] DEBUG OUTGOING request.full_url: http://localhost:8081/a2_filtered_post.php
[13:54:59.130] [GENERALFUNCTION cc4] DEBUG OUTGOING headers: {'Host': 'localhost:8081', 'User-Agent': 'Mozilla/5.0 (X11; Ubuntu; Linux x86_64; rv:155.0) Gecko/20100101 Firefox/155.0', 'Accept': 'text/html,application/xhtml+xml,application/xml;q=0.9,*/*;q=0.8', 'Accept-Language': 'en-US,en;q=0.9', 'Accept-Encoding': 'gzip, deflate, br, zstd', 'Content-Type': 'application/x-www-form-urlencoded', 'Content-Length': '21', 'Origin': 'http://localhost:8081', 'Connection': 'keep-alive', 'Referer': 'http://localhost:8081/a2_filtered_post.php', 'Cookie': 'PHPSESSID=35253801c188b6aea68c14a610415c8d; security=impossible', 'Upgrade-Insecure-Requests': '1', 'Sec-Fetch-Dest': 'document', 'Sec-Fetch-Mode': 'navigate', 'Sec-Fetch-Site': 'same-origin', 'Sec-Fetch-User': '?1', 'Priority': 'u=0, i'}
[13:54:59.130] [GENERALFUNCTION cc4] DEBUG OUTGOING post_data_encoded (truncated): Submit=Submit&id=1%23
[13:54:59.130] [GENERALFUNCTION cc4] DEBUG OUTGOING body_param_dict: {'Submit': 'Submit', 'id': '1#'}
[13:54:59.160] [SQLiFuzz cc4] Response status: 200
[13:54:59.160] [SQLiFuzz cc4] Response URL: http://localhost:8081/a2_filtered_post.php
[13:54:59.160] [SQLiFuzz cc4] Was redirected: False
[13:54:59.160] [SQLiFuzz cc4] Getting response: 
<!doctype html>

<html>

<body>

<form method="POST">

  <label>User ID: <input type="text" name="id"></label>

  <input type="submit" name="Submit" value="Submit">

</form>

<pre>INPUT REJECTED</pre>
[13:55:00.161] [SQLAnalysis] Read 1 new lines from SQL log file.
[13:55:00.161] [SQLAnalysis] Appended 1 parsed entries.
[13:55:00.161] [SQLAnalysis cc4] Extracted 786 Logs 2026-10-03 17:55:00.161726: [{'timestamp': '2026-10-03 17:54:59,146993', 'level': 'INFO', 'ip': '172.18.0.5', 'port': 40036, 'sql': 'USE db *#*#OK'}]
[13:55:00.161] [SQLAnalysis cc4] Updated param pairs: {'looked_value': '1#'}
[13:55:00.161] [SQLAnalysis cc4] Looked timestamp 2026-10-03 17:54:59.130826 -- 2026-10-03 17:54:59.157089
[13:55:00.168] [SQLAnalysis cc4] query_array to be checked: ['use', 'db']
[13:55:00.168] [SQLAnalysis cc4] normalized_query_array: ['use', 'db']
[13:55:00.168] [SQLiFuzz cc4] No weird chars exist: POST http://localhost:8081/a2_filtered_post.php | ['[string (False)(None)] Sec-Fetch-Dest=document', '[string (False)(None)] Sec-Fetch-Mode=navigate', '[string (False)(None)] Sec-Fetch-Site=same-origin', '[string (False)(None)] Sec-Fetch-User=?1', '[string (False)(None)] Priority=u=0, i', '[url (False)(None)] path0=a2_filtered_post.php', '[int (False)(None)] id=1#', '[string (False)(None)] Submit=Submit'] | None
[13:55:00.168] [SQLiFuzz e0f] Getting prepared_target_request with ID 87f for test_SQLi iteration 10/70
[13:55:00.169] [SQLiFuzz 87f] chosen_idx: 0 from 8
[13:55:00.169] [HTTPREQUEST 87f] Getting matched paramval from found values: ['?1', '1']
[13:55:00.169] [HTTPREQUEST 87f] Found matched paramval: [string (False)(None)] Sec-Fetch-User=?1
[13:55:00.169] [HTTPREQUEST 87f] Found matched paramval: [int (False)(None)] id=1
[13:55:00.169] [SQLiFuzz 87f] Prioritize to fuzz matched SQL value first: [int (False)(None)] id=1
[13:55:00.169] [SQLiFuzz 87f] Mutation applied. old='1' char=';' strategy='front' new=';1'
[13:55:00.169] [HTTPREQUEST 87f] Update url and body param from paramvals:
[13:55:00.169] [HTTPREQUEST None] New post_data_encoded: Submit=Submit&id=%3B1
[13:55:00.169] [HTTPREQUEST None] New param encoded: 
[13:55:00.169] [GENERALFUNCTION 87f] ---SENDING THE REQUEST [1791050100-17e46af0-52f9-4210-ad77-3cd7dca0087f] TO : [POST] http://localhost:8081/a2_filtered_post.php
[13:55:00.169] [GENERALFUNCTION 87f] Post data encoded: Submit=Submit&id=%3B1
[13:55:00.169] [GENERALFUNCTION 87f] Adjusted Content-Length to 21
[13:55:00.169] [GENERALFUNCTION 87f] Adjusted Origin to http://localhost:8081
[13:55:00.169] [GENERALFUNCTION 87f] Adjusted Referer to http://localhost:8081/a2_filtered_post.php
[13:55:00.169] [GENERALFUNCTION 87f] DEBUG OUTGOING request.full_url: http://localhost:8081/a2_filtered_post.php
[13:55:00.169] [GENERALFUNCTION 87f] DEBUG OUTGOING headers: {'Host': 'localhost:8081', 'User-Agent': 'Mozilla/5.0 (X11; Ubuntu; Linux x86_64; rv:155.0) Gecko/20100101 Firefox/155.0', 'Accept': 'text/html,application/xhtml+xml,application/xml;q=0.9,*/*;q=0.8', 'Accept-Language': 'en-US,en;q=0.9', 'Accept-Encoding': 'gzip, deflate, br, zstd', 'Content-Type': 'application/x-www-form-urlencoded', 'Content-Length': '21', 'Origin': 'http://localhost:8081', 'Connection': 'keep-alive', 'Referer': 'http://localhost:8081/a2_filtered_post.php', 'Cookie': 'PHPSESSID=35253801c188b6aea68c14a610415c8d; security=impossible', 'Upgrade-Insecure-Requests': '1', 'Sec-Fetch-Dest': 'document', 'Sec-Fetch-Mode': 'navigate', 'Sec-Fetch-Site': 'same-origin', 'Sec-Fetch-User': '?1', 'Priority': 'u=0, i'}
[13:55:00.170] [GENERALFUNCTION 87f] DEBUG OUTGOING post_data_encoded (truncated): Submit=Submit&id=%3B1
[13:55:00.170] [GENERALFUNCTION 87f] DEBUG OUTGOING body_param_dict: {'Submit': 'Submit', 'id': ';1'}
[13:55:00.209] [SQLiFuzz 87f] Response status: 200
[13:55:00.209] [SQLiFuzz 87f] Response URL: http://localhost:8081/a2_filtered_post.php
[13:55:00.209] [SQLiFuzz 87f] Was redirected: False
[13:55:00.209] [SQLiFuzz 87f] Getting response: 
<!doctype html>

<html>

<body>

<form method="POST">

  <label>User ID: <input type="text" name="id"></label>

  <input type="submit" name="Submit" value="Submit">

</form>

<pre>INPUT REJECTED</pre>
[13:55:01.210] [SQLAnalysis] Read 1 new lines from SQL log file.
[13:55:01.210] [SQLAnalysis] Appended 1 parsed entries.
[13:55:01.210] [SQLAnalysis 87f] Extracted 787 Logs 2026-10-03 17:55:01.210455: [{'timestamp': '2026-10-03 17:55:00,191008', 'level': 'INFO', 'ip': '172.18.0.5', 'port': 40054, 'sql': 'USE db *#*#OK'}]
[13:55:01.210] [SQLAnalysis 87f] Updated param pairs: {'looked_value': ';1'}
[13:55:01.210] [SQLAnalysis 87f] Looked timestamp 2026-10-03 17:55:00.170167 -- 2026-10-03 17:55:00.205671
[13:55:01.217] [SQLAnalysis 87f] query_array to be checked: ['use', 'db']
[13:55:01.217] [SQLAnalysis 87f] normalized_query_array: ['use', 'db']
[13:55:01.218] [SQLiFuzz 87f] No weird chars exist: POST http://localhost:8081/a2_filtered_post.php | ['[string (False)(None)] Sec-Fetch-Dest=document', '[string (False)(None)] Sec-Fetch-Mode=navigate', '[string (False)(None)] Sec-Fetch-Site=same-origin', '[string (False)(None)] Sec-Fetch-User=?1', '[string (False)(None)] Priority=u=0, i', '[url (False)(None)] path0=a2_filtered_post.php', '[int (False)(None)] id=;1', '[string (False)(None)] Submit=Submit'] | None
[13:55:01.218] [SQLiFuzz e0f] Getting prepared_target_request with ID fc5 for test_SQLi iteration 11/70
[13:55:01.218] [SQLiFuzz fc5] chosen_idx: 5 from 8
[13:55:01.218] [HTTPREQUEST fc5] Getting matched paramval from found values: ['?1', '1']
[13:55:01.218] [HTTPREQUEST fc5] Found matched paramval: [string (False)(None)] Sec-Fetch-User=?1
[13:55:01.218] [HTTPREQUEST fc5] Found matched paramval: [int (False)(None)] id=1
[13:55:01.218] [SQLiFuzz fc5] Prioritize to fuzz matched SQL value first: [int (False)(None)] id=1
[13:55:01.218] [SQLiFuzz fc5] Mutation applied. old='1' char='`' strategy='random' new='`1'
[13:55:01.218] [HTTPREQUEST fc5] Update url and body param from paramvals:
[13:55:01.219] [HTTPREQUEST None] New post_data_encoded: Submit=Submit&id=%601
[13:55:01.219] [HTTPREQUEST None] New param encoded: 
[13:55:01.219] [GENERALFUNCTION fc5] ---SENDING THE REQUEST [1791050101-486dd3b6-7ac8-4fbc-9d9d-85f233194fc5] TO : [POST] http://localhost:8081/a2_filtered_post.php
[13:55:01.219] [GENERALFUNCTION fc5] Post data encoded: Submit=Submit&id=%601
[13:55:01.219] [GENERALFUNCTION fc5] Adjusted Content-Length to 21
[13:55:01.219] [GENERALFUNCTION fc5] Adjusted Origin to http://localhost:8081
[13:55:01.219] [GENERALFUNCTION fc5] Adjusted Referer to http://localhost:8081/a2_filtered_post.php
[13:55:01.219] [GENERALFUNCTION fc5] DEBUG OUTGOING request.full_url: http://localhost:8081/a2_filtered_post.php
[13:55:01.219] [GENERALFUNCTION fc5] DEBUG OUTGOING headers: {'Host': 'localhost:8081', 'User-Agent': 'Mozilla/5.0 (X11; Ubuntu; Linux x86_64; rv:155.0) Gecko/20100101 Firefox/155.0', 'Accept': 'text/html,application/xhtml+xml,application/xml;q=0.9,*/*;q=0.8', 'Accept-Language': 'en-US,en;q=0.9', 'Accept-Encoding': 'gzip, deflate, br, zstd', 'Content-Type': 'application/x-www-form-urlencoded', 'Content-Length': '21', 'Origin': 'http://localhost:8081', 'Connection': 'keep-alive', 'Referer': 'http://localhost:8081/a2_filtered_post.php', 'Cookie': 'PHPSESSID=35253801c188b6aea68c14a610415c8d; security=impossible', 'Upgrade-Insecure-Requests': '1', 'Sec-Fetch-Dest': 'document', 'Sec-Fetch-Mode': 'navigate', 'Sec-Fetch-Site': 'same-origin', 'Sec-Fetch-User': '?1', 'Priority': 'u=0, i'}
[13:55:01.219] [GENERALFUNCTION fc5] DEBUG OUTGOING post_data_encoded (truncated): Submit=Submit&id=%601
[13:55:01.219] [GENERALFUNCTION fc5] DEBUG OUTGOING body_param_dict: {'Submit': 'Submit', 'id': '`1'}
[13:55:01.250] [SQLiFuzz fc5] Response status: 200
[13:55:01.250] [SQLiFuzz fc5] Response URL: http://localhost:8081/a2_filtered_post.php
[13:55:01.250] [SQLiFuzz fc5] Was redirected: False
[13:55:01.250] [SQLiFuzz fc5] Getting response: 
<!doctype html>

<html>

<body>

<form method="POST">

  <label>User ID: <input type="text" name="id"></label>

  <input type="submit" name="Submit" value="Submit">

</form>

<pre>INPUT REJECTED</pre>
[13:55:02.253] [SQLAnalysis] Read 1 new lines from SQL log file.
[13:55:02.253] [SQLAnalysis] Appended 1 parsed entries.
[13:55:02.253] [SQLAnalysis fc5] Extracted 788 Logs 2026-10-03 17:55:02.253946: [{'timestamp': '2026-10-03 17:55:01,236209', 'level': 'INFO', 'ip': '172.18.0.5', 'port': 35834, 'sql': 'USE db *#*#OK'}]
[13:55:02.254] [SQLAnalysis fc5] Updated param pairs: {'looked_value': '`1'}
[13:55:02.254] [SQLAnalysis fc5] Looked timestamp 2026-10-03 17:55:01.219890 -- 2026-10-03 17:55:01.246747
[13:55:02.261] [SQLAnalysis fc5] query_array to be checked: ['use', 'db']
[13:55:02.261] [SQLAnalysis fc5] normalized_query_array: ['use', 'db']
[13:55:02.261] [SQLiFuzz fc5] No weird chars exist: POST http://localhost:8081/a2_filtered_post.php | ['[string (False)(None)] Sec-Fetch-Dest=document', '[string (False)(None)] Sec-Fetch-Mode=navigate', '[string (False)(None)] Sec-Fetch-Site=same-origin', '[string (False)(None)] Sec-Fetch-User=?1', '[string (False)(None)] Priority=u=0, i', '[url (False)(None)] path0=a2_filtered_post.php', '[int (False)(None)] id=`1', '[string (False)(None)] Submit=Submit'] | None
[13:55:02.261] [SQLiFuzz e0f] Getting prepared_target_request with ID 4d6 for test_SQLi iteration 12/70
[13:55:02.262] [SQLiFuzz 4d6] chosen_idx: 0 from 8
[13:55:02.262] [HTTPREQUEST 4d6] Getting matched paramval from found values: ['?1', '1']
[13:55:02.262] [HTTPREQUEST 4d6] Found matched paramval: [string (False)(None)] Sec-Fetch-User=?1
[13:55:02.262] [HTTPREQUEST 4d6] Found matched paramval: [int (False)(None)] id=1
[13:55:02.262] [SQLiFuzz 4d6] Prioritize to fuzz matched SQL value first: [int (False)(None)] id=1
[13:55:02.262] [SQLiFuzz 4d6] Mutation applied. old='1' char='&' strategy='drop' new='&'
[13:55:02.262] [HTTPREQUEST 4d6] Update url and body param from paramvals:
[13:55:02.262] [HTTPREQUEST None] New post_data_encoded: Submit=Submit&id=%26
[13:55:02.262] [HTTPREQUEST None] New param encoded: 
[13:55:02.262] [GENERALFUNCTION 4d6] ---SENDING THE REQUEST [1791050102-7ecf5b9a-a56a-4d04-91b2-8cb3d45c34d6] TO : [POST] http://localhost:8081/a2_filtered_post.php
[13:55:02.262] [GENERALFUNCTION 4d6] Post data encoded: Submit=Submit&id=%26
[13:55:02.262] [GENERALFUNCTION 4d6] Adjusted Content-Length to 20
[13:55:02.262] [GENERALFUNCTION 4d6] Adjusted Origin to http://localhost:8081
[13:55:02.262] [GENERALFUNCTION 4d6] Adjusted Referer to http://localhost:8081/a2_filtered_post.php
[13:55:02.262] [GENERALFUNCTION 4d6] DEBUG OUTGOING request.full_url: http://localhost:8081/a2_filtered_post.php
[13:55:02.263] [GENERALFUNCTION 4d6] DEBUG OUTGOING headers: {'Host': 'localhost:8081', 'User-Agent': 'Mozilla/5.0 (X11; Ubuntu; Linux x86_64; rv:155.0) Gecko/20100101 Firefox/155.0', 'Accept': 'text/html,application/xhtml+xml,application/xml;q=0.9,*/*;q=0.8', 'Accept-Language': 'en-US,en;q=0.9', 'Accept-Encoding': 'gzip, deflate, br, zstd', 'Content-Type': 'application/x-www-form-urlencoded', 'Content-Length': '20', 'Origin': 'http://localhost:8081', 'Connection': 'keep-alive', 'Referer': 'http://localhost:8081/a2_filtered_post.php', 'Cookie': 'PHPSESSID=35253801c188b6aea68c14a610415c8d; security=impossible', 'Upgrade-Insecure-Requests': '1', 'Sec-Fetch-Dest': 'document', 'Sec-Fetch-Mode': 'navigate', 'Sec-Fetch-Site': 'same-origin', 'Sec-Fetch-User': '?1', 'Priority': 'u=0, i'}
[13:55:02.263] [GENERALFUNCTION 4d6] DEBUG OUTGOING post_data_encoded (truncated): Submit=Submit&id=%26
[13:55:02.263] [GENERALFUNCTION 4d6] DEBUG OUTGOING body_param_dict: {'Submit': 'Submit', 'id': '&'}
[13:55:02.306] [SQLiFuzz 4d6] Response status: 200
[13:55:02.306] [SQLiFuzz 4d6] Response URL: http://localhost:8081/a2_filtered_post.php
[13:55:02.306] [SQLiFuzz 4d6] Was redirected: False
[13:55:02.306] [SQLiFuzz 4d6] Getting response: 
<!doctype html>

<html>

<body>

<form method="POST">

  <label>User ID: <input type="text" name="id"></label>

  <input type="submit" name="Submit" value="Submit">

</form>

<pre>INPUT REJECTED</pre>
[13:55:03.307] [SQLAnalysis] Read 1 new lines from SQL log file.
[13:55:03.307] [SQLAnalysis] Appended 1 parsed entries.
[13:55:03.307] [SQLAnalysis 4d6] Extracted 789 Logs 2026-10-03 17:55:03.307760: [{'timestamp': '2026-10-03 17:55:02,282003', 'level': 'INFO', 'ip': '172.18.0.5', 'port': 35854, 'sql': 'USE db *#*#OK'}]
[13:55:03.307] [SQLAnalysis 4d6] Updated param pairs: {'looked_value': '&'}
[13:55:03.307] [SQLAnalysis 4d6] Looked timestamp 2026-10-03 17:55:02.263217 -- 2026-10-03 17:55:02.301501
[13:55:03.314] [SQLAnalysis 4d6] query_array to be checked: ['use', 'db']
[13:55:03.314] [SQLAnalysis 4d6] normalized_query_array: ['use', 'db']
[13:55:03.314] [SQLiFuzz 4d6] No weird chars exist: POST http://localhost:8081/a2_filtered_post.php | ['[string (False)(None)] Sec-Fetch-Dest=document', '[string (False)(None)] Sec-Fetch-Mode=navigate', '[string (False)(None)] Sec-Fetch-Site=same-origin', '[string (False)(None)] Sec-Fetch-User=?1', '[string (False)(None)] Priority=u=0, i', '[url (False)(None)] path0=a2_filtered_post.php', '[int (False)(None)] id=&', '[string (False)(None)] Submit=Submit'] | None
[13:55:03.315] [SQLiFuzz e0f] Getting prepared_target_request with ID 02b for test_SQLi iteration 13/70
[13:55:03.315] [SQLiFuzz 02b] chosen_idx: 5 from 8
[13:55:03.315] [HTTPREQUEST 02b] Getting matched paramval from found values: ['?1', '1']
[13:55:03.315] [HTTPREQUEST 02b] Found matched paramval: [string (False)(None)] Sec-Fetch-User=?1
[13:55:03.315] [HTTPREQUEST 02b] Found matched paramval: [int (False)(None)] id=1
[13:55:03.315] [SQLiFuzz 02b] Prioritize to fuzz matched SQL value first: [int (False)(None)] id=1
[13:55:03.315] [SQLiFuzz 02b] Mutation applied. old='1' char='/' strategy='random' new='/1'
[13:55:03.315] [HTTPREQUEST 02b] Update url and body param from paramvals:
[13:55:03.315] [HTTPREQUEST None] New post_data_encoded: Submit=Submit&id=%2F1
[13:55:03.315] [HTTPREQUEST None] New param encoded: 
[13:55:03.315] [GENERALFUNCTION 02b] ---SENDING THE REQUEST [1791050103-e2c27878-8811-4689-b31b-98002461d02b] TO : [POST] http://localhost:8081/a2_filtered_post.php
[13:55:03.316] [GENERALFUNCTION 02b] Post data encoded: Submit=Submit&id=%2F1
[13:55:03.316] [GENERALFUNCTION 02b] Adjusted Content-Length to 21
[13:55:03.316] [GENERALFUNCTION 02b] Adjusted Origin to http://localhost:8081
[13:55:03.316] [GENERALFUNCTION 02b] Adjusted Referer to http://localhost:8081/a2_filtered_post.php
[13:55:03.316] [GENERALFUNCTION 02b] DEBUG OUTGOING request.full_url: http://localhost:8081/a2_filtered_post.php
[13:55:03.316] [GENERALFUNCTION 02b] DEBUG OUTGOING headers: {'Host': 'localhost:8081', 'User-Agent': 'Mozilla/5.0 (X11; Ubuntu; Linux x86_64; rv:155.0) Gecko/20100101 Firefox/155.0', 'Accept': 'text/html,application/xhtml+xml,application/xml;q=0.9,*/*;q=0.8', 'Accept-Language': 'en-US,en;q=0.9', 'Accept-Encoding': 'gzip, deflate, br, zstd', 'Content-Type': 'application/x-www-form-urlencoded', 'Content-Length': '21', 'Origin': 'http://localhost:8081', 'Connection': 'keep-alive', 'Referer': 'http://localhost:8081/a2_filtered_post.php', 'Cookie': 'PHPSESSID=35253801c188b6aea68c14a610415c8d; security=impossible', 'Upgrade-Insecure-Requests': '1', 'Sec-Fetch-Dest': 'document', 'Sec-Fetch-Mode': 'navigate', 'Sec-Fetch-Site': 'same-origin', 'Sec-Fetch-User': '?1', 'Priority': 'u=0, i'}
[13:55:03.317] [GENERALFUNCTION 02b] DEBUG OUTGOING post_data_encoded (truncated): Submit=Submit&id=%2F1
[13:55:03.317] [GENERALFUNCTION 02b] DEBUG OUTGOING body_param_dict: {'Submit': 'Submit', 'id': '/1'}
[13:55:03.352] [SQLiFuzz 02b] Response status: 200
[13:55:03.352] [SQLiFuzz 02b] Response URL: http://localhost:8081/a2_filtered_post.php
[13:55:03.352] [SQLiFuzz 02b] Was redirected: False
[13:55:03.352] [SQLiFuzz 02b] Getting response: 
<!doctype html>

<html>

<body>

<form method="POST">

  <label>User ID: <input type="text" name="id"></label>

  <input type="submit" name="Submit" value="Submit">

</form>

<pre>INPUT REJECTED</pre>
[13:55:04.352] [SQLAnalysis] Read 1 new lines from SQL log file.
[13:55:04.353] [SQLAnalysis] Appended 1 parsed entries.
[13:55:04.353] [SQLAnalysis 02b] Extracted 790 Logs 2026-10-03 17:55:04.353127: [{'timestamp': '2026-10-03 17:55:03,333934', 'level': 'INFO', 'ip': '172.18.0.5', 'port': 35876, 'sql': 'USE db *#*#OK'}]
[13:55:04.353] [SQLAnalysis 02b] Updated param pairs: {'looked_value': '/1'}
[13:55:04.353] [SQLAnalysis 02b] Looked timestamp 2026-10-03 17:55:03.317130 -- 2026-10-03 17:55:03.344117
[13:55:04.362] [SQLAnalysis 02b] query_array to be checked: ['use', 'db']
[13:55:04.362] [SQLAnalysis 02b] normalized_query_array: ['use', 'db']
[13:55:04.362] [SQLiFuzz 02b] No weird chars exist: POST http://localhost:8081/a2_filtered_post.php | ['[string (False)(None)] Sec-Fetch-Dest=document', '[string (False)(None)] Sec-Fetch-Mode=navigate', '[string (False)(None)] Sec-Fetch-Site=same-origin', '[string (False)(None)] Sec-Fetch-User=?1', '[string (False)(None)] Priority=u=0, i', '[url (False)(None)] path0=a2_filtered_post.php', '[int (False)(None)] id=/1', '[string (False)(None)] Submit=Submit'] | None
[13:55:04.363] [SQLiFuzz e0f] Getting prepared_target_request with ID eff for test_SQLi iteration 14/70
[13:55:04.363] [SQLiFuzz eff] chosen_idx: 5 from 8
[13:55:04.363] [HTTPREQUEST eff] Getting matched paramval from found values: ['?1', '1']
[13:55:04.363] [HTTPREQUEST eff] Found matched paramval: [string (False)(None)] Sec-Fetch-User=?1
[13:55:04.363] [HTTPREQUEST eff] Found matched paramval: [int (False)(None)] id=1
[13:55:04.363] [SQLiFuzz eff] Prioritize to fuzz matched SQL value first: [int (False)(None)] id=1
[13:55:04.363] [SQLiFuzz eff] Mutation applied. old='1' char='<' strategy='front' new='<1'
[13:55:04.363] [HTTPREQUEST eff] Update url and body param from paramvals:
[13:55:04.363] [HTTPREQUEST None] New post_data_encoded: Submit=Submit&id=%3C1
[13:55:04.363] [HTTPREQUEST None] New param encoded: 
[13:55:04.363] [GENERALFUNCTION eff] ---SENDING THE REQUEST [1791050104-bfac40a4-ae02-4bfc-9993-a8fd9674beff] TO : [POST] http://localhost:8081/a2_filtered_post.php
[13:55:04.364] [GENERALFUNCTION eff] Post data encoded: Submit=Submit&id=%3C1
[13:55:04.364] [GENERALFUNCTION eff] Adjusted Content-Length to 21
[13:55:04.364] [GENERALFUNCTION eff] Adjusted Origin to http://localhost:8081
[13:55:04.364] [GENERALFUNCTION eff] Adjusted Referer to http://localhost:8081/a2_filtered_post.php
[13:55:04.364] [GENERALFUNCTION eff] DEBUG OUTGOING request.full_url: http://localhost:8081/a2_filtered_post.php
[13:55:04.364] [GENERALFUNCTION eff] DEBUG OUTGOING headers: {'Host': 'localhost:8081', 'User-Agent': 'Mozilla/5.0 (X11; Ubuntu; Linux x86_64; rv:155.0) Gecko/20100101 Firefox/155.0', 'Accept': 'text/html,application/xhtml+xml,application/xml;q=0.9,*/*;q=0.8', 'Accept-Language': 'en-US,en;q=0.9', 'Accept-Encoding': 'gzip, deflate, br, zstd', 'Content-Type': 'application/x-www-form-urlencoded', 'Content-Length': '21', 'Origin': 'http://localhost:8081', 'Connection': 'keep-alive', 'Referer': 'http://localhost:8081/a2_filtered_post.php', 'Cookie': 'PHPSESSID=35253801c188b6aea68c14a610415c8d; security=impossible', 'Upgrade-Insecure-Requests': '1', 'Sec-Fetch-Dest': 'document', 'Sec-Fetch-Mode': 'navigate', 'Sec-Fetch-Site': 'same-origin', 'Sec-Fetch-User': '?1', 'Priority': 'u=0, i'}
[13:55:04.364] [GENERALFUNCTION eff] DEBUG OUTGOING post_data_encoded (truncated): Submit=Submit&id=%3C1
[13:55:04.364] [GENERALFUNCTION eff] DEBUG OUTGOING body_param_dict: {'Submit': 'Submit', 'id': '<1'}
[13:55:04.395] [SQLiFuzz eff] Response status: 200
[13:55:04.395] [SQLiFuzz eff] Response URL: http://localhost:8081/a2_filtered_post.php
[13:55:04.395] [SQLiFuzz eff] Was redirected: False
[13:55:04.395] [SQLiFuzz eff] Getting response: 
<!doctype html>

<html>

<body>

<form method="POST">

  <label>User ID: <input type="text" name="id"></label>

  <input type="submit" name="Submit" value="Submit">

</form>

<pre>INPUT REJECTED</pre>
[13:55:05.396] [SQLAnalysis] Read 1 new lines from SQL log file.
[13:55:05.396] [SQLAnalysis] Appended 1 parsed entries.
[13:55:05.396] [SQLAnalysis eff] Extracted 791 Logs 2026-10-03 17:55:05.396528: [{'timestamp': '2026-10-03 17:55:04,379988', 'level': 'INFO', 'ip': '172.18.0.5', 'port': 35900, 'sql': 'USE db *#*#OK'}]
[13:55:05.396] [SQLAnalysis eff] Updated param pairs: {'looked_value': '<1'}
[13:55:05.396] [SQLAnalysis eff] Looked timestamp 2026-10-03 17:55:04.364574 -- 2026-10-03 17:55:04.390254
[13:55:05.413] [SQLAnalysis eff] query_array to be checked: ['use', 'db']
[13:55:05.413] [SQLAnalysis eff] normalized_query_array: ['use', 'db']
[13:55:05.414] [SQLiFuzz eff] No weird chars exist: POST http://localhost:8081/a2_filtered_post.php | ['[string (False)(None)] Sec-Fetch-Dest=document', '[string (False)(None)] Sec-Fetch-Mode=navigate', '[string (False)(None)] Sec-Fetch-Site=same-origin', '[string (False)(None)] Sec-Fetch-User=?1', '[string (False)(None)] Priority=u=0, i', '[url (False)(None)] path0=a2_filtered_post.php', '[int (False)(None)] id=<1', '[string (False)(None)] Submit=Submit'] | None
[13:55:05.414] [SQLiFuzz e0f] Getting prepared_target_request with ID a61 for test_SQLi iteration 15/70
[13:55:05.414] [SQLiFuzz a61] chosen_idx: 6 from 8
[13:55:05.414] [HTTPREQUEST a61] Getting matched paramval from found values: ['?1', '1']
[13:55:05.415] [HTTPREQUEST a61] Found matched paramval: [string (False)(None)] Sec-Fetch-User=?1
[13:55:05.415] [HTTPREQUEST a61] Found matched paramval: [int (False)(None)] id=1
[13:55:05.415] [SQLiFuzz a61] Prioritize to fuzz matched SQL value first: [int (False)(None)] id=1
[13:55:05.415] [SQLiFuzz a61] Mutation applied. old='1' char='\' strategy='front' new='\1'
[13:55:05.415] [HTTPREQUEST a61] Update url and body param from paramvals:
[13:55:05.415] [HTTPREQUEST None] New post_data_encoded: Submit=Submit&id=%5C1
[13:55:05.415] [HTTPREQUEST None] New param encoded: 
[13:55:05.416] [GENERALFUNCTION a61] ---SENDING THE REQUEST [1791050105-0da5c4a5-6362-4900-9f19-e82e49172a61] TO : [POST] http://localhost:8081/a2_filtered_post.php
[13:55:05.416] [GENERALFUNCTION a61] Post data encoded: Submit=Submit&id=%5C1
[13:55:05.416] [GENERALFUNCTION a61] Adjusted Content-Length to 21
[13:55:05.416] [GENERALFUNCTION a61] Adjusted Origin to http://localhost:8081
[13:55:05.416] [GENERALFUNCTION a61] Adjusted Referer to http://localhost:8081/a2_filtered_post.php
[13:55:05.417] [GENERALFUNCTION a61] DEBUG OUTGOING request.full_url: http://localhost:8081/a2_filtered_post.php
[13:55:05.417] [GENERALFUNCTION a61] DEBUG OUTGOING headers: {'Host': 'localhost:8081', 'User-Agent': 'Mozilla/5.0 (X11; Ubuntu; Linux x86_64; rv:155.0) Gecko/20100101 Firefox/155.0', 'Accept': 'text/html,application/xhtml+xml,application/xml;q=0.9,*/*;q=0.8', 'Accept-Language': 'en-US,en;q=0.9', 'Accept-Encoding': 'gzip, deflate, br, zstd', 'Content-Type': 'application/x-www-form-urlencoded', 'Content-Length': '21', 'Origin': 'http://localhost:8081', 'Connection': 'keep-alive', 'Referer': 'http://localhost:8081/a2_filtered_post.php', 'Cookie': 'PHPSESSID=35253801c188b6aea68c14a610415c8d; security=impossible', 'Upgrade-Insecure-Requests': '1', 'Sec-Fetch-Dest': 'document', 'Sec-Fetch-Mode': 'navigate', 'Sec-Fetch-Site': 'same-origin', 'Sec-Fetch-User': '?1', 'Priority': 'u=0, i'}
[13:55:05.417] [GENERALFUNCTION a61] DEBUG OUTGOING post_data_encoded (truncated): Submit=Submit&id=%5C1
[13:55:05.417] [GENERALFUNCTION a61] DEBUG OUTGOING body_param_dict: {'Submit': 'Submit', 'id': '\\1'}
[13:55:05.454] [SQLiFuzz a61] Response status: 200
[13:55:05.454] [SQLiFuzz a61] Response URL: http://localhost:8081/a2_filtered_post.php
[13:55:05.454] [SQLiFuzz a61] Was redirected: False
[13:55:05.454] [SQLiFuzz a61] Getting response: 
<!doctype html>

<html>

<body>

<form method="POST">

  <label>User ID: <input type="text" name="id"></label>

  <input type="submit" name="Submit" value="Submit">

</form>

<pre>INPUT REJECTED</pre>
[13:55:06.455] [SQLAnalysis] Read 1 new lines from SQL log file.
[13:55:06.455] [SQLAnalysis] Appended 1 parsed entries.
[13:55:06.455] [SQLAnalysis a61] Extracted 792 Logs 2026-10-03 17:55:06.455443: [{'timestamp': '2026-10-03 17:55:05,433689', 'level': 'INFO', 'ip': '172.18.0.5', 'port': 35916, 'sql': 'USE db *#*#OK'}]
[13:55:06.455] [SQLAnalysis a61] Updated param pairs: {'looked_value': '\\1'}
[13:55:06.455] [SQLAnalysis a61] Looked timestamp 2026-10-03 17:55:05.418056 -- 2026-10-03 17:55:05.448273
[13:55:06.462] [SQLAnalysis a61] query_array to be checked: ['use', 'db']
[13:55:06.462] [SQLAnalysis a61] normalized_query_array: ['use', 'db']
[13:55:06.462] [SQLiFuzz a61] No weird chars exist: POST http://localhost:8081/a2_filtered_post.php | ['[string (False)(None)] Sec-Fetch-Dest=document', '[string (False)(None)] Sec-Fetch-Mode=navigate', '[string (False)(None)] Sec-Fetch-Site=same-origin', '[string (False)(None)] Sec-Fetch-User=?1', '[string (False)(None)] Priority=u=0, i', '[url (False)(None)] path0=a2_filtered_post.php', '[int (False)(None)] id=\\1', '[string (False)(None)] Submit=Submit'] | None
[13:55:06.462] [SQLiFuzz e0f] Getting prepared_target_request with ID e72 for test_SQLi iteration 16/70
[13:55:06.462] [SQLiFuzz e72] chosen_idx: 4 from 8
[13:55:06.462] [HTTPREQUEST e72] Getting matched paramval from found values: ['?1', '1']
[13:55:06.463] [HTTPREQUEST e72] Found matched paramval: [string (False)(None)] Sec-Fetch-User=?1
[13:55:06.463] [HTTPREQUEST e72] Found matched paramval: [int (False)(None)] id=1
[13:55:06.463] [SQLiFuzz e72] Prioritize to fuzz matched SQL value first: [int (False)(None)] id=1
[13:55:06.463] [SQLiFuzz e72] Mutation applied. old='1' char='"' strategy='front' new='"1'
[13:55:06.463] [HTTPREQUEST e72] Update url and body param from paramvals:
[13:55:06.463] [HTTPREQUEST None] New post_data_encoded: Submit=Submit&id=%221
[13:55:06.463] [HTTPREQUEST None] New param encoded: 
[13:55:06.463] [GENERALFUNCTION e72] ---SENDING THE REQUEST [1791050106-47b4c1f4-9d58-4e40-a624-c5beb2023e72] TO : [POST] http://localhost:8081/a2_filtered_post.php
[13:55:06.463] [GENERALFUNCTION e72] Post data encoded: Submit=Submit&id=%221
[13:55:06.463] [GENERALFUNCTION e72] Adjusted Content-Length to 21
[13:55:06.463] [GENERALFUNCTION e72] Adjusted Origin to http://localhost:8081
[13:55:06.463] [GENERALFUNCTION e72] Adjusted Referer to http://localhost:8081/a2_filtered_post.php
[13:55:06.463] [GENERALFUNCTION e72] DEBUG OUTGOING request.full_url: http://localhost:8081/a2_filtered_post.php
[13:55:06.463] [GENERALFUNCTION e72] DEBUG OUTGOING headers: {'Host': 'localhost:8081', 'User-Agent': 'Mozilla/5.0 (X11; Ubuntu; Linux x86_64; rv:155.0) Gecko/20100101 Firefox/155.0', 'Accept': 'text/html,application/xhtml+xml,application/xml;q=0.9,*/*;q=0.8', 'Accept-Language': 'en-US,en;q=0.9', 'Accept-Encoding': 'gzip, deflate, br, zstd', 'Content-Type': 'application/x-www-form-urlencoded', 'Content-Length': '21', 'Origin': 'http://localhost:8081', 'Connection': 'keep-alive', 'Referer': 'http://localhost:8081/a2_filtered_post.php', 'Cookie': 'PHPSESSID=35253801c188b6aea68c14a610415c8d; security=impossible', 'Upgrade-Insecure-Requests': '1', 'Sec-Fetch-Dest': 'document', 'Sec-Fetch-Mode': 'navigate', 'Sec-Fetch-Site': 'same-origin', 'Sec-Fetch-User': '?1', 'Priority': 'u=0, i'}
[13:55:06.463] [GENERALFUNCTION e72] DEBUG OUTGOING post_data_encoded (truncated): Submit=Submit&id=%221
[13:55:06.463] [GENERALFUNCTION e72] DEBUG OUTGOING body_param_dict: {'Submit': 'Submit', 'id': '"1'}
[13:55:06.491] [SQLiFuzz e72] Response status: 200
[13:55:06.491] [SQLiFuzz e72] Response URL: http://localhost:8081/a2_filtered_post.php
[13:55:06.491] [SQLiFuzz e72] Was redirected: False
[13:55:06.491] [SQLiFuzz e72] Getting response: 
<!doctype html>

<html>

<body>

<form method="POST">

  <label>User ID: <input type="text" name="id"></label>

  <input type="submit" name="Submit" value="Submit">

</form>

<pre>INPUT REJECTED</pre>
[13:55:07.492] [SQLAnalysis] Read 1 new lines from SQL log file.
[13:55:07.492] [SQLAnalysis] Appended 1 parsed entries.
[13:55:07.492] [SQLAnalysis e72] Extracted 793 Logs 2026-10-03 17:55:07.492881: [{'timestamp': '2026-10-03 17:55:06,478807', 'level': 'INFO', 'ip': '172.18.0.5', 'port': 35940, 'sql': 'USE db *#*#OK'}]
[13:55:07.493] [SQLAnalysis e72] Updated param pairs: {'looked_value': '"1'}
[13:55:07.493] [SQLAnalysis e72] Looked timestamp 2026-10-03 17:55:06.464010 -- 2026-10-03 17:55:06.487926
[13:55:07.500] [SQLAnalysis e72] query_array to be checked: ['use', 'db']
[13:55:07.500] [SQLAnalysis e72] normalized_query_array: ['use', 'db']
[13:55:07.500] [SQLiFuzz e72] No weird chars exist: POST http://localhost:8081/a2_filtered_post.php | ['[string (False)(None)] Sec-Fetch-Dest=document', '[string (False)(None)] Sec-Fetch-Mode=navigate', '[string (False)(None)] Sec-Fetch-Site=same-origin', '[string (False)(None)] Sec-Fetch-User=?1', '[string (False)(None)] Priority=u=0, i', '[url (False)(None)] path0=a2_filtered_post.php', '[int (False)(None)] id="1', '[string (False)(None)] Submit=Submit'] | None
[13:55:07.501] [SQLiFuzz e0f] Getting prepared_target_request with ID 569 for test_SQLi iteration 17/70
[13:55:07.501] [SQLiFuzz 569] chosen_idx: 3 from 8
[13:55:07.501] [HTTPREQUEST 569] Getting matched paramval from found values: ['?1', '1']
[13:55:07.501] [HTTPREQUEST 569] Found matched paramval: [string (False)(None)] Sec-Fetch-User=?1
[13:55:07.501] [HTTPREQUEST 569] Found matched paramval: [int (False)(None)] id=1
[13:55:07.501] [SQLiFuzz 569] Prioritize to fuzz matched SQL value first: [int (False)(None)] id=1
[13:55:07.501] [SQLiFuzz 569] Mutation applied. old='1' char='^' strategy='tail' new='1^'
[13:55:07.501] [HTTPREQUEST 569] Update url and body param from paramvals:
[13:55:07.501] [HTTPREQUEST None] New post_data_encoded: Submit=Submit&id=1%5E
[13:55:07.501] [HTTPREQUEST None] New param encoded: 
[13:55:07.501] [GENERALFUNCTION 569] ---SENDING THE REQUEST [1791050107-d6fb737c-ab8d-4c27-a23f-9b5af27e2569] TO : [POST] http://localhost:8081/a2_filtered_post.php
[13:55:07.501] [GENERALFUNCTION 569] Post data encoded: Submit=Submit&id=1%5E
[13:55:07.501] [GENERALFUNCTION 569] Adjusted Content-Length to 21
[13:55:07.501] [GENERALFUNCTION 569] Adjusted Origin to http://localhost:8081
[13:55:07.501] [GENERALFUNCTION 569] Adjusted Referer to http://localhost:8081/a2_filtered_post.php
[13:55:07.501] [GENERALFUNCTION 569] DEBUG OUTGOING request.full_url: http://localhost:8081/a2_filtered_post.php
[13:55:07.502] [GENERALFUNCTION 569] DEBUG OUTGOING headers: {'Host': 'localhost:8081', 'User-Agent': 'Mozilla/5.0 (X11; Ubuntu; Linux x86_64; rv:155.0) Gecko/20100101 Firefox/155.0', 'Accept': 'text/html,application/xhtml+xml,application/xml;q=0.9,*/*;q=0.8', 'Accept-Language': 'en-US,en;q=0.9', 'Accept-Encoding': 'gzip, deflate, br, zstd', 'Content-Type': 'application/x-www-form-urlencoded', 'Content-Length': '21', 'Origin': 'http://localhost:8081', 'Connection': 'keep-alive', 'Referer': 'http://localhost:8081/a2_filtered_post.php', 'Cookie': 'PHPSESSID=35253801c188b6aea68c14a610415c8d; security=impossible', 'Upgrade-Insecure-Requests': '1', 'Sec-Fetch-Dest': 'document', 'Sec-Fetch-Mode': 'navigate', 'Sec-Fetch-Site': 'same-origin', 'Sec-Fetch-User': '?1', 'Priority': 'u=0, i'}
[13:55:07.503] [GENERALFUNCTION 569] DEBUG OUTGOING post_data_encoded (truncated): Submit=Submit&id=1%5E
[13:55:07.503] [GENERALFUNCTION 569] DEBUG OUTGOING body_param_dict: {'Submit': 'Submit', 'id': '1^'}
[13:55:07.539] [SQLiFuzz 569] Response status: 200
[13:55:07.539] [SQLiFuzz 569] Response URL: http://localhost:8081/a2_filtered_post.php
[13:55:07.539] [SQLiFuzz 569] Was redirected: False
[13:55:07.539] [SQLiFuzz 569] Getting response: 
<!doctype html>

<html>

<body>

<form method="POST">

  <label>User ID: <input type="text" name="id"></label>

  <input type="submit" name="Submit" value="Submit">

</form>

<pre>INPUT REJECTED</pre>
[13:55:08.540] [SQLAnalysis] Read 1 new lines from SQL log file.
[13:55:08.540] [SQLAnalysis] Appended 1 parsed entries.
[13:55:08.540] [SQLAnalysis 569] Extracted 794 Logs 2026-10-03 17:55:08.540809: [{'timestamp': '2026-10-03 17:55:07,525076', 'level': 'INFO', 'ip': '172.18.0.5', 'port': 35954, 'sql': 'USE db *#*#OK'}]
[13:55:08.541] [SQLAnalysis 569] Updated param pairs: {'looked_value': '1^'}
[13:55:08.541] [SQLAnalysis 569] Looked timestamp 2026-10-03 17:55:07.503403 -- 2026-10-03 17:55:07.535494
[13:55:08.551] [SQLAnalysis 569] query_array to be checked: ['use', 'db']
[13:55:08.551] [SQLAnalysis 569] normalized_query_array: ['use', 'db']
[13:55:08.551] [SQLiFuzz 569] No weird chars exist: POST http://localhost:8081/a2_filtered_post.php | ['[string (False)(None)] Sec-Fetch-Dest=document', '[string (False)(None)] Sec-Fetch-Mode=navigate', '[string (False)(None)] Sec-Fetch-Site=same-origin', '[string (False)(None)] Sec-Fetch-User=?1', '[string (False)(None)] Priority=u=0, i', '[url (False)(None)] path0=a2_filtered_post.php', '[int (False)(None)] id=1^', '[string (False)(None)] Submit=Submit'] | None
[13:55:08.552] [SQLiFuzz e0f] Getting prepared_target_request with ID c12 for test_SQLi iteration 18/70
[13:55:08.552] [SQLiFuzz c12] chosen_idx: 6 from 8
[13:55:08.552] [HTTPREQUEST c12] Getting matched paramval from found values: ['?1', '1']
[13:55:08.552] [HTTPREQUEST c12] Found matched paramval: [string (False)(None)] Sec-Fetch-User=?1
[13:55:08.552] [HTTPREQUEST c12] Found matched paramval: [int (False)(None)] id=1
[13:55:08.552] [SQLiFuzz c12] Prioritize to fuzz matched SQL value first: [int (False)(None)] id=1
[13:55:08.552] [SQLiFuzz c12] Mutation applied. old='1' char='~' strategy='front' new='~1'
[13:55:08.552] [HTTPREQUEST c12] Update url and body param from paramvals:
[13:55:08.552] [HTTPREQUEST None] New post_data_encoded: Submit=Submit&id=~1
[13:55:08.553] [HTTPREQUEST None] New param encoded: 
[13:55:08.553] [GENERALFUNCTION c12] ---SENDING THE REQUEST [1791050108-4d2b69ab-c77b-463e-9a62-f528aec4cc12] TO : [POST] http://localhost:8081/a2_filtered_post.php
[13:55:08.553] [GENERALFUNCTION c12] Post data encoded: Submit=Submit&id=~1
[13:55:08.553] [GENERALFUNCTION c12] Adjusted Content-Length to 19
[13:55:08.553] [GENERALFUNCTION c12] Adjusted Origin to http://localhost:8081
[13:55:08.553] [GENERALFUNCTION c12] Adjusted Referer to http://localhost:8081/a2_filtered_post.php
[13:55:08.553] [GENERALFUNCTION c12] DEBUG OUTGOING request.full_url: http://localhost:8081/a2_filtered_post.php
[13:55:08.553] [GENERALFUNCTION c12] DEBUG OUTGOING headers: {'Host': 'localhost:8081', 'User-Agent': 'Mozilla/5.0 (X11; Ubuntu; Linux x86_64; rv:155.0) Gecko/20100101 Firefox/155.0', 'Accept': 'text/html,application/xhtml+xml,application/xml;q=0.9,*/*;q=0.8', 'Accept-Language': 'en-US,en;q=0.9', 'Accept-Encoding': 'gzip, deflate, br, zstd', 'Content-Type': 'application/x-www-form-urlencoded', 'Content-Length': '19', 'Origin': 'http://localhost:8081', 'Connection': 'keep-alive', 'Referer': 'http://localhost:8081/a2_filtered_post.php', 'Cookie': 'PHPSESSID=35253801c188b6aea68c14a610415c8d; security=impossible', 'Upgrade-Insecure-Requests': '1', 'Sec-Fetch-Dest': 'document', 'Sec-Fetch-Mode': 'navigate', 'Sec-Fetch-Site': 'same-origin', 'Sec-Fetch-User': '?1', 'Priority': 'u=0, i'}
[13:55:08.553] [GENERALFUNCTION c12] DEBUG OUTGOING post_data_encoded (truncated): Submit=Submit&id=~1
[13:55:08.553] [GENERALFUNCTION c12] DEBUG OUTGOING body_param_dict: {'Submit': 'Submit', 'id': '~1'}
[13:55:08.582] [SQLiFuzz c12] Response status: 200
[13:55:08.582] [SQLiFuzz c12] Response URL: http://localhost:8081/a2_filtered_post.php
[13:55:08.583] [SQLiFuzz c12] Was redirected: False
[13:55:08.583] [SQLiFuzz c12] Getting response: 
<!doctype html>

<html>

<body>

<form method="POST">

  <label>User ID: <input type="text" name="id"></label>

  <input type="submit" name="Submit" value="Submit">

</form>

<pre>INPUT REJECTED</pre>
[13:55:09.583] [SQLAnalysis] Read 1 new lines from SQL log file.
[13:55:09.583] [SQLAnalysis] Appended 1 parsed entries.
[13:55:09.583] [SQLAnalysis c12] Extracted 795 Logs 2026-10-03 17:55:09.583958: [{'timestamp': '2026-10-03 17:55:08,566869', 'level': 'INFO', 'ip': '172.18.0.5', 'port': 35970, 'sql': 'USE db *#*#OK'}]
[13:55:09.584] [SQLAnalysis c12] Updated param pairs: {'looked_value': '~1'}
[13:55:09.584] [SQLAnalysis c12] Looked timestamp 2026-10-03 17:55:08.554042 -- 2026-10-03 17:55:08.578156
[13:55:09.594] [SQLAnalysis c12] query_array to be checked: ['use', 'db']
[13:55:09.595] [SQLAnalysis c12] normalized_query_array: ['use', 'db']
[13:55:09.595] [SQLiFuzz c12] No weird chars exist: POST http://localhost:8081/a2_filtered_post.php | ['[string (False)(None)] Sec-Fetch-Dest=document', '[string (False)(None)] Sec-Fetch-Mode=navigate', '[string (False)(None)] Sec-Fetch-Site=same-origin', '[string (False)(None)] Sec-Fetch-User=?1', '[string (False)(None)] Priority=u=0, i', '[url (False)(None)] path0=a2_filtered_post.php', '[int (False)(None)] id=~1', '[string (False)(None)] Submit=Submit'] | None
[13:55:09.595] [SQLiFuzz e0f] Getting prepared_target_request with ID ada for test_SQLi iteration 19/70
[13:55:09.595] [SQLiFuzz ada] chosen_idx: 3 from 8
[13:55:09.595] [HTTPREQUEST ada] Getting matched paramval from found values: ['?1', '1']
[13:55:09.595] [HTTPREQUEST ada] Found matched paramval: [string (False)(None)] Sec-Fetch-User=?1
[13:55:09.595] [HTTPREQUEST ada] Found matched paramval: [int (False)(None)] id=1
[13:55:09.596] [SQLiFuzz ada] Prioritize to fuzz matched SQL value first: [int (False)(None)] id=1
[13:55:09.596] [SQLiFuzz ada] Mutation applied. old='1' char='}' strategy='drop' new='}'
[13:55:09.596] [HTTPREQUEST ada] Update url and body param from paramvals:
[13:55:09.596] [HTTPREQUEST None] New post_data_encoded: Submit=Submit&id=%7D
[13:55:09.596] [HTTPREQUEST None] New param encoded: 
[13:55:09.596] [GENERALFUNCTION ada] ---SENDING THE REQUEST [1791050109-0d4339fe-ad7a-41fb-a747-12c3bc80eada] TO : [POST] http://localhost:8081/a2_filtered_post.php
[13:55:09.596] [GENERALFUNCTION ada] Post data encoded: Submit=Submit&id=%7D
[13:55:09.596] [GENERALFUNCTION ada] Adjusted Content-Length to 20
[13:55:09.596] [GENERALFUNCTION ada] Adjusted Origin to http://localhost:8081
[13:55:09.596] [GENERALFUNCTION ada] Adjusted Referer to http://localhost:8081/a2_filtered_post.php
[13:55:09.596] [GENERALFUNCTION ada] DEBUG OUTGOING request.full_url: http://localhost:8081/a2_filtered_post.php
[13:55:09.596] [GENERALFUNCTION ada] DEBUG OUTGOING headers: {'Host': 'localhost:8081', 'User-Agent': 'Mozilla/5.0 (X11; Ubuntu; Linux x86_64; rv:155.0) Gecko/20100101 Firefox/155.0', 'Accept': 'text/html,application/xhtml+xml,application/xml;q=0.9,*/*;q=0.8', 'Accept-Language': 'en-US,en;q=0.9', 'Accept-Encoding': 'gzip, deflate, br, zstd', 'Content-Type': 'application/x-www-form-urlencoded', 'Content-Length': '20', 'Origin': 'http://localhost:8081', 'Connection': 'keep-alive', 'Referer': 'http://localhost:8081/a2_filtered_post.php', 'Cookie': 'PHPSESSID=35253801c188b6aea68c14a610415c8d; security=impossible', 'Upgrade-Insecure-Requests': '1', 'Sec-Fetch-Dest': 'document', 'Sec-Fetch-Mode': 'navigate', 'Sec-Fetch-Site': 'same-origin', 'Sec-Fetch-User': '?1', 'Priority': 'u=0, i'}
[13:55:09.596] [GENERALFUNCTION ada] DEBUG OUTGOING post_data_encoded (truncated): Submit=Submit&id=%7D
[13:55:09.596] [GENERALFUNCTION ada] DEBUG OUTGOING body_param_dict: {'Submit': 'Submit', 'id': '}'}
[13:55:09.625] [SQLiFuzz ada] Response status: 200
[13:55:09.625] [SQLiFuzz ada] Response URL: http://localhost:8081/a2_filtered_post.php
[13:55:09.625] [SQLiFuzz ada] Was redirected: False
[13:55:09.625] [SQLiFuzz ada] Getting response: 
<!doctype html>

<html>

<body>

<form method="POST">

  <label>User ID: <input type="text" name="id"></label>

  <input type="submit" name="Submit" value="Submit">

</form>

<pre>INPUT REJECTED</pre>
[13:55:10.626] [SQLAnalysis] Read 1 new lines from SQL log file.
[13:55:10.626] [SQLAnalysis] Appended 1 parsed entries.
[13:55:10.626] [SQLAnalysis ada] Extracted 796 Logs 2026-10-03 17:55:10.626821: [{'timestamp': '2026-10-03 17:55:09,611305', 'level': 'INFO', 'ip': '172.18.0.5', 'port': 35990, 'sql': 'USE db *#*#OK'}]
[13:55:10.627] [SQLAnalysis ada] Updated param pairs: {'looked_value': '}'}
[13:55:10.627] [SQLAnalysis ada] Looked timestamp 2026-10-03 17:55:09.596971 -- 2026-10-03 17:55:09.621334
[13:55:10.637] [SQLAnalysis ada] query_array to be checked: ['use', 'db']
[13:55:10.637] [SQLAnalysis ada] normalized_query_array: ['use', 'db']
[13:55:10.638] [SQLiFuzz ada] No weird chars exist: POST http://localhost:8081/a2_filtered_post.php | ['[string (False)(None)] Sec-Fetch-Dest=document', '[string (False)(None)] Sec-Fetch-Mode=navigate', '[string (False)(None)] Sec-Fetch-Site=same-origin', '[string (False)(None)] Sec-Fetch-User=?1', '[string (False)(None)] Priority=u=0, i', '[url (False)(None)] path0=a2_filtered_post.php', '[int (False)(None)] id=}', '[string (False)(None)] Submit=Submit'] | None
[13:55:10.638] [SQLiFuzz e0f] Getting prepared_target_request with ID 017 for test_SQLi iteration 20/70
[13:55:10.638] [SQLiFuzz 017] chosen_idx: 2 from 8
[13:55:10.638] [HTTPREQUEST 017] Getting matched paramval from found values: ['?1', '1']
[13:55:10.638] [HTTPREQUEST 017] Found matched paramval: [string (False)(None)] Sec-Fetch-User=?1
[13:55:10.638] [HTTPREQUEST 017] Found matched paramval: [int (False)(None)] id=1
[13:55:10.638] [SQLiFuzz 017] Prioritize to fuzz matched SQL value first: [int (False)(None)] id=1
[13:55:10.639] [SQLiFuzz 017] Mutation applied. old='1' char=':' strategy='random' new=':1'
[13:55:10.639] [HTTPREQUEST 017] Update url and body param from paramvals:
[13:55:10.639] [HTTPREQUEST None] New post_data_encoded: Submit=Submit&id=%3A1
[13:55:10.639] [HTTPREQUEST None] New param encoded: 
[13:55:10.639] [GENERALFUNCTION 017] ---SENDING THE REQUEST [1791050110-8e6388bd-c941-4e96-b8ae-f797d4836017] TO : [POST] http://localhost:8081/a2_filtered_post.php
[13:55:10.639] [GENERALFUNCTION 017] Post data encoded: Submit=Submit&id=%3A1
[13:55:10.639] [GENERALFUNCTION 017] Adjusted Content-Length to 21
[13:55:10.639] [GENERALFUNCTION 017] Adjusted Origin to http://localhost:8081
[13:55:10.639] [GENERALFUNCTION 017] Adjusted Referer to http://localhost:8081/a2_filtered_post.php
[13:55:10.639] [GENERALFUNCTION 017] DEBUG OUTGOING request.full_url: http://localhost:8081/a2_filtered_post.php
[13:55:10.639] [GENERALFUNCTION 017] DEBUG OUTGOING headers: {'Host': 'localhost:8081', 'User-Agent': 'Mozilla/5.0 (X11; Ubuntu; Linux x86_64; rv:155.0) Gecko/20100101 Firefox/155.0', 'Accept': 'text/html,application/xhtml+xml,application/xml;q=0.9,*/*;q=0.8', 'Accept-Language': 'en-US,en;q=0.9', 'Accept-Encoding': 'gzip, deflate, br, zstd', 'Content-Type': 'application/x-www-form-urlencoded', 'Content-Length': '21', 'Origin': 'http://localhost:8081', 'Connection': 'keep-alive', 'Referer': 'http://localhost:8081/a2_filtered_post.php', 'Cookie': 'PHPSESSID=35253801c188b6aea68c14a610415c8d; security=impossible', 'Upgrade-Insecure-Requests': '1', 'Sec-Fetch-Dest': 'document', 'Sec-Fetch-Mode': 'navigate', 'Sec-Fetch-Site': 'same-origin', 'Sec-Fetch-User': '?1', 'Priority': 'u=0, i'}
[13:55:10.639] [GENERALFUNCTION 017] DEBUG OUTGOING post_data_encoded (truncated): Submit=Submit&id=%3A1
[13:55:10.640] [GENERALFUNCTION 017] DEBUG OUTGOING body_param_dict: {'Submit': 'Submit', 'id': ':1'}
[13:55:10.673] [SQLiFuzz 017] Response status: 200
[13:55:10.673] [SQLiFuzz 017] Response URL: http://localhost:8081/a2_filtered_post.php
[13:55:10.673] [SQLiFuzz 017] Was redirected: False
[13:55:10.673] [SQLiFuzz 017] Getting response: 
<!doctype html>

<html>

<body>

<form method="POST">

  <label>User ID: <input type="text" name="id"></label>

  <input type="submit" name="Submit" value="Submit">

</form>

<pre>INPUT REJECTED</pre>
[13:55:11.673] [SQLAnalysis] Read 1 new lines from SQL log file.
[13:55:11.674] [SQLAnalysis] Appended 1 parsed entries.
[13:55:11.674] [SQLAnalysis 017] Extracted 797 Logs 2026-10-03 17:55:11.674287: [{'timestamp': '2026-10-03 17:55:10,657803', 'level': 'INFO', 'ip': '172.18.0.5', 'port': 54586, 'sql': 'USE db *#*#OK'}]
[13:55:11.674] [SQLAnalysis 017] Updated param pairs: {'looked_value': ':1'}
[13:55:11.674] [SQLAnalysis 017] Looked timestamp 2026-10-03 17:55:10.640145 -- 2026-10-03 17:55:10.668788
[13:55:11.684] [SQLAnalysis 017] query_array to be checked: ['use', 'db']
[13:55:11.684] [SQLAnalysis 017] normalized_query_array: ['use', 'db']
[13:55:11.684] [SQLiFuzz 017] No weird chars exist: POST http://localhost:8081/a2_filtered_post.php | ['[string (False)(None)] Sec-Fetch-Dest=document', '[string (False)(None)] Sec-Fetch-Mode=navigate', '[string (False)(None)] Sec-Fetch-Site=same-origin', '[string (False)(None)] Sec-Fetch-User=?1', '[string (False)(None)] Priority=u=0, i', '[url (False)(None)] path0=a2_filtered_post.php', '[int (False)(None)] id=:1', '[string (False)(None)] Submit=Submit'] | None
[13:55:11.685] [SQLiFuzz e0f] Getting prepared_target_request with ID 589 for test_SQLi iteration 21/70
[13:55:11.685] [SQLiFuzz 589] chosen_idx: 4 from 8
[13:55:11.685] [HTTPREQUEST 589] Getting matched paramval from found values: ['?1', '1']
[13:55:11.685] [HTTPREQUEST 589] Found matched paramval: [string (False)(None)] Sec-Fetch-User=?1
[13:55:11.685] [HTTPREQUEST 589] Found matched paramval: [int (False)(None)] id=1
[13:55:11.685] [SQLiFuzz 589] Prioritize to fuzz matched SQL value first: [int (False)(None)] id=1
[13:55:11.685] [SQLiFuzz 589] Mutation applied. old='1' char='(' strategy='tail' new='1('
[13:55:11.685] [HTTPREQUEST 589] Update url and body param from paramvals:
[13:55:11.685] [HTTPREQUEST None] New post_data_encoded: Submit=Submit&id=1%28
[13:55:11.685] [HTTPREQUEST None] New param encoded: 
[13:55:11.685] [GENERALFUNCTION 589] ---SENDING THE REQUEST [1791050111-c4c186ee-7fec-4111-bcca-d8af196f9589] TO : [POST] http://localhost:8081/a2_filtered_post.php
[13:55:11.685] [GENERALFUNCTION 589] Post data encoded: Submit=Submit&id=1%28
[13:55:11.685] [GENERALFUNCTION 589] Adjusted Content-Length to 21
[13:55:11.686] [GENERALFUNCTION 589] Adjusted Origin to http://localhost:8081
[13:55:11.686] [GENERALFUNCTION 589] Adjusted Referer to http://localhost:8081/a2_filtered_post.php
[13:55:11.686] [GENERALFUNCTION 589] DEBUG OUTGOING request.full_url: http://localhost:8081/a2_filtered_post.php
[13:55:11.686] [GENERALFUNCTION 589] DEBUG OUTGOING headers: {'Host': 'localhost:8081', 'User-Agent': 'Mozilla/5.0 (X11; Ubuntu; Linux x86_64; rv:155.0) Gecko/20100101 Firefox/155.0', 'Accept': 'text/html,application/xhtml+xml,application/xml;q=0.9,*/*;q=0.8', 'Accept-Language': 'en-US,en;q=0.9', 'Accept-Encoding': 'gzip, deflate, br, zstd', 'Content-Type': 'application/x-www-form-urlencoded', 'Content-Length': '21', 'Origin': 'http://localhost:8081', 'Connection': 'keep-alive', 'Referer': 'http://localhost:8081/a2_filtered_post.php', 'Cookie': 'PHPSESSID=35253801c188b6aea68c14a610415c8d; security=impossible', 'Upgrade-Insecure-Requests': '1', 'Sec-Fetch-Dest': 'document', 'Sec-Fetch-Mode': 'navigate', 'Sec-Fetch-Site': 'same-origin', 'Sec-Fetch-User': '?1', 'Priority': 'u=0, i'}
[13:55:11.686] [GENERALFUNCTION 589] DEBUG OUTGOING post_data_encoded (truncated): Submit=Submit&id=1%28
[13:55:11.686] [GENERALFUNCTION 589] DEBUG OUTGOING body_param_dict: {'Submit': 'Submit', 'id': '1('}
[13:55:11.714] [SQLiFuzz 589] Response status: 200
[13:55:11.714] [SQLiFuzz 589] Response URL: http://localhost:8081/a2_filtered_post.php
[13:55:11.714] [SQLiFuzz 589] Was redirected: False
[13:55:11.714] [SQLiFuzz 589] Getting response: 
<!doctype html>

<html>

<body>

<form method="POST">

  <label>User ID: <input type="text" name="id"></label>

  <input type="submit" name="Submit" value="Submit">

</form>

<pre>INPUT REJECTED</pre>
[13:55:12.715] [SQLAnalysis] Read 1 new lines from SQL log file.
[13:55:12.715] [SQLAnalysis] Appended 1 parsed entries.
[13:55:12.715] [SQLAnalysis 589] Extracted 798 Logs 2026-10-03 17:55:12.715552: [{'timestamp': '2026-10-03 17:55:11,701299', 'level': 'INFO', 'ip': '172.18.0.5', 'port': 54596, 'sql': 'USE db *#*#OK'}]
[13:55:12.715] [SQLAnalysis 589] Updated param pairs: {'looked_value': '1('}
[13:55:12.715] [SQLAnalysis 589] Looked timestamp 2026-10-03 17:55:11.686350 -- 2026-10-03 17:55:11.710213
[13:55:12.731] [SQLAnalysis 589] query_array to be checked: ['use', 'db']
[13:55:12.732] [SQLAnalysis 589] normalized_query_array: ['use', 'db']
[13:55:12.732] [SQLiFuzz 589] No weird chars exist: POST http://localhost:8081/a2_filtered_post.php | ['[string (False)(None)] Sec-Fetch-Dest=document', '[string (False)(None)] Sec-Fetch-Mode=navigate', '[string (False)(None)] Sec-Fetch-Site=same-origin', '[string (False)(None)] Sec-Fetch-User=?1', '[string (False)(None)] Priority=u=0, i', '[url (False)(None)] path0=a2_filtered_post.php', '[int (False)(None)] id=1(', '[string (False)(None)] Submit=Submit'] | None
[13:55:12.733] [SQLiFuzz e0f] Getting prepared_target_request with ID f18 for test_SQLi iteration 22/70
[13:55:12.733] [SQLiFuzz f18] chosen_idx: 4 from 8
[13:55:12.733] [HTTPREQUEST f18] Getting matched paramval from found values: ['?1', '1']
[13:55:12.733] [HTTPREQUEST f18] Found matched paramval: [string (False)(None)] Sec-Fetch-User=?1
[13:55:12.733] [HTTPREQUEST f18] Found matched paramval: [int (False)(None)] id=1
[13:55:12.733] [SQLiFuzz f18] Prioritize to fuzz matched SQL value first: [int (False)(None)] id=1
[13:55:12.733] [SQLiFuzz f18] Mutation applied. old='1' char='`' strategy='random' new='`1'
[13:55:12.733] [HTTPREQUEST f18] Update url and body param from paramvals:
[13:55:12.733] [HTTPREQUEST None] New post_data_encoded: Submit=Submit&id=%601
[13:55:12.734] [HTTPREQUEST None] New param encoded: 
[13:55:12.734] [GENERALFUNCTION f18] ---SENDING THE REQUEST [1791050112-f7b01727-10ab-4c1f-a66f-c0852b03cf18] TO : [POST] http://localhost:8081/a2_filtered_post.php
[13:55:12.734] [GENERALFUNCTION f18] Post data encoded: Submit=Submit&id=%601
[13:55:12.734] [GENERALFUNCTION f18] Adjusted Content-Length to 21
[13:55:12.734] [GENERALFUNCTION f18] Adjusted Origin to http://localhost:8081
[13:55:12.734] [GENERALFUNCTION f18] Adjusted Referer to http://localhost:8081/a2_filtered_post.php
[13:55:12.734] [GENERALFUNCTION f18] DEBUG OUTGOING request.full_url: http://localhost:8081/a2_filtered_post.php
[13:55:12.734] [GENERALFUNCTION f18] DEBUG OUTGOING headers: {'Host': 'localhost:8081', 'User-Agent': 'Mozilla/5.0 (X11; Ubuntu; Linux x86_64; rv:155.0) Gecko/20100101 Firefox/155.0', 'Accept': 'text/html,application/xhtml+xml,application/xml;q=0.9,*/*;q=0.8', 'Accept-Language': 'en-US,en;q=0.9', 'Accept-Encoding': 'gzip, deflate, br, zstd', 'Content-Type': 'application/x-www-form-urlencoded', 'Content-Length': '21', 'Origin': 'http://localhost:8081', 'Connection': 'keep-alive', 'Referer': 'http://localhost:8081/a2_filtered_post.php', 'Cookie': 'PHPSESSID=35253801c188b6aea68c14a610415c8d; security=impossible', 'Upgrade-Insecure-Requests': '1', 'Sec-Fetch-Dest': 'document', 'Sec-Fetch-Mode': 'navigate', 'Sec-Fetch-Site': 'same-origin', 'Sec-Fetch-User': '?1', 'Priority': 'u=0, i'}
[13:55:12.735] [GENERALFUNCTION f18] DEBUG OUTGOING post_data_encoded (truncated): Submit=Submit&id=%601
[13:55:12.735] [GENERALFUNCTION f18] DEBUG OUTGOING body_param_dict: {'Submit': 'Submit', 'id': '`1'}
[13:55:12.780] [SQLiFuzz f18] Response status: 200
[13:55:12.780] [SQLiFuzz f18] Response URL: http://localhost:8081/a2_filtered_post.php
[13:55:12.780] [SQLiFuzz f18] Was redirected: False
[13:55:12.780] [SQLiFuzz f18] Getting response: 
<!doctype html>

<html>

<body>

<form method="POST">

  <label>User ID: <input type="text" name="id"></label>

  <input type="submit" name="Submit" value="Submit">

</form>

<pre>INPUT REJECTED</pre>
[13:55:13.781] [SQLAnalysis] Read 1 new lines from SQL log file.
[13:55:13.781] [SQLAnalysis] Appended 1 parsed entries.
[13:55:13.782] [SQLAnalysis f18] Extracted 799 Logs 2026-10-03 17:55:13.782151: [{'timestamp': '2026-10-03 17:55:12,751302', 'level': 'INFO', 'ip': '172.18.0.5', 'port': 54606, 'sql': 'USE db *#*#OK'}]
[13:55:13.782] [SQLAnalysis f18] Updated param pairs: {'looked_value': '`1'}
[13:55:13.782] [SQLAnalysis f18] Looked timestamp 2026-10-03 17:55:12.735214 -- 2026-10-03 17:55:12.774487
[13:55:13.790] [SQLAnalysis f18] query_array to be checked: ['use', 'db']
[13:55:13.790] [SQLAnalysis f18] normalized_query_array: ['use', 'db']
[13:55:13.790] [SQLiFuzz f18] No weird chars exist: POST http://localhost:8081/a2_filtered_post.php | ['[string (False)(None)] Sec-Fetch-Dest=document', '[string (False)(None)] Sec-Fetch-Mode=navigate', '[string (False)(None)] Sec-Fetch-Site=same-origin', '[string (False)(None)] Sec-Fetch-User=?1', '[string (False)(None)] Priority=u=0, i', '[url (False)(None)] path0=a2_filtered_post.php', '[int (False)(None)] id=`1', '[string (False)(None)] Submit=Submit'] | None
[13:55:13.791] [SQLiFuzz e0f] Getting prepared_target_request with ID 848 for test_SQLi iteration 23/70
[13:55:13.791] [SQLiFuzz 848] chosen_idx: 2 from 8
[13:55:13.791] [HTTPREQUEST 848] Getting matched paramval from found values: ['?1', '1']
[13:55:13.791] [HTTPREQUEST 848] Found matched paramval: [string (False)(None)] Sec-Fetch-User=?1
[13:55:13.791] [HTTPREQUEST 848] Found matched paramval: [int (False)(None)] id=1
[13:55:13.791] [SQLiFuzz 848] Prioritize to fuzz matched SQL value first: [int (False)(None)] id=1
[13:55:13.791] [SQLiFuzz 848] Mutation applied. old='1' char='?' strategy='random' new='1?'
[13:55:13.791] [HTTPREQUEST 848] Update url and body param from paramvals:
[13:55:13.791] [HTTPREQUEST None] New post_data_encoded: Submit=Submit&id=1%3F
[13:55:13.791] [HTTPREQUEST None] New param encoded: 
[13:55:13.791] [GENERALFUNCTION 848] ---SENDING THE REQUEST [1791050113-8f2e168b-4fff-43f3-8bc0-501a22beb848] TO : [POST] http://localhost:8081/a2_filtered_post.php
[13:55:13.791] [GENERALFUNCTION 848] Post data encoded: Submit=Submit&id=1%3F
[13:55:13.791] [GENERALFUNCTION 848] Adjusted Content-Length to 21
[13:55:13.791] [GENERALFUNCTION 848] Adjusted Origin to http://localhost:8081
[13:55:13.791] [GENERALFUNCTION 848] Adjusted Referer to http://localhost:8081/a2_filtered_post.php
[13:55:13.792] [GENERALFUNCTION 848] DEBUG OUTGOING request.full_url: http://localhost:8081/a2_filtered_post.php
[13:55:13.792] [GENERALFUNCTION 848] DEBUG OUTGOING headers: {'Host': 'localhost:8081', 'User-Agent': 'Mozilla/5.0 (X11; Ubuntu; Linux x86_64; rv:155.0) Gecko/20100101 Firefox/155.0', 'Accept': 'text/html,application/xhtml+xml,application/xml;q=0.9,*/*;q=0.8', 'Accept-Language': 'en-US,en;q=0.9', 'Accept-Encoding': 'gzip, deflate, br, zstd', 'Content-Type': 'application/x-www-form-urlencoded', 'Content-Length': '21', 'Origin': 'http://localhost:8081', 'Connection': 'keep-alive', 'Referer': 'http://localhost:8081/a2_filtered_post.php', 'Cookie': 'PHPSESSID=35253801c188b6aea68c14a610415c8d; security=impossible', 'Upgrade-Insecure-Requests': '1', 'Sec-Fetch-Dest': 'document', 'Sec-Fetch-Mode': 'navigate', 'Sec-Fetch-Site': 'same-origin', 'Sec-Fetch-User': '?1', 'Priority': 'u=0, i'}
[13:55:13.792] [GENERALFUNCTION 848] DEBUG OUTGOING post_data_encoded (truncated): Submit=Submit&id=1%3F
[13:55:13.792] [GENERALFUNCTION 848] DEBUG OUTGOING body_param_dict: {'Submit': 'Submit', 'id': '1?'}
[13:55:13.838] [SQLiFuzz 848] Response status: 200
[13:55:13.839] [SQLiFuzz 848] Response URL: http://localhost:8081/a2_filtered_post.php
[13:55:13.839] [SQLiFuzz 848] Was redirected: False
[13:55:13.839] [SQLiFuzz 848] Getting response: 
<!doctype html>

<html>

<body>

<form method="POST">

  <label>User ID: <input type="text" name="id"></label>

  <input type="submit" name="Submit" value="Submit">

</form>

<pre>INPUT REJECTED</pre>
[13:55:14.839] [SQLAnalysis] Read 1 new lines from SQL log file.
[13:55:14.840] [SQLAnalysis] Appended 1 parsed entries.
[13:55:14.840] [SQLAnalysis 848] Extracted 800 Logs 2026-10-03 17:55:14.840544: [{'timestamp': '2026-10-03 17:55:13,819675', 'level': 'INFO', 'ip': '172.18.0.5', 'port': 54618, 'sql': 'USE db *#*#OK'}]
[13:55:14.840] [SQLAnalysis 848] Updated param pairs: {'looked_value': '1?'}
[13:55:14.840] [SQLAnalysis 848] Looked timestamp 2026-10-03 17:55:13.792614 -- 2026-10-03 17:55:13.834177
[13:55:14.851] [SQLAnalysis 848] query_array to be checked: ['use', 'db']
[13:55:14.851] [SQLAnalysis 848] normalized_query_array: ['use', 'db']
[13:55:14.851] [SQLiFuzz 848] No weird chars exist: POST http://localhost:8081/a2_filtered_post.php | ['[string (False)(None)] Sec-Fetch-Dest=document', '[string (False)(None)] Sec-Fetch-Mode=navigate', '[string (False)(None)] Sec-Fetch-Site=same-origin', '[string (False)(None)] Sec-Fetch-User=?1', '[string (False)(None)] Priority=u=0, i', '[url (False)(None)] path0=a2_filtered_post.php', '[int (False)(None)] id=1?', '[string (False)(None)] Submit=Submit'] | None
[13:55:14.852] [SQLiFuzz e0f] Getting prepared_target_request with ID 2c9 for test_SQLi iteration 24/70
[13:55:14.852] [SQLiFuzz 2c9] chosen_idx: 4 from 8
[13:55:14.852] [HTTPREQUEST 2c9] Getting matched paramval from found values: ['?1', '1']
[13:55:14.852] [HTTPREQUEST 2c9] Found matched paramval: [string (False)(None)] Sec-Fetch-User=?1
[13:55:14.853] [HTTPREQUEST 2c9] Found matched paramval: [int (False)(None)] id=1
[13:55:14.853] [SQLiFuzz 2c9] Prioritize to fuzz matched SQL value first: [int (False)(None)] id=1
[13:55:14.853] [SQLiFuzz 2c9] Mutation applied. old='1' char=')' strategy='tail' new='1)'
[13:55:14.853] [HTTPREQUEST 2c9] Update url and body param from paramvals:
[13:55:14.853] [HTTPREQUEST None] New post_data_encoded: Submit=Submit&id=1%29
[13:55:14.854] [HTTPREQUEST None] New param encoded: 
[13:55:14.854] [GENERALFUNCTION 2c9] ---SENDING THE REQUEST [1791050114-a7e3cd3a-04fa-46e9-b3b4-2692cd57d2c9] TO : [POST] http://localhost:8081/a2_filtered_post.php
[13:55:14.854] [GENERALFUNCTION 2c9] Post data encoded: Submit=Submit&id=1%29
[13:55:14.854] [GENERALFUNCTION 2c9] Adjusted Content-Length to 21
[13:55:14.855] [GENERALFUNCTION 2c9] Adjusted Origin to http://localhost:8081
[13:55:14.855] [GENERALFUNCTION 2c9] Adjusted Referer to http://localhost:8081/a2_filtered_post.php
[13:55:14.855] [GENERALFUNCTION 2c9] DEBUG OUTGOING request.full_url: http://localhost:8081/a2_filtered_post.php
[13:55:14.855] [GENERALFUNCTION 2c9] DEBUG OUTGOING headers: {'Host': 'localhost:8081', 'User-Agent': 'Mozilla/5.0 (X11; Ubuntu; Linux x86_64; rv:155.0) Gecko/20100101 Firefox/155.0', 'Accept': 'text/html,application/xhtml+xml,application/xml;q=0.9,*/*;q=0.8', 'Accept-Language': 'en-US,en;q=0.9', 'Accept-Encoding': 'gzip, deflate, br, zstd', 'Content-Type': 'application/x-www-form-urlencoded', 'Content-Length': '21', 'Origin': 'http://localhost:8081', 'Connection': 'keep-alive', 'Referer': 'http://localhost:8081/a2_filtered_post.php', 'Cookie': 'PHPSESSID=35253801c188b6aea68c14a610415c8d; security=impossible', 'Upgrade-Insecure-Requests': '1', 'Sec-Fetch-Dest': 'document', 'Sec-Fetch-Mode': 'navigate', 'Sec-Fetch-Site': 'same-origin', 'Sec-Fetch-User': '?1', 'Priority': 'u=0, i'}
[13:55:14.855] [GENERALFUNCTION 2c9] DEBUG OUTGOING post_data_encoded (truncated): Submit=Submit&id=1%29
[13:55:14.855] [GENERALFUNCTION 2c9] DEBUG OUTGOING body_param_dict: {'Submit': 'Submit', 'id': '1)'}
[13:55:14.881] [SQLiFuzz 2c9] Response status: 200
[13:55:14.881] [SQLiFuzz 2c9] Response URL: http://localhost:8081/a2_filtered_post.php
[13:55:14.881] [SQLiFuzz 2c9] Was redirected: False
[13:55:14.881] [SQLiFuzz 2c9] Getting response: 
<!doctype html>

<html>

<body>

<form method="POST">

  <label>User ID: <input type="text" name="id"></label>

  <input type="submit" name="Submit" value="Submit">

</form>

<pre>INPUT REJECTED</pre>
[13:55:15.882] [SQLAnalysis] Read 1 new lines from SQL log file.
[13:55:15.882] [SQLAnalysis] Appended 1 parsed entries.
[13:55:15.882] [SQLAnalysis 2c9] Extracted 801 Logs 2026-10-03 17:55:15.882530: [{'timestamp': '2026-10-03 17:55:14,868820', 'level': 'INFO', 'ip': '172.18.0.5', 'port': 54624, 'sql': 'USE db *#*#OK'}]
[13:55:15.882] [SQLAnalysis 2c9] Updated param pairs: {'looked_value': '1)'}
[13:55:15.882] [SQLAnalysis 2c9] Looked timestamp 2026-10-03 17:55:14.855377 -- 2026-10-03 17:55:14.876866
[13:55:15.891] [SQLAnalysis 2c9] query_array to be checked: ['use', 'db']
[13:55:15.891] [SQLAnalysis 2c9] normalized_query_array: ['use', 'db']
[13:55:15.891] [SQLiFuzz 2c9] No weird chars exist: POST http://localhost:8081/a2_filtered_post.php | ['[string (False)(None)] Sec-Fetch-Dest=document', '[string (False)(None)] Sec-Fetch-Mode=navigate', '[string (False)(None)] Sec-Fetch-Site=same-origin', '[string (False)(None)] Sec-Fetch-User=?1', '[string (False)(None)] Priority=u=0, i', '[url (False)(None)] path0=a2_filtered_post.php', '[int (False)(None)] id=1)', '[string (False)(None)] Submit=Submit'] | None
[13:55:15.892] [SQLiFuzz e0f] Getting prepared_target_request with ID 023 for test_SQLi iteration 25/70
[13:55:15.892] [SQLiFuzz 023] chosen_idx: 5 from 8
[13:55:15.892] [HTTPREQUEST 023] Getting matched paramval from found values: ['?1', '1']
[13:55:15.892] [HTTPREQUEST 023] Found matched paramval: [string (False)(None)] Sec-Fetch-User=?1
[13:55:15.892] [HTTPREQUEST 023] Found matched paramval: [int (False)(None)] id=1
[13:55:15.892] [SQLiFuzz 023] Prioritize to fuzz matched SQL value first: [int (False)(None)] id=1
[13:55:15.892] [SQLiFuzz 023] Mutation applied. old='1' char='@' strategy='random' new='@1'
[13:55:15.892] [HTTPREQUEST 023] Update url and body param from paramvals:
[13:55:15.892] [HTTPREQUEST None] New post_data_encoded: Submit=Submit&id=%401
[13:55:15.892] [HTTPREQUEST None] New param encoded: 
[13:55:15.893] [GENERALFUNCTION 023] ---SENDING THE REQUEST [1791050115-b19eec76-7d08-44c6-bec0-62fb73c61023] TO : [POST] http://localhost:8081/a2_filtered_post.php
[13:55:15.893] [GENERALFUNCTION 023] Post data encoded: Submit=Submit&id=%401
[13:55:15.893] [GENERALFUNCTION 023] Adjusted Content-Length to 21
[13:55:15.893] [GENERALFUNCTION 023] Adjusted Origin to http://localhost:8081
[13:55:15.893] [GENERALFUNCTION 023] Adjusted Referer to http://localhost:8081/a2_filtered_post.php
[13:55:15.893] [GENERALFUNCTION 023] DEBUG OUTGOING request.full_url: http://localhost:8081/a2_filtered_post.php
[13:55:15.893] [GENERALFUNCTION 023] DEBUG OUTGOING headers: {'Host': 'localhost:8081', 'User-Agent': 'Mozilla/5.0 (X11; Ubuntu; Linux x86_64; rv:155.0) Gecko/20100101 Firefox/155.0', 'Accept': 'text/html,application/xhtml+xml,application/xml;q=0.9,*/*;q=0.8', 'Accept-Language': 'en-US,en;q=0.9', 'Accept-Encoding': 'gzip, deflate, br, zstd', 'Content-Type': 'application/x-www-form-urlencoded', 'Content-Length': '21', 'Origin': 'http://localhost:8081', 'Connection': 'keep-alive', 'Referer': 'http://localhost:8081/a2_filtered_post.php', 'Cookie': 'PHPSESSID=35253801c188b6aea68c14a610415c8d; security=impossible', 'Upgrade-Insecure-Requests': '1', 'Sec-Fetch-Dest': 'document', 'Sec-Fetch-Mode': 'navigate', 'Sec-Fetch-Site': 'same-origin', 'Sec-Fetch-User': '?1', 'Priority': 'u=0, i'}
[13:55:15.893] [GENERALFUNCTION 023] DEBUG OUTGOING post_data_encoded (truncated): Submit=Submit&id=%401
[13:55:15.893] [GENERALFUNCTION 023] DEBUG OUTGOING body_param_dict: {'Submit': 'Submit', 'id': '@1'}
[13:55:15.921] [SQLiFuzz 023] Response status: 200
[13:55:15.921] [SQLiFuzz 023] Response URL: http://localhost:8081/a2_filtered_post.php
[13:55:15.921] [SQLiFuzz 023] Was redirected: False
[13:55:15.921] [SQLiFuzz 023] Getting response: 
<!doctype html>

<html>

<body>

<form method="POST">

  <label>User ID: <input type="text" name="id"></label>

  <input type="submit" name="Submit" value="Submit">

</form>

<pre>INPUT REJECTED</pre>
[13:55:16.922] [SQLAnalysis] Read 1 new lines from SQL log file.
[13:55:16.922] [SQLAnalysis] Appended 1 parsed entries.
[13:55:16.923] [SQLAnalysis 023] Extracted 802 Logs 2026-10-03 17:55:16.923058: [{'timestamp': '2026-10-03 17:55:15,908400', 'level': 'INFO', 'ip': '172.18.0.5', 'port': 54642, 'sql': 'USE db *#*#OK'}]
[13:55:16.923] [SQLAnalysis 023] Updated param pairs: {'looked_value': '@1'}
[13:55:16.923] [SQLAnalysis 023] Looked timestamp 2026-10-03 17:55:15.893803 -- 2026-10-03 17:55:15.916994
[13:55:16.934] [SQLAnalysis 023] query_array to be checked: ['use', 'db']
[13:55:16.934] [SQLAnalysis 023] normalized_query_array: ['use', 'db']
[13:55:16.935] [SQLiFuzz 023] No weird chars exist: POST http://localhost:8081/a2_filtered_post.php | ['[string (False)(None)] Sec-Fetch-Dest=document', '[string (False)(None)] Sec-Fetch-Mode=navigate', '[string (False)(None)] Sec-Fetch-Site=same-origin', '[string (False)(None)] Sec-Fetch-User=?1', '[string (False)(None)] Priority=u=0, i', '[url (False)(None)] path0=a2_filtered_post.php', '[int (False)(None)] id=@1', '[string (False)(None)] Submit=Submit'] | None
[13:55:16.937] [SQLiFuzz e0f] Getting prepared_target_request with ID 323 for test_SQLi iteration 26/70
[13:55:16.939] [SQLiFuzz 323] chosen_idx: 7 from 8
[13:55:16.939] [HTTPREQUEST 323] Getting matched paramval from found values: ['?1', '1']
[13:55:16.939] [HTTPREQUEST 323] Found matched paramval: [string (False)(None)] Sec-Fetch-User=?1
[13:55:16.939] [HTTPREQUEST 323] Found matched paramval: [int (False)(None)] id=1
[13:55:16.939] [SQLiFuzz 323] Prioritize to fuzz matched SQL value first: [int (False)(None)] id=1
[13:55:16.939] [SQLiFuzz 323] Mutation applied. old='1' char='(' strategy='front' new='(1'
[13:55:16.939] [HTTPREQUEST 323] Update url and body param from paramvals:
[13:55:16.940] [HTTPREQUEST None] New post_data_encoded: Submit=Submit&id=%281
[13:55:16.940] [HTTPREQUEST None] New param encoded: 
[13:55:16.940] [GENERALFUNCTION 323] ---SENDING THE REQUEST [1791050116-4de40418-48ef-42cc-87fd-3e70acb37323] TO : [POST] http://localhost:8081/a2_filtered_post.php
[13:55:16.940] [GENERALFUNCTION 323] Post data encoded: Submit=Submit&id=%281
[13:55:16.940] [GENERALFUNCTION 323] Adjusted Content-Length to 21
[13:55:16.940] [GENERALFUNCTION 323] Adjusted Origin to http://localhost:8081
[13:55:16.940] [GENERALFUNCTION 323] Adjusted Referer to http://localhost:8081/a2_filtered_post.php
[13:55:16.941] [GENERALFUNCTION 323] DEBUG OUTGOING request.full_url: http://localhost:8081/a2_filtered_post.php
[13:55:16.941] [GENERALFUNCTION 323] DEBUG OUTGOING headers: {'Host': 'localhost:8081', 'User-Agent': 'Mozilla/5.0 (X11; Ubuntu; Linux x86_64; rv:155.0) Gecko/20100101 Firefox/155.0', 'Accept': 'text/html,application/xhtml+xml,application/xml;q=0.9,*/*;q=0.8', 'Accept-Language': 'en-US,en;q=0.9', 'Accept-Encoding': 'gzip, deflate, br, zstd', 'Content-Type': 'application/x-www-form-urlencoded', 'Content-Length': '21', 'Origin': 'http://localhost:8081', 'Connection': 'keep-alive', 'Referer': 'http://localhost:8081/a2_filtered_post.php', 'Cookie': 'PHPSESSID=35253801c188b6aea68c14a610415c8d; security=impossible', 'Upgrade-Insecure-Requests': '1', 'Sec-Fetch-Dest': 'document', 'Sec-Fetch-Mode': 'navigate', 'Sec-Fetch-Site': 'same-origin', 'Sec-Fetch-User': '?1', 'Priority': 'u=0, i'}
[13:55:16.941] [GENERALFUNCTION 323] DEBUG OUTGOING post_data_encoded (truncated): Submit=Submit&id=%281
[13:55:16.941] [GENERALFUNCTION 323] DEBUG OUTGOING body_param_dict: {'Submit': 'Submit', 'id': '(1'}
[13:55:16.993] [SQLiFuzz 323] Response status: 200
[13:55:16.993] [SQLiFuzz 323] Response URL: http://localhost:8081/a2_filtered_post.php
[13:55:16.993] [SQLiFuzz 323] Was redirected: False
[13:55:16.993] [SQLiFuzz 323] Getting response: 
<!doctype html>

<html>

<body>

<form method="POST">

  <label>User ID: <input type="text" name="id"></label>

  <input type="submit" name="Submit" value="Submit">

</form>

<pre>INPUT REJECTED</pre>
[13:55:17.994] [SQLAnalysis] Read 1 new lines from SQL log file.
[13:55:17.994] [SQLAnalysis] Appended 1 parsed entries.
[13:55:17.994] [SQLAnalysis 323] Extracted 803 Logs 2026-10-03 17:55:17.994687: [{'timestamp': '2026-10-03 17:55:16,972355', 'level': 'INFO', 'ip': '172.18.0.5', 'port': 54654, 'sql': 'USE db *#*#OK'}]
[13:55:17.994] [SQLAnalysis 323] Updated param pairs: {'looked_value': '(1'}
[13:55:17.994] [SQLAnalysis 323] Looked timestamp 2026-10-03 17:55:16.941522 -- 2026-10-03 17:55:16.989637
[13:55:18.003] [SQLAnalysis 323] query_array to be checked: ['use', 'db']
[13:55:18.003] [SQLAnalysis 323] normalized_query_array: ['use', 'db']
[13:55:18.004] [SQLiFuzz 323] No weird chars exist: POST http://localhost:8081/a2_filtered_post.php | ['[string (False)(None)] Sec-Fetch-Dest=document', '[string (False)(None)] Sec-Fetch-Mode=navigate', '[string (False)(None)] Sec-Fetch-Site=same-origin', '[string (False)(None)] Sec-Fetch-User=?1', '[string (False)(None)] Priority=u=0, i', '[url (False)(None)] path0=a2_filtered_post.php', '[int (False)(None)] id=(1', '[string (False)(None)] Submit=Submit'] | None
[13:55:18.004] [SQLiFuzz e0f] Getting prepared_target_request with ID 84e for test_SQLi iteration 27/70
[13:55:18.004] [SQLiFuzz 84e] chosen_idx: 0 from 8
[13:55:18.004] [HTTPREQUEST 84e] Getting matched paramval from found values: ['?1', '1']
[13:55:18.004] [HTTPREQUEST 84e] Found matched paramval: [string (False)(None)] Sec-Fetch-User=?1
[13:55:18.004] [HTTPREQUEST 84e] Found matched paramval: [int (False)(None)] id=1
[13:55:18.004] [SQLiFuzz 84e] Prioritize to fuzz matched SQL value first: [int (False)(None)] id=1
[13:55:18.004] [SQLiFuzz 84e] Mutation applied. old='1' char='!' strategy='tail' new='1!'
[13:55:18.004] [HTTPREQUEST 84e] Update url and body param from paramvals:
[13:55:18.005] [HTTPREQUEST None] New post_data_encoded: Submit=Submit&id=1%21
[13:55:18.005] [HTTPREQUEST None] New param encoded: 
[13:55:18.005] [GENERALFUNCTION 84e] ---SENDING THE REQUEST [1791050118-a3311c0c-4f98-4b40-8b32-bb091ff0284e] TO : [POST] http://localhost:8081/a2_filtered_post.php
[13:55:18.005] [GENERALFUNCTION 84e] Post data encoded: Submit=Submit&id=1%21
[13:55:18.005] [GENERALFUNCTION 84e] Adjusted Content-Length to 21
[13:55:18.005] [GENERALFUNCTION 84e] Adjusted Origin to http://localhost:8081
[13:55:18.005] [GENERALFUNCTION 84e] Adjusted Referer to http://localhost:8081/a2_filtered_post.php
[13:55:18.005] [GENERALFUNCTION 84e] DEBUG OUTGOING request.full_url: http://localhost:8081/a2_filtered_post.php
[13:55:18.005] [GENERALFUNCTION 84e] DEBUG OUTGOING headers: {'Host': 'localhost:8081', 'User-Agent': 'Mozilla/5.0 (X11; Ubuntu; Linux x86_64; rv:155.0) Gecko/20100101 Firefox/155.0', 'Accept': 'text/html,application/xhtml+xml,application/xml;q=0.9,*/*;q=0.8', 'Accept-Language': 'en-US,en;q=0.9', 'Accept-Encoding': 'gzip, deflate, br, zstd', 'Content-Type': 'application/x-www-form-urlencoded', 'Content-Length': '21', 'Origin': 'http://localhost:8081', 'Connection': 'keep-alive', 'Referer': 'http://localhost:8081/a2_filtered_post.php', 'Cookie': 'PHPSESSID=35253801c188b6aea68c14a610415c8d; security=impossible', 'Upgrade-Insecure-Requests': '1', 'Sec-Fetch-Dest': 'document', 'Sec-Fetch-Mode': 'navigate', 'Sec-Fetch-Site': 'same-origin', 'Sec-Fetch-User': '?1', 'Priority': 'u=0, i'}
[13:55:18.005] [GENERALFUNCTION 84e] DEBUG OUTGOING post_data_encoded (truncated): Submit=Submit&id=1%21
[13:55:18.005] [GENERALFUNCTION 84e] DEBUG OUTGOING body_param_dict: {'Submit': 'Submit', 'id': '1!'}
[13:55:18.034] [SQLiFuzz 84e] Response status: 200
[13:55:18.035] [SQLiFuzz 84e] Response URL: http://localhost:8081/a2_filtered_post.php
[13:55:18.035] [SQLiFuzz 84e] Was redirected: False
[13:55:18.035] [SQLiFuzz 84e] Getting response: 
<!doctype html>

<html>

<body>

<form method="POST">

  <label>User ID: <input type="text" name="id"></label>

  <input type="submit" name="Submit" value="Submit">

</form>

<pre>INPUT REJECTED</pre>
[13:55:19.035] [SQLAnalysis] Read 1 new lines from SQL log file.
[13:55:19.036] [SQLAnalysis] Appended 1 parsed entries.
[13:55:19.036] [SQLAnalysis 84e] Extracted 804 Logs 2026-10-03 17:55:19.036507: [{'timestamp': '2026-10-03 17:55:18,021376', 'level': 'INFO', 'ip': '172.18.0.5', 'port': 54676, 'sql': 'USE db *#*#OK'}]
[13:55:19.036] [SQLAnalysis 84e] Updated param pairs: {'looked_value': '1!'}
[13:55:19.036] [SQLAnalysis 84e] Looked timestamp 2026-10-03 17:55:18.005946 -- 2026-10-03 17:55:18.030587
[13:55:19.047] [SQLAnalysis 84e] query_array to be checked: ['use', 'db']
[13:55:19.047] [SQLAnalysis 84e] normalized_query_array: ['use', 'db']
[13:55:19.048] [SQLiFuzz 84e] No weird chars exist: POST http://localhost:8081/a2_filtered_post.php | ['[string (False)(None)] Sec-Fetch-Dest=document', '[string (False)(None)] Sec-Fetch-Mode=navigate', '[string (False)(None)] Sec-Fetch-Site=same-origin', '[string (False)(None)] Sec-Fetch-User=?1', '[string (False)(None)] Priority=u=0, i', '[url (False)(None)] path0=a2_filtered_post.php', '[int (False)(None)] id=1!', '[string (False)(None)] Submit=Submit'] | None
[13:55:19.048] [SQLiFuzz e0f] Getting prepared_target_request with ID 7d8 for test_SQLi iteration 28/70
[13:55:19.048] [SQLiFuzz 7d8] chosen_idx: 3 from 8
[13:55:19.048] [HTTPREQUEST 7d8] Getting matched paramval from found values: ['?1', '1']
[13:55:19.048] [HTTPREQUEST 7d8] Found matched paramval: [string (False)(None)] Sec-Fetch-User=?1
[13:55:19.048] [HTTPREQUEST 7d8] Found matched paramval: [int (False)(None)] id=1
[13:55:19.048] [SQLiFuzz 7d8] Prioritize to fuzz matched SQL value first: [int (False)(None)] id=1
[13:55:19.048] [SQLiFuzz 7d8] Mutation applied. old='1' char='`' strategy='random' new='1`'
[13:55:19.048] [HTTPREQUEST 7d8] Update url and body param from paramvals:
[13:55:19.049] [HTTPREQUEST None] New post_data_encoded: Submit=Submit&id=1%60
[13:55:19.049] [HTTPREQUEST None] New param encoded: 
[13:55:19.049] [GENERALFUNCTION 7d8] ---SENDING THE REQUEST [1791050119-2db8a340-bdbe-4e6f-b959-461c686ff7d8] TO : [POST] http://localhost:8081/a2_filtered_post.php
[13:55:19.049] [GENERALFUNCTION 7d8] Post data encoded: Submit=Submit&id=1%60
[13:55:19.049] [GENERALFUNCTION 7d8] Adjusted Content-Length to 21
[13:55:19.049] [GENERALFUNCTION 7d8] Adjusted Origin to http://localhost:8081
[13:55:19.049] [GENERALFUNCTION 7d8] Adjusted Referer to http://localhost:8081/a2_filtered_post.php
[13:55:19.049] [GENERALFUNCTION 7d8] DEBUG OUTGOING request.full_url: http://localhost:8081/a2_filtered_post.php
[13:55:19.049] [GENERALFUNCTION 7d8] DEBUG OUTGOING headers: {'Host': 'localhost:8081', 'User-Agent': 'Mozilla/5.0 (X11; Ubuntu; Linux x86_64; rv:155.0) Gecko/20100101 Firefox/155.0', 'Accept': 'text/html,application/xhtml+xml,application/xml;q=0.9,*/*;q=0.8', 'Accept-Language': 'en-US,en;q=0.9', 'Accept-Encoding': 'gzip, deflate, br, zstd', 'Content-Type': 'application/x-www-form-urlencoded', 'Content-Length': '21', 'Origin': 'http://localhost:8081', 'Connection': 'keep-alive', 'Referer': 'http://localhost:8081/a2_filtered_post.php', 'Cookie': 'PHPSESSID=35253801c188b6aea68c14a610415c8d; security=impossible', 'Upgrade-Insecure-Requests': '1', 'Sec-Fetch-Dest': 'document', 'Sec-Fetch-Mode': 'navigate', 'Sec-Fetch-Site': 'same-origin', 'Sec-Fetch-User': '?1', 'Priority': 'u=0, i'}
[13:55:19.049] [GENERALFUNCTION 7d8] DEBUG OUTGOING post_data_encoded (truncated): Submit=Submit&id=1%60
[13:55:19.049] [GENERALFUNCTION 7d8] DEBUG OUTGOING body_param_dict: {'Submit': 'Submit', 'id': '1`'}
[13:55:19.085] [SQLiFuzz 7d8] Response status: 200
[13:55:19.085] [SQLiFuzz 7d8] Response URL: http://localhost:8081/a2_filtered_post.php
[13:55:19.085] [SQLiFuzz 7d8] Was redirected: False
[13:55:19.085] [SQLiFuzz 7d8] Getting response: 
<!doctype html>

<html>

<body>

<form method="POST">

  <label>User ID: <input type="text" name="id"></label>

  <input type="submit" name="Submit" value="Submit">

</form>

<pre>INPUT REJECTED</pre>
[13:55:20.086] [SQLAnalysis] Read 1 new lines from SQL log file.
[13:55:20.086] [SQLAnalysis] Appended 1 parsed entries.
[13:55:20.086] [SQLAnalysis 7d8] Extracted 805 Logs 2026-10-03 17:55:20.086548: [{'timestamp': '2026-10-03 17:55:19,068627', 'level': 'INFO', 'ip': '172.18.0.5', 'port': 54708, 'sql': 'USE db *#*#OK'}]
[13:55:20.086] [SQLAnalysis 7d8] Updated param pairs: {'looked_value': '1`'}
[13:55:20.086] [SQLAnalysis 7d8] Looked timestamp 2026-10-03 17:55:19.049785 -- 2026-10-03 17:55:19.080158
[13:55:20.095] [SQLAnalysis 7d8] query_array to be checked: ['use', 'db']
[13:55:20.095] [SQLAnalysis 7d8] normalized_query_array: ['use', 'db']
[13:55:20.095] [SQLiFuzz 7d8] No weird chars exist: POST http://localhost:8081/a2_filtered_post.php | ['[string (False)(None)] Sec-Fetch-Dest=document', '[string (False)(None)] Sec-Fetch-Mode=navigate', '[string (False)(None)] Sec-Fetch-Site=same-origin', '[string (False)(None)] Sec-Fetch-User=?1', '[string (False)(None)] Priority=u=0, i', '[url (False)(None)] path0=a2_filtered_post.php', '[int (False)(None)] id=1`', '[string (False)(None)] Submit=Submit'] | None
[13:55:20.095] [SQLiFuzz e0f] Getting prepared_target_request with ID e0b for test_SQLi iteration 29/70
[13:55:20.095] [SQLiFuzz e0b] chosen_idx: 3 from 8
[13:55:20.095] [HTTPREQUEST e0b] Getting matched paramval from found values: ['?1', '1']
[13:55:20.096] [HTTPREQUEST e0b] Found matched paramval: [string (False)(None)] Sec-Fetch-User=?1
[13:55:20.096] [HTTPREQUEST e0b] Found matched paramval: [int (False)(None)] id=1
[13:55:20.096] [SQLiFuzz e0b] Prioritize to fuzz matched SQL value first: [int (False)(None)] id=1
[13:55:20.096] [SQLiFuzz e0b] Mutation applied. old='1' char='_' strategy='random' new='1_'
[13:55:20.096] [HTTPREQUEST e0b] Update url and body param from paramvals:
[13:55:20.096] [HTTPREQUEST None] New post_data_encoded: Submit=Submit&id=1_
[13:55:20.096] [HTTPREQUEST None] New param encoded: 
[13:55:20.096] [GENERALFUNCTION e0b] ---SENDING THE REQUEST [1791050120-8e56c84c-590a-4b45-ae5a-cee4c1071e0b] TO : [POST] http://localhost:8081/a2_filtered_post.php
[13:55:20.096] [GENERALFUNCTION e0b] Post data encoded: Submit=Submit&id=1_
[13:55:20.096] [GENERALFUNCTION e0b] Adjusted Content-Length to 19
[13:55:20.096] [GENERALFUNCTION e0b] Adjusted Origin to http://localhost:8081
[13:55:20.096] [GENERALFUNCTION e0b] Adjusted Referer to http://localhost:8081/a2_filtered_post.php
[13:55:20.096] [GENERALFUNCTION e0b] DEBUG OUTGOING request.full_url: http://localhost:8081/a2_filtered_post.php
[13:55:20.096] [GENERALFUNCTION e0b] DEBUG OUTGOING headers: {'Host': 'localhost:8081', 'User-Agent': 'Mozilla/5.0 (X11; Ubuntu; Linux x86_64; rv:155.0) Gecko/20100101 Firefox/155.0', 'Accept': 'text/html,application/xhtml+xml,application/xml;q=0.9,*/*;q=0.8', 'Accept-Language': 'en-US,en;q=0.9', 'Accept-Encoding': 'gzip, deflate, br, zstd', 'Content-Type': 'application/x-www-form-urlencoded', 'Content-Length': '19', 'Origin': 'http://localhost:8081', 'Connection': 'keep-alive', 'Referer': 'http://localhost:8081/a2_filtered_post.php', 'Cookie': 'PHPSESSID=35253801c188b6aea68c14a610415c8d; security=impossible', 'Upgrade-Insecure-Requests': '1', 'Sec-Fetch-Dest': 'document', 'Sec-Fetch-Mode': 'navigate', 'Sec-Fetch-Site': 'same-origin', 'Sec-Fetch-User': '?1', 'Priority': 'u=0, i'}
[13:55:20.096] [GENERALFUNCTION e0b] DEBUG OUTGOING post_data_encoded (truncated): Submit=Submit&id=1_
[13:55:20.097] [GENERALFUNCTION e0b] DEBUG OUTGOING body_param_dict: {'Submit': 'Submit', 'id': '1_'}
[13:55:20.130] [SQLiFuzz e0b] Response status: 200
[13:55:20.130] [SQLiFuzz e0b] Response URL: http://localhost:8081/a2_filtered_post.php
[13:55:20.130] [SQLiFuzz e0b] Was redirected: False
[13:55:20.130] [SQLiFuzz e0b] Getting response: 
<!doctype html>

<html>

<body>

<form method="POST">

  <label>User ID: <input type="text" name="id"></label>

  <input type="submit" name="Submit" value="Submit">

</form>

<pre>INPUT REJECTED</pre>
[13:55:21.131] [SQLAnalysis] Read 1 new lines from SQL log file.
[13:55:21.131] [SQLAnalysis] Appended 1 parsed entries.
[13:55:21.131] [SQLAnalysis e0b] Extracted 806 Logs 2026-10-03 17:55:21.131860: [{'timestamp': '2026-10-03 17:55:20,114224', 'level': 'INFO', 'ip': '172.18.0.5', 'port': 54728, 'sql': 'USE db *#*#OK'}]
[13:55:21.132] [SQLAnalysis e0b] Updated param pairs: {'looked_value': '1_'}
[13:55:21.132] [SQLAnalysis e0b] Looked timestamp 2026-10-03 17:55:20.097093 -- 2026-10-03 17:55:20.125711
[13:55:21.140] [SQLAnalysis e0b] query_array to be checked: ['use', 'db']
[13:55:21.140] [SQLAnalysis e0b] normalized_query_array: ['use', 'db']
[13:55:21.140] [SQLiFuzz e0b] No weird chars exist: POST http://localhost:8081/a2_filtered_post.php | ['[string (False)(None)] Sec-Fetch-Dest=document', '[string (False)(None)] Sec-Fetch-Mode=navigate', '[string (False)(None)] Sec-Fetch-Site=same-origin', '[string (False)(None)] Sec-Fetch-User=?1', '[string (False)(None)] Priority=u=0, i', '[url (False)(None)] path0=a2_filtered_post.php', '[int (False)(None)] id=1_', '[string (False)(None)] Submit=Submit'] | None
[13:55:21.140] [SQLiFuzz e0f] Getting prepared_target_request with ID 8c1 for test_SQLi iteration 30/70
[13:55:21.141] [SQLiFuzz 8c1] chosen_idx: 4 from 8
[13:55:21.141] [HTTPREQUEST 8c1] Getting matched paramval from found values: ['?1', '1']
[13:55:21.141] [HTTPREQUEST 8c1] Found matched paramval: [string (False)(None)] Sec-Fetch-User=?1
[13:55:21.141] [HTTPREQUEST 8c1] Found matched paramval: [int (False)(None)] id=1
[13:55:21.141] [SQLiFuzz 8c1] Prioritize to fuzz matched SQL value first: [int (False)(None)] id=1
[13:55:21.141] [SQLiFuzz 8c1] Mutation applied. old='1' char='@' strategy='tail' new='1@'
[13:55:21.141] [HTTPREQUEST 8c1] Update url and body param from paramvals:
[13:55:21.141] [HTTPREQUEST None] New post_data_encoded: Submit=Submit&id=1%40
[13:55:21.141] [HTTPREQUEST None] New param encoded: 
[13:55:21.141] [GENERALFUNCTION 8c1] ---SENDING THE REQUEST [1791050121-7842247a-f28a-4f49-a3f0-37af6a9288c1] TO : [POST] http://localhost:8081/a2_filtered_post.php
[13:55:21.141] [GENERALFUNCTION 8c1] Post data encoded: Submit=Submit&id=1%40
[13:55:21.141] [GENERALFUNCTION 8c1] Adjusted Content-Length to 21
[13:55:21.142] [GENERALFUNCTION 8c1] Adjusted Origin to http://localhost:8081
[13:55:21.142] [GENERALFUNCTION 8c1] Adjusted Referer to http://localhost:8081/a2_filtered_post.php
[13:55:21.142] [GENERALFUNCTION 8c1] DEBUG OUTGOING request.full_url: http://localhost:8081/a2_filtered_post.php
[13:55:21.142] [GENERALFUNCTION 8c1] DEBUG OUTGOING headers: {'Host': 'localhost:8081', 'User-Agent': 'Mozilla/5.0 (X11; Ubuntu; Linux x86_64; rv:155.0) Gecko/20100101 Firefox/155.0', 'Accept': 'text/html,application/xhtml+xml,application/xml;q=0.9,*/*;q=0.8', 'Accept-Language': 'en-US,en;q=0.9', 'Accept-Encoding': 'gzip, deflate, br, zstd', 'Content-Type': 'application/x-www-form-urlencoded', 'Content-Length': '21', 'Origin': 'http://localhost:8081', 'Connection': 'keep-alive', 'Referer': 'http://localhost:8081/a2_filtered_post.php', 'Cookie': 'PHPSESSID=35253801c188b6aea68c14a610415c8d; security=impossible', 'Upgrade-Insecure-Requests': '1', 'Sec-Fetch-Dest': 'document', 'Sec-Fetch-Mode': 'navigate', 'Sec-Fetch-Site': 'same-origin', 'Sec-Fetch-User': '?1', 'Priority': 'u=0, i'}
[13:55:21.142] [GENERALFUNCTION 8c1] DEBUG OUTGOING post_data_encoded (truncated): Submit=Submit&id=1%40
[13:55:21.142] [GENERALFUNCTION 8c1] DEBUG OUTGOING body_param_dict: {'Submit': 'Submit', 'id': '1@'}
[13:55:21.182] [SQLiFuzz 8c1] Response status: 200
[13:55:21.182] [SQLiFuzz 8c1] Response URL: http://localhost:8081/a2_filtered_post.php
[13:55:21.182] [SQLiFuzz 8c1] Was redirected: False
[13:55:21.182] [SQLiFuzz 8c1] Getting response: 
<!doctype html>

<html>

<body>

<form method="POST">

  <label>User ID: <input type="text" name="id"></label>

  <input type="submit" name="Submit" value="Submit">

</form>

<pre>INPUT REJECTED</pre>
[13:55:22.183] [SQLAnalysis] Read 1 new lines from SQL log file.
[13:55:22.183] [SQLAnalysis] Appended 1 parsed entries.
[13:55:22.183] [SQLAnalysis 8c1] Extracted 807 Logs 2026-10-03 17:55:22.183727: [{'timestamp': '2026-10-03 17:55:21,164190', 'level': 'INFO', 'ip': '172.18.0.5', 'port': 58886, 'sql': 'USE db *#*#OK'}]
[13:55:22.183] [SQLAnalysis 8c1] Updated param pairs: {'looked_value': '1@'}
[13:55:22.183] [SQLAnalysis 8c1] Looked timestamp 2026-10-03 17:55:21.142573 -- 2026-10-03 17:55:21.176983
[13:55:22.195] [SQLAnalysis 8c1] query_array to be checked: ['use', 'db']
[13:55:22.195] [SQLAnalysis 8c1] normalized_query_array: ['use', 'db']
[13:55:22.195] [SQLiFuzz 8c1] No weird chars exist: POST http://localhost:8081/a2_filtered_post.php | ['[string (False)(None)] Sec-Fetch-Dest=document', '[string (False)(None)] Sec-Fetch-Mode=navigate', '[string (False)(None)] Sec-Fetch-Site=same-origin', '[string (False)(None)] Sec-Fetch-User=?1', '[string (False)(None)] Priority=u=0, i', '[url (False)(None)] path0=a2_filtered_post.php', '[int (False)(None)] id=1@', '[string (False)(None)] Submit=Submit'] | None
[13:55:22.196] [SQLiFuzz e0f] Getting prepared_target_request with ID c5e for test_SQLi iteration 31/70
[13:55:22.196] [SQLiFuzz c5e] chosen_idx: 1 from 8
[13:55:22.196] [HTTPREQUEST c5e] Getting matched paramval from found values: ['?1', '1']
[13:55:22.196] [HTTPREQUEST c5e] Found matched paramval: [string (False)(None)] Sec-Fetch-User=?1
[13:55:22.196] [HTTPREQUEST c5e] Found matched paramval: [int (False)(None)] id=1
[13:55:22.196] [SQLiFuzz c5e] Prioritize to fuzz matched SQL value first: [int (False)(None)] id=1
[13:55:22.196] [SQLiFuzz c5e] Mutation applied. old='1' char='/' strategy='random' new='1/'
[13:55:22.196] [HTTPREQUEST c5e] Update url and body param from paramvals:
[13:55:22.196] [HTTPREQUEST None] New post_data_encoded: Submit=Submit&id=1%2F
[13:55:22.197] [HTTPREQUEST None] New param encoded: 
[13:55:22.197] [GENERALFUNCTION c5e] ---SENDING THE REQUEST [1791050122-9ce9c20d-8b98-4d53-b04e-fb15f2510c5e] TO : [POST] http://localhost:8081/a2_filtered_post.php
[13:55:22.197] [GENERALFUNCTION c5e] Post data encoded: Submit=Submit&id=1%2F
[13:55:22.197] [GENERALFUNCTION c5e] Adjusted Content-Length to 21
[13:55:22.197] [GENERALFUNCTION c5e] Adjusted Origin to http://localhost:8081
[13:55:22.197] [GENERALFUNCTION c5e] Adjusted Referer to http://localhost:8081/a2_filtered_post.php
[13:55:22.197] [GENERALFUNCTION c5e] DEBUG OUTGOING request.full_url: http://localhost:8081/a2_filtered_post.php
[13:55:22.197] [GENERALFUNCTION c5e] DEBUG OUTGOING headers: {'Host': 'localhost:8081', 'User-Agent': 'Mozilla/5.0 (X11; Ubuntu; Linux x86_64; rv:155.0) Gecko/20100101 Firefox/155.0', 'Accept': 'text/html,application/xhtml+xml,application/xml;q=0.9,*/*;q=0.8', 'Accept-Language': 'en-US,en;q=0.9', 'Accept-Encoding': 'gzip, deflate, br, zstd', 'Content-Type': 'application/x-www-form-urlencoded', 'Content-Length': '21', 'Origin': 'http://localhost:8081', 'Connection': 'keep-alive', 'Referer': 'http://localhost:8081/a2_filtered_post.php', 'Cookie': 'PHPSESSID=35253801c188b6aea68c14a610415c8d; security=impossible', 'Upgrade-Insecure-Requests': '1', 'Sec-Fetch-Dest': 'document', 'Sec-Fetch-Mode': 'navigate', 'Sec-Fetch-Site': 'same-origin', 'Sec-Fetch-User': '?1', 'Priority': 'u=0, i'}
[13:55:22.197] [GENERALFUNCTION c5e] DEBUG OUTGOING post_data_encoded (truncated): Submit=Submit&id=1%2F
[13:55:22.197] [GENERALFUNCTION c5e] DEBUG OUTGOING body_param_dict: {'Submit': 'Submit', 'id': '1/'}
[13:55:22.230] [SQLiFuzz c5e] Response status: 200
[13:55:22.230] [SQLiFuzz c5e] Response URL: http://localhost:8081/a2_filtered_post.php
[13:55:22.230] [SQLiFuzz c5e] Was redirected: False
[13:55:22.230] [SQLiFuzz c5e] Getting response: 
<!doctype html>

<html>

<body>

<form method="POST">

  <label>User ID: <input type="text" name="id"></label>

  <input type="submit" name="Submit" value="Submit">

</form>

<pre>INPUT REJECTED</pre>
[13:55:23.231] [SQLAnalysis] Read 1 new lines from SQL log file.
[13:55:23.231] [SQLAnalysis] Appended 1 parsed entries.
[13:55:23.231] [SQLAnalysis c5e] Extracted 808 Logs 2026-10-03 17:55:23.231754: [{'timestamp': '2026-10-03 17:55:22,214970', 'level': 'INFO', 'ip': '172.18.0.5', 'port': 58908, 'sql': 'USE db *#*#OK'}]
[13:55:23.231] [SQLAnalysis c5e] Updated param pairs: {'looked_value': '1/'}
[13:55:23.232] [SQLAnalysis c5e] Looked timestamp 2026-10-03 17:55:22.198039 -- 2026-10-03 17:55:22.225892
[13:55:23.240] [SQLAnalysis c5e] query_array to be checked: ['use', 'db']
[13:55:23.240] [SQLAnalysis c5e] normalized_query_array: ['use', 'db']
[13:55:23.241] [SQLiFuzz c5e] No weird chars exist: POST http://localhost:8081/a2_filtered_post.php | ['[string (False)(None)] Sec-Fetch-Dest=document', '[string (False)(None)] Sec-Fetch-Mode=navigate', '[string (False)(None)] Sec-Fetch-Site=same-origin', '[string (False)(None)] Sec-Fetch-User=?1', '[string (False)(None)] Priority=u=0, i', '[url (False)(None)] path0=a2_filtered_post.php', '[int (False)(None)] id=1/', '[string (False)(None)] Submit=Submit'] | None
[13:55:23.241] [SQLiFuzz e0f] Getting prepared_target_request with ID 92f for test_SQLi iteration 32/70
[13:55:23.241] [SQLiFuzz 92f] chosen_idx: 1 from 8
[13:55:23.241] [HTTPREQUEST 92f] Getting matched paramval from found values: ['?1', '1']
[13:55:23.241] [HTTPREQUEST 92f] Found matched paramval: [string (False)(None)] Sec-Fetch-User=?1
[13:55:23.241] [HTTPREQUEST 92f] Found matched paramval: [int (False)(None)] id=1
[13:55:23.241] [SQLiFuzz 92f] Prioritize to fuzz matched SQL value first: [int (False)(None)] id=1
[13:55:23.241] [SQLiFuzz 92f] Mutation applied. old='1' char='@' strategy='front' new='@1'
[13:55:23.241] [HTTPREQUEST 92f] Update url and body param from paramvals:
[13:55:23.242] [HTTPREQUEST None] New post_data_encoded: Submit=Submit&id=%401
[13:55:23.242] [HTTPREQUEST None] New param encoded: 
[13:55:23.242] [GENERALFUNCTION 92f] ---SENDING THE REQUEST [1791050123-c5c47ee9-9221-4a51-9c28-1bf819f2f92f] TO : [POST] http://localhost:8081/a2_filtered_post.php
[13:55:23.242] [GENERALFUNCTION 92f] Post data encoded: Submit=Submit&id=%401
[13:55:23.242] [GENERALFUNCTION 92f] Adjusted Content-Length to 21
[13:55:23.242] [GENERALFUNCTION 92f] Adjusted Origin to http://localhost:8081
[13:55:23.242] [GENERALFUNCTION 92f] Adjusted Referer to http://localhost:8081/a2_filtered_post.php
[13:55:23.242] [GENERALFUNCTION 92f] DEBUG OUTGOING request.full_url: http://localhost:8081/a2_filtered_post.php
[13:55:23.242] [GENERALFUNCTION 92f] DEBUG OUTGOING headers: {'Host': 'localhost:8081', 'User-Agent': 'Mozilla/5.0 (X11; Ubuntu; Linux x86_64; rv:155.0) Gecko/20100101 Firefox/155.0', 'Accept': 'text/html,application/xhtml+xml,application/xml;q=0.9,*/*;q=0.8', 'Accept-Language': 'en-US,en;q=0.9', 'Accept-Encoding': 'gzip, deflate, br, zstd', 'Content-Type': 'application/x-www-form-urlencoded', 'Content-Length': '21', 'Origin': 'http://localhost:8081', 'Connection': 'keep-alive', 'Referer': 'http://localhost:8081/a2_filtered_post.php', 'Cookie': 'PHPSESSID=35253801c188b6aea68c14a610415c8d; security=impossible', 'Upgrade-Insecure-Requests': '1', 'Sec-Fetch-Dest': 'document', 'Sec-Fetch-Mode': 'navigate', 'Sec-Fetch-Site': 'same-origin', 'Sec-Fetch-User': '?1', 'Priority': 'u=0, i'}
[13:55:23.242] [GENERALFUNCTION 92f] DEBUG OUTGOING post_data_encoded (truncated): Submit=Submit&id=%401
[13:55:23.242] [GENERALFUNCTION 92f] DEBUG OUTGOING body_param_dict: {'Submit': 'Submit', 'id': '@1'}
[13:55:23.279] [SQLiFuzz 92f] Response status: 200
[13:55:23.279] [SQLiFuzz 92f] Response URL: http://localhost:8081/a2_filtered_post.php
[13:55:23.279] [SQLiFuzz 92f] Was redirected: False
[13:55:23.279] [SQLiFuzz 92f] Getting response: 
<!doctype html>

<html>

<body>

<form method="POST">

  <label>User ID: <input type="text" name="id"></label>

  <input type="submit" name="Submit" value="Submit">

</form>

<pre>INPUT REJECTED</pre>
[13:55:24.280] [SQLAnalysis] Read 1 new lines from SQL log file.
[13:55:24.280] [SQLAnalysis] Appended 1 parsed entries.
[13:55:24.280] [SQLAnalysis 92f] Extracted 809 Logs 2026-10-03 17:55:24.280828: [{'timestamp': '2026-10-03 17:55:23,260730', 'level': 'INFO', 'ip': '172.18.0.5', 'port': 58914, 'sql': 'USE db *#*#OK'}]
[13:55:24.281] [SQLAnalysis 92f] Updated param pairs: {'looked_value': '@1'}
[13:55:24.281] [SQLAnalysis 92f] Looked timestamp 2026-10-03 17:55:23.243016 -- 2026-10-03 17:55:23.274192
[13:55:24.288] [SQLAnalysis 92f] query_array to be checked: ['use', 'db']
[13:55:24.288] [SQLAnalysis 92f] normalized_query_array: ['use', 'db']
[13:55:24.289] [SQLiFuzz 92f] No weird chars exist: POST http://localhost:8081/a2_filtered_post.php | ['[string (False)(None)] Sec-Fetch-Dest=document', '[string (False)(None)] Sec-Fetch-Mode=navigate', '[string (False)(None)] Sec-Fetch-Site=same-origin', '[string (False)(None)] Sec-Fetch-User=?1', '[string (False)(None)] Priority=u=0, i', '[url (False)(None)] path0=a2_filtered_post.php', '[int (False)(None)] id=@1', '[string (False)(None)] Submit=Submit'] | None
[13:55:24.289] [SQLiFuzz e0f] Getting prepared_target_request with ID a6a for test_SQLi iteration 33/70
[13:55:24.289] [SQLiFuzz a6a] chosen_idx: 2 from 8
[13:55:24.289] [HTTPREQUEST a6a] Getting matched paramval from found values: ['?1', '1']
[13:55:24.289] [HTTPREQUEST a6a] Found matched paramval: [string (False)(None)] Sec-Fetch-User=?1
[13:55:24.289] [HTTPREQUEST a6a] Found matched paramval: [int (False)(None)] id=1
[13:55:24.289] [SQLiFuzz a6a] Prioritize to fuzz matched SQL value first: [int (False)(None)] id=1
[13:55:24.289] [SQLiFuzz a6a] Mutation applied. old='1' char='\' strategy='tail' new='1\'
[13:55:24.289] [HTTPREQUEST a6a] Update url and body param from paramvals:
[13:55:24.289] [HTTPREQUEST None] New post_data_encoded: Submit=Submit&id=1%5C
[13:55:24.290] [HTTPREQUEST None] New param encoded: 
[13:55:24.290] [GENERALFUNCTION a6a] ---SENDING THE REQUEST [1791050124-e4188bd9-d7c6-4dfd-80c3-bb34b746fa6a] TO : [POST] http://localhost:8081/a2_filtered_post.php
[13:55:24.290] [GENERALFUNCTION a6a] Post data encoded: Submit=Submit&id=1%5C
[13:55:24.290] [GENERALFUNCTION a6a] Adjusted Content-Length to 21
[13:55:24.290] [GENERALFUNCTION a6a] Adjusted Origin to http://localhost:8081
[13:55:24.290] [GENERALFUNCTION a6a] Adjusted Referer to http://localhost:8081/a2_filtered_post.php
[13:55:24.290] [GENERALFUNCTION a6a] DEBUG OUTGOING request.full_url: http://localhost:8081/a2_filtered_post.php
[13:55:24.290] [GENERALFUNCTION a6a] DEBUG OUTGOING headers: {'Host': 'localhost:8081', 'User-Agent': 'Mozilla/5.0 (X11; Ubuntu; Linux x86_64; rv:155.0) Gecko/20100101 Firefox/155.0', 'Accept': 'text/html,application/xhtml+xml,application/xml;q=0.9,*/*;q=0.8', 'Accept-Language': 'en-US,en;q=0.9', 'Accept-Encoding': 'gzip, deflate, br, zstd', 'Content-Type': 'application/x-www-form-urlencoded', 'Content-Length': '21', 'Origin': 'http://localhost:8081', 'Connection': 'keep-alive', 'Referer': 'http://localhost:8081/a2_filtered_post.php', 'Cookie': 'PHPSESSID=35253801c188b6aea68c14a610415c8d; security=impossible', 'Upgrade-Insecure-Requests': '1', 'Sec-Fetch-Dest': 'document', 'Sec-Fetch-Mode': 'navigate', 'Sec-Fetch-Site': 'same-origin', 'Sec-Fetch-User': '?1', 'Priority': 'u=0, i'}
[13:55:24.290] [GENERALFUNCTION a6a] DEBUG OUTGOING post_data_encoded (truncated): Submit=Submit&id=1%5C
[13:55:24.290] [GENERALFUNCTION a6a] DEBUG OUTGOING body_param_dict: {'Submit': 'Submit', 'id': '1\\'}
[13:55:24.321] [SQLiFuzz a6a] Response status: 200
[13:55:24.321] [SQLiFuzz a6a] Response URL: http://localhost:8081/a2_filtered_post.php
[13:55:24.321] [SQLiFuzz a6a] Was redirected: False
[13:55:24.322] [SQLiFuzz a6a] Getting response: 
<!doctype html>

<html>

<body>

<form method="POST">

  <label>User ID: <input type="text" name="id"></label>

  <input type="submit" name="Submit" value="Submit">

</form>

<pre>INPUT REJECTED</pre>
[13:55:25.322] [SQLAnalysis] Read 1 new lines from SQL log file.
[13:55:25.322] [SQLAnalysis] Appended 1 parsed entries.
[13:55:25.322] [SQLAnalysis a6a] Extracted 810 Logs 2026-10-03 17:55:25.322811: [{'timestamp': '2026-10-03 17:55:24,303460', 'level': 'INFO', 'ip': '172.18.0.5', 'port': 58940, 'sql': 'USE db *#*#OK'}]
[13:55:25.323] [SQLAnalysis a6a] Updated param pairs: {'looked_value': '1\\'}
[13:55:25.324] [SQLAnalysis a6a] Looked timestamp 2026-10-03 17:55:24.290641 -- 2026-10-03 17:55:24.316526
[13:55:25.334] [SQLAnalysis a6a] query_array to be checked: ['use', 'db']
[13:55:25.334] [SQLAnalysis a6a] normalized_query_array: ['use', 'db']
[13:55:25.334] [SQLiFuzz a6a] No weird chars exist: POST http://localhost:8081/a2_filtered_post.php | ['[string (False)(None)] Sec-Fetch-Dest=document', '[string (False)(None)] Sec-Fetch-Mode=navigate', '[string (False)(None)] Sec-Fetch-Site=same-origin', '[string (False)(None)] Sec-Fetch-User=?1', '[string (False)(None)] Priority=u=0, i', '[url (False)(None)] path0=a2_filtered_post.php', '[int (False)(None)] id=1\\', '[string (False)(None)] Submit=Submit'] | None
[13:55:25.335] [SQLiFuzz e0f] Getting prepared_target_request with ID a28 for test_SQLi iteration 34/70
[13:55:25.335] [SQLiFuzz a28] chosen_idx: 4 from 8
[13:55:25.335] [HTTPREQUEST a28] Getting matched paramval from found values: ['?1', '1']
[13:55:25.335] [HTTPREQUEST a28] Found matched paramval: [string (False)(None)] Sec-Fetch-User=?1
[13:55:25.335] [HTTPREQUEST a28] Found matched paramval: [int (False)(None)] id=1
[13:55:25.335] [SQLiFuzz a28] Prioritize to fuzz matched SQL value first: [int (False)(None)] id=1
[13:55:25.335] [SQLiFuzz a28] Mutation applied. old='1' char=';' strategy='tail' new='1;'
[13:55:25.336] [HTTPREQUEST a28] Update url and body param from paramvals:
[13:55:25.336] [HTTPREQUEST None] New post_data_encoded: Submit=Submit&id=1%3B
[13:55:25.336] [HTTPREQUEST None] New param encoded: 
[13:55:25.336] [GENERALFUNCTION a28] ---SENDING THE REQUEST [1791050125-90e0b892-b5d0-4fcd-8f93-6807b260fa28] TO : [POST] http://localhost:8081/a2_filtered_post.php
[13:55:25.336] [GENERALFUNCTION a28] Post data encoded: Submit=Submit&id=1%3B
[13:55:25.336] [GENERALFUNCTION a28] Adjusted Content-Length to 21
[13:55:25.336] [GENERALFUNCTION a28] Adjusted Origin to http://localhost:8081
[13:55:25.336] [GENERALFUNCTION a28] Adjusted Referer to http://localhost:8081/a2_filtered_post.php
[13:55:25.337] [GENERALFUNCTION a28] DEBUG OUTGOING request.full_url: http://localhost:8081/a2_filtered_post.php
[13:55:25.337] [GENERALFUNCTION a28] DEBUG OUTGOING headers: {'Host': 'localhost:8081', 'User-Agent': 'Mozilla/5.0 (X11; Ubuntu; Linux x86_64; rv:155.0) Gecko/20100101 Firefox/155.0', 'Accept': 'text/html,application/xhtml+xml,application/xml;q=0.9,*/*;q=0.8', 'Accept-Language': 'en-US,en;q=0.9', 'Accept-Encoding': 'gzip, deflate, br, zstd', 'Content-Type': 'application/x-www-form-urlencoded', 'Content-Length': '21', 'Origin': 'http://localhost:8081', 'Connection': 'keep-alive', 'Referer': 'http://localhost:8081/a2_filtered_post.php', 'Cookie': 'PHPSESSID=35253801c188b6aea68c14a610415c8d; security=impossible', 'Upgrade-Insecure-Requests': '1', 'Sec-Fetch-Dest': 'document', 'Sec-Fetch-Mode': 'navigate', 'Sec-Fetch-Site': 'same-origin', 'Sec-Fetch-User': '?1', 'Priority': 'u=0, i'}
[13:55:25.337] [GENERALFUNCTION a28] DEBUG OUTGOING post_data_encoded (truncated): Submit=Submit&id=1%3B
[13:55:25.337] [GENERALFUNCTION a28] DEBUG OUTGOING body_param_dict: {'Submit': 'Submit', 'id': '1;'}
[13:55:25.382] [SQLiFuzz a28] Response status: 200
[13:55:25.382] [SQLiFuzz a28] Response URL: http://localhost:8081/a2_filtered_post.php
[13:55:25.382] [SQLiFuzz a28] Was redirected: False
[13:55:25.382] [SQLiFuzz a28] Getting response: 
<!doctype html>

<html>

<body>

<form method="POST">

  <label>User ID: <input type="text" name="id"></label>

  <input type="submit" name="Submit" value="Submit">

</form>

<pre>INPUT REJECTED</pre>
[13:55:26.383] [SQLAnalysis] Read 1 new lines from SQL log file.
[13:55:26.383] [SQLAnalysis] Appended 1 parsed entries.
[13:55:26.383] [SQLAnalysis a28] Extracted 811 Logs 2026-10-03 17:55:26.383725: [{'timestamp': '2026-10-03 17:55:25,357713', 'level': 'INFO', 'ip': '172.18.0.5', 'port': 58956, 'sql': 'USE db *#*#OK'}]
[13:55:26.383] [SQLAnalysis a28] Updated param pairs: {'looked_value': '1;'}
[13:55:26.383] [SQLAnalysis a28] Looked timestamp 2026-10-03 17:55:25.337335 -- 2026-10-03 17:55:25.376489
[13:55:26.393] [SQLAnalysis a28] query_array to be checked: ['use', 'db']
[13:55:26.393] [SQLAnalysis a28] normalized_query_array: ['use', 'db']
[13:55:26.393] [SQLiFuzz a28] No weird chars exist: POST http://localhost:8081/a2_filtered_post.php | ['[string (False)(None)] Sec-Fetch-Dest=document', '[string (False)(None)] Sec-Fetch-Mode=navigate', '[string (False)(None)] Sec-Fetch-Site=same-origin', '[string (False)(None)] Sec-Fetch-User=?1', '[string (False)(None)] Priority=u=0, i', '[url (False)(None)] path0=a2_filtered_post.php', '[int (False)(None)] id=1;', '[string (False)(None)] Submit=Submit'] | None
[13:55:26.393] [SQLiFuzz e0f] Getting prepared_target_request with ID fc9 for test_SQLi iteration 35/70
[13:55:26.393] [SQLiFuzz fc9] chosen_idx: 7 from 8
[13:55:26.393] [HTTPREQUEST fc9] Getting matched paramval from found values: ['?1', '1']
[13:55:26.394] [HTTPREQUEST fc9] Found matched paramval: [string (False)(None)] Sec-Fetch-User=?1
[13:55:26.394] [HTTPREQUEST fc9] Found matched paramval: [int (False)(None)] id=1
[13:55:26.394] [SQLiFuzz fc9] Prioritize to fuzz matched SQL value first: [int (False)(None)] id=1
[13:55:26.394] [SQLiFuzz fc9] Mutation applied. old='1' char='=' strategy='front' new='=1'
[13:55:26.394] [HTTPREQUEST fc9] Update url and body param from paramvals:
[13:55:26.394] [HTTPREQUEST None] New post_data_encoded: Submit=Submit&id=%3D1
[13:55:26.394] [HTTPREQUEST None] New param encoded: 
[13:55:26.394] [GENERALFUNCTION fc9] ---SENDING THE REQUEST [1791050126-d4f36e35-b634-4616-8dc1-885375dd9fc9] TO : [POST] http://localhost:8081/a2_filtered_post.php
[13:55:26.394] [GENERALFUNCTION fc9] Post data encoded: Submit=Submit&id=%3D1
[13:55:26.394] [GENERALFUNCTION fc9] Adjusted Content-Length to 21
[13:55:26.394] [GENERALFUNCTION fc9] Adjusted Origin to http://localhost:8081
[13:55:26.394] [GENERALFUNCTION fc9] Adjusted Referer to http://localhost:8081/a2_filtered_post.php
[13:55:26.394] [GENERALFUNCTION fc9] DEBUG OUTGOING request.full_url: http://localhost:8081/a2_filtered_post.php
[13:55:26.394] [GENERALFUNCTION fc9] DEBUG OUTGOING headers: {'Host': 'localhost:8081', 'User-Agent': 'Mozilla/5.0 (X11; Ubuntu; Linux x86_64; rv:155.0) Gecko/20100101 Firefox/155.0', 'Accept': 'text/html,application/xhtml+xml,application/xml;q=0.9,*/*;q=0.8', 'Accept-Language': 'en-US,en;q=0.9', 'Accept-Encoding': 'gzip, deflate, br, zstd', 'Content-Type': 'application/x-www-form-urlencoded', 'Content-Length': '21', 'Origin': 'http://localhost:8081', 'Connection': 'keep-alive', 'Referer': 'http://localhost:8081/a2_filtered_post.php', 'Cookie': 'PHPSESSID=35253801c188b6aea68c14a610415c8d; security=impossible', 'Upgrade-Insecure-Requests': '1', 'Sec-Fetch-Dest': 'document', 'Sec-Fetch-Mode': 'navigate', 'Sec-Fetch-Site': 'same-origin', 'Sec-Fetch-User': '?1', 'Priority': 'u=0, i'}
[13:55:26.394] [GENERALFUNCTION fc9] DEBUG OUTGOING post_data_encoded (truncated): Submit=Submit&id=%3D1
[13:55:26.394] [GENERALFUNCTION fc9] DEBUG OUTGOING body_param_dict: {'Submit': 'Submit', 'id': '=1'}
[13:55:26.429] [SQLiFuzz fc9] Response status: 200
[13:55:26.430] [SQLiFuzz fc9] Response URL: http://localhost:8081/a2_filtered_post.php
[13:55:26.430] [SQLiFuzz fc9] Was redirected: False
[13:55:26.430] [SQLiFuzz fc9] Getting response: 
<!doctype html>

<html>

<body>

<form method="POST">

  <label>User ID: <input type="text" name="id"></label>

  <input type="submit" name="Submit" value="Submit">

</form>

<pre>INPUT REJECTED</pre>
[13:55:27.431] [SQLAnalysis] Read 1 new lines from SQL log file.
[13:55:27.431] [SQLAnalysis] Appended 1 parsed entries.
[13:55:27.431] [SQLAnalysis fc9] Extracted 812 Logs 2026-10-03 17:55:27.431793: [{'timestamp': '2026-10-03 17:55:26,412512', 'level': 'INFO', 'ip': '172.18.0.5', 'port': 58964, 'sql': 'USE db *#*#OK'}]
[13:55:27.432] [SQLAnalysis fc9] Updated param pairs: {'looked_value': '=1'}
[13:55:27.432] [SQLAnalysis fc9] Looked timestamp 2026-10-03 17:55:26.395043 -- 2026-10-03 17:55:26.425781
[13:55:27.441] [SQLAnalysis fc9] query_array to be checked: ['use', 'db']
[13:55:27.442] [SQLAnalysis fc9] normalized_query_array: ['use', 'db']
[13:55:27.442] [SQLiFuzz fc9] No weird chars exist: POST http://localhost:8081/a2_filtered_post.php | ['[string (False)(None)] Sec-Fetch-Dest=document', '[string (False)(None)] Sec-Fetch-Mode=navigate', '[string (False)(None)] Sec-Fetch-Site=same-origin', '[string (False)(None)] Sec-Fetch-User=?1', '[string (False)(None)] Priority=u=0, i', '[url (False)(None)] path0=a2_filtered_post.php', '[int (False)(None)] id==1', '[string (False)(None)] Submit=Submit'] | None
[13:55:27.442] [SQLiFuzz e0f] Getting prepared_target_request with ID c29 for test_SQLi iteration 36/70
[13:55:27.442] [SQLiFuzz c29] chosen_idx: 4 from 8
[13:55:27.442] [HTTPREQUEST c29] Getting matched paramval from found values: ['?1', '1']
[13:55:27.442] [HTTPREQUEST c29] Found matched paramval: [string (False)(None)] Sec-Fetch-User=?1
[13:55:27.443] [HTTPREQUEST c29] Found matched paramval: [int (False)(None)] id=1
[13:55:27.443] [SQLiFuzz c29] Prioritize to fuzz matched SQL value first: [int (False)(None)] id=1
[13:55:27.443] [SQLiFuzz c29] Mutation applied. old='1' char='-' strategy='random' new='1-'
[13:55:27.443] [HTTPREQUEST c29] Update url and body param from paramvals:
[13:55:27.443] [HTTPREQUEST None] New post_data_encoded: Submit=Submit&id=1-
[13:55:27.443] [HTTPREQUEST None] New param encoded: 
[13:55:27.443] [GENERALFUNCTION c29] ---SENDING THE REQUEST [1791050127-f4a6508e-ff4e-47d6-aea5-25cd85aabc29] TO : [POST] http://localhost:8081/a2_filtered_post.php
[13:55:27.443] [GENERALFUNCTION c29] Post data encoded: Submit=Submit&id=1-
[13:55:27.445] [GENERALFUNCTION c29] Adjusted Content-Length to 19
[13:55:27.446] [GENERALFUNCTION c29] Adjusted Origin to http://localhost:8081
[13:55:27.446] [GENERALFUNCTION c29] Adjusted Referer to http://localhost:8081/a2_filtered_post.php
[13:55:27.446] [GENERALFUNCTION c29] DEBUG OUTGOING request.full_url: http://localhost:8081/a2_filtered_post.php
[13:55:27.446] [GENERALFUNCTION c29] DEBUG OUTGOING headers: {'Host': 'localhost:8081', 'User-Agent': 'Mozilla/5.0 (X11; Ubuntu; Linux x86_64; rv:155.0) Gecko/20100101 Firefox/155.0', 'Accept': 'text/html,application/xhtml+xml,application/xml;q=0.9,*/*;q=0.8', 'Accept-Language': 'en-US,en;q=0.9', 'Accept-Encoding': 'gzip, deflate, br, zstd', 'Content-Type': 'application/x-www-form-urlencoded', 'Content-Length': '19', 'Origin': 'http://localhost:8081', 'Connection': 'keep-alive', 'Referer': 'http://localhost:8081/a2_filtered_post.php', 'Cookie': 'PHPSESSID=35253801c188b6aea68c14a610415c8d; security=impossible', 'Upgrade-Insecure-Requests': '1', 'Sec-Fetch-Dest': 'document', 'Sec-Fetch-Mode': 'navigate', 'Sec-Fetch-Site': 'same-origin', 'Sec-Fetch-User': '?1', 'Priority': 'u=0, i'}
[13:55:27.446] [GENERALFUNCTION c29] DEBUG OUTGOING post_data_encoded (truncated): Submit=Submit&id=1-
[13:55:27.446] [GENERALFUNCTION c29] DEBUG OUTGOING body_param_dict: {'Submit': 'Submit', 'id': '1-'}
[13:55:27.482] [SQLiFuzz c29] Response status: 200
[13:55:27.482] [SQLiFuzz c29] Response URL: http://localhost:8081/a2_filtered_post.php
[13:55:27.482] [SQLiFuzz c29] Was redirected: False
[13:55:27.482] [SQLiFuzz c29] Getting response: 
<!doctype html>

<html>

<body>

<form method="POST">

  <label>User ID: <input type="text" name="id"></label>

  <input type="submit" name="Submit" value="Submit">

</form>

<pre>INPUT REJECTED</pre>
[13:55:28.483] [SQLAnalysis] Read 1 new lines from SQL log file.
[13:55:28.483] [SQLAnalysis] Appended 1 parsed entries.
[13:55:28.484] [SQLAnalysis c29] Extracted 813 Logs 2026-10-03 17:55:28.484119: [{'timestamp': '2026-10-03 17:55:27,463889', 'level': 'INFO', 'ip': '172.18.0.5', 'port': 58984, 'sql': 'USE db *#*#OK'}]
[13:55:28.484] [SQLAnalysis c29] Updated param pairs: {'looked_value': '1-'}
[13:55:28.484] [SQLAnalysis c29] Looked timestamp 2026-10-03 17:55:27.446521 -- 2026-10-03 17:55:27.477757
[13:55:28.499] [SQLAnalysis c29] query_array to be checked: ['use', 'db']
[13:55:28.500] [SQLAnalysis c29] normalized_query_array: ['use', 'db']
[13:55:28.500] [SQLiFuzz c29] No weird chars exist: POST http://localhost:8081/a2_filtered_post.php | ['[string (False)(None)] Sec-Fetch-Dest=document', '[string (False)(None)] Sec-Fetch-Mode=navigate', '[string (False)(None)] Sec-Fetch-Site=same-origin', '[string (False)(None)] Sec-Fetch-User=?1', '[string (False)(None)] Priority=u=0, i', '[url (False)(None)] path0=a2_filtered_post.php', '[int (False)(None)] id=1-', '[string (False)(None)] Submit=Submit'] | None
[13:55:28.500] [SQLiFuzz e0f] Getting prepared_target_request with ID ccd for test_SQLi iteration 37/70
[13:55:28.501] [SQLiFuzz ccd] chosen_idx: 1 from 8
[13:55:28.501] [HTTPREQUEST ccd] Getting matched paramval from found values: ['?1', '1']
[13:55:28.501] [HTTPREQUEST ccd] Found matched paramval: [string (False)(None)] Sec-Fetch-User=?1
[13:55:28.501] [HTTPREQUEST ccd] Found matched paramval: [int (False)(None)] id=1
[13:55:28.501] [SQLiFuzz ccd] Prioritize to fuzz matched SQL value first: [int (False)(None)] id=1
[13:55:28.501] [SQLiFuzz ccd] Mutation applied. old='1' char='(' strategy='tail' new='1('
[13:55:28.501] [HTTPREQUEST ccd] Update url and body param from paramvals:
[13:55:28.501] [HTTPREQUEST None] New post_data_encoded: Submit=Submit&id=1%28
[13:55:28.501] [HTTPREQUEST None] New param encoded: 
[13:55:28.502] [GENERALFUNCTION ccd] ---SENDING THE REQUEST [1791050128-d2d271b6-7b7e-4d91-8b6d-a7d15284bccd] TO : [POST] http://localhost:8081/a2_filtered_post.php
[13:55:28.502] [GENERALFUNCTION ccd] Post data encoded: Submit=Submit&id=1%28
[13:55:28.502] [GENERALFUNCTION ccd] Adjusted Content-Length to 21
[13:55:28.502] [GENERALFUNCTION ccd] Adjusted Origin to http://localhost:8081
[13:55:28.502] [GENERALFUNCTION ccd] Adjusted Referer to http://localhost:8081/a2_filtered_post.php
[13:55:28.502] [GENERALFUNCTION ccd] DEBUG OUTGOING request.full_url: http://localhost:8081/a2_filtered_post.php
[13:55:28.503] [GENERALFUNCTION ccd] DEBUG OUTGOING headers: {'Host': 'localhost:8081', 'User-Agent': 'Mozilla/5.0 (X11; Ubuntu; Linux x86_64; rv:155.0) Gecko/20100101 Firefox/155.0', 'Accept': 'text/html,application/xhtml+xml,application/xml;q=0.9,*/*;q=0.8', 'Accept-Language': 'en-US,en;q=0.9', 'Accept-Encoding': 'gzip, deflate, br, zstd', 'Content-Type': 'application/x-www-form-urlencoded', 'Content-Length': '21', 'Origin': 'http://localhost:8081', 'Connection': 'keep-alive', 'Referer': 'http://localhost:8081/a2_filtered_post.php', 'Cookie': 'PHPSESSID=35253801c188b6aea68c14a610415c8d; security=impossible', 'Upgrade-Insecure-Requests': '1', 'Sec-Fetch-Dest': 'document', 'Sec-Fetch-Mode': 'navigate', 'Sec-Fetch-Site': 'same-origin', 'Sec-Fetch-User': '?1', 'Priority': 'u=0, i'}
[13:55:28.503] [GENERALFUNCTION ccd] DEBUG OUTGOING post_data_encoded (truncated): Submit=Submit&id=1%28
[13:55:28.503] [GENERALFUNCTION ccd] DEBUG OUTGOING body_param_dict: {'Submit': 'Submit', 'id': '1('}
[13:55:28.536] [SQLiFuzz ccd] Response status: 200
[13:55:28.536] [SQLiFuzz ccd] Response URL: http://localhost:8081/a2_filtered_post.php
[13:55:28.536] [SQLiFuzz ccd] Was redirected: False
[13:55:28.536] [SQLiFuzz ccd] Getting response: 
<!doctype html>

<html>

<body>

<form method="POST">

  <label>User ID: <input type="text" name="id"></label>

  <input type="submit" name="Submit" value="Submit">

</form>

<pre>INPUT REJECTED</pre>
[13:55:29.537] [SQLAnalysis] Read 1 new lines from SQL log file.
[13:55:29.537] [SQLAnalysis] Appended 1 parsed entries.
[13:55:29.537] [SQLAnalysis ccd] Extracted 814 Logs 2026-10-03 17:55:29.537734: [{'timestamp': '2026-10-03 17:55:28,523949', 'level': 'INFO', 'ip': '172.18.0.5', 'port': 59008, 'sql': 'USE db *#*#OK'}]
[13:55:29.538] [SQLAnalysis ccd] Updated param pairs: {'looked_value': '1('}
[13:55:29.538] [SQLAnalysis ccd] Looked timestamp 2026-10-03 17:55:28.503492 -- 2026-10-03 17:55:28.532532
[13:55:29.545] [SQLAnalysis ccd] query_array to be checked: ['use', 'db']
[13:55:29.545] [SQLAnalysis ccd] normalized_query_array: ['use', 'db']
[13:55:29.545] [SQLiFuzz ccd] No weird chars exist: POST http://localhost:8081/a2_filtered_post.php | ['[string (False)(None)] Sec-Fetch-Dest=document', '[string (False)(None)] Sec-Fetch-Mode=navigate', '[string (False)(None)] Sec-Fetch-Site=same-origin', '[string (False)(None)] Sec-Fetch-User=?1', '[string (False)(None)] Priority=u=0, i', '[url (False)(None)] path0=a2_filtered_post.php', '[int (False)(None)] id=1(', '[string (False)(None)] Submit=Submit'] | None
[13:55:29.546] [SQLiFuzz e0f] Getting prepared_target_request with ID 8c6 for test_SQLi iteration 38/70
[13:55:29.546] [SQLiFuzz 8c6] chosen_idx: 6 from 8
[13:55:29.546] [HTTPREQUEST 8c6] Getting matched paramval from found values: ['?1', '1']
[13:55:29.546] [HTTPREQUEST 8c6] Found matched paramval: [string (False)(None)] Sec-Fetch-User=?1
[13:55:29.546] [HTTPREQUEST 8c6] Found matched paramval: [int (False)(None)] id=1
[13:55:29.546] [SQLiFuzz 8c6] Prioritize to fuzz matched SQL value first: [int (False)(None)] id=1
[13:55:29.546] [SQLiFuzz 8c6] Mutation applied. old='1' char=']' strategy='drop' new=']'
[13:55:29.546] [HTTPREQUEST 8c6] Update url and body param from paramvals:
[13:55:29.546] [HTTPREQUEST None] New post_data_encoded: Submit=Submit&id=%5D
[13:55:29.546] [HTTPREQUEST None] New param encoded: 
[13:55:29.546] [GENERALFUNCTION 8c6] ---SENDING THE REQUEST [1791050129-a75a3033-eec3-43e8-9a83-404a41f948c6] TO : [POST] http://localhost:8081/a2_filtered_post.php
[13:55:29.546] [GENERALFUNCTION 8c6] Post data encoded: Submit=Submit&id=%5D
[13:55:29.546] [GENERALFUNCTION 8c6] Adjusted Content-Length to 20
[13:55:29.547] [GENERALFUNCTION 8c6] Adjusted Origin to http://localhost:8081
[13:55:29.547] [GENERALFUNCTION 8c6] Adjusted Referer to http://localhost:8081/a2_filtered_post.php
[13:55:29.547] [GENERALFUNCTION 8c6] DEBUG OUTGOING request.full_url: http://localhost:8081/a2_filtered_post.php
[13:55:29.547] [GENERALFUNCTION 8c6] DEBUG OUTGOING headers: {'Host': 'localhost:8081', 'User-Agent': 'Mozilla/5.0 (X11; Ubuntu; Linux x86_64; rv:155.0) Gecko/20100101 Firefox/155.0', 'Accept': 'text/html,application/xhtml+xml,application/xml;q=0.9,*/*;q=0.8', 'Accept-Language': 'en-US,en;q=0.9', 'Accept-Encoding': 'gzip, deflate, br, zstd', 'Content-Type': 'application/x-www-form-urlencoded', 'Content-Length': '20', 'Origin': 'http://localhost:8081', 'Connection': 'keep-alive', 'Referer': 'http://localhost:8081/a2_filtered_post.php', 'Cookie': 'PHPSESSID=35253801c188b6aea68c14a610415c8d; security=impossible', 'Upgrade-Insecure-Requests': '1', 'Sec-Fetch-Dest': 'document', 'Sec-Fetch-Mode': 'navigate', 'Sec-Fetch-Site': 'same-origin', 'Sec-Fetch-User': '?1', 'Priority': 'u=0, i'}
[13:55:29.547] [GENERALFUNCTION 8c6] DEBUG OUTGOING post_data_encoded (truncated): Submit=Submit&id=%5D
[13:55:29.547] [GENERALFUNCTION 8c6] DEBUG OUTGOING body_param_dict: {'Submit': 'Submit', 'id': ']'}
[13:55:29.578] [SQLiFuzz 8c6] Response status: 200
[13:55:29.579] [SQLiFuzz 8c6] Response URL: http://localhost:8081/a2_filtered_post.php
[13:55:29.579] [SQLiFuzz 8c6] Was redirected: False
[13:55:29.579] [SQLiFuzz 8c6] Getting response: 
<!doctype html>

<html>

<body>

<form method="POST">

  <label>User ID: <input type="text" name="id"></label>

  <input type="submit" name="Submit" value="Submit">

</form>

<pre>INPUT REJECTED</pre>
[13:55:30.579] [SQLAnalysis] Read 1 new lines from SQL log file.
[13:55:30.579] [SQLAnalysis] Appended 1 parsed entries.
[13:55:30.579] [SQLAnalysis 8c6] Extracted 815 Logs 2026-10-03 17:55:30.579812: [{'timestamp': '2026-10-03 17:55:29,564741', 'level': 'INFO', 'ip': '172.18.0.5', 'port': 59020, 'sql': 'USE db *#*#OK'}]
[13:55:30.579] [SQLAnalysis 8c6] Updated param pairs: {'looked_value': ']'}
[13:55:30.580] [SQLAnalysis 8c6] Looked timestamp 2026-10-03 17:55:29.547789 -- 2026-10-03 17:55:29.574975
[13:55:30.589] [SQLAnalysis 8c6] query_array to be checked: ['use', 'db']
[13:55:30.590] [SQLAnalysis 8c6] normalized_query_array: ['use', 'db']
[13:55:30.590] [SQLiFuzz 8c6] No weird chars exist: POST http://localhost:8081/a2_filtered_post.php | ['[string (False)(None)] Sec-Fetch-Dest=document', '[string (False)(None)] Sec-Fetch-Mode=navigate', '[string (False)(None)] Sec-Fetch-Site=same-origin', '[string (False)(None)] Sec-Fetch-User=?1', '[string (False)(None)] Priority=u=0, i', '[url (False)(None)] path0=a2_filtered_post.php', '[int (False)(None)] id=]', '[string (False)(None)] Submit=Submit'] | None
[13:55:30.590] [SQLiFuzz e0f] Getting prepared_target_request with ID e09 for test_SQLi iteration 39/70
[13:55:30.590] [SQLiFuzz e09] chosen_idx: 4 from 8
[13:55:30.590] [HTTPREQUEST e09] Getting matched paramval from found values: ['?1', '1']
[13:55:30.590] [HTTPREQUEST e09] Found matched paramval: [string (False)(None)] Sec-Fetch-User=?1
[13:55:30.590] [HTTPREQUEST e09] Found matched paramval: [int (False)(None)] id=1
[13:55:30.590] [SQLiFuzz e09] Prioritize to fuzz matched SQL value first: [int (False)(None)] id=1
[13:55:30.590] [SQLiFuzz e09] Mutation applied. old='1' char='=' strategy='front' new='=1'
[13:55:30.590] [HTTPREQUEST e09] Update url and body param from paramvals:
[13:55:30.591] [HTTPREQUEST None] New post_data_encoded: Submit=Submit&id=%3D1
[13:55:30.591] [HTTPREQUEST None] New param encoded: 
[13:55:30.591] [GENERALFUNCTION e09] ---SENDING THE REQUEST [1791050130-12e9e5f9-2c01-49a2-8afe-f865dd276e09] TO : [POST] http://localhost:8081/a2_filtered_post.php
[13:55:30.591] [GENERALFUNCTION e09] Post data encoded: Submit=Submit&id=%3D1
[13:55:30.592] [GENERALFUNCTION e09] Adjusted Content-Length to 21
[13:55:30.592] [GENERALFUNCTION e09] Adjusted Origin to http://localhost:8081
[13:55:30.592] [GENERALFUNCTION e09] Adjusted Referer to http://localhost:8081/a2_filtered_post.php
[13:55:30.592] [GENERALFUNCTION e09] DEBUG OUTGOING request.full_url: http://localhost:8081/a2_filtered_post.php
[13:55:30.592] [GENERALFUNCTION e09] DEBUG OUTGOING headers: {'Host': 'localhost:8081', 'User-Agent': 'Mozilla/5.0 (X11; Ubuntu; Linux x86_64; rv:155.0) Gecko/20100101 Firefox/155.0', 'Accept': 'text/html,application/xhtml+xml,application/xml;q=0.9,*/*;q=0.8', 'Accept-Language': 'en-US,en;q=0.9', 'Accept-Encoding': 'gzip, deflate, br, zstd', 'Content-Type': 'application/x-www-form-urlencoded', 'Content-Length': '21', 'Origin': 'http://localhost:8081', 'Connection': 'keep-alive', 'Referer': 'http://localhost:8081/a2_filtered_post.php', 'Cookie': 'PHPSESSID=35253801c188b6aea68c14a610415c8d; security=impossible', 'Upgrade-Insecure-Requests': '1', 'Sec-Fetch-Dest': 'document', 'Sec-Fetch-Mode': 'navigate', 'Sec-Fetch-Site': 'same-origin', 'Sec-Fetch-User': '?1', 'Priority': 'u=0, i'}
[13:55:30.593] [GENERALFUNCTION e09] DEBUG OUTGOING post_data_encoded (truncated): Submit=Submit&id=%3D1
[13:55:30.593] [GENERALFUNCTION e09] DEBUG OUTGOING body_param_dict: {'Submit': 'Submit', 'id': '=1'}
[13:55:30.603] [HOOK] Idle monitor: 1 pending tasks, 1 active tasks, idle 1s
[13:55:30.604] [HOOK] Number response: 2 | Memory usage (MB): 86.75 PID: 65420
[13:55:30.604] [STATS] {'total_req': 2, 'sql_req': 1, 'null_req': 0, 'not_sql_req': 1, 'sql_injection_detected': 0, 'another_sql_error_detected': 0, 'sql_req_not_detected': 0, 'error_req': 0, 'fuzzed_req': 38, 'processing_time_total': 1.1508019999999999, 'processing_time_ave': 0.030284263157894734, 'running_time': 'Not finished yet', 200: 2}
[13:55:30.631] [SQLiFuzz e09] Response status: 200
[13:55:30.632] [SQLiFuzz e09] Response URL: http://localhost:8081/a2_filtered_post.php
[13:55:30.632] [SQLiFuzz e09] Was redirected: False
[13:55:30.632] [SQLiFuzz e09] Getting response: 
<!doctype html>

<html>

<body>

<form method="POST">

  <label>User ID: <input type="text" name="id"></label>

  <input type="submit" name="Submit" value="Submit">

</form>

<pre>INPUT REJECTED</pre>
[13:55:31.632] [SQLAnalysis] Read 1 new lines from SQL log file.
[13:55:31.632] [SQLAnalysis] Appended 1 parsed entries.
[13:55:31.633] [SQLAnalysis e09] Extracted 816 Logs 2026-10-03 17:55:31.633088: [{'timestamp': '2026-10-03 17:55:30,615079', 'level': 'INFO', 'ip': '172.18.0.5', 'port': 47956, 'sql': 'USE db *#*#OK'}]
[13:55:31.633] [SQLAnalysis e09] Updated param pairs: {'looked_value': '=1'}
[13:55:31.633] [SQLAnalysis e09] Looked timestamp 2026-10-03 17:55:30.593338 -- 2026-10-03 17:55:30.627308
[13:55:31.650] [SQLAnalysis e09] query_array to be checked: ['use', 'db']
[13:55:31.650] [SQLAnalysis e09] normalized_query_array: ['use', 'db']
[13:55:31.651] [SQLiFuzz e09] No weird chars exist: POST http://localhost:8081/a2_filtered_post.php | ['[string (False)(None)] Sec-Fetch-Dest=document', '[string (False)(None)] Sec-Fetch-Mode=navigate', '[string (False)(None)] Sec-Fetch-Site=same-origin', '[string (False)(None)] Sec-Fetch-User=?1', '[string (False)(None)] Priority=u=0, i', '[url (False)(None)] path0=a2_filtered_post.php', '[int (False)(None)] id==1', '[string (False)(None)] Submit=Submit'] | None
[13:55:31.651] [SQLiFuzz e0f] Getting prepared_target_request with ID 3a5 for test_SQLi iteration 40/70
[13:55:31.651] [SQLiFuzz 3a5] chosen_idx: 2 from 8
[13:55:31.651] [HTTPREQUEST 3a5] Getting matched paramval from found values: ['?1', '1']
[13:55:31.652] [HTTPREQUEST 3a5] Found matched paramval: [string (False)(None)] Sec-Fetch-User=?1
[13:55:31.652] [HTTPREQUEST 3a5] Found matched paramval: [int (False)(None)] id=1
[13:55:31.652] [SQLiFuzz 3a5] Prioritize to fuzz matched SQL value first: [int (False)(None)] id=1
[13:55:31.652] [SQLiFuzz 3a5] Mutation applied. old='1' char='=' strategy='drop' new='='
[13:55:31.652] [HTTPREQUEST 3a5] Update url and body param from paramvals:
[13:55:31.652] [HTTPREQUEST None] New post_data_encoded: Submit=Submit&id=%3D
[13:55:31.652] [HTTPREQUEST None] New param encoded: 
[13:55:31.652] [GENERALFUNCTION 3a5] ---SENDING THE REQUEST [1791050131-d2636ff4-99e5-4393-a3cb-da581329e3a5] TO : [POST] http://localhost:8081/a2_filtered_post.php
[13:55:31.653] [GENERALFUNCTION 3a5] Post data encoded: Submit=Submit&id=%3D
[13:55:31.653] [GENERALFUNCTION 3a5] Adjusted Content-Length to 20
[13:55:31.653] [GENERALFUNCTION 3a5] Adjusted Origin to http://localhost:8081
[13:55:31.654] [GENERALFUNCTION 3a5] Adjusted Referer to http://localhost:8081/a2_filtered_post.php
[13:55:31.654] [GENERALFUNCTION 3a5] DEBUG OUTGOING request.full_url: http://localhost:8081/a2_filtered_post.php
[13:55:31.654] [GENERALFUNCTION 3a5] DEBUG OUTGOING headers: {'Host': 'localhost:8081', 'User-Agent': 'Mozilla/5.0 (X11; Ubuntu; Linux x86_64; rv:155.0) Gecko/20100101 Firefox/155.0', 'Accept': 'text/html,application/xhtml+xml,application/xml;q=0.9,*/*;q=0.8', 'Accept-Language': 'en-US,en;q=0.9', 'Accept-Encoding': 'gzip, deflate, br, zstd', 'Content-Type': 'application/x-www-form-urlencoded', 'Content-Length': '20', 'Origin': 'http://localhost:8081', 'Connection': 'keep-alive', 'Referer': 'http://localhost:8081/a2_filtered_post.php', 'Cookie': 'PHPSESSID=35253801c188b6aea68c14a610415c8d; security=impossible', 'Upgrade-Insecure-Requests': '1', 'Sec-Fetch-Dest': 'document', 'Sec-Fetch-Mode': 'navigate', 'Sec-Fetch-Site': 'same-origin', 'Sec-Fetch-User': '?1', 'Priority': 'u=0, i'}
[13:55:31.654] [GENERALFUNCTION 3a5] DEBUG OUTGOING post_data_encoded (truncated): Submit=Submit&id=%3D
[13:55:31.654] [GENERALFUNCTION 3a5] DEBUG OUTGOING body_param_dict: {'Submit': 'Submit', 'id': '='}
[13:55:31.691] [SQLiFuzz 3a5] Response status: 200
[13:55:31.691] [SQLiFuzz 3a5] Response URL: http://localhost:8081/a2_filtered_post.php
[13:55:31.691] [SQLiFuzz 3a5] Was redirected: False
[13:55:31.691] [SQLiFuzz 3a5] Getting response: 
<!doctype html>

<html>

<body>

<form method="POST">

  <label>User ID: <input type="text" name="id"></label>

  <input type="submit" name="Submit" value="Submit">

</form>

<pre>INPUT REJECTED</pre>
[13:55:32.692] [SQLAnalysis] Read 1 new lines from SQL log file.
[13:55:32.693] [SQLAnalysis] Appended 1 parsed entries.
[13:55:32.693] [SQLAnalysis 3a5] Extracted 817 Logs 2026-10-03 17:55:32.693627: [{'timestamp': '2026-10-03 17:55:31,678097', 'level': 'INFO', 'ip': '172.18.0.5', 'port': 47966, 'sql': 'USE db *#*#OK'}]
[13:55:32.694] [SQLAnalysis 3a5] Updated param pairs: {'looked_value': '='}
[13:55:32.694] [SQLAnalysis 3a5] Looked timestamp 2026-10-03 17:55:31.654727 -- 2026-10-03 17:55:31.686916
[13:55:32.704] [SQLAnalysis 3a5] query_array to be checked: ['use', 'db']
[13:55:32.705] [SQLAnalysis 3a5] normalized_query_array: ['use', 'db']
[13:55:32.705] [SQLiFuzz 3a5] No weird chars exist: POST http://localhost:8081/a2_filtered_post.php | ['[string (False)(None)] Sec-Fetch-Dest=document', '[string (False)(None)] Sec-Fetch-Mode=navigate', '[string (False)(None)] Sec-Fetch-Site=same-origin', '[string (False)(None)] Sec-Fetch-User=?1', '[string (False)(None)] Priority=u=0, i', '[url (False)(None)] path0=a2_filtered_post.php', '[int (False)(None)] id==', '[string (False)(None)] Submit=Submit'] | None
[13:55:32.705] [SQLiFuzz e0f] Getting prepared_target_request with ID a5a for test_SQLi iteration 41/70
[13:55:32.705] [SQLiFuzz a5a] chosen_idx: 6 from 8
[13:55:32.705] [HTTPREQUEST a5a] Getting matched paramval from found values: ['?1', '1']
[13:55:32.706] [HTTPREQUEST a5a] Found matched paramval: [string (False)(None)] Sec-Fetch-User=?1
[13:55:32.706] [HTTPREQUEST a5a] Found matched paramval: [int (False)(None)] id=1
[13:55:32.706] [SQLiFuzz a5a] Prioritize to fuzz matched SQL value first: [int (False)(None)] id=1
[13:55:32.706] [SQLiFuzz a5a] Mutation applied. old='1' char='\' strategy='random' new='1\'
[13:55:32.706] [HTTPREQUEST a5a] Update url and body param from paramvals:
[13:55:32.706] [HTTPREQUEST None] New post_data_encoded: Submit=Submit&id=1%5C
[13:55:32.706] [HTTPREQUEST None] New param encoded: 
[13:55:32.706] [GENERALFUNCTION a5a] ---SENDING THE REQUEST [1791050132-8214fdf4-2cb4-4cf8-a558-9065a0a9ca5a] TO : [POST] http://localhost:8081/a2_filtered_post.php
[13:55:32.706] [GENERALFUNCTION a5a] Post data encoded: Submit=Submit&id=1%5C
[13:55:32.706] [GENERALFUNCTION a5a] Adjusted Content-Length to 21
[13:55:32.706] [GENERALFUNCTION a5a] Adjusted Origin to http://localhost:8081
[13:55:32.706] [GENERALFUNCTION a5a] Adjusted Referer to http://localhost:8081/a2_filtered_post.php
[13:55:32.706] [GENERALFUNCTION a5a] DEBUG OUTGOING request.full_url: http://localhost:8081/a2_filtered_post.php
[13:55:32.707] [GENERALFUNCTION a5a] DEBUG OUTGOING headers: {'Host': 'localhost:8081', 'User-Agent': 'Mozilla/5.0 (X11; Ubuntu; Linux x86_64; rv:155.0) Gecko/20100101 Firefox/155.0', 'Accept': 'text/html,application/xhtml+xml,application/xml;q=0.9,*/*;q=0.8', 'Accept-Language': 'en-US,en;q=0.9', 'Accept-Encoding': 'gzip, deflate, br, zstd', 'Content-Type': 'application/x-www-form-urlencoded', 'Content-Length': '21', 'Origin': 'http://localhost:8081', 'Connection': 'keep-alive', 'Referer': 'http://localhost:8081/a2_filtered_post.php', 'Cookie': 'PHPSESSID=35253801c188b6aea68c14a610415c8d; security=impossible', 'Upgrade-Insecure-Requests': '1', 'Sec-Fetch-Dest': 'document', 'Sec-Fetch-Mode': 'navigate', 'Sec-Fetch-Site': 'same-origin', 'Sec-Fetch-User': '?1', 'Priority': 'u=0, i'}
[13:55:32.707] [GENERALFUNCTION a5a] DEBUG OUTGOING post_data_encoded (truncated): Submit=Submit&id=1%5C
[13:55:32.707] [GENERALFUNCTION a5a] DEBUG OUTGOING body_param_dict: {'Submit': 'Submit', 'id': '1\\'}
[13:55:32.737] [SQLiFuzz a5a] Response status: 200
[13:55:32.737] [SQLiFuzz a5a] Response URL: http://localhost:8081/a2_filtered_post.php
[13:55:32.737] [SQLiFuzz a5a] Was redirected: False
[13:55:32.737] [SQLiFuzz a5a] Getting response: 
<!doctype html>

<html>

<body>

<form method="POST">

  <label>User ID: <input type="text" name="id"></label>

  <input type="submit" name="Submit" value="Submit">

</form>

<pre>INPUT REJECTED</pre>
[13:55:33.738] [SQLAnalysis] Read 1 new lines from SQL log file.
[13:55:33.738] [SQLAnalysis] Appended 1 parsed entries.
[13:55:33.738] [SQLAnalysis a5a] Extracted 818 Logs 2026-10-03 17:55:33.738877: [{'timestamp': '2026-10-03 17:55:32,720992', 'level': 'INFO', 'ip': '172.18.0.5', 'port': 47988, 'sql': 'USE db *#*#OK'}]
[13:55:33.739] [SQLAnalysis a5a] Updated param pairs: {'looked_value': '1\\'}
[13:55:33.739] [SQLAnalysis a5a] Looked timestamp 2026-10-03 17:55:32.707239 -- 2026-10-03 17:55:32.732066
[13:55:33.747] [SQLAnalysis a5a] query_array to be checked: ['use', 'db']
[13:55:33.747] [SQLAnalysis a5a] normalized_query_array: ['use', 'db']
[13:55:33.747] [SQLiFuzz a5a] No weird chars exist: POST http://localhost:8081/a2_filtered_post.php | ['[string (False)(None)] Sec-Fetch-Dest=document', '[string (False)(None)] Sec-Fetch-Mode=navigate', '[string (False)(None)] Sec-Fetch-Site=same-origin', '[string (False)(None)] Sec-Fetch-User=?1', '[string (False)(None)] Priority=u=0, i', '[url (False)(None)] path0=a2_filtered_post.php', '[int (False)(None)] id=1\\', '[string (False)(None)] Submit=Submit'] | None
[13:55:33.748] [SQLiFuzz e0f] Getting prepared_target_request with ID 80f for test_SQLi iteration 42/70
[13:55:33.748] [SQLiFuzz 80f] chosen_idx: 0 from 8
[13:55:33.748] [HTTPREQUEST 80f] Getting matched paramval from found values: ['?1', '1']
[13:55:33.748] [HTTPREQUEST 80f] Found matched paramval: [string (False)(None)] Sec-Fetch-User=?1
[13:55:33.748] [HTTPREQUEST 80f] Found matched paramval: [int (False)(None)] id=1
[13:55:33.748] [SQLiFuzz 80f] Prioritize to fuzz matched SQL value first: [int (False)(None)] id=1
[13:55:33.748] [SQLiFuzz 80f] Mutation applied. old='1' char='=' strategy='front' new='=1'
[13:55:33.748] [HTTPREQUEST 80f] Update url and body param from paramvals:
[13:55:33.748] [HTTPREQUEST None] New post_data_encoded: Submit=Submit&id=%3D1
[13:55:33.748] [HTTPREQUEST None] New param encoded: 
[13:55:33.748] [GENERALFUNCTION 80f] ---SENDING THE REQUEST [1791050133-35b3969e-e4f8-4825-88d9-99b034bd280f] TO : [POST] http://localhost:8081/a2_filtered_post.php
[13:55:33.748] [GENERALFUNCTION 80f] Post data encoded: Submit=Submit&id=%3D1
[13:55:33.748] [GENERALFUNCTION 80f] Adjusted Content-Length to 21
[13:55:33.748] [GENERALFUNCTION 80f] Adjusted Origin to http://localhost:8081
[13:55:33.749] [GENERALFUNCTION 80f] Adjusted Referer to http://localhost:8081/a2_filtered_post.php
[13:55:33.749] [GENERALFUNCTION 80f] DEBUG OUTGOING request.full_url: http://localhost:8081/a2_filtered_post.php
[13:55:33.749] [GENERALFUNCTION 80f] DEBUG OUTGOING headers: {'Host': 'localhost:8081', 'User-Agent': 'Mozilla/5.0 (X11; Ubuntu; Linux x86_64; rv:155.0) Gecko/20100101 Firefox/155.0', 'Accept': 'text/html,application/xhtml+xml,application/xml;q=0.9,*/*;q=0.8', 'Accept-Language': 'en-US,en;q=0.9', 'Accept-Encoding': 'gzip, deflate, br, zstd', 'Content-Type': 'application/x-www-form-urlencoded', 'Content-Length': '21', 'Origin': 'http://localhost:8081', 'Connection': 'keep-alive', 'Referer': 'http://localhost:8081/a2_filtered_post.php', 'Cookie': 'PHPSESSID=35253801c188b6aea68c14a610415c8d; security=impossible', 'Upgrade-Insecure-Requests': '1', 'Sec-Fetch-Dest': 'document', 'Sec-Fetch-Mode': 'navigate', 'Sec-Fetch-Site': 'same-origin', 'Sec-Fetch-User': '?1', 'Priority': 'u=0, i'}
[13:55:33.749] [GENERALFUNCTION 80f] DEBUG OUTGOING post_data_encoded (truncated): Submit=Submit&id=%3D1
[13:55:33.749] [GENERALFUNCTION 80f] DEBUG OUTGOING body_param_dict: {'Submit': 'Submit', 'id': '=1'}
[13:55:33.776] [SQLiFuzz 80f] Response status: 200
[13:55:33.776] [SQLiFuzz 80f] Response URL: http://localhost:8081/a2_filtered_post.php
[13:55:33.777] [SQLiFuzz 80f] Was redirected: False
[13:55:33.777] [SQLiFuzz 80f] Getting response: 
<!doctype html>

<html>

<body>

<form method="POST">

  <label>User ID: <input type="text" name="id"></label>

  <input type="submit" name="Submit" value="Submit">

</form>

<pre>INPUT REJECTED</pre>
[13:55:34.777] [SQLAnalysis] Read 1 new lines from SQL log file.
[13:55:34.777] [SQLAnalysis] Appended 1 parsed entries.
[13:55:34.777] [SQLAnalysis 80f] Extracted 819 Logs 2026-10-03 17:55:34.777832: [{'timestamp': '2026-10-03 17:55:33,764893', 'level': 'INFO', 'ip': '172.18.0.5', 'port': 48000, 'sql': 'USE db *#*#OK'}]
[13:55:34.777] [SQLAnalysis 80f] Updated param pairs: {'looked_value': '=1'}
[13:55:34.778] [SQLAnalysis 80f] Looked timestamp 2026-10-03 17:55:33.749663 -- 2026-10-03 17:55:33.772590
[13:55:34.785] [SQLAnalysis 80f] query_array to be checked: ['use', 'db']
[13:55:34.785] [SQLAnalysis 80f] normalized_query_array: ['use', 'db']
[13:55:34.785] [SQLiFuzz 80f] No weird chars exist: POST http://localhost:8081/a2_filtered_post.php | ['[string (False)(None)] Sec-Fetch-Dest=document', '[string (False)(None)] Sec-Fetch-Mode=navigate', '[string (False)(None)] Sec-Fetch-Site=same-origin', '[string (False)(None)] Sec-Fetch-User=?1', '[string (False)(None)] Priority=u=0, i', '[url (False)(None)] path0=a2_filtered_post.php', '[int (False)(None)] id==1', '[string (False)(None)] Submit=Submit'] | None
[13:55:34.785] [SQLiFuzz e0f] Getting prepared_target_request with ID a22 for test_SQLi iteration 43/70
[13:55:34.785] [SQLiFuzz a22] chosen_idx: 5 from 8
[13:55:34.785] [HTTPREQUEST a22] Getting matched paramval from found values: ['?1', '1']
[13:55:34.785] [HTTPREQUEST a22] Found matched paramval: [string (False)(None)] Sec-Fetch-User=?1
[13:55:34.785] [HTTPREQUEST a22] Found matched paramval: [int (False)(None)] id=1
[13:55:34.786] [SQLiFuzz a22] Prioritize to fuzz matched SQL value first: [int (False)(None)] id=1
[13:55:34.786] [SQLiFuzz a22] Mutation applied. old='1' char='&' strategy='random' new='1&'
[13:55:34.786] [HTTPREQUEST a22] Update url and body param from paramvals:
[13:55:34.786] [HTTPREQUEST None] New post_data_encoded: Submit=Submit&id=1%26
[13:55:34.786] [HTTPREQUEST None] New param encoded: 
[13:55:34.786] [GENERALFUNCTION a22] ---SENDING THE REQUEST [1791050134-960f1b86-bcd6-45d2-a27c-cea1f9340a22] TO : [POST] http://localhost:8081/a2_filtered_post.php
[13:55:34.786] [GENERALFUNCTION a22] Post data encoded: Submit=Submit&id=1%26
[13:55:34.786] [GENERALFUNCTION a22] Adjusted Content-Length to 21
[13:55:34.786] [GENERALFUNCTION a22] Adjusted Origin to http://localhost:8081
[13:55:34.786] [GENERALFUNCTION a22] Adjusted Referer to http://localhost:8081/a2_filtered_post.php
[13:55:34.786] [GENERALFUNCTION a22] DEBUG OUTGOING request.full_url: http://localhost:8081/a2_filtered_post.php
[13:55:34.786] [GENERALFUNCTION a22] DEBUG OUTGOING headers: {'Host': 'localhost:8081', 'User-Agent': 'Mozilla/5.0 (X11; Ubuntu; Linux x86_64; rv:155.0) Gecko/20100101 Firefox/155.0', 'Accept': 'text/html,application/xhtml+xml,application/xml;q=0.9,*/*;q=0.8', 'Accept-Language': 'en-US,en;q=0.9', 'Accept-Encoding': 'gzip, deflate, br, zstd', 'Content-Type': 'application/x-www-form-urlencoded', 'Content-Length': '21', 'Origin': 'http://localhost:8081', 'Connection': 'keep-alive', 'Referer': 'http://localhost:8081/a2_filtered_post.php', 'Cookie': 'PHPSESSID=35253801c188b6aea68c14a610415c8d; security=impossible', 'Upgrade-Insecure-Requests': '1', 'Sec-Fetch-Dest': 'document', 'Sec-Fetch-Mode': 'navigate', 'Sec-Fetch-Site': 'same-origin', 'Sec-Fetch-User': '?1', 'Priority': 'u=0, i'}
[13:55:34.786] [GENERALFUNCTION a22] DEBUG OUTGOING post_data_encoded (truncated): Submit=Submit&id=1%26
[13:55:34.786] [GENERALFUNCTION a22] DEBUG OUTGOING body_param_dict: {'Submit': 'Submit', 'id': '1&'}
[13:55:34.816] [SQLiFuzz a22] Response status: 200
[13:55:34.816] [SQLiFuzz a22] Response URL: http://localhost:8081/a2_filtered_post.php
[13:55:34.816] [SQLiFuzz a22] Was redirected: False
[13:55:34.816] [SQLiFuzz a22] Getting response: 
<!doctype html>

<html>

<body>

<form method="POST">

  <label>User ID: <input type="text" name="id"></label>

  <input type="submit" name="Submit" value="Submit">

</form>

<pre>INPUT REJECTED</pre>
[13:55:35.816] [SQLAnalysis] Read 1 new lines from SQL log file.
[13:55:35.817] [SQLAnalysis] Appended 1 parsed entries.
[13:55:35.817] [SQLAnalysis a22] Extracted 820 Logs 2026-10-03 17:55:35.817242: [{'timestamp': '2026-10-03 17:55:34,800891', 'level': 'INFO', 'ip': '172.18.0.5', 'port': 48030, 'sql': 'USE db *#*#OK'}]
[13:55:35.817] [SQLAnalysis a22] Updated param pairs: {'looked_value': '1&'}
[13:55:35.817] [SQLAnalysis a22] Looked timestamp 2026-10-03 17:55:34.786956 -- 2026-10-03 17:55:34.811243
[13:55:35.825] [SQLAnalysis a22] query_array to be checked: ['use', 'db']
[13:55:35.825] [SQLAnalysis a22] normalized_query_array: ['use', 'db']
[13:55:35.825] [SQLiFuzz a22] No weird chars exist: POST http://localhost:8081/a2_filtered_post.php | ['[string (False)(None)] Sec-Fetch-Dest=document', '[string (False)(None)] Sec-Fetch-Mode=navigate', '[string (False)(None)] Sec-Fetch-Site=same-origin', '[string (False)(None)] Sec-Fetch-User=?1', '[string (False)(None)] Priority=u=0, i', '[url (False)(None)] path0=a2_filtered_post.php', '[int (False)(None)] id=1&', '[string (False)(None)] Submit=Submit'] | None
[13:55:35.826] [SQLiFuzz e0f] Getting prepared_target_request with ID c00 for test_SQLi iteration 44/70
[13:55:35.826] [SQLiFuzz c00] chosen_idx: 5 from 8
[13:55:35.826] [HTTPREQUEST c00] Getting matched paramval from found values: ['?1', '1']
[13:55:35.826] [HTTPREQUEST c00] Found matched paramval: [string (False)(None)] Sec-Fetch-User=?1
[13:55:35.826] [HTTPREQUEST c00] Found matched paramval: [int (False)(None)] id=1
[13:55:35.826] [SQLiFuzz c00] Prioritize to fuzz matched SQL value first: [int (False)(None)] id=1
[13:55:35.826] [SQLiFuzz c00] Mutation applied. old='1' char='%' strategy='tail' new='1%'
[13:55:35.826] [HTTPREQUEST c00] Update url and body param from paramvals:
[13:55:35.826] [HTTPREQUEST None] New post_data_encoded: Submit=Submit&id=1%25
[13:55:35.827] [HTTPREQUEST None] New param encoded: 
[13:55:35.827] [GENERALFUNCTION c00] ---SENDING THE REQUEST [1791050135-fef6d09f-e8e0-4719-ad42-c21ae702fc00] TO : [POST] http://localhost:8081/a2_filtered_post.php
[13:55:35.827] [GENERALFUNCTION c00] Post data encoded: Submit=Submit&id=1%25
[13:55:35.827] [GENERALFUNCTION c00] Adjusted Content-Length to 21
[13:55:35.827] [GENERALFUNCTION c00] Adjusted Origin to http://localhost:8081
[13:55:35.827] [GENERALFUNCTION c00] Adjusted Referer to http://localhost:8081/a2_filtered_post.php
[13:55:35.827] [GENERALFUNCTION c00] DEBUG OUTGOING request.full_url: http://localhost:8081/a2_filtered_post.php
[13:55:35.827] [GENERALFUNCTION c00] DEBUG OUTGOING headers: {'Host': 'localhost:8081', 'User-Agent': 'Mozilla/5.0 (X11; Ubuntu; Linux x86_64; rv:155.0) Gecko/20100101 Firefox/155.0', 'Accept': 'text/html,application/xhtml+xml,application/xml;q=0.9,*/*;q=0.8', 'Accept-Language': 'en-US,en;q=0.9', 'Accept-Encoding': 'gzip, deflate, br, zstd', 'Content-Type': 'application/x-www-form-urlencoded', 'Content-Length': '21', 'Origin': 'http://localhost:8081', 'Connection': 'keep-alive', 'Referer': 'http://localhost:8081/a2_filtered_post.php', 'Cookie': 'PHPSESSID=35253801c188b6aea68c14a610415c8d; security=impossible', 'Upgrade-Insecure-Requests': '1', 'Sec-Fetch-Dest': 'document', 'Sec-Fetch-Mode': 'navigate', 'Sec-Fetch-Site': 'same-origin', 'Sec-Fetch-User': '?1', 'Priority': 'u=0, i'}
[13:55:35.827] [GENERALFUNCTION c00] DEBUG OUTGOING post_data_encoded (truncated): Submit=Submit&id=1%25
[13:55:35.827] [GENERALFUNCTION c00] DEBUG OUTGOING body_param_dict: {'Submit': 'Submit', 'id': '1%'}
[13:55:35.862] [SQLiFuzz c00] Response status: 200
[13:55:35.862] [SQLiFuzz c00] Response URL: http://localhost:8081/a2_filtered_post.php
[13:55:35.862] [SQLiFuzz c00] Was redirected: False
[13:55:35.862] [SQLiFuzz c00] Getting response: 
<!doctype html>

<html>

<body>

<form method="POST">

  <label>User ID: <input type="text" name="id"></label>

  <input type="submit" name="Submit" value="Submit">

</form>

<pre>INPUT REJECTED</pre>
[13:55:36.865] [SQLAnalysis] Read 1 new lines from SQL log file.
[13:55:36.865] [SQLAnalysis] Appended 1 parsed entries.
[13:55:36.866] [SQLAnalysis c00] Extracted 821 Logs 2026-10-03 17:55:36.865975: [{'timestamp': '2026-10-03 17:55:35,847041', 'level': 'INFO', 'ip': '172.18.0.5', 'port': 48048, 'sql': 'USE db *#*#OK'}]
[13:55:36.866] [SQLAnalysis c00] Updated param pairs: {'looked_value': '1%'}
[13:55:36.866] [SQLAnalysis c00] Looked timestamp 2026-10-03 17:55:35.828025 -- 2026-10-03 17:55:35.858632
[13:55:36.884] [SQLAnalysis c00] query_array to be checked: ['use', 'db']
[13:55:36.884] [SQLAnalysis c00] normalized_query_array: ['use', 'db']
[13:55:36.885] [SQLiFuzz c00] No weird chars exist: POST http://localhost:8081/a2_filtered_post.php | ['[string (False)(None)] Sec-Fetch-Dest=document', '[string (False)(None)] Sec-Fetch-Mode=navigate', '[string (False)(None)] Sec-Fetch-Site=same-origin', '[string (False)(None)] Sec-Fetch-User=?1', '[string (False)(None)] Priority=u=0, i', '[url (False)(None)] path0=a2_filtered_post.php', '[int (False)(None)] id=1%', '[string (False)(None)] Submit=Submit'] | None
[13:55:36.885] [SQLiFuzz e0f] Getting prepared_target_request with ID f47 for test_SQLi iteration 45/70
[13:55:36.885] [SQLiFuzz f47] chosen_idx: 6 from 8
[13:55:36.886] [HTTPREQUEST f47] Getting matched paramval from found values: ['?1', '1']
[13:55:36.886] [HTTPREQUEST f47] Found matched paramval: [string (False)(None)] Sec-Fetch-User=?1
[13:55:36.886] [HTTPREQUEST f47] Found matched paramval: [int (False)(None)] id=1
[13:55:36.886] [SQLiFuzz f47] Prioritize to fuzz matched SQL value first: [int (False)(None)] id=1
[13:55:36.886] [SQLiFuzz f47] Mutation applied. old='1' char='!' strategy='drop' new='!'
[13:55:36.886] [HTTPREQUEST f47] Update url and body param from paramvals:
[13:55:36.886] [HTTPREQUEST None] New post_data_encoded: Submit=Submit&id=%21
[13:55:36.886] [HTTPREQUEST None] New param encoded: 
[13:55:36.886] [GENERALFUNCTION f47] ---SENDING THE REQUEST [1791050136-269691da-950c-4d50-868a-3fc02d105f47] TO : [POST] http://localhost:8081/a2_filtered_post.php
[13:55:36.887] [GENERALFUNCTION f47] Post data encoded: Submit=Submit&id=%21
[13:55:36.887] [GENERALFUNCTION f47] Adjusted Content-Length to 20
[13:55:36.887] [GENERALFUNCTION f47] Adjusted Origin to http://localhost:8081
[13:55:36.887] [GENERALFUNCTION f47] Adjusted Referer to http://localhost:8081/a2_filtered_post.php
[13:55:36.887] [GENERALFUNCTION f47] DEBUG OUTGOING request.full_url: http://localhost:8081/a2_filtered_post.php
[13:55:36.887] [GENERALFUNCTION f47] DEBUG OUTGOING headers: {'Host': 'localhost:8081', 'User-Agent': 'Mozilla/5.0 (X11; Ubuntu; Linux x86_64; rv:155.0) Gecko/20100101 Firefox/155.0', 'Accept': 'text/html,application/xhtml+xml,application/xml;q=0.9,*/*;q=0.8', 'Accept-Language': 'en-US,en;q=0.9', 'Accept-Encoding': 'gzip, deflate, br, zstd', 'Content-Type': 'application/x-www-form-urlencoded', 'Content-Length': '20', 'Origin': 'http://localhost:8081', 'Connection': 'keep-alive', 'Referer': 'http://localhost:8081/a2_filtered_post.php', 'Cookie': 'PHPSESSID=35253801c188b6aea68c14a610415c8d; security=impossible', 'Upgrade-Insecure-Requests': '1', 'Sec-Fetch-Dest': 'document', 'Sec-Fetch-Mode': 'navigate', 'Sec-Fetch-Site': 'same-origin', 'Sec-Fetch-User': '?1', 'Priority': 'u=0, i'}
[13:55:36.888] [GENERALFUNCTION f47] DEBUG OUTGOING post_data_encoded (truncated): Submit=Submit&id=%21
[13:55:36.888] [GENERALFUNCTION f47] DEBUG OUTGOING body_param_dict: {'Submit': 'Submit', 'id': '!'}
[13:55:36.914] [SQLiFuzz f47] Response status: 200
[13:55:36.914] [SQLiFuzz f47] Response URL: http://localhost:8081/a2_filtered_post.php
[13:55:36.914] [SQLiFuzz f47] Was redirected: False
[13:55:36.914] [SQLiFuzz f47] Getting response: 
<!doctype html>

<html>

<body>

<form method="POST">

  <label>User ID: <input type="text" name="id"></label>

  <input type="submit" name="Submit" value="Submit">

</form>

<pre>INPUT REJECTED</pre>
[13:55:37.915] [SQLAnalysis] Read 1 new lines from SQL log file.
[13:55:37.915] [SQLAnalysis] Appended 1 parsed entries.
[13:55:37.915] [SQLAnalysis f47] Extracted 822 Logs 2026-10-03 17:55:37.915491: [{'timestamp': '2026-10-03 17:55:36,902300', 'level': 'INFO', 'ip': '172.18.0.5', 'port': 48066, 'sql': 'USE db *#*#OK'}]
[13:55:37.915] [SQLAnalysis f47] Updated param pairs: {'looked_value': '!'}
[13:55:37.915] [SQLAnalysis f47] Looked timestamp 2026-10-03 17:55:36.888279 -- 2026-10-03 17:55:36.910301
[13:55:37.922] [SQLAnalysis f47] query_array to be checked: ['use', 'db']
[13:55:37.922] [SQLAnalysis f47] normalized_query_array: ['use', 'db']
[13:55:37.923] [SQLiFuzz f47] No weird chars exist: POST http://localhost:8081/a2_filtered_post.php | ['[string (False)(None)] Sec-Fetch-Dest=document', '[string (False)(None)] Sec-Fetch-Mode=navigate', '[string (False)(None)] Sec-Fetch-Site=same-origin', '[string (False)(None)] Sec-Fetch-User=?1', '[string (False)(None)] Priority=u=0, i', '[url (False)(None)] path0=a2_filtered_post.php', '[int (False)(None)] id=!', '[string (False)(None)] Submit=Submit'] | None
[13:55:37.923] [SQLiFuzz e0f] Getting prepared_target_request with ID 823 for test_SQLi iteration 46/70
[13:55:37.923] [SQLiFuzz 823] chosen_idx: 4 from 8
[13:55:37.923] [HTTPREQUEST 823] Getting matched paramval from found values: ['?1', '1']
[13:55:37.923] [HTTPREQUEST 823] Found matched paramval: [string (False)(None)] Sec-Fetch-User=?1
[13:55:37.923] [HTTPREQUEST 823] Found matched paramval: [int (False)(None)] id=1
[13:55:37.923] [SQLiFuzz 823] Prioritize to fuzz matched SQL value first: [int (False)(None)] id=1
[13:55:37.923] [SQLiFuzz 823] Mutation applied. old='1' char='+' strategy='tail' new='1+'
[13:55:37.924] [HTTPREQUEST 823] Update url and body param from paramvals:
[13:55:37.924] [HTTPREQUEST None] New post_data_encoded: Submit=Submit&id=1%2B
[13:55:37.924] [HTTPREQUEST None] New param encoded: 
[13:55:37.924] [GENERALFUNCTION 823] ---SENDING THE REQUEST [1791050137-261c1f35-d5e7-4b2f-a97e-41436630b823] TO : [POST] http://localhost:8081/a2_filtered_post.php
[13:55:37.924] [GENERALFUNCTION 823] Post data encoded: Submit=Submit&id=1%2B
[13:55:37.924] [GENERALFUNCTION 823] Adjusted Content-Length to 21
[13:55:37.924] [GENERALFUNCTION 823] Adjusted Origin to http://localhost:8081
[13:55:37.924] [GENERALFUNCTION 823] Adjusted Referer to http://localhost:8081/a2_filtered_post.php
[13:55:37.924] [GENERALFUNCTION 823] DEBUG OUTGOING request.full_url: http://localhost:8081/a2_filtered_post.php
[13:55:37.924] [GENERALFUNCTION 823] DEBUG OUTGOING headers: {'Host': 'localhost:8081', 'User-Agent': 'Mozilla/5.0 (X11; Ubuntu; Linux x86_64; rv:155.0) Gecko/20100101 Firefox/155.0', 'Accept': 'text/html,application/xhtml+xml,application/xml;q=0.9,*/*;q=0.8', 'Accept-Language': 'en-US,en;q=0.9', 'Accept-Encoding': 'gzip, deflate, br, zstd', 'Content-Type': 'application/x-www-form-urlencoded', 'Content-Length': '21', 'Origin': 'http://localhost:8081', 'Connection': 'keep-alive', 'Referer': 'http://localhost:8081/a2_filtered_post.php', 'Cookie': 'PHPSESSID=35253801c188b6aea68c14a610415c8d; security=impossible', 'Upgrade-Insecure-Requests': '1', 'Sec-Fetch-Dest': 'document', 'Sec-Fetch-Mode': 'navigate', 'Sec-Fetch-Site': 'same-origin', 'Sec-Fetch-User': '?1', 'Priority': 'u=0, i'}
[13:55:37.924] [GENERALFUNCTION 823] DEBUG OUTGOING post_data_encoded (truncated): Submit=Submit&id=1%2B
[13:55:37.924] [GENERALFUNCTION 823] DEBUG OUTGOING body_param_dict: {'Submit': 'Submit', 'id': '1+'}
[13:55:37.952] [SQLiFuzz 823] Response status: 200
[13:55:37.953] [SQLiFuzz 823] Response URL: http://localhost:8081/a2_filtered_post.php
[13:55:37.953] [SQLiFuzz 823] Was redirected: False
[13:55:37.953] [SQLiFuzz 823] Getting response: 
<!doctype html>

<html>

<body>

<form method="POST">

  <label>User ID: <input type="text" name="id"></label>

  <input type="submit" name="Submit" value="Submit">

</form>

<pre>INPUT REJECTED</pre>
[13:55:38.953] [SQLAnalysis] Read 1 new lines from SQL log file.
[13:55:38.953] [SQLAnalysis] Appended 1 parsed entries.
[13:55:38.953] [SQLAnalysis 823] Extracted 823 Logs 2026-10-03 17:55:38.953930: [{'timestamp': '2026-10-03 17:55:37,939136', 'level': 'INFO', 'ip': '172.18.0.5', 'port': 48084, 'sql': 'USE db *#*#OK'}]
[13:55:38.954] [SQLAnalysis 823] Updated param pairs: {'looked_value': '1+'}
[13:55:38.954] [SQLAnalysis 823] Looked timestamp 2026-10-03 17:55:37.924868 -- 2026-10-03 17:55:37.948667
[13:55:38.961] [SQLAnalysis 823] query_array to be checked: ['use', 'db']
[13:55:38.961] [SQLAnalysis 823] normalized_query_array: ['use', 'db']
[13:55:38.961] [SQLiFuzz 823] No weird chars exist: POST http://localhost:8081/a2_filtered_post.php | ['[string (False)(None)] Sec-Fetch-Dest=document', '[string (False)(None)] Sec-Fetch-Mode=navigate', '[string (False)(None)] Sec-Fetch-Site=same-origin', '[string (False)(None)] Sec-Fetch-User=?1', '[string (False)(None)] Priority=u=0, i', '[url (False)(None)] path0=a2_filtered_post.php', '[int (False)(None)] id=1+', '[string (False)(None)] Submit=Submit'] | None
[13:55:38.961] [SQLiFuzz e0f] Getting prepared_target_request with ID 89c for test_SQLi iteration 47/70
[13:55:38.961] [SQLiFuzz 89c] chosen_idx: 2 from 8
[13:55:38.962] [HTTPREQUEST 89c] Getting matched paramval from found values: ['?1', '1']
[13:55:38.962] [HTTPREQUEST 89c] Found matched paramval: [string (False)(None)] Sec-Fetch-User=?1
[13:55:38.962] [HTTPREQUEST 89c] Found matched paramval: [int (False)(None)] id=1
[13:55:38.962] [SQLiFuzz 89c] Prioritize to fuzz matched SQL value first: [int (False)(None)] id=1
[13:55:38.962] [SQLiFuzz 89c] Mutation applied. old='1' char='/' strategy='random' new='/1'
[13:55:38.962] [HTTPREQUEST 89c] Update url and body param from paramvals:
[13:55:38.962] [HTTPREQUEST None] New post_data_encoded: Submit=Submit&id=%2F1
[13:55:38.962] [HTTPREQUEST None] New param encoded: 
[13:55:38.962] [GENERALFUNCTION 89c] ---SENDING THE REQUEST [1791050138-29ba634f-02bb-4dd0-97f0-4a07d347389c] TO : [POST] http://localhost:8081/a2_filtered_post.php
[13:55:38.962] [GENERALFUNCTION 89c] Post data encoded: Submit=Submit&id=%2F1
[13:55:38.962] [GENERALFUNCTION 89c] Adjusted Content-Length to 21
[13:55:38.962] [GENERALFUNCTION 89c] Adjusted Origin to http://localhost:8081
[13:55:38.962] [GENERALFUNCTION 89c] Adjusted Referer to http://localhost:8081/a2_filtered_post.php
[13:55:38.962] [GENERALFUNCTION 89c] DEBUG OUTGOING request.full_url: http://localhost:8081/a2_filtered_post.php
[13:55:38.962] [GENERALFUNCTION 89c] DEBUG OUTGOING headers: {'Host': 'localhost:8081', 'User-Agent': 'Mozilla/5.0 (X11; Ubuntu; Linux x86_64; rv:155.0) Gecko/20100101 Firefox/155.0', 'Accept': 'text/html,application/xhtml+xml,application/xml;q=0.9,*/*;q=0.8', 'Accept-Language': 'en-US,en;q=0.9', 'Accept-Encoding': 'gzip, deflate, br, zstd', 'Content-Type': 'application/x-www-form-urlencoded', 'Content-Length': '21', 'Origin': 'http://localhost:8081', 'Connection': 'keep-alive', 'Referer': 'http://localhost:8081/a2_filtered_post.php', 'Cookie': 'PHPSESSID=35253801c188b6aea68c14a610415c8d; security=impossible', 'Upgrade-Insecure-Requests': '1', 'Sec-Fetch-Dest': 'document', 'Sec-Fetch-Mode': 'navigate', 'Sec-Fetch-Site': 'same-origin', 'Sec-Fetch-User': '?1', 'Priority': 'u=0, i'}
[13:55:38.962] [GENERALFUNCTION 89c] DEBUG OUTGOING post_data_encoded (truncated): Submit=Submit&id=%2F1
[13:55:38.962] [GENERALFUNCTION 89c] DEBUG OUTGOING body_param_dict: {'Submit': 'Submit', 'id': '/1'}
[13:55:38.984] [SQLiFuzz 89c] Response status: 200
[13:55:38.984] [SQLiFuzz 89c] Response URL: http://localhost:8081/a2_filtered_post.php
[13:55:38.984] [SQLiFuzz 89c] Was redirected: False
[13:55:38.984] [SQLiFuzz 89c] Getting response: 
<!doctype html>

<html>

<body>

<form method="POST">

  <label>User ID: <input type="text" name="id"></label>

  <input type="submit" name="Submit" value="Submit">

</form>

<pre>INPUT REJECTED</pre>
[13:55:39.985] [SQLAnalysis] Read 1 new lines from SQL log file.
[13:55:39.985] [SQLAnalysis] Appended 1 parsed entries.
[13:55:39.985] [SQLAnalysis 89c] Extracted 824 Logs 2026-10-03 17:55:39.985568: [{'timestamp': '2026-10-03 17:55:38,972784', 'level': 'INFO', 'ip': '172.18.0.5', 'port': 48102, 'sql': 'USE db *#*#OK'}]
[13:55:39.985] [SQLAnalysis 89c] Updated param pairs: {'looked_value': '/1'}
[13:55:39.986] [SQLAnalysis 89c] Looked timestamp 2026-10-03 17:55:38.963056 -- 2026-10-03 17:55:38.979903
[13:55:39.995] [SQLAnalysis 89c] query_array to be checked: ['use', 'db']
[13:55:39.995] [SQLAnalysis 89c] normalized_query_array: ['use', 'db']
[13:55:39.995] [SQLiFuzz 89c] No weird chars exist: POST http://localhost:8081/a2_filtered_post.php | ['[string (False)(None)] Sec-Fetch-Dest=document', '[string (False)(None)] Sec-Fetch-Mode=navigate', '[string (False)(None)] Sec-Fetch-Site=same-origin', '[string (False)(None)] Sec-Fetch-User=?1', '[string (False)(None)] Priority=u=0, i', '[url (False)(None)] path0=a2_filtered_post.php', '[int (False)(None)] id=/1', '[string (False)(None)] Submit=Submit'] | None
[13:55:39.995] [SQLiFuzz e0f] Getting prepared_target_request with ID 4a6 for test_SQLi iteration 48/70
[13:55:39.995] [SQLiFuzz 4a6] chosen_idx: 3 from 8
[13:55:39.996] [HTTPREQUEST 4a6] Getting matched paramval from found values: ['?1', '1']
[13:55:39.996] [HTTPREQUEST 4a6] Found matched paramval: [string (False)(None)] Sec-Fetch-User=?1
[13:55:39.996] [HTTPREQUEST 4a6] Found matched paramval: [int (False)(None)] id=1
[13:55:39.996] [SQLiFuzz 4a6] Prioritize to fuzz matched SQL value first: [int (False)(None)] id=1
[13:55:39.996] [SQLiFuzz 4a6] Mutation applied. old='1' char='=' strategy='random' new='=1'
[13:55:39.996] [HTTPREQUEST 4a6] Update url and body param from paramvals:
[13:55:39.996] [HTTPREQUEST None] New post_data_encoded: Submit=Submit&id=%3D1
[13:55:39.996] [HTTPREQUEST None] New param encoded: 
[13:55:39.996] [GENERALFUNCTION 4a6] ---SENDING THE REQUEST [1791050139-3ab43332-7650-48f6-b0c4-145e6aed64a6] TO : [POST] http://localhost:8081/a2_filtered_post.php
[13:55:39.996] [GENERALFUNCTION 4a6] Post data encoded: Submit=Submit&id=%3D1
[13:55:39.996] [GENERALFUNCTION 4a6] Adjusted Content-Length to 21
[13:55:39.996] [GENERALFUNCTION 4a6] Adjusted Origin to http://localhost:8081
[13:55:39.996] [GENERALFUNCTION 4a6] Adjusted Referer to http://localhost:8081/a2_filtered_post.php
[13:55:39.996] [GENERALFUNCTION 4a6] DEBUG OUTGOING request.full_url: http://localhost:8081/a2_filtered_post.php
[13:55:39.996] [GENERALFUNCTION 4a6] DEBUG OUTGOING headers: {'Host': 'localhost:8081', 'User-Agent': 'Mozilla/5.0 (X11; Ubuntu; Linux x86_64; rv:155.0) Gecko/20100101 Firefox/155.0', 'Accept': 'text/html,application/xhtml+xml,application/xml;q=0.9,*/*;q=0.8', 'Accept-Language': 'en-US,en;q=0.9', 'Accept-Encoding': 'gzip, deflate, br, zstd', 'Content-Type': 'application/x-www-form-urlencoded', 'Content-Length': '21', 'Origin': 'http://localhost:8081', 'Connection': 'keep-alive', 'Referer': 'http://localhost:8081/a2_filtered_post.php', 'Cookie': 'PHPSESSID=35253801c188b6aea68c14a610415c8d; security=impossible', 'Upgrade-Insecure-Requests': '1', 'Sec-Fetch-Dest': 'document', 'Sec-Fetch-Mode': 'navigate', 'Sec-Fetch-Site': 'same-origin', 'Sec-Fetch-User': '?1', 'Priority': 'u=0, i'}
[13:55:39.996] [GENERALFUNCTION 4a6] DEBUG OUTGOING post_data_encoded (truncated): Submit=Submit&id=%3D1
[13:55:39.996] [GENERALFUNCTION 4a6] DEBUG OUTGOING body_param_dict: {'Submit': 'Submit', 'id': '=1'}
[13:55:40.024] [SQLiFuzz 4a6] Response status: 200
[13:55:40.024] [SQLiFuzz 4a6] Response URL: http://localhost:8081/a2_filtered_post.php
[13:55:40.024] [SQLiFuzz 4a6] Was redirected: False
[13:55:40.024] [SQLiFuzz 4a6] Getting response: 
<!doctype html>

<html>

<body>

<form method="POST">

  <label>User ID: <input type="text" name="id"></label>

  <input type="submit" name="Submit" value="Submit">

</form>

<pre>INPUT REJECTED</pre>
[13:55:41.025] [SQLAnalysis] Read 1 new lines from SQL log file.
[13:55:41.026] [SQLAnalysis] Appended 1 parsed entries.
[13:55:41.026] [SQLAnalysis 4a6] Extracted 825 Logs 2026-10-03 17:55:41.026240: [{'timestamp': '2026-10-03 17:55:40,012400', 'level': 'INFO', 'ip': '172.18.0.5', 'port': 48118, 'sql': 'USE db *#*#OK'}]
[13:55:41.026] [SQLAnalysis 4a6] Updated param pairs: {'looked_value': '=1'}
[13:55:41.026] [SQLAnalysis 4a6] Looked timestamp 2026-10-03 17:55:39.997041 -- 2026-10-03 17:55:40.020635
[13:55:41.036] [SQLAnalysis 4a6] query_array to be checked: ['use', 'db']
[13:55:41.036] [SQLAnalysis 4a6] normalized_query_array: ['use', 'db']
[13:55:41.036] [SQLiFuzz 4a6] No weird chars exist: POST http://localhost:8081/a2_filtered_post.php | ['[string (False)(None)] Sec-Fetch-Dest=document', '[string (False)(None)] Sec-Fetch-Mode=navigate', '[string (False)(None)] Sec-Fetch-Site=same-origin', '[string (False)(None)] Sec-Fetch-User=?1', '[string (False)(None)] Priority=u=0, i', '[url (False)(None)] path0=a2_filtered_post.php', '[int (False)(None)] id==1', '[string (False)(None)] Submit=Submit'] | None
[13:55:41.037] [SQLiFuzz e0f] Getting prepared_target_request with ID 6dd for test_SQLi iteration 49/70
[13:55:41.037] [SQLiFuzz 6dd] chosen_idx: 2 from 8
[13:55:41.037] [HTTPREQUEST 6dd] Getting matched paramval from found values: ['?1', '1']
[13:55:41.037] [HTTPREQUEST 6dd] Found matched paramval: [string (False)(None)] Sec-Fetch-User=?1
[13:55:41.037] [HTTPREQUEST 6dd] Found matched paramval: [int (False)(None)] id=1
[13:55:41.037] [SQLiFuzz 6dd] Prioritize to fuzz matched SQL value first: [int (False)(None)] id=1
[13:55:41.037] [SQLiFuzz 6dd] Mutation applied. old='1' char=']' strategy='random' new=']1'
[13:55:41.037] [HTTPREQUEST 6dd] Update url and body param from paramvals:
[13:55:41.037] [HTTPREQUEST None] New post_data_encoded: Submit=Submit&id=%5D1
[13:55:41.037] [HTTPREQUEST None] New param encoded: 
[13:55:41.038] [GENERALFUNCTION 6dd] ---SENDING THE REQUEST [1791050141-91fb4e70-7d0d-444c-8767-7f30d8d716dd] TO : [POST] http://localhost:8081/a2_filtered_post.php
[13:55:41.038] [GENERALFUNCTION 6dd] Post data encoded: Submit=Submit&id=%5D1
[13:55:41.038] [GENERALFUNCTION 6dd] Adjusted Content-Length to 21
[13:55:41.038] [GENERALFUNCTION 6dd] Adjusted Origin to http://localhost:8081
[13:55:41.038] [GENERALFUNCTION 6dd] Adjusted Referer to http://localhost:8081/a2_filtered_post.php
[13:55:41.038] [GENERALFUNCTION 6dd] DEBUG OUTGOING request.full_url: http://localhost:8081/a2_filtered_post.php
[13:55:41.038] [GENERALFUNCTION 6dd] DEBUG OUTGOING headers: {'Host': 'localhost:8081', 'User-Agent': 'Mozilla/5.0 (X11; Ubuntu; Linux x86_64; rv:155.0) Gecko/20100101 Firefox/155.0', 'Accept': 'text/html,application/xhtml+xml,application/xml;q=0.9,*/*;q=0.8', 'Accept-Language': 'en-US,en;q=0.9', 'Accept-Encoding': 'gzip, deflate, br, zstd', 'Content-Type': 'application/x-www-form-urlencoded', 'Content-Length': '21', 'Origin': 'http://localhost:8081', 'Connection': 'keep-alive', 'Referer': 'http://localhost:8081/a2_filtered_post.php', 'Cookie': 'PHPSESSID=35253801c188b6aea68c14a610415c8d; security=impossible', 'Upgrade-Insecure-Requests': '1', 'Sec-Fetch-Dest': 'document', 'Sec-Fetch-Mode': 'navigate', 'Sec-Fetch-Site': 'same-origin', 'Sec-Fetch-User': '?1', 'Priority': 'u=0, i'}
[13:55:41.038] [GENERALFUNCTION 6dd] DEBUG OUTGOING post_data_encoded (truncated): Submit=Submit&id=%5D1
[13:55:41.038] [GENERALFUNCTION 6dd] DEBUG OUTGOING body_param_dict: {'Submit': 'Submit', 'id': ']1'}
[13:55:41.067] [SQLiFuzz 6dd] Response status: 200
[13:55:41.067] [SQLiFuzz 6dd] Response URL: http://localhost:8081/a2_filtered_post.php
[13:55:41.067] [SQLiFuzz 6dd] Was redirected: False
[13:55:41.067] [SQLiFuzz 6dd] Getting response: 
<!doctype html>

<html>

<body>

<form method="POST">

  <label>User ID: <input type="text" name="id"></label>

  <input type="submit" name="Submit" value="Submit">

</form>

<pre>INPUT REJECTED</pre>
[13:55:42.068] [SQLAnalysis] Read 1 new lines from SQL log file.
[13:55:42.068] [SQLAnalysis] Appended 1 parsed entries.
[13:55:42.068] [SQLAnalysis 6dd] Extracted 826 Logs 2026-10-03 17:55:42.068566: [{'timestamp': '2026-10-03 17:55:41,053978', 'level': 'INFO', 'ip': '172.18.0.5', 'port': 50934, 'sql': 'USE db *#*#OK'}]
[13:55:42.068] [SQLAnalysis 6dd] Updated param pairs: {'looked_value': ']1'}
[13:55:42.068] [SQLAnalysis 6dd] Looked timestamp 2026-10-03 17:55:41.038637 -- 2026-10-03 17:55:41.063992
[13:55:42.075] [SQLAnalysis 6dd] query_array to be checked: ['use', 'db']
[13:55:42.075] [SQLAnalysis 6dd] normalized_query_array: ['use', 'db']
[13:55:42.075] [SQLiFuzz 6dd] No weird chars exist: POST http://localhost:8081/a2_filtered_post.php | ['[string (False)(None)] Sec-Fetch-Dest=document', '[string (False)(None)] Sec-Fetch-Mode=navigate', '[string (False)(None)] Sec-Fetch-Site=same-origin', '[string (False)(None)] Sec-Fetch-User=?1', '[string (False)(None)] Priority=u=0, i', '[url (False)(None)] path0=a2_filtered_post.php', '[int (False)(None)] id=]1', '[string (False)(None)] Submit=Submit'] | None
[13:55:42.076] [SQLiFuzz e0f] Getting prepared_target_request with ID 61e for test_SQLi iteration 50/70
[13:55:42.076] [SQLiFuzz 61e] chosen_idx: 3 from 8
[13:55:42.076] [HTTPREQUEST 61e] Getting matched paramval from found values: ['?1', '1']
[13:55:42.076] [HTTPREQUEST 61e] Found matched paramval: [string (False)(None)] Sec-Fetch-User=?1
[13:55:42.076] [HTTPREQUEST 61e] Found matched paramval: [int (False)(None)] id=1
[13:55:42.076] [SQLiFuzz 61e] Prioritize to fuzz matched SQL value first: [int (False)(None)] id=1
[13:55:42.076] [SQLiFuzz 61e] Mutation applied. old='1' char='\' strategy='tail' new='1\'
[13:55:42.076] [HTTPREQUEST 61e] Update url and body param from paramvals:
[13:55:42.076] [HTTPREQUEST None] New post_data_encoded: Submit=Submit&id=1%5C
[13:55:42.076] [HTTPREQUEST None] New param encoded: 
[13:55:42.076] [GENERALFUNCTION 61e] ---SENDING THE REQUEST [1791050142-fa4998d8-10c5-48a5-838b-4664092dd61e] TO : [POST] http://localhost:8081/a2_filtered_post.php
[13:55:42.077] [GENERALFUNCTION 61e] Post data encoded: Submit=Submit&id=1%5C
[13:55:42.077] [GENERALFUNCTION 61e] Adjusted Content-Length to 21
[13:55:42.077] [GENERALFUNCTION 61e] Adjusted Origin to http://localhost:8081
[13:55:42.077] [GENERALFUNCTION 61e] Adjusted Referer to http://localhost:8081/a2_filtered_post.php
[13:55:42.077] [GENERALFUNCTION 61e] DEBUG OUTGOING request.full_url: http://localhost:8081/a2_filtered_post.php
[13:55:42.077] [GENERALFUNCTION 61e] DEBUG OUTGOING headers: {'Host': 'localhost:8081', 'User-Agent': 'Mozilla/5.0 (X11; Ubuntu; Linux x86_64; rv:155.0) Gecko/20100101 Firefox/155.0', 'Accept': 'text/html,application/xhtml+xml,application/xml;q=0.9,*/*;q=0.8', 'Accept-Language': 'en-US,en;q=0.9', 'Accept-Encoding': 'gzip, deflate, br, zstd', 'Content-Type': 'application/x-www-form-urlencoded', 'Content-Length': '21', 'Origin': 'http://localhost:8081', 'Connection': 'keep-alive', 'Referer': 'http://localhost:8081/a2_filtered_post.php', 'Cookie': 'PHPSESSID=35253801c188b6aea68c14a610415c8d; security=impossible', 'Upgrade-Insecure-Requests': '1', 'Sec-Fetch-Dest': 'document', 'Sec-Fetch-Mode': 'navigate', 'Sec-Fetch-Site': 'same-origin', 'Sec-Fetch-User': '?1', 'Priority': 'u=0, i'}
[13:55:42.077] [GENERALFUNCTION 61e] DEBUG OUTGOING post_data_encoded (truncated): Submit=Submit&id=1%5C
[13:55:42.077] [GENERALFUNCTION 61e] DEBUG OUTGOING body_param_dict: {'Submit': 'Submit', 'id': '1\\'}
[13:55:42.103] [SQLiFuzz 61e] Response status: 200
[13:55:42.103] [SQLiFuzz 61e] Response URL: http://localhost:8081/a2_filtered_post.php
[13:55:42.103] [SQLiFuzz 61e] Was redirected: False
[13:55:42.103] [SQLiFuzz 61e] Getting response: 
<!doctype html>

<html>

<body>

<form method="POST">

  <label>User ID: <input type="text" name="id"></label>

  <input type="submit" name="Submit" value="Submit">

</form>

<pre>INPUT REJECTED</pre>
[13:55:43.104] [SQLAnalysis] Read 1 new lines from SQL log file.
[13:55:43.104] [SQLAnalysis] Appended 1 parsed entries.
[13:55:43.104] [SQLAnalysis 61e] Extracted 827 Logs 2026-10-03 17:55:43.104842: [{'timestamp': '2026-10-03 17:55:42,088880', 'level': 'INFO', 'ip': '172.18.0.5', 'port': 50940, 'sql': 'USE db *#*#OK'}]
[13:55:43.105] [SQLAnalysis 61e] Updated param pairs: {'looked_value': '1\\'}
[13:55:43.105] [SQLAnalysis 61e] Looked timestamp 2026-10-03 17:55:42.077495 -- 2026-10-03 17:55:42.098862
[13:55:43.117] [SQLAnalysis 61e] query_array to be checked: ['use', 'db']
[13:55:43.117] [SQLAnalysis 61e] normalized_query_array: ['use', 'db']
[13:55:43.118] [SQLiFuzz 61e] No weird chars exist: POST http://localhost:8081/a2_filtered_post.php | ['[string (False)(None)] Sec-Fetch-Dest=document', '[string (False)(None)] Sec-Fetch-Mode=navigate', '[string (False)(None)] Sec-Fetch-Site=same-origin', '[string (False)(None)] Sec-Fetch-User=?1', '[string (False)(None)] Priority=u=0, i', '[url (False)(None)] path0=a2_filtered_post.php', '[int (False)(None)] id=1\\', '[string (False)(None)] Submit=Submit'] | None
[13:55:43.118] [SQLiFuzz e0f] Getting prepared_target_request with ID a18 for test_SQLi iteration 51/70
[13:55:43.118] [SQLiFuzz a18] chosen_idx: 0 from 8
[13:55:43.118] [HTTPREQUEST a18] Getting matched paramval from found values: ['?1', '1']
[13:55:43.118] [HTTPREQUEST a18] Found matched paramval: [string (False)(None)] Sec-Fetch-User=?1
[13:55:43.118] [HTTPREQUEST a18] Found matched paramval: [int (False)(None)] id=1
[13:55:43.119] [SQLiFuzz a18] Prioritize to fuzz matched SQL value first: [int (False)(None)] id=1
[13:55:43.119] [SQLiFuzz a18] Mutation applied. old='1' char='-' strategy='random' new='1-'
[13:55:43.119] [HTTPREQUEST a18] Update url and body param from paramvals:
[13:55:43.119] [HTTPREQUEST None] New post_data_encoded: Submit=Submit&id=1-
[13:55:43.119] [HTTPREQUEST None] New param encoded: 
[13:55:43.119] [GENERALFUNCTION a18] ---SENDING THE REQUEST [1791050143-2055ec5b-7a16-41c2-ae77-ce5da477da18] TO : [POST] http://localhost:8081/a2_filtered_post.php
[13:55:43.119] [GENERALFUNCTION a18] Post data encoded: Submit=Submit&id=1-
[13:55:43.119] [GENERALFUNCTION a18] Adjusted Content-Length to 19
[13:55:43.119] [GENERALFUNCTION a18] Adjusted Origin to http://localhost:8081
[13:55:43.119] [GENERALFUNCTION a18] Adjusted Referer to http://localhost:8081/a2_filtered_post.php
[13:55:43.119] [GENERALFUNCTION a18] DEBUG OUTGOING request.full_url: http://localhost:8081/a2_filtered_post.php
[13:55:43.119] [GENERALFUNCTION a18] DEBUG OUTGOING headers: {'Host': 'localhost:8081', 'User-Agent': 'Mozilla/5.0 (X11; Ubuntu; Linux x86_64; rv:155.0) Gecko/20100101 Firefox/155.0', 'Accept': 'text/html,application/xhtml+xml,application/xml;q=0.9,*/*;q=0.8', 'Accept-Language': 'en-US,en;q=0.9', 'Accept-Encoding': 'gzip, deflate, br, zstd', 'Content-Type': 'application/x-www-form-urlencoded', 'Content-Length': '19', 'Origin': 'http://localhost:8081', 'Connection': 'keep-alive', 'Referer': 'http://localhost:8081/a2_filtered_post.php', 'Cookie': 'PHPSESSID=35253801c188b6aea68c14a610415c8d; security=impossible', 'Upgrade-Insecure-Requests': '1', 'Sec-Fetch-Dest': 'document', 'Sec-Fetch-Mode': 'navigate', 'Sec-Fetch-Site': 'same-origin', 'Sec-Fetch-User': '?1', 'Priority': 'u=0, i'}
[13:55:43.119] [GENERALFUNCTION a18] DEBUG OUTGOING post_data_encoded (truncated): Submit=Submit&id=1-
[13:55:43.119] [GENERALFUNCTION a18] DEBUG OUTGOING body_param_dict: {'Submit': 'Submit', 'id': '1-'}
[13:55:43.150] [SQLiFuzz a18] Response status: 200
[13:55:43.150] [SQLiFuzz a18] Response URL: http://localhost:8081/a2_filtered_post.php
[13:55:43.151] [SQLiFuzz a18] Was redirected: False
[13:55:43.151] [SQLiFuzz a18] Getting response: 
<!doctype html>

<html>

<body>

<form method="POST">

  <label>User ID: <input type="text" name="id"></label>

  <input type="submit" name="Submit" value="Submit">

</form>

<pre>INPUT REJECTED</pre>
[13:55:44.151] [SQLAnalysis] Read 1 new lines from SQL log file.
[13:55:44.151] [SQLAnalysis] Appended 1 parsed entries.
[13:55:44.151] [SQLAnalysis a18] Extracted 828 Logs 2026-10-03 17:55:44.151949: [{'timestamp': '2026-10-03 17:55:43,134554', 'level': 'INFO', 'ip': '172.18.0.5', 'port': 50958, 'sql': 'USE db *#*#OK'}]
[13:55:44.152] [SQLAnalysis a18] Updated param pairs: {'looked_value': '1-'}
[13:55:44.152] [SQLAnalysis a18] Looked timestamp 2026-10-03 17:55:43.119994 -- 2026-10-03 17:55:43.146066
[13:55:44.160] [SQLAnalysis a18] query_array to be checked: ['use', 'db']
[13:55:44.160] [SQLAnalysis a18] normalized_query_array: ['use', 'db']
[13:55:44.160] [SQLiFuzz a18] No weird chars exist: POST http://localhost:8081/a2_filtered_post.php | ['[string (False)(None)] Sec-Fetch-Dest=document', '[string (False)(None)] Sec-Fetch-Mode=navigate', '[string (False)(None)] Sec-Fetch-Site=same-origin', '[string (False)(None)] Sec-Fetch-User=?1', '[string (False)(None)] Priority=u=0, i', '[url (False)(None)] path0=a2_filtered_post.php', '[int (False)(None)] id=1-', '[string (False)(None)] Submit=Submit'] | None
[13:55:44.161] [SQLiFuzz e0f] Getting prepared_target_request with ID c31 for test_SQLi iteration 52/70
[13:55:44.161] [SQLiFuzz c31] chosen_idx: 5 from 8
[13:55:44.161] [HTTPREQUEST c31] Getting matched paramval from found values: ['?1', '1']
[13:55:44.161] [HTTPREQUEST c31] Found matched paramval: [string (False)(None)] Sec-Fetch-User=?1
[13:55:44.161] [HTTPREQUEST c31] Found matched paramval: [int (False)(None)] id=1
[13:55:44.161] [SQLiFuzz c31] Prioritize to fuzz matched SQL value first: [int (False)(None)] id=1
[13:55:44.161] [SQLiFuzz c31] Mutation applied. old='1' char='<' strategy='drop' new='<'
[13:55:44.161] [HTTPREQUEST c31] Update url and body param from paramvals:
[13:55:44.161] [HTTPREQUEST None] New post_data_encoded: Submit=Submit&id=%3C
[13:55:44.161] [HTTPREQUEST None] New param encoded: 
[13:55:44.161] [GENERALFUNCTION c31] ---SENDING THE REQUEST [1791050144-26b0c909-56b6-4fc0-b85a-c7d097409c31] TO : [POST] http://localhost:8081/a2_filtered_post.php
[13:55:44.161] [GENERALFUNCTION c31] Post data encoded: Submit=Submit&id=%3C
[13:55:44.161] [GENERALFUNCTION c31] Adjusted Content-Length to 20
[13:55:44.161] [GENERALFUNCTION c31] Adjusted Origin to http://localhost:8081
[13:55:44.162] [GENERALFUNCTION c31] Adjusted Referer to http://localhost:8081/a2_filtered_post.php
[13:55:44.162] [GENERALFUNCTION c31] DEBUG OUTGOING request.full_url: http://localhost:8081/a2_filtered_post.php
[13:55:44.162] [GENERALFUNCTION c31] DEBUG OUTGOING headers: {'Host': 'localhost:8081', 'User-Agent': 'Mozilla/5.0 (X11; Ubuntu; Linux x86_64; rv:155.0) Gecko/20100101 Firefox/155.0', 'Accept': 'text/html,application/xhtml+xml,application/xml;q=0.9,*/*;q=0.8', 'Accept-Language': 'en-US,en;q=0.9', 'Accept-Encoding': 'gzip, deflate, br, zstd', 'Content-Type': 'application/x-www-form-urlencoded', 'Content-Length': '20', 'Origin': 'http://localhost:8081', 'Connection': 'keep-alive', 'Referer': 'http://localhost:8081/a2_filtered_post.php', 'Cookie': 'PHPSESSID=35253801c188b6aea68c14a610415c8d; security=impossible', 'Upgrade-Insecure-Requests': '1', 'Sec-Fetch-Dest': 'document', 'Sec-Fetch-Mode': 'navigate', 'Sec-Fetch-Site': 'same-origin', 'Sec-Fetch-User': '?1', 'Priority': 'u=0, i'}
[13:55:44.162] [GENERALFUNCTION c31] DEBUG OUTGOING post_data_encoded (truncated): Submit=Submit&id=%3C
[13:55:44.162] [GENERALFUNCTION c31] DEBUG OUTGOING body_param_dict: {'Submit': 'Submit', 'id': '<'}
[13:55:44.191] [SQLiFuzz c31] Response status: 200
[13:55:44.191] [SQLiFuzz c31] Response URL: http://localhost:8081/a2_filtered_post.php
[13:55:44.191] [SQLiFuzz c31] Was redirected: False
[13:55:44.191] [SQLiFuzz c31] Getting response: 
<!doctype html>

<html>

<body>

<form method="POST">

  <label>User ID: <input type="text" name="id"></label>

  <input type="submit" name="Submit" value="Submit">

</form>

<pre>INPUT REJECTED</pre>
[13:55:45.192] [SQLAnalysis] Read 1 new lines from SQL log file.
[13:55:45.192] [SQLAnalysis] Appended 1 parsed entries.
[13:55:45.192] [SQLAnalysis c31] Extracted 829 Logs 2026-10-03 17:55:45.192649: [{'timestamp': '2026-10-03 17:55:44,175769', 'level': 'INFO', 'ip': '172.18.0.5', 'port': 50974, 'sql': 'USE db *#*#OK'}]
[13:55:45.192] [SQLAnalysis c31] Updated param pairs: {'looked_value': '<'}
[13:55:45.192] [SQLAnalysis c31] Looked timestamp 2026-10-03 17:55:44.162334 -- 2026-10-03 17:55:44.185127
[13:55:45.200] [SQLAnalysis c31] query_array to be checked: ['use', 'db']
[13:55:45.201] [SQLAnalysis c31] normalized_query_array: ['use', 'db']
[13:55:45.201] [SQLiFuzz c31] No weird chars exist: POST http://localhost:8081/a2_filtered_post.php | ['[string (False)(None)] Sec-Fetch-Dest=document', '[string (False)(None)] Sec-Fetch-Mode=navigate', '[string (False)(None)] Sec-Fetch-Site=same-origin', '[string (False)(None)] Sec-Fetch-User=?1', '[string (False)(None)] Priority=u=0, i', '[url (False)(None)] path0=a2_filtered_post.php', '[int (False)(None)] id=<', '[string (False)(None)] Submit=Submit'] | None
[13:55:45.201] [SQLiFuzz e0f] Getting prepared_target_request with ID 1b4 for test_SQLi iteration 53/70
[13:55:45.201] [SQLiFuzz 1b4] chosen_idx: 5 from 8
[13:55:45.201] [HTTPREQUEST 1b4] Getting matched paramval from found values: ['?1', '1']
[13:55:45.201] [HTTPREQUEST 1b4] Found matched paramval: [string (False)(None)] Sec-Fetch-User=?1
[13:55:45.201] [HTTPREQUEST 1b4] Found matched paramval: [int (False)(None)] id=1
[13:55:45.201] [SQLiFuzz 1b4] Prioritize to fuzz matched SQL value first: [int (False)(None)] id=1
[13:55:45.202] [SQLiFuzz 1b4] Mutation applied. old='1' char='>' strategy='front' new='>1'
[13:55:45.202] [HTTPREQUEST 1b4] Update url and body param from paramvals:
[13:55:45.202] [HTTPREQUEST None] New post_data_encoded: Submit=Submit&id=%3E1
[13:55:45.202] [HTTPREQUEST None] New param encoded: 
[13:55:45.202] [GENERALFUNCTION 1b4] ---SENDING THE REQUEST [1791050145-e04628eb-354a-4581-be90-fa59672551b4] TO : [POST] http://localhost:8081/a2_filtered_post.php
[13:55:45.202] [GENERALFUNCTION 1b4] Post data encoded: Submit=Submit&id=%3E1
[13:55:45.202] [GENERALFUNCTION 1b4] Adjusted Content-Length to 21
[13:55:45.202] [GENERALFUNCTION 1b4] Adjusted Origin to http://localhost:8081
[13:55:45.202] [GENERALFUNCTION 1b4] Adjusted Referer to http://localhost:8081/a2_filtered_post.php
[13:55:45.202] [GENERALFUNCTION 1b4] DEBUG OUTGOING request.full_url: http://localhost:8081/a2_filtered_post.php
[13:55:45.202] [GENERALFUNCTION 1b4] DEBUG OUTGOING headers: {'Host': 'localhost:8081', 'User-Agent': 'Mozilla/5.0 (X11; Ubuntu; Linux x86_64; rv:155.0) Gecko/20100101 Firefox/155.0', 'Accept': 'text/html,application/xhtml+xml,application/xml;q=0.9,*/*;q=0.8', 'Accept-Language': 'en-US,en;q=0.9', 'Accept-Encoding': 'gzip, deflate, br, zstd', 'Content-Type': 'application/x-www-form-urlencoded', 'Content-Length': '21', 'Origin': 'http://localhost:8081', 'Connection': 'keep-alive', 'Referer': 'http://localhost:8081/a2_filtered_post.php', 'Cookie': 'PHPSESSID=35253801c188b6aea68c14a610415c8d; security=impossible', 'Upgrade-Insecure-Requests': '1', 'Sec-Fetch-Dest': 'document', 'Sec-Fetch-Mode': 'navigate', 'Sec-Fetch-Site': 'same-origin', 'Sec-Fetch-User': '?1', 'Priority': 'u=0, i'}
[13:55:45.202] [GENERALFUNCTION 1b4] DEBUG OUTGOING post_data_encoded (truncated): Submit=Submit&id=%3E1
[13:55:45.202] [GENERALFUNCTION 1b4] DEBUG OUTGOING body_param_dict: {'Submit': 'Submit', 'id': '>1'}
[13:55:45.232] [SQLiFuzz 1b4] Response status: 200
[13:55:45.232] [SQLiFuzz 1b4] Response URL: http://localhost:8081/a2_filtered_post.php
[13:55:45.232] [SQLiFuzz 1b4] Was redirected: False
[13:55:45.232] [SQLiFuzz 1b4] Getting response: 
<!doctype html>

<html>

<body>

<form method="POST">

  <label>User ID: <input type="text" name="id"></label>

  <input type="submit" name="Submit" value="Submit">

</form>

<pre>INPUT REJECTED</pre>
[13:55:46.233] [SQLAnalysis] Read 1 new lines from SQL log file.
[13:55:46.234] [SQLAnalysis] Appended 1 parsed entries.
[13:55:46.234] [SQLAnalysis 1b4] Extracted 830 Logs 2026-10-03 17:55:46.234927: [{'timestamp': '2026-10-03 17:55:45,219693', 'level': 'INFO', 'ip': '172.18.0.5', 'port': 50994, 'sql': 'USE db *#*#OK'}]
[13:55:46.236] [SQLAnalysis 1b4] Updated param pairs: {'looked_value': '>1'}
[13:55:46.236] [SQLAnalysis 1b4] Looked timestamp 2026-10-03 17:55:45.202950 -- 2026-10-03 17:55:45.227777
[13:55:46.244] [SQLAnalysis 1b4] query_array to be checked: ['use', 'db']
[13:55:46.244] [SQLAnalysis 1b4] normalized_query_array: ['use', 'db']
[13:55:46.244] [SQLiFuzz 1b4] No weird chars exist: POST http://localhost:8081/a2_filtered_post.php | ['[string (False)(None)] Sec-Fetch-Dest=document', '[string (False)(None)] Sec-Fetch-Mode=navigate', '[string (False)(None)] Sec-Fetch-Site=same-origin', '[string (False)(None)] Sec-Fetch-User=?1', '[string (False)(None)] Priority=u=0, i', '[url (False)(None)] path0=a2_filtered_post.php', '[int (False)(None)] id=>1', '[string (False)(None)] Submit=Submit'] | None
[13:55:46.245] [SQLiFuzz e0f] Getting prepared_target_request with ID 100 for test_SQLi iteration 54/70
[13:55:46.245] [SQLiFuzz 100] chosen_idx: 4 from 8
[13:55:46.245] [HTTPREQUEST 100] Getting matched paramval from found values: ['?1', '1']
[13:55:46.245] [HTTPREQUEST 100] Found matched paramval: [string (False)(None)] Sec-Fetch-User=?1
[13:55:46.245] [HTTPREQUEST 100] Found matched paramval: [int (False)(None)] id=1
[13:55:46.245] [SQLiFuzz 100] Prioritize to fuzz matched SQL value first: [int (False)(None)] id=1
[13:55:46.245] [SQLiFuzz 100] Mutation applied. old='1' char='\' strategy='random' new='1\'
[13:55:46.245] [HTTPREQUEST 100] Update url and body param from paramvals:
[13:55:46.245] [HTTPREQUEST None] New post_data_encoded: Submit=Submit&id=1%5C
[13:55:46.245] [HTTPREQUEST None] New param encoded: 
[13:55:46.245] [GENERALFUNCTION 100] ---SENDING THE REQUEST [1791050146-5f22d207-c50c-4570-aa1e-5894e9f58100] TO : [POST] http://localhost:8081/a2_filtered_post.php
[13:55:46.245] [GENERALFUNCTION 100] Post data encoded: Submit=Submit&id=1%5C
[13:55:46.245] [GENERALFUNCTION 100] Adjusted Content-Length to 21
[13:55:46.245] [GENERALFUNCTION 100] Adjusted Origin to http://localhost:8081
[13:55:46.245] [GENERALFUNCTION 100] Adjusted Referer to http://localhost:8081/a2_filtered_post.php
[13:55:46.246] [GENERALFUNCTION 100] DEBUG OUTGOING request.full_url: http://localhost:8081/a2_filtered_post.php
[13:55:46.246] [GENERALFUNCTION 100] DEBUG OUTGOING headers: {'Host': 'localhost:8081', 'User-Agent': 'Mozilla/5.0 (X11; Ubuntu; Linux x86_64; rv:155.0) Gecko/20100101 Firefox/155.0', 'Accept': 'text/html,application/xhtml+xml,application/xml;q=0.9,*/*;q=0.8', 'Accept-Language': 'en-US,en;q=0.9', 'Accept-Encoding': 'gzip, deflate, br, zstd', 'Content-Type': 'application/x-www-form-urlencoded', 'Content-Length': '21', 'Origin': 'http://localhost:8081', 'Connection': 'keep-alive', 'Referer': 'http://localhost:8081/a2_filtered_post.php', 'Cookie': 'PHPSESSID=35253801c188b6aea68c14a610415c8d; security=impossible', 'Upgrade-Insecure-Requests': '1', 'Sec-Fetch-Dest': 'document', 'Sec-Fetch-Mode': 'navigate', 'Sec-Fetch-Site': 'same-origin', 'Sec-Fetch-User': '?1', 'Priority': 'u=0, i'}
[13:55:46.246] [GENERALFUNCTION 100] DEBUG OUTGOING post_data_encoded (truncated): Submit=Submit&id=1%5C
[13:55:46.246] [GENERALFUNCTION 100] DEBUG OUTGOING body_param_dict: {'Submit': 'Submit', 'id': '1\\'}
[13:55:46.280] [SQLiFuzz 100] Response status: 200
[13:55:46.281] [SQLiFuzz 100] Response URL: http://localhost:8081/a2_filtered_post.php
[13:55:46.281] [SQLiFuzz 100] Was redirected: False
[13:55:46.281] [SQLiFuzz 100] Getting response: 
<!doctype html>

<html>

<body>

<form method="POST">

  <label>User ID: <input type="text" name="id"></label>

  <input type="submit" name="Submit" value="Submit">

</form>

<pre>INPUT REJECTED</pre>
[13:55:47.282] [SQLAnalysis] Read 1 new lines from SQL log file.
[13:55:47.282] [SQLAnalysis] Appended 1 parsed entries.
[13:55:47.283] [SQLAnalysis 100] Extracted 831 Logs 2026-10-03 17:55:47.283003: [{'timestamp': '2026-10-03 17:55:46,260958', 'level': 'INFO', 'ip': '172.18.0.5', 'port': 51010, 'sql': 'USE db *#*#OK'}]
[13:55:47.283] [SQLAnalysis 100] Updated param pairs: {'looked_value': '1\\'}
[13:55:47.283] [SQLAnalysis 100] Looked timestamp 2026-10-03 17:55:46.246310 -- 2026-10-03 17:55:46.274987
[13:55:47.292] [SQLAnalysis 100] query_array to be checked: ['use', 'db']
[13:55:47.292] [SQLAnalysis 100] normalized_query_array: ['use', 'db']
[13:55:47.292] [SQLiFuzz 100] No weird chars exist: POST http://localhost:8081/a2_filtered_post.php | ['[string (False)(None)] Sec-Fetch-Dest=document', '[string (False)(None)] Sec-Fetch-Mode=navigate', '[string (False)(None)] Sec-Fetch-Site=same-origin', '[string (False)(None)] Sec-Fetch-User=?1', '[string (False)(None)] Priority=u=0, i', '[url (False)(None)] path0=a2_filtered_post.php', '[int (False)(None)] id=1\\', '[string (False)(None)] Submit=Submit'] | None
[13:55:47.293] [SQLiFuzz e0f] Getting prepared_target_request with ID 547 for test_SQLi iteration 55/70
[13:55:47.293] [SQLiFuzz 547] chosen_idx: 7 from 8
[13:55:47.293] [HTTPREQUEST 547] Getting matched paramval from found values: ['?1', '1']
[13:55:47.293] [HTTPREQUEST 547] Found matched paramval: [string (False)(None)] Sec-Fetch-User=?1
[13:55:47.293] [HTTPREQUEST 547] Found matched paramval: [int (False)(None)] id=1
[13:55:47.293] [SQLiFuzz 547] Prioritize to fuzz matched SQL value first: [int (False)(None)] id=1
[13:55:47.293] [SQLiFuzz 547] Mutation applied. old='1' char='!' strategy='random' new='!1'
[13:55:47.293] [HTTPREQUEST 547] Update url and body param from paramvals:
[13:55:47.293] [HTTPREQUEST None] New post_data_encoded: Submit=Submit&id=%211
[13:55:47.293] [HTTPREQUEST None] New param encoded: 
[13:55:47.293] [GENERALFUNCTION 547] ---SENDING THE REQUEST [1791050147-2fe9af3a-1f47-489b-9402-05b11c182547] TO : [POST] http://localhost:8081/a2_filtered_post.php
[13:55:47.293] [GENERALFUNCTION 547] Post data encoded: Submit=Submit&id=%211
[13:55:47.293] [GENERALFUNCTION 547] Adjusted Content-Length to 21
[13:55:47.294] [GENERALFUNCTION 547] Adjusted Origin to http://localhost:8081
[13:55:47.294] [GENERALFUNCTION 547] Adjusted Referer to http://localhost:8081/a2_filtered_post.php
[13:55:47.294] [GENERALFUNCTION 547] DEBUG OUTGOING request.full_url: http://localhost:8081/a2_filtered_post.php
[13:55:47.294] [GENERALFUNCTION 547] DEBUG OUTGOING headers: {'Host': 'localhost:8081', 'User-Agent': 'Mozilla/5.0 (X11; Ubuntu; Linux x86_64; rv:155.0) Gecko/20100101 Firefox/155.0', 'Accept': 'text/html,application/xhtml+xml,application/xml;q=0.9,*/*;q=0.8', 'Accept-Language': 'en-US,en;q=0.9', 'Accept-Encoding': 'gzip, deflate, br, zstd', 'Content-Type': 'application/x-www-form-urlencoded', 'Content-Length': '21', 'Origin': 'http://localhost:8081', 'Connection': 'keep-alive', 'Referer': 'http://localhost:8081/a2_filtered_post.php', 'Cookie': 'PHPSESSID=35253801c188b6aea68c14a610415c8d; security=impossible', 'Upgrade-Insecure-Requests': '1', 'Sec-Fetch-Dest': 'document', 'Sec-Fetch-Mode': 'navigate', 'Sec-Fetch-Site': 'same-origin', 'Sec-Fetch-User': '?1', 'Priority': 'u=0, i'}
[13:55:47.294] [GENERALFUNCTION 547] DEBUG OUTGOING post_data_encoded (truncated): Submit=Submit&id=%211
[13:55:47.294] [GENERALFUNCTION 547] DEBUG OUTGOING body_param_dict: {'Submit': 'Submit', 'id': '!1'}
[13:55:47.331] [SQLiFuzz 547] Response status: 200
[13:55:47.331] [SQLiFuzz 547] Response URL: http://localhost:8081/a2_filtered_post.php
[13:55:47.331] [SQLiFuzz 547] Was redirected: False
[13:55:47.331] [SQLiFuzz 547] Getting response: 
<!doctype html>

<html>

<body>

<form method="POST">

  <label>User ID: <input type="text" name="id"></label>

  <input type="submit" name="Submit" value="Submit">

</form>

<pre>INPUT REJECTED</pre>
[13:55:48.332] [SQLAnalysis] Read 1 new lines from SQL log file.
[13:55:48.332] [SQLAnalysis] Appended 1 parsed entries.
[13:55:48.332] [SQLAnalysis 547] Extracted 832 Logs 2026-10-03 17:55:48.332632: [{'timestamp': '2026-10-03 17:55:47,317090', 'level': 'INFO', 'ip': '172.18.0.5', 'port': 51024, 'sql': 'USE db *#*#OK'}]
[13:55:48.332] [SQLAnalysis 547] Updated param pairs: {'looked_value': '!1'}
[13:55:48.332] [SQLAnalysis 547] Looked timestamp 2026-10-03 17:55:47.294435 -- 2026-10-03 17:55:47.327488
[13:55:48.343] [SQLAnalysis 547] query_array to be checked: ['use', 'db']
[13:55:48.343] [SQLAnalysis 547] normalized_query_array: ['use', 'db']
[13:55:48.343] [SQLiFuzz 547] No weird chars exist: POST http://localhost:8081/a2_filtered_post.php | ['[string (False)(None)] Sec-Fetch-Dest=document', '[string (False)(None)] Sec-Fetch-Mode=navigate', '[string (False)(None)] Sec-Fetch-Site=same-origin', '[string (False)(None)] Sec-Fetch-User=?1', '[string (False)(None)] Priority=u=0, i', '[url (False)(None)] path0=a2_filtered_post.php', '[int (False)(None)] id=!1', '[string (False)(None)] Submit=Submit'] | None
[13:55:48.343] [SQLiFuzz e0f] Getting prepared_target_request with ID aff for test_SQLi iteration 56/70
[13:55:48.343] [SQLiFuzz aff] chosen_idx: 6 from 8
[13:55:48.343] [HTTPREQUEST aff] Getting matched paramval from found values: ['?1', '1']
[13:55:48.344] [HTTPREQUEST aff] Found matched paramval: [string (False)(None)] Sec-Fetch-User=?1
[13:55:48.344] [HTTPREQUEST aff] Found matched paramval: [int (False)(None)] id=1
[13:55:48.344] [SQLiFuzz aff] Prioritize to fuzz matched SQL value first: [int (False)(None)] id=1
[13:55:48.344] [SQLiFuzz aff] Mutation applied. old='1' char=';' strategy='tail' new='1;'
[13:55:48.344] [HTTPREQUEST aff] Update url and body param from paramvals:
[13:55:48.344] [HTTPREQUEST None] New post_data_encoded: Submit=Submit&id=1%3B
[13:55:48.344] [HTTPREQUEST None] New param encoded: 
[13:55:48.344] [GENERALFUNCTION aff] ---SENDING THE REQUEST [1791050148-a0b267f5-1815-41ff-9419-f9934bd12aff] TO : [POST] http://localhost:8081/a2_filtered_post.php
[13:55:48.344] [GENERALFUNCTION aff] Post data encoded: Submit=Submit&id=1%3B
[13:55:48.344] [GENERALFUNCTION aff] Adjusted Content-Length to 21
[13:55:48.344] [GENERALFUNCTION aff] Adjusted Origin to http://localhost:8081
[13:55:48.344] [GENERALFUNCTION aff] Adjusted Referer to http://localhost:8081/a2_filtered_post.php
[13:55:48.344] [GENERALFUNCTION aff] DEBUG OUTGOING request.full_url: http://localhost:8081/a2_filtered_post.php
[13:55:48.344] [GENERALFUNCTION aff] DEBUG OUTGOING headers: {'Host': 'localhost:8081', 'User-Agent': 'Mozilla/5.0 (X11; Ubuntu; Linux x86_64; rv:155.0) Gecko/20100101 Firefox/155.0', 'Accept': 'text/html,application/xhtml+xml,application/xml;q=0.9,*/*;q=0.8', 'Accept-Language': 'en-US,en;q=0.9', 'Accept-Encoding': 'gzip, deflate, br, zstd', 'Content-Type': 'application/x-www-form-urlencoded', 'Content-Length': '21', 'Origin': 'http://localhost:8081', 'Connection': 'keep-alive', 'Referer': 'http://localhost:8081/a2_filtered_post.php', 'Cookie': 'PHPSESSID=35253801c188b6aea68c14a610415c8d; security=impossible', 'Upgrade-Insecure-Requests': '1', 'Sec-Fetch-Dest': 'document', 'Sec-Fetch-Mode': 'navigate', 'Sec-Fetch-Site': 'same-origin', 'Sec-Fetch-User': '?1', 'Priority': 'u=0, i'}
[13:55:48.344] [GENERALFUNCTION aff] DEBUG OUTGOING post_data_encoded (truncated): Submit=Submit&id=1%3B
[13:55:48.345] [GENERALFUNCTION aff] DEBUG OUTGOING body_param_dict: {'Submit': 'Submit', 'id': '1;'}
[13:55:48.375] [SQLiFuzz aff] Response status: 200
[13:55:48.375] [SQLiFuzz aff] Response URL: http://localhost:8081/a2_filtered_post.php
[13:55:48.375] [SQLiFuzz aff] Was redirected: False
[13:55:48.375] [SQLiFuzz aff] Getting response: 
<!doctype html>

<html>

<body>

<form method="POST">

  <label>User ID: <input type="text" name="id"></label>

  <input type="submit" name="Submit" value="Submit">

</form>

<pre>INPUT REJECTED</pre>
[13:55:49.376] [SQLAnalysis] Read 1 new lines from SQL log file.
[13:55:49.376] [SQLAnalysis] Appended 1 parsed entries.
[13:55:49.376] [SQLAnalysis aff] Extracted 833 Logs 2026-10-03 17:55:49.376507: [{'timestamp': '2026-10-03 17:55:48,360353', 'level': 'INFO', 'ip': '172.18.0.5', 'port': 51054, 'sql': 'USE db *#*#OK'}]
[13:55:49.376] [SQLAnalysis aff] Updated param pairs: {'looked_value': '1;'}
[13:55:49.376] [SQLAnalysis aff] Looked timestamp 2026-10-03 17:55:48.345064 -- 2026-10-03 17:55:48.370524
[13:55:49.383] [SQLAnalysis aff] query_array to be checked: ['use', 'db']
[13:55:49.383] [SQLAnalysis aff] normalized_query_array: ['use', 'db']
[13:55:49.384] [SQLiFuzz aff] No weird chars exist: POST http://localhost:8081/a2_filtered_post.php | ['[string (False)(None)] Sec-Fetch-Dest=document', '[string (False)(None)] Sec-Fetch-Mode=navigate', '[string (False)(None)] Sec-Fetch-Site=same-origin', '[string (False)(None)] Sec-Fetch-User=?1', '[string (False)(None)] Priority=u=0, i', '[url (False)(None)] path0=a2_filtered_post.php', '[int (False)(None)] id=1;', '[string (False)(None)] Submit=Submit'] | None
[13:55:49.384] [SQLiFuzz e0f] Getting prepared_target_request with ID 7f9 for test_SQLi iteration 57/70
[13:55:49.384] [SQLiFuzz 7f9] chosen_idx: 5 from 8
[13:55:49.384] [HTTPREQUEST 7f9] Getting matched paramval from found values: ['?1', '1']
[13:55:49.384] [HTTPREQUEST 7f9] Found matched paramval: [string (False)(None)] Sec-Fetch-User=?1
[13:55:49.385] [HTTPREQUEST 7f9] Found matched paramval: [int (False)(None)] id=1
[13:55:49.385] [SQLiFuzz 7f9] Prioritize to fuzz matched SQL value first: [int (False)(None)] id=1
[13:55:49.385] [SQLiFuzz 7f9] Mutation applied. old='1' char='$' strategy='drop' new='$'
[13:55:49.385] [HTTPREQUEST 7f9] Update url and body param from paramvals:
[13:55:49.385] [HTTPREQUEST None] New post_data_encoded: Submit=Submit&id=%24
[13:55:49.385] [HTTPREQUEST None] New param encoded: 
[13:55:49.385] [GENERALFUNCTION 7f9] ---SENDING THE REQUEST [1791050149-b9a49a75-dc23-486a-836e-391f3ffc87f9] TO : [POST] http://localhost:8081/a2_filtered_post.php
[13:55:49.385] [GENERALFUNCTION 7f9] Post data encoded: Submit=Submit&id=%24
[13:55:49.385] [GENERALFUNCTION 7f9] Adjusted Content-Length to 20
[13:55:49.385] [GENERALFUNCTION 7f9] Adjusted Origin to http://localhost:8081
[13:55:49.385] [GENERALFUNCTION 7f9] Adjusted Referer to http://localhost:8081/a2_filtered_post.php
[13:55:49.385] [GENERALFUNCTION 7f9] DEBUG OUTGOING request.full_url: http://localhost:8081/a2_filtered_post.php
[13:55:49.385] [GENERALFUNCTION 7f9] DEBUG OUTGOING headers: {'Host': 'localhost:8081', 'User-Agent': 'Mozilla/5.0 (X11; Ubuntu; Linux x86_64; rv:155.0) Gecko/20100101 Firefox/155.0', 'Accept': 'text/html,application/xhtml+xml,application/xml;q=0.9,*/*;q=0.8', 'Accept-Language': 'en-US,en;q=0.9', 'Accept-Encoding': 'gzip, deflate, br, zstd', 'Content-Type': 'application/x-www-form-urlencoded', 'Content-Length': '20', 'Origin': 'http://localhost:8081', 'Connection': 'keep-alive', 'Referer': 'http://localhost:8081/a2_filtered_post.php', 'Cookie': 'PHPSESSID=35253801c188b6aea68c14a610415c8d; security=impossible', 'Upgrade-Insecure-Requests': '1', 'Sec-Fetch-Dest': 'document', 'Sec-Fetch-Mode': 'navigate', 'Sec-Fetch-Site': 'same-origin', 'Sec-Fetch-User': '?1', 'Priority': 'u=0, i'}
[13:55:49.385] [GENERALFUNCTION 7f9] DEBUG OUTGOING post_data_encoded (truncated): Submit=Submit&id=%24
[13:55:49.385] [GENERALFUNCTION 7f9] DEBUG OUTGOING body_param_dict: {'Submit': 'Submit', 'id': '$'}
[13:55:49.411] [SQLiFuzz 7f9] Response status: 200
[13:55:49.411] [SQLiFuzz 7f9] Response URL: http://localhost:8081/a2_filtered_post.php
[13:55:49.411] [SQLiFuzz 7f9] Was redirected: False
[13:55:49.411] [SQLiFuzz 7f9] Getting response: 
<!doctype html>

<html>

<body>

<form method="POST">

  <label>User ID: <input type="text" name="id"></label>

  <input type="submit" name="Submit" value="Submit">

</form>

<pre>INPUT REJECTED</pre>
[13:55:50.412] [SQLAnalysis] Read 1 new lines from SQL log file.
[13:55:50.412] [SQLAnalysis] Appended 1 parsed entries.
[13:55:50.413] [SQLAnalysis 7f9] Extracted 834 Logs 2026-10-03 17:55:50.413020: [{'timestamp': '2026-10-03 17:55:49,397812', 'level': 'INFO', 'ip': '172.18.0.5', 'port': 51076, 'sql': 'USE db *#*#OK'}]
[13:55:50.413] [SQLAnalysis 7f9] Updated param pairs: {'looked_value': '$'}
[13:55:50.413] [SQLAnalysis 7f9] Looked timestamp 2026-10-03 17:55:49.385996 -- 2026-10-03 17:55:49.407500
[13:55:50.421] [SQLAnalysis 7f9] query_array to be checked: ['use', 'db']
[13:55:50.421] [SQLAnalysis 7f9] normalized_query_array: ['use', 'db']
[13:55:50.421] [SQLiFuzz 7f9] No weird chars exist: POST http://localhost:8081/a2_filtered_post.php | ['[string (False)(None)] Sec-Fetch-Dest=document', '[string (False)(None)] Sec-Fetch-Mode=navigate', '[string (False)(None)] Sec-Fetch-Site=same-origin', '[string (False)(None)] Sec-Fetch-User=?1', '[string (False)(None)] Priority=u=0, i', '[url (False)(None)] path0=a2_filtered_post.php', '[int (False)(None)] id=$', '[string (False)(None)] Submit=Submit'] | None
[13:55:50.421] [SQLiFuzz e0f] Getting prepared_target_request with ID 69b for test_SQLi iteration 58/70
[13:55:50.421] [SQLiFuzz 69b] chosen_idx: 1 from 8
[13:55:50.421] [HTTPREQUEST 69b] Getting matched paramval from found values: ['?1', '1']
[13:55:50.422] [HTTPREQUEST 69b] Found matched paramval: [string (False)(None)] Sec-Fetch-User=?1
[13:55:50.422] [HTTPREQUEST 69b] Found matched paramval: [int (False)(None)] id=1
[13:55:50.422] [SQLiFuzz 69b] Prioritize to fuzz matched SQL value first: [int (False)(None)] id=1
[13:55:50.422] [SQLiFuzz 69b] Mutation applied. old='1' char='_' strategy='front' new='_1'
[13:55:50.422] [HTTPREQUEST 69b] Update url and body param from paramvals:
[13:55:50.422] [HTTPREQUEST None] New post_data_encoded: Submit=Submit&id=_1
[13:55:50.422] [HTTPREQUEST None] New param encoded: 
[13:55:50.422] [GENERALFUNCTION 69b] ---SENDING THE REQUEST [1791050150-716cc2c0-4c99-4ab7-937c-cb333fa3169b] TO : [POST] http://localhost:8081/a2_filtered_post.php
[13:55:50.422] [GENERALFUNCTION 69b] Post data encoded: Submit=Submit&id=_1
[13:55:50.422] [GENERALFUNCTION 69b] Adjusted Content-Length to 19
[13:55:50.422] [GENERALFUNCTION 69b] Adjusted Origin to http://localhost:8081
[13:55:50.422] [GENERALFUNCTION 69b] Adjusted Referer to http://localhost:8081/a2_filtered_post.php
[13:55:50.422] [GENERALFUNCTION 69b] DEBUG OUTGOING request.full_url: http://localhost:8081/a2_filtered_post.php
[13:55:50.422] [GENERALFUNCTION 69b] DEBUG OUTGOING headers: {'Host': 'localhost:8081', 'User-Agent': 'Mozilla/5.0 (X11; Ubuntu; Linux x86_64; rv:155.0) Gecko/20100101 Firefox/155.0', 'Accept': 'text/html,application/xhtml+xml,application/xml;q=0.9,*/*;q=0.8', 'Accept-Language': 'en-US,en;q=0.9', 'Accept-Encoding': 'gzip, deflate, br, zstd', 'Content-Type': 'application/x-www-form-urlencoded', 'Content-Length': '19', 'Origin': 'http://localhost:8081', 'Connection': 'keep-alive', 'Referer': 'http://localhost:8081/a2_filtered_post.php', 'Cookie': 'PHPSESSID=35253801c188b6aea68c14a610415c8d; security=impossible', 'Upgrade-Insecure-Requests': '1', 'Sec-Fetch-Dest': 'document', 'Sec-Fetch-Mode': 'navigate', 'Sec-Fetch-Site': 'same-origin', 'Sec-Fetch-User': '?1', 'Priority': 'u=0, i'}
[13:55:50.422] [GENERALFUNCTION 69b] DEBUG OUTGOING post_data_encoded (truncated): Submit=Submit&id=_1
[13:55:50.422] [GENERALFUNCTION 69b] DEBUG OUTGOING body_param_dict: {'Submit': 'Submit', 'id': '_1'}
[13:55:50.450] [SQLiFuzz 69b] Response status: 200
[13:55:50.450] [SQLiFuzz 69b] Response URL: http://localhost:8081/a2_filtered_post.php
[13:55:50.450] [SQLiFuzz 69b] Was redirected: False
[13:55:50.450] [SQLiFuzz 69b] Getting response: 
<!doctype html>

<html>

<body>

<form method="POST">

  <label>User ID: <input type="text" name="id"></label>

  <input type="submit" name="Submit" value="Submit">

</form>

<pre>INPUT REJECTED</pre>
[13:55:51.451] [SQLAnalysis] Read 1 new lines from SQL log file.
[13:55:51.451] [SQLAnalysis] Appended 1 parsed entries.
[13:55:51.452] [SQLAnalysis 69b] Extracted 835 Logs 2026-10-03 17:55:51.452022: [{'timestamp': '2026-10-03 17:55:50,437122', 'level': 'INFO', 'ip': '172.18.0.5', 'port': 43122, 'sql': 'USE db *#*#OK'}]
[13:55:51.452] [SQLAnalysis 69b] Updated param pairs: {'looked_value': '_1'}
[13:55:51.452] [SQLAnalysis 69b] Looked timestamp 2026-10-03 17:55:50.423058 -- 2026-10-03 17:55:50.446764
[13:55:51.461] [SQLAnalysis 69b] query_array to be checked: ['use', 'db']
[13:55:51.461] [SQLAnalysis 69b] normalized_query_array: ['use', 'db']
[13:55:51.461] [SQLiFuzz 69b] No weird chars exist: POST http://localhost:8081/a2_filtered_post.php | ['[string (False)(None)] Sec-Fetch-Dest=document', '[string (False)(None)] Sec-Fetch-Mode=navigate', '[string (False)(None)] Sec-Fetch-Site=same-origin', '[string (False)(None)] Sec-Fetch-User=?1', '[string (False)(None)] Priority=u=0, i', '[url (False)(None)] path0=a2_filtered_post.php', '[int (False)(None)] id=_1', '[string (False)(None)] Submit=Submit'] | None
[13:55:51.461] [SQLiFuzz e0f] Getting prepared_target_request with ID 359 for test_SQLi iteration 59/70
[13:55:51.461] [SQLiFuzz 359] chosen_idx: 3 from 8
[13:55:51.461] [HTTPREQUEST 359] Getting matched paramval from found values: ['?1', '1']
[13:55:51.461] [HTTPREQUEST 359] Found matched paramval: [string (False)(None)] Sec-Fetch-User=?1
[13:55:51.462] [HTTPREQUEST 359] Found matched paramval: [int (False)(None)] id=1
[13:55:51.462] [SQLiFuzz 359] Prioritize to fuzz matched SQL value first: [int (False)(None)] id=1
[13:55:51.462] [SQLiFuzz 359] Mutation applied. old='1' char='"' strategy='drop' new='"'
[13:55:51.462] [HTTPREQUEST 359] Update url and body param from paramvals:
[13:55:51.462] [HTTPREQUEST None] New post_data_encoded: Submit=Submit&id=%22
[13:55:51.462] [HTTPREQUEST None] New param encoded: 
[13:55:51.462] [GENERALFUNCTION 359] ---SENDING THE REQUEST [1791050151-ceee296d-7fd7-4efb-98d6-fed5bb038359] TO : [POST] http://localhost:8081/a2_filtered_post.php
[13:55:51.462] [GENERALFUNCTION 359] Post data encoded: Submit=Submit&id=%22
[13:55:51.462] [GENERALFUNCTION 359] Adjusted Content-Length to 20
[13:55:51.462] [GENERALFUNCTION 359] Adjusted Origin to http://localhost:8081
[13:55:51.462] [GENERALFUNCTION 359] Adjusted Referer to http://localhost:8081/a2_filtered_post.php
[13:55:51.463] [GENERALFUNCTION 359] DEBUG OUTGOING request.full_url: http://localhost:8081/a2_filtered_post.php
[13:55:51.463] [GENERALFUNCTION 359] DEBUG OUTGOING headers: {'Host': 'localhost:8081', 'User-Agent': 'Mozilla/5.0 (X11; Ubuntu; Linux x86_64; rv:155.0) Gecko/20100101 Firefox/155.0', 'Accept': 'text/html,application/xhtml+xml,application/xml;q=0.9,*/*;q=0.8', 'Accept-Language': 'en-US,en;q=0.9', 'Accept-Encoding': 'gzip, deflate, br, zstd', 'Content-Type': 'application/x-www-form-urlencoded', 'Content-Length': '20', 'Origin': 'http://localhost:8081', 'Connection': 'keep-alive', 'Referer': 'http://localhost:8081/a2_filtered_post.php', 'Cookie': 'PHPSESSID=35253801c188b6aea68c14a610415c8d; security=impossible', 'Upgrade-Insecure-Requests': '1', 'Sec-Fetch-Dest': 'document', 'Sec-Fetch-Mode': 'navigate', 'Sec-Fetch-Site': 'same-origin', 'Sec-Fetch-User': '?1', 'Priority': 'u=0, i'}
[13:55:51.463] [GENERALFUNCTION 359] DEBUG OUTGOING post_data_encoded (truncated): Submit=Submit&id=%22
[13:55:51.463] [GENERALFUNCTION 359] DEBUG OUTGOING body_param_dict: {'Submit': 'Submit', 'id': '"'}
[13:55:51.472] [HOOK] Idle monitor: 1 pending tasks, 1 active tasks, idle 1s
[13:55:51.472] [HOOK] Number response: 2 | Memory usage (MB): 86.765625 PID: 65420
[13:55:51.472] [STATS] {'total_req': 2, 'sql_req': 1, 'null_req': 0, 'not_sql_req': 1, 'sql_injection_detected': 0, 'another_sql_error_detected': 0, 'sql_req_not_detected': 0, 'error_req': 0, 'fuzzed_req': 58, 'processing_time_total': 1.6586849999999997, 'processing_time_ave': 0.028598017241379305, 'running_time': 'Not finished yet', 200: 2}
[13:55:51.500] [SQLiFuzz 359] Response status: 200
[13:55:51.501] [SQLiFuzz 359] Response URL: http://localhost:8081/a2_filtered_post.php
[13:55:51.501] [SQLiFuzz 359] Was redirected: False
[13:55:51.501] [SQLiFuzz 359] Getting response: 
<!doctype html>

<html>

<body>

<form method="POST">

  <label>User ID: <input type="text" name="id"></label>

  <input type="submit" name="Submit" value="Submit">

</form>

<pre>INPUT REJECTED</pre>
[13:55:52.502] [SQLAnalysis] Read 1 new lines from SQL log file.
[13:55:52.502] [SQLAnalysis] Appended 1 parsed entries.
[13:55:52.502] [SQLAnalysis 359] Extracted 836 Logs 2026-10-03 17:55:52.502740: [{'timestamp': '2026-10-03 17:55:51,480309', 'level': 'INFO', 'ip': '172.18.0.5', 'port': 43148, 'sql': 'USE db *#*#OK'}]
[13:55:52.502] [SQLAnalysis 359] Updated param pairs: {'looked_value': '"'}
[13:55:52.503] [SQLAnalysis 359] Looked timestamp 2026-10-03 17:55:51.463275 -- 2026-10-03 17:55:51.493634
[13:55:52.514] [SQLAnalysis 359] query_array to be checked: ['use', 'db']
[13:55:52.514] [SQLAnalysis 359] normalized_query_array: ['use', 'db']
[13:55:52.514] [SQLiFuzz 359] No weird chars exist: POST http://localhost:8081/a2_filtered_post.php | ['[string (False)(None)] Sec-Fetch-Dest=document', '[string (False)(None)] Sec-Fetch-Mode=navigate', '[string (False)(None)] Sec-Fetch-Site=same-origin', '[string (False)(None)] Sec-Fetch-User=?1', '[string (False)(None)] Priority=u=0, i', '[url (False)(None)] path0=a2_filtered_post.php', '[int (False)(None)] id="', '[string (False)(None)] Submit=Submit'] | None
[13:55:52.515] [SQLiFuzz e0f] Getting prepared_target_request with ID 71c for test_SQLi iteration 60/70
[13:55:52.515] [SQLiFuzz 71c] chosen_idx: 5 from 8
[13:55:52.515] [HTTPREQUEST 71c] Getting matched paramval from found values: ['?1', '1']
[13:55:52.515] [HTTPREQUEST 71c] Found matched paramval: [string (False)(None)] Sec-Fetch-User=?1
[13:55:52.515] [HTTPREQUEST 71c] Found matched paramval: [int (False)(None)] id=1
[13:55:52.515] [SQLiFuzz 71c] Prioritize to fuzz matched SQL value first: [int (False)(None)] id=1
[13:55:52.515] [SQLiFuzz 71c] Mutation applied. old='1' char='|' strategy='tail' new='1|'
[13:55:52.515] [HTTPREQUEST 71c] Update url and body param from paramvals:
[13:55:52.516] [HTTPREQUEST None] New post_data_encoded: Submit=Submit&id=1%7C
[13:55:52.516] [HTTPREQUEST None] New param encoded: 
[13:55:52.516] [GENERALFUNCTION 71c] ---SENDING THE REQUEST [1791050152-8b78d648-dad9-455c-be19-99739541c71c] TO : [POST] http://localhost:8081/a2_filtered_post.php
[13:55:52.516] [GENERALFUNCTION 71c] Post data encoded: Submit=Submit&id=1%7C
[13:55:52.516] [GENERALFUNCTION 71c] Adjusted Content-Length to 21
[13:55:52.516] [GENERALFUNCTION 71c] Adjusted Origin to http://localhost:8081
[13:55:52.516] [GENERALFUNCTION 71c] Adjusted Referer to http://localhost:8081/a2_filtered_post.php
[13:55:52.516] [GENERALFUNCTION 71c] DEBUG OUTGOING request.full_url: http://localhost:8081/a2_filtered_post.php
[13:55:52.516] [GENERALFUNCTION 71c] DEBUG OUTGOING headers: {'Host': 'localhost:8081', 'User-Agent': 'Mozilla/5.0 (X11; Ubuntu; Linux x86_64; rv:155.0) Gecko/20100101 Firefox/155.0', 'Accept': 'text/html,application/xhtml+xml,application/xml;q=0.9,*/*;q=0.8', 'Accept-Language': 'en-US,en;q=0.9', 'Accept-Encoding': 'gzip, deflate, br, zstd', 'Content-Type': 'application/x-www-form-urlencoded', 'Content-Length': '21', 'Origin': 'http://localhost:8081', 'Connection': 'keep-alive', 'Referer': 'http://localhost:8081/a2_filtered_post.php', 'Cookie': 'PHPSESSID=35253801c188b6aea68c14a610415c8d; security=impossible', 'Upgrade-Insecure-Requests': '1', 'Sec-Fetch-Dest': 'document', 'Sec-Fetch-Mode': 'navigate', 'Sec-Fetch-Site': 'same-origin', 'Sec-Fetch-User': '?1', 'Priority': 'u=0, i'}
[13:55:52.516] [GENERALFUNCTION 71c] DEBUG OUTGOING post_data_encoded (truncated): Submit=Submit&id=1%7C
[13:55:52.516] [GENERALFUNCTION 71c] DEBUG OUTGOING body_param_dict: {'Submit': 'Submit', 'id': '1|'}
[13:55:52.545] [SQLiFuzz 71c] Response status: 200
[13:55:52.545] [SQLiFuzz 71c] Response URL: http://localhost:8081/a2_filtered_post.php
[13:55:52.545] [SQLiFuzz 71c] Was redirected: False
[13:55:52.545] [SQLiFuzz 71c] Getting response: 
<!doctype html>

<html>

<body>

<form method="POST">

  <label>User ID: <input type="text" name="id"></label>

  <input type="submit" name="Submit" value="Submit">

</form>

<pre>INPUT REJECTED</pre>
[13:55:53.547] [SQLAnalysis] Read 1 new lines from SQL log file.
[13:55:53.547] [SQLAnalysis] Appended 1 parsed entries.
[13:55:53.548] [SQLAnalysis 71c] Extracted 837 Logs 2026-10-03 17:55:53.548010: [{'timestamp': '2026-10-03 17:55:52,532313', 'level': 'INFO', 'ip': '172.18.0.5', 'port': 43162, 'sql': 'USE db *#*#OK'}]
[13:55:53.548] [SQLAnalysis 71c] Updated param pairs: {'looked_value': '1|'}
[13:55:53.548] [SQLAnalysis 71c] Looked timestamp 2026-10-03 17:55:52.516870 -- 2026-10-03 17:55:52.541714
[13:55:53.556] [SQLAnalysis 71c] query_array to be checked: ['use', 'db']
[13:55:53.557] [SQLAnalysis 71c] normalized_query_array: ['use', 'db']
[13:55:53.557] [SQLiFuzz 71c] No weird chars exist: POST http://localhost:8081/a2_filtered_post.php | ['[string (False)(None)] Sec-Fetch-Dest=document', '[string (False)(None)] Sec-Fetch-Mode=navigate', '[string (False)(None)] Sec-Fetch-Site=same-origin', '[string (False)(None)] Sec-Fetch-User=?1', '[string (False)(None)] Priority=u=0, i', '[url (False)(None)] path0=a2_filtered_post.php', '[int (False)(None)] id=1|', '[string (False)(None)] Submit=Submit'] | None
[13:55:53.557] [SQLiFuzz e0f] Getting prepared_target_request with ID b53 for test_SQLi iteration 61/70
[13:55:53.557] [SQLiFuzz b53] chosen_idx: 4 from 8
[13:55:53.557] [HTTPREQUEST b53] Getting matched paramval from found values: ['?1', '1']
[13:55:53.557] [HTTPREQUEST b53] Found matched paramval: [string (False)(None)] Sec-Fetch-User=?1
[13:55:53.558] [HTTPREQUEST b53] Found matched paramval: [int (False)(None)] id=1
[13:55:53.558] [SQLiFuzz b53] Prioritize to fuzz matched SQL value first: [int (False)(None)] id=1
[13:55:53.558] [SQLiFuzz b53] Mutation applied. old='1' char='[' strategy='tail' new='1['
[13:55:53.558] [HTTPREQUEST b53] Update url and body param from paramvals:
[13:55:53.558] [HTTPREQUEST None] New post_data_encoded: Submit=Submit&id=1%5B
[13:55:53.558] [HTTPREQUEST None] New param encoded: 
[13:55:53.558] [GENERALFUNCTION b53] ---SENDING THE REQUEST [1791050153-9348525c-e3f6-451d-b992-413bd4081b53] TO : [POST] http://localhost:8081/a2_filtered_post.php
[13:55:53.558] [GENERALFUNCTION b53] Post data encoded: Submit=Submit&id=1%5B
[13:55:53.558] [GENERALFUNCTION b53] Adjusted Content-Length to 21
[13:55:53.558] [GENERALFUNCTION b53] Adjusted Origin to http://localhost:8081
[13:55:53.558] [GENERALFUNCTION b53] Adjusted Referer to http://localhost:8081/a2_filtered_post.php
[13:55:53.558] [GENERALFUNCTION b53] DEBUG OUTGOING request.full_url: http://localhost:8081/a2_filtered_post.php
[13:55:53.558] [GENERALFUNCTION b53] DEBUG OUTGOING headers: {'Host': 'localhost:8081', 'User-Agent': 'Mozilla/5.0 (X11; Ubuntu; Linux x86_64; rv:155.0) Gecko/20100101 Firefox/155.0', 'Accept': 'text/html,application/xhtml+xml,application/xml;q=0.9,*/*;q=0.8', 'Accept-Language': 'en-US,en;q=0.9', 'Accept-Encoding': 'gzip, deflate, br, zstd', 'Content-Type': 'application/x-www-form-urlencoded', 'Content-Length': '21', 'Origin': 'http://localhost:8081', 'Connection': 'keep-alive', 'Referer': 'http://localhost:8081/a2_filtered_post.php', 'Cookie': 'PHPSESSID=35253801c188b6aea68c14a610415c8d; security=impossible', 'Upgrade-Insecure-Requests': '1', 'Sec-Fetch-Dest': 'document', 'Sec-Fetch-Mode': 'navigate', 'Sec-Fetch-Site': 'same-origin', 'Sec-Fetch-User': '?1', 'Priority': 'u=0, i'}
[13:55:53.559] [GENERALFUNCTION b53] DEBUG OUTGOING post_data_encoded (truncated): Submit=Submit&id=1%5B
[13:55:53.559] [GENERALFUNCTION b53] DEBUG OUTGOING body_param_dict: {'Submit': 'Submit', 'id': '1['}
[13:55:53.585] [SQLiFuzz b53] Response status: 200
[13:55:53.586] [SQLiFuzz b53] Response URL: http://localhost:8081/a2_filtered_post.php
[13:55:53.586] [SQLiFuzz b53] Was redirected: False
[13:55:53.586] [SQLiFuzz b53] Getting response: 
<!doctype html>

<html>

<body>

<form method="POST">

  <label>User ID: <input type="text" name="id"></label>

  <input type="submit" name="Submit" value="Submit">

</form>

<pre>INPUT REJECTED</pre>
[13:55:54.586] [SQLAnalysis] Read 1 new lines from SQL log file.
[13:55:54.586] [SQLAnalysis] Appended 1 parsed entries.
[13:55:54.587] [SQLAnalysis b53] Extracted 838 Logs 2026-10-03 17:55:54.587029: [{'timestamp': '2026-10-03 17:55:53,573309', 'level': 'INFO', 'ip': '172.18.0.5', 'port': 43184, 'sql': 'USE db *#*#OK'}]
[13:55:54.587] [SQLAnalysis b53] Updated param pairs: {'looked_value': '1['}
[13:55:54.587] [SQLAnalysis b53] Looked timestamp 2026-10-03 17:55:53.559192 -- 2026-10-03 17:55:53.582045
[13:55:54.594] [SQLAnalysis b53] query_array to be checked: ['use', 'db']
[13:55:54.594] [SQLAnalysis b53] normalized_query_array: ['use', 'db']
[13:55:54.594] [SQLiFuzz b53] No weird chars exist: POST http://localhost:8081/a2_filtered_post.php | ['[string (False)(None)] Sec-Fetch-Dest=document', '[string (False)(None)] Sec-Fetch-Mode=navigate', '[string (False)(None)] Sec-Fetch-Site=same-origin', '[string (False)(None)] Sec-Fetch-User=?1', '[string (False)(None)] Priority=u=0, i', '[url (False)(None)] path0=a2_filtered_post.php', '[int (False)(None)] id=1[', '[string (False)(None)] Submit=Submit'] | None
[13:55:54.595] [SQLiFuzz e0f] Getting prepared_target_request with ID 00b for test_SQLi iteration 62/70
[13:55:54.595] [SQLiFuzz 00b] chosen_idx: 1 from 8
[13:55:54.595] [HTTPREQUEST 00b] Getting matched paramval from found values: ['?1', '1']
[13:55:54.595] [HTTPREQUEST 00b] Found matched paramval: [string (False)(None)] Sec-Fetch-User=?1
[13:55:54.595] [HTTPREQUEST 00b] Found matched paramval: [int (False)(None)] id=1
[13:55:54.595] [SQLiFuzz 00b] Prioritize to fuzz matched SQL value first: [int (False)(None)] id=1
[13:55:54.595] [SQLiFuzz 00b] Mutation applied. old='1' char='>' strategy='drop' new='>'
[13:55:54.595] [HTTPREQUEST 00b] Update url and body param from paramvals:
[13:55:54.595] [HTTPREQUEST None] New post_data_encoded: Submit=Submit&id=%3E
[13:55:54.595] [HTTPREQUEST None] New param encoded: 
[13:55:54.595] [GENERALFUNCTION 00b] ---SENDING THE REQUEST [1791050154-66143e35-72ef-4bbb-941a-4e3b62c9400b] TO : [POST] http://localhost:8081/a2_filtered_post.php
[13:55:54.595] [GENERALFUNCTION 00b] Post data encoded: Submit=Submit&id=%3E
[13:55:54.595] [GENERALFUNCTION 00b] Adjusted Content-Length to 20
[13:55:54.595] [GENERALFUNCTION 00b] Adjusted Origin to http://localhost:8081
[13:55:54.596] [GENERALFUNCTION 00b] Adjusted Referer to http://localhost:8081/a2_filtered_post.php
[13:55:54.596] [GENERALFUNCTION 00b] DEBUG OUTGOING request.full_url: http://localhost:8081/a2_filtered_post.php
[13:55:54.596] [GENERALFUNCTION 00b] DEBUG OUTGOING headers: {'Host': 'localhost:8081', 'User-Agent': 'Mozilla/5.0 (X11; Ubuntu; Linux x86_64; rv:155.0) Gecko/20100101 Firefox/155.0', 'Accept': 'text/html,application/xhtml+xml,application/xml;q=0.9,*/*;q=0.8', 'Accept-Language': 'en-US,en;q=0.9', 'Accept-Encoding': 'gzip, deflate, br, zstd', 'Content-Type': 'application/x-www-form-urlencoded', 'Content-Length': '20', 'Origin': 'http://localhost:8081', 'Connection': 'keep-alive', 'Referer': 'http://localhost:8081/a2_filtered_post.php', 'Cookie': 'PHPSESSID=35253801c188b6aea68c14a610415c8d; security=impossible', 'Upgrade-Insecure-Requests': '1', 'Sec-Fetch-Dest': 'document', 'Sec-Fetch-Mode': 'navigate', 'Sec-Fetch-Site': 'same-origin', 'Sec-Fetch-User': '?1', 'Priority': 'u=0, i'}
[13:55:54.596] [GENERALFUNCTION 00b] DEBUG OUTGOING post_data_encoded (truncated): Submit=Submit&id=%3E
[13:55:54.596] [GENERALFUNCTION 00b] DEBUG OUTGOING body_param_dict: {'Submit': 'Submit', 'id': '>'}
[13:55:54.621] [SQLiFuzz 00b] Response status: 200
[13:55:54.621] [SQLiFuzz 00b] Response URL: http://localhost:8081/a2_filtered_post.php
[13:55:54.621] [SQLiFuzz 00b] Was redirected: False
[13:55:54.621] [SQLiFuzz 00b] Getting response: 
<!doctype html>

<html>

<body>

<form method="POST">

  <label>User ID: <input type="text" name="id"></label>

  <input type="submit" name="Submit" value="Submit">

</form>

<pre>INPUT REJECTED</pre>
[13:55:55.622] [SQLAnalysis] Read 1 new lines from SQL log file.
[13:55:55.622] [SQLAnalysis] Appended 1 parsed entries.
[13:55:55.622] [SQLAnalysis 00b] Extracted 839 Logs 2026-10-03 17:55:55.622673: [{'timestamp': '2026-10-03 17:55:54,610009', 'level': 'INFO', 'ip': '172.18.0.5', 'port': 43192, 'sql': 'USE db *#*#OK'}]
[13:55:55.622] [SQLAnalysis 00b] Updated param pairs: {'looked_value': '>'}
[13:55:55.622] [SQLAnalysis 00b] Looked timestamp 2026-10-03 17:55:54.596347 -- 2026-10-03 17:55:54.617543
[13:55:55.630] [SQLAnalysis 00b] query_array to be checked: ['use', 'db']
[13:55:55.630] [SQLAnalysis 00b] normalized_query_array: ['use', 'db']
[13:55:55.630] [SQLiFuzz 00b] No weird chars exist: POST http://localhost:8081/a2_filtered_post.php | ['[string (False)(None)] Sec-Fetch-Dest=document', '[string (False)(None)] Sec-Fetch-Mode=navigate', '[string (False)(None)] Sec-Fetch-Site=same-origin', '[string (False)(None)] Sec-Fetch-User=?1', '[string (False)(None)] Priority=u=0, i', '[url (False)(None)] path0=a2_filtered_post.php', '[int (False)(None)] id=>', '[string (False)(None)] Submit=Submit'] | None
[13:55:55.630] [SQLiFuzz e0f] Getting prepared_target_request with ID ff9 for test_SQLi iteration 63/70
[13:55:55.631] [SQLiFuzz ff9] chosen_idx: 3 from 8
[13:55:55.631] [HTTPREQUEST ff9] Getting matched paramval from found values: ['?1', '1']
[13:55:55.631] [HTTPREQUEST ff9] Found matched paramval: [string (False)(None)] Sec-Fetch-User=?1
[13:55:55.631] [HTTPREQUEST ff9] Found matched paramval: [int (False)(None)] id=1
[13:55:55.631] [SQLiFuzz ff9] Prioritize to fuzz matched SQL value first: [int (False)(None)] id=1
[13:55:55.631] [SQLiFuzz ff9] Mutation applied. old='1' char='"' strategy='tail' new='1"'
[13:55:55.631] [HTTPREQUEST ff9] Update url and body param from paramvals:
[13:55:55.631] [HTTPREQUEST None] New post_data_encoded: Submit=Submit&id=1%22
[13:55:55.631] [HTTPREQUEST None] New param encoded: 
[13:55:55.631] [GENERALFUNCTION ff9] ---SENDING THE REQUEST [1791050155-6e4ca8df-83c2-46ea-b3e7-77cc0ffd9ff9] TO : [POST] http://localhost:8081/a2_filtered_post.php
[13:55:55.631] [GENERALFUNCTION ff9] Post data encoded: Submit=Submit&id=1%22
[13:55:55.631] [GENERALFUNCTION ff9] Adjusted Content-Length to 21
[13:55:55.632] [GENERALFUNCTION ff9] Adjusted Origin to http://localhost:8081
[13:55:55.632] [GENERALFUNCTION ff9] Adjusted Referer to http://localhost:8081/a2_filtered_post.php
[13:55:55.632] [GENERALFUNCTION ff9] DEBUG OUTGOING request.full_url: http://localhost:8081/a2_filtered_post.php
[13:55:55.632] [GENERALFUNCTION ff9] DEBUG OUTGOING headers: {'Host': 'localhost:8081', 'User-Agent': 'Mozilla/5.0 (X11; Ubuntu; Linux x86_64; rv:155.0) Gecko/20100101 Firefox/155.0', 'Accept': 'text/html,application/xhtml+xml,application/xml;q=0.9,*/*;q=0.8', 'Accept-Language': 'en-US,en;q=0.9', 'Accept-Encoding': 'gzip, deflate, br, zstd', 'Content-Type': 'application/x-www-form-urlencoded', 'Content-Length': '21', 'Origin': 'http://localhost:8081', 'Connection': 'keep-alive', 'Referer': 'http://localhost:8081/a2_filtered_post.php', 'Cookie': 'PHPSESSID=35253801c188b6aea68c14a610415c8d; security=impossible', 'Upgrade-Insecure-Requests': '1', 'Sec-Fetch-Dest': 'document', 'Sec-Fetch-Mode': 'navigate', 'Sec-Fetch-Site': 'same-origin', 'Sec-Fetch-User': '?1', 'Priority': 'u=0, i'}
[13:55:55.635] [GENERALFUNCTION ff9] DEBUG OUTGOING post_data_encoded (truncated): Submit=Submit&id=1%22
[13:55:55.635] [GENERALFUNCTION ff9] DEBUG OUTGOING body_param_dict: {'Submit': 'Submit', 'id': '1"'}
[13:55:55.661] [SQLiFuzz ff9] Response status: 200
[13:55:55.661] [SQLiFuzz ff9] Response URL: http://localhost:8081/a2_filtered_post.php
[13:55:55.661] [SQLiFuzz ff9] Was redirected: False
[13:55:55.661] [SQLiFuzz ff9] Getting response: 
<!doctype html>

<html>

<body>

<form method="POST">

  <label>User ID: <input type="text" name="id"></label>

  <input type="submit" name="Submit" value="Submit">

</form>

<pre>INPUT REJECTED</pre>
[13:55:56.662] [SQLAnalysis] Read 1 new lines from SQL log file.
[13:55:56.662] [SQLAnalysis] Appended 1 parsed entries.
[13:55:56.662] [SQLAnalysis ff9] Extracted 840 Logs 2026-10-03 17:55:56.662609: [{'timestamp': '2026-10-03 17:55:55,649035', 'level': 'INFO', 'ip': '172.18.0.5', 'port': 43200, 'sql': 'USE db *#*#OK'}]
[13:55:56.662] [SQLAnalysis ff9] Updated param pairs: {'looked_value': '1"'}
[13:55:56.662] [SQLAnalysis ff9] Looked timestamp 2026-10-03 17:55:55.635387 -- 2026-10-03 17:55:55.656908
[13:55:56.669] [SQLAnalysis ff9] query_array to be checked: ['use', 'db']
[13:55:56.670] [SQLAnalysis ff9] normalized_query_array: ['use', 'db']
[13:55:56.670] [SQLiFuzz ff9] No weird chars exist: POST http://localhost:8081/a2_filtered_post.php | ['[string (False)(None)] Sec-Fetch-Dest=document', '[string (False)(None)] Sec-Fetch-Mode=navigate', '[string (False)(None)] Sec-Fetch-Site=same-origin', '[string (False)(None)] Sec-Fetch-User=?1', '[string (False)(None)] Priority=u=0, i', '[url (False)(None)] path0=a2_filtered_post.php', '[int (False)(None)] id=1"', '[string (False)(None)] Submit=Submit'] | None
[13:55:56.670] [SQLiFuzz e0f] Getting prepared_target_request with ID bba for test_SQLi iteration 64/70
[13:55:56.670] [SQLiFuzz bba] chosen_idx: 7 from 8
[13:55:56.670] [HTTPREQUEST bba] Getting matched paramval from found values: ['?1', '1']
[13:55:56.670] [HTTPREQUEST bba] Found matched paramval: [string (False)(None)] Sec-Fetch-User=?1
[13:55:56.670] [HTTPREQUEST bba] Found matched paramval: [int (False)(None)] id=1
[13:55:56.670] [SQLiFuzz bba] Prioritize to fuzz matched SQL value first: [int (False)(None)] id=1
[13:55:56.670] [SQLiFuzz bba] Mutation applied. old='1' char='|' strategy='drop' new='|'
[13:55:56.671] [HTTPREQUEST bba] Update url and body param from paramvals:
[13:55:56.671] [HTTPREQUEST None] New post_data_encoded: Submit=Submit&id=%7C
[13:55:56.671] [HTTPREQUEST None] New param encoded: 
[13:55:56.671] [GENERALFUNCTION bba] ---SENDING THE REQUEST [1791050156-cbca3d73-9ddd-4cae-9a94-790f1ed50bba] TO : [POST] http://localhost:8081/a2_filtered_post.php
[13:55:56.671] [GENERALFUNCTION bba] Post data encoded: Submit=Submit&id=%7C
[13:55:56.671] [GENERALFUNCTION bba] Adjusted Content-Length to 20
[13:55:56.671] [GENERALFUNCTION bba] Adjusted Origin to http://localhost:8081
[13:55:56.671] [GENERALFUNCTION bba] Adjusted Referer to http://localhost:8081/a2_filtered_post.php
[13:55:56.671] [GENERALFUNCTION bba] DEBUG OUTGOING request.full_url: http://localhost:8081/a2_filtered_post.php
[13:55:56.671] [GENERALFUNCTION bba] DEBUG OUTGOING headers: {'Host': 'localhost:8081', 'User-Agent': 'Mozilla/5.0 (X11; Ubuntu; Linux x86_64; rv:155.0) Gecko/20100101 Firefox/155.0', 'Accept': 'text/html,application/xhtml+xml,application/xml;q=0.9,*/*;q=0.8', 'Accept-Language': 'en-US,en;q=0.9', 'Accept-Encoding': 'gzip, deflate, br, zstd', 'Content-Type': 'application/x-www-form-urlencoded', 'Content-Length': '20', 'Origin': 'http://localhost:8081', 'Connection': 'keep-alive', 'Referer': 'http://localhost:8081/a2_filtered_post.php', 'Cookie': 'PHPSESSID=35253801c188b6aea68c14a610415c8d; security=impossible', 'Upgrade-Insecure-Requests': '1', 'Sec-Fetch-Dest': 'document', 'Sec-Fetch-Mode': 'navigate', 'Sec-Fetch-Site': 'same-origin', 'Sec-Fetch-User': '?1', 'Priority': 'u=0, i'}
[13:55:56.671] [GENERALFUNCTION bba] DEBUG OUTGOING post_data_encoded (truncated): Submit=Submit&id=%7C
[13:55:56.671] [GENERALFUNCTION bba] DEBUG OUTGOING body_param_dict: {'Submit': 'Submit', 'id': '|'}
[13:55:56.745] [SQLiFuzz bba] Response status: 200
[13:55:56.745] [SQLiFuzz bba] Response URL: http://localhost:8081/a2_filtered_post.php
[13:55:56.745] [SQLiFuzz bba] Was redirected: False
[13:55:56.745] [SQLiFuzz bba] Getting response: 
<!doctype html>

<html>

<body>

<form method="POST">

  <label>User ID: <input type="text" name="id"></label>

  <input type="submit" name="Submit" value="Submit">

</form>

<pre>INPUT REJECTED</pre>
[13:55:57.746] [SQLAnalysis] Read 1 new lines from SQL log file.
[13:55:57.746] [SQLAnalysis] Appended 1 parsed entries.
[13:55:57.746] [SQLAnalysis bba] Extracted 841 Logs 2026-10-03 17:55:57.746381: [{'timestamp': '2026-10-03 17:55:56,731240', 'level': 'INFO', 'ip': '172.18.0.5', 'port': 43228, 'sql': 'USE db *#*#OK'}]
[13:55:57.746] [SQLAnalysis bba] Updated param pairs: {'looked_value': '|'}
[13:55:57.746] [SQLAnalysis bba] Looked timestamp 2026-10-03 17:55:56.671839 -- 2026-10-03 17:55:56.740809
[13:55:57.755] [SQLAnalysis bba] query_array to be checked: ['use', 'db']
[13:55:57.755] [SQLAnalysis bba] normalized_query_array: ['use', 'db']
[13:55:57.756] [SQLiFuzz bba] No weird chars exist: POST http://localhost:8081/a2_filtered_post.php | ['[string (False)(None)] Sec-Fetch-Dest=document', '[string (False)(None)] Sec-Fetch-Mode=navigate', '[string (False)(None)] Sec-Fetch-Site=same-origin', '[string (False)(None)] Sec-Fetch-User=?1', '[string (False)(None)] Priority=u=0, i', '[url (False)(None)] path0=a2_filtered_post.php', '[int (False)(None)] id=|', '[string (False)(None)] Submit=Submit'] | None
[13:55:57.756] [SQLiFuzz e0f] Getting prepared_target_request with ID 7c0 for test_SQLi iteration 65/70
[13:55:57.756] [SQLiFuzz 7c0] chosen_idx: 1 from 8
[13:55:57.756] [HTTPREQUEST 7c0] Getting matched paramval from found values: ['?1', '1']
[13:55:57.756] [HTTPREQUEST 7c0] Found matched paramval: [string (False)(None)] Sec-Fetch-User=?1
[13:55:57.756] [HTTPREQUEST 7c0] Found matched paramval: [int (False)(None)] id=1
[13:55:57.756] [SQLiFuzz 7c0] Prioritize to fuzz matched SQL value first: [int (False)(None)] id=1
[13:55:57.756] [SQLiFuzz 7c0] Mutation applied. old='1' char='_' strategy='drop' new='_'
[13:55:57.756] [HTTPREQUEST 7c0] Update url and body param from paramvals:
[13:55:57.756] [HTTPREQUEST None] New post_data_encoded: Submit=Submit&id=_
[13:55:57.757] [HTTPREQUEST None] New param encoded: 
[13:55:57.757] [GENERALFUNCTION 7c0] ---SENDING THE REQUEST [1791050157-520485e8-36c9-47f3-87d7-9958325c77c0] TO : [POST] http://localhost:8081/a2_filtered_post.php
[13:55:57.757] [GENERALFUNCTION 7c0] Post data encoded: Submit=Submit&id=_
[13:55:57.757] [GENERALFUNCTION 7c0] Adjusted Content-Length to 18
[13:55:57.757] [GENERALFUNCTION 7c0] Adjusted Origin to http://localhost:8081
[13:55:57.757] [GENERALFUNCTION 7c0] Adjusted Referer to http://localhost:8081/a2_filtered_post.php
[13:55:57.758] [GENERALFUNCTION 7c0] DEBUG OUTGOING request.full_url: http://localhost:8081/a2_filtered_post.php
[13:55:57.758] [GENERALFUNCTION 7c0] DEBUG OUTGOING headers: {'Host': 'localhost:8081', 'User-Agent': 'Mozilla/5.0 (X11; Ubuntu; Linux x86_64; rv:155.0) Gecko/20100101 Firefox/155.0', 'Accept': 'text/html,application/xhtml+xml,application/xml;q=0.9,*/*;q=0.8', 'Accept-Language': 'en-US,en;q=0.9', 'Accept-Encoding': 'gzip, deflate, br, zstd', 'Content-Type': 'application/x-www-form-urlencoded', 'Content-Length': '18', 'Origin': 'http://localhost:8081', 'Connection': 'keep-alive', 'Referer': 'http://localhost:8081/a2_filtered_post.php', 'Cookie': 'PHPSESSID=35253801c188b6aea68c14a610415c8d; security=impossible', 'Upgrade-Insecure-Requests': '1', 'Sec-Fetch-Dest': 'document', 'Sec-Fetch-Mode': 'navigate', 'Sec-Fetch-Site': 'same-origin', 'Sec-Fetch-User': '?1', 'Priority': 'u=0, i'}
[13:55:57.758] [GENERALFUNCTION 7c0] DEBUG OUTGOING post_data_encoded (truncated): Submit=Submit&id=_
[13:55:57.758] [GENERALFUNCTION 7c0] DEBUG OUTGOING body_param_dict: {'Submit': 'Submit', 'id': '_'}
[13:55:57.788] [SQLiFuzz 7c0] Response status: 200
[13:55:57.789] [SQLiFuzz 7c0] Response URL: http://localhost:8081/a2_filtered_post.php
[13:55:57.789] [SQLiFuzz 7c0] Was redirected: False
[13:55:57.789] [SQLiFuzz 7c0] Getting response: 
<!doctype html>

<html>

<body>

<form method="POST">

  <label>User ID: <input type="text" name="id"></label>

  <input type="submit" name="Submit" value="Submit">

</form>

<pre>INPUT REJECTED</pre>
[13:55:58.789] [SQLAnalysis] Read 1 new lines from SQL log file.
[13:55:58.791] [SQLAnalysis] Appended 1 parsed entries.
[13:55:58.791] [SQLAnalysis 7c0] Extracted 842 Logs 2026-10-03 17:55:58.791460: [{'timestamp': '2026-10-03 17:55:57,775573', 'level': 'INFO', 'ip': '172.18.0.5', 'port': 43256, 'sql': 'USE db *#*#OK'}]
[13:55:58.792] [SQLAnalysis 7c0] Updated param pairs: {'looked_value': '_'}
[13:55:58.792] [SQLAnalysis 7c0] Looked timestamp 2026-10-03 17:55:57.758816 -- 2026-10-03 17:55:57.784989
[13:55:58.800] [SQLAnalysis 7c0] query_array to be checked: ['use', 'db']
[13:55:58.800] [SQLAnalysis 7c0] normalized_query_array: ['use', 'db']
[13:55:58.800] [SQLiFuzz 7c0] No weird chars exist: POST http://localhost:8081/a2_filtered_post.php | ['[string (False)(None)] Sec-Fetch-Dest=document', '[string (False)(None)] Sec-Fetch-Mode=navigate', '[string (False)(None)] Sec-Fetch-Site=same-origin', '[string (False)(None)] Sec-Fetch-User=?1', '[string (False)(None)] Priority=u=0, i', '[url (False)(None)] path0=a2_filtered_post.php', '[int (False)(None)] id=_', '[string (False)(None)] Submit=Submit'] | None
[13:55:58.801] [SQLiFuzz e0f] Getting prepared_target_request with ID 639 for test_SQLi iteration 66/70
[13:55:58.801] [SQLiFuzz 639] chosen_idx: 2 from 8
[13:55:58.801] [HTTPREQUEST 639] Getting matched paramval from found values: ['?1', '1']
[13:55:58.801] [HTTPREQUEST 639] Found matched paramval: [string (False)(None)] Sec-Fetch-User=?1
[13:55:58.801] [HTTPREQUEST 639] Found matched paramval: [int (False)(None)] id=1
[13:55:58.801] [SQLiFuzz 639] Prioritize to fuzz matched SQL value first: [int (False)(None)] id=1
[13:55:58.801] [SQLiFuzz 639] Mutation applied. old='1' char=':' strategy='front' new=':1'
[13:55:58.801] [HTTPREQUEST 639] Update url and body param from paramvals:
[13:55:58.801] [HTTPREQUEST None] New post_data_encoded: Submit=Submit&id=%3A1
[13:55:58.801] [HTTPREQUEST None] New param encoded: 
[13:55:58.801] [GENERALFUNCTION 639] ---SENDING THE REQUEST [1791050158-c017c3bd-0623-408d-9023-f6a036d29639] TO : [POST] http://localhost:8081/a2_filtered_post.php
[13:55:58.801] [GENERALFUNCTION 639] Post data encoded: Submit=Submit&id=%3A1
[13:55:58.801] [GENERALFUNCTION 639] Adjusted Content-Length to 21
[13:55:58.802] [GENERALFUNCTION 639] Adjusted Origin to http://localhost:8081
[13:55:58.802] [GENERALFUNCTION 639] Adjusted Referer to http://localhost:8081/a2_filtered_post.php
[13:55:58.802] [GENERALFUNCTION 639] DEBUG OUTGOING request.full_url: http://localhost:8081/a2_filtered_post.php
[13:55:58.802] [GENERALFUNCTION 639] DEBUG OUTGOING headers: {'Host': 'localhost:8081', 'User-Agent': 'Mozilla/5.0 (X11; Ubuntu; Linux x86_64; rv:155.0) Gecko/20100101 Firefox/155.0', 'Accept': 'text/html,application/xhtml+xml,application/xml;q=0.9,*/*;q=0.8', 'Accept-Language': 'en-US,en;q=0.9', 'Accept-Encoding': 'gzip, deflate, br, zstd', 'Content-Type': 'application/x-www-form-urlencoded', 'Content-Length': '21', 'Origin': 'http://localhost:8081', 'Connection': 'keep-alive', 'Referer': 'http://localhost:8081/a2_filtered_post.php', 'Cookie': 'PHPSESSID=35253801c188b6aea68c14a610415c8d; security=impossible', 'Upgrade-Insecure-Requests': '1', 'Sec-Fetch-Dest': 'document', 'Sec-Fetch-Mode': 'navigate', 'Sec-Fetch-Site': 'same-origin', 'Sec-Fetch-User': '?1', 'Priority': 'u=0, i'}
[13:55:58.802] [GENERALFUNCTION 639] DEBUG OUTGOING post_data_encoded (truncated): Submit=Submit&id=%3A1
[13:55:58.803] [GENERALFUNCTION 639] DEBUG OUTGOING body_param_dict: {'Submit': 'Submit', 'id': ':1'}
[13:55:58.833] [SQLiFuzz 639] Response status: 200
[13:55:58.833] [SQLiFuzz 639] Response URL: http://localhost:8081/a2_filtered_post.php
[13:55:58.833] [SQLiFuzz 639] Was redirected: False
[13:55:58.833] [SQLiFuzz 639] Getting response: 
<!doctype html>

<html>

<body>

<form method="POST">

  <label>User ID: <input type="text" name="id"></label>

  <input type="submit" name="Submit" value="Submit">

</form>

<pre>INPUT REJECTED</pre>
[13:55:59.834] [SQLAnalysis] Read 1 new lines from SQL log file.
[13:55:59.834] [SQLAnalysis] Appended 1 parsed entries.
[13:55:59.834] [SQLAnalysis 639] Extracted 843 Logs 2026-10-03 17:55:59.834633: [{'timestamp': '2026-10-03 17:55:58,819895', 'level': 'INFO', 'ip': '172.18.0.5', 'port': 43264, 'sql': 'USE db *#*#OK'}]
[13:55:59.834] [SQLAnalysis 639] Updated param pairs: {'looked_value': ':1'}
[13:55:59.834] [SQLAnalysis 639] Looked timestamp 2026-10-03 17:55:58.803879 -- 2026-10-03 17:55:58.828532
[13:55:59.844] [SQLAnalysis 639] query_array to be checked: ['use', 'db']
[13:55:59.845] [SQLAnalysis 639] normalized_query_array: ['use', 'db']
[13:55:59.845] [SQLiFuzz 639] No weird chars exist: POST http://localhost:8081/a2_filtered_post.php | ['[string (False)(None)] Sec-Fetch-Dest=document', '[string (False)(None)] Sec-Fetch-Mode=navigate', '[string (False)(None)] Sec-Fetch-Site=same-origin', '[string (False)(None)] Sec-Fetch-User=?1', '[string (False)(None)] Priority=u=0, i', '[url (False)(None)] path0=a2_filtered_post.php', '[int (False)(None)] id=:1', '[string (False)(None)] Submit=Submit'] | None
[13:55:59.846] [SQLiFuzz e0f] Getting prepared_target_request with ID 4f2 for test_SQLi iteration 67/70
[13:55:59.846] [SQLiFuzz 4f2] chosen_idx: 4 from 8
[13:55:59.846] [HTTPREQUEST 4f2] Getting matched paramval from found values: ['?1', '1']
[13:55:59.847] [HTTPREQUEST 4f2] Found matched paramval: [string (False)(None)] Sec-Fetch-User=?1
[13:55:59.847] [HTTPREQUEST 4f2] Found matched paramval: [int (False)(None)] id=1
[13:55:59.848] [SQLiFuzz 4f2] Prioritize to fuzz matched SQL value first: [int (False)(None)] id=1
[13:55:59.848] [SQLiFuzz 4f2] Mutation applied. old='1' char='<' strategy='tail' new='1<'
[13:55:59.848] [HTTPREQUEST 4f2] Update url and body param from paramvals:
[13:55:59.848] [HTTPREQUEST None] New post_data_encoded: Submit=Submit&id=1%3C
[13:55:59.848] [HTTPREQUEST None] New param encoded: 
[13:55:59.848] [GENERALFUNCTION 4f2] ---SENDING THE REQUEST [1791050159-8bb79117-b9a8-4c8d-ade7-6252706454f2] TO : [POST] http://localhost:8081/a2_filtered_post.php
[13:55:59.848] [GENERALFUNCTION 4f2] Post data encoded: Submit=Submit&id=1%3C
[13:55:59.848] [GENERALFUNCTION 4f2] Adjusted Content-Length to 21
[13:55:59.849] [GENERALFUNCTION 4f2] Adjusted Origin to http://localhost:8081
[13:55:59.849] [GENERALFUNCTION 4f2] Adjusted Referer to http://localhost:8081/a2_filtered_post.php
[13:55:59.849] [GENERALFUNCTION 4f2] DEBUG OUTGOING request.full_url: http://localhost:8081/a2_filtered_post.php
[13:55:59.849] [GENERALFUNCTION 4f2] DEBUG OUTGOING headers: {'Host': 'localhost:8081', 'User-Agent': 'Mozilla/5.0 (X11; Ubuntu; Linux x86_64; rv:155.0) Gecko/20100101 Firefox/155.0', 'Accept': 'text/html,application/xhtml+xml,application/xml;q=0.9,*/*;q=0.8', 'Accept-Language': 'en-US,en;q=0.9', 'Accept-Encoding': 'gzip, deflate, br, zstd', 'Content-Type': 'application/x-www-form-urlencoded', 'Content-Length': '21', 'Origin': 'http://localhost:8081', 'Connection': 'keep-alive', 'Referer': 'http://localhost:8081/a2_filtered_post.php', 'Cookie': 'PHPSESSID=35253801c188b6aea68c14a610415c8d; security=impossible', 'Upgrade-Insecure-Requests': '1', 'Sec-Fetch-Dest': 'document', 'Sec-Fetch-Mode': 'navigate', 'Sec-Fetch-Site': 'same-origin', 'Sec-Fetch-User': '?1', 'Priority': 'u=0, i'}
[13:55:59.849] [GENERALFUNCTION 4f2] DEBUG OUTGOING post_data_encoded (truncated): Submit=Submit&id=1%3C
[13:55:59.849] [GENERALFUNCTION 4f2] DEBUG OUTGOING body_param_dict: {'Submit': 'Submit', 'id': '1<'}
[13:55:59.879] [SQLiFuzz 4f2] Response status: 200
[13:55:59.879] [SQLiFuzz 4f2] Response URL: http://localhost:8081/a2_filtered_post.php
[13:55:59.879] [SQLiFuzz 4f2] Was redirected: False
[13:55:59.879] [SQLiFuzz 4f2] Getting response: 
<!doctype html>

<html>

<body>

<form method="POST">

  <label>User ID: <input type="text" name="id"></label>

  <input type="submit" name="Submit" value="Submit">

</form>

<pre>INPUT REJECTED</pre>
[13:56:00.880] [SQLAnalysis] Read 1 new lines from SQL log file.
[13:56:00.880] [SQLAnalysis] Appended 1 parsed entries.
[13:56:00.881] [SQLAnalysis 4f2] Extracted 844 Logs 2026-10-03 17:56:00.880987: [{'timestamp': '2026-10-03 17:55:59,866261', 'level': 'INFO', 'ip': '172.18.0.5', 'port': 43284, 'sql': 'USE db *#*#OK'}]
[13:56:00.881] [SQLAnalysis 4f2] Updated param pairs: {'looked_value': '1<'}
[13:56:00.881] [SQLAnalysis 4f2] Looked timestamp 2026-10-03 17:55:59.849741 -- 2026-10-03 17:55:59.875214
[13:56:00.888] [SQLAnalysis 4f2] query_array to be checked: ['use', 'db']
[13:56:00.888] [SQLAnalysis 4f2] normalized_query_array: ['use', 'db']
[13:56:00.888] [SQLiFuzz 4f2] No weird chars exist: POST http://localhost:8081/a2_filtered_post.php | ['[string (False)(None)] Sec-Fetch-Dest=document', '[string (False)(None)] Sec-Fetch-Mode=navigate', '[string (False)(None)] Sec-Fetch-Site=same-origin', '[string (False)(None)] Sec-Fetch-User=?1', '[string (False)(None)] Priority=u=0, i', '[url (False)(None)] path0=a2_filtered_post.php', '[int (False)(None)] id=1<', '[string (False)(None)] Submit=Submit'] | None
[13:56:00.888] [SQLiFuzz e0f] Getting prepared_target_request with ID 7d0 for test_SQLi iteration 68/70
[13:56:00.888] [SQLiFuzz 7d0] chosen_idx: 5 from 8
[13:56:00.888] [HTTPREQUEST 7d0] Getting matched paramval from found values: ['?1', '1']
[13:56:00.888] [HTTPREQUEST 7d0] Found matched paramval: [string (False)(None)] Sec-Fetch-User=?1
[13:56:00.888] [HTTPREQUEST 7d0] Found matched paramval: [int (False)(None)] id=1
[13:56:00.889] [SQLiFuzz 7d0] Prioritize to fuzz matched SQL value first: [int (False)(None)] id=1
[13:56:00.889] [SQLiFuzz 7d0] Mutation applied. old='1' char='?' strategy='front' new='?1'
[13:56:00.889] [HTTPREQUEST 7d0] Update url and body param from paramvals:
[13:56:00.889] [HTTPREQUEST None] New post_data_encoded: Submit=Submit&id=%3F1
[13:56:00.889] [HTTPREQUEST None] New param encoded: 
[13:56:00.889] [GENERALFUNCTION 7d0] ---SENDING THE REQUEST [1791050160-58b192f4-27d3-4e2f-8f6a-f3a3280d67d0] TO : [POST] http://localhost:8081/a2_filtered_post.php
[13:56:00.889] [GENERALFUNCTION 7d0] Post data encoded: Submit=Submit&id=%3F1
[13:56:00.889] [GENERALFUNCTION 7d0] Adjusted Content-Length to 21
[13:56:00.889] [GENERALFUNCTION 7d0] Adjusted Origin to http://localhost:8081
[13:56:00.889] [GENERALFUNCTION 7d0] Adjusted Referer to http://localhost:8081/a2_filtered_post.php
[13:56:00.890] [GENERALFUNCTION 7d0] DEBUG OUTGOING request.full_url: http://localhost:8081/a2_filtered_post.php
[13:56:00.890] [GENERALFUNCTION 7d0] DEBUG OUTGOING headers: {'Host': 'localhost:8081', 'User-Agent': 'Mozilla/5.0 (X11; Ubuntu; Linux x86_64; rv:155.0) Gecko/20100101 Firefox/155.0', 'Accept': 'text/html,application/xhtml+xml,application/xml;q=0.9,*/*;q=0.8', 'Accept-Language': 'en-US,en;q=0.9', 'Accept-Encoding': 'gzip, deflate, br, zstd', 'Content-Type': 'application/x-www-form-urlencoded', 'Content-Length': '21', 'Origin': 'http://localhost:8081', 'Connection': 'keep-alive', 'Referer': 'http://localhost:8081/a2_filtered_post.php', 'Cookie': 'PHPSESSID=35253801c188b6aea68c14a610415c8d; security=impossible', 'Upgrade-Insecure-Requests': '1', 'Sec-Fetch-Dest': 'document', 'Sec-Fetch-Mode': 'navigate', 'Sec-Fetch-Site': 'same-origin', 'Sec-Fetch-User': '?1', 'Priority': 'u=0, i'}
[13:56:00.890] [GENERALFUNCTION 7d0] DEBUG OUTGOING post_data_encoded (truncated): Submit=Submit&id=%3F1
[13:56:00.890] [GENERALFUNCTION 7d0] DEBUG OUTGOING body_param_dict: {'Submit': 'Submit', 'id': '?1'}
[13:56:00.916] [SQLiFuzz 7d0] Response status: 200
[13:56:00.917] [SQLiFuzz 7d0] Response URL: http://localhost:8081/a2_filtered_post.php
[13:56:00.917] [SQLiFuzz 7d0] Was redirected: False
[13:56:00.917] [SQLiFuzz 7d0] Getting response: 
<!doctype html>

<html>

<body>

<form method="POST">

  <label>User ID: <input type="text" name="id"></label>

  <input type="submit" name="Submit" value="Submit">

</form>

<pre>INPUT REJECTED</pre>
[13:56:01.917] [SQLAnalysis] Read 1 new lines from SQL log file.
[13:56:01.917] [SQLAnalysis] Appended 1 parsed entries.
[13:56:01.918] [SQLAnalysis 7d0] Extracted 845 Logs 2026-10-03 17:56:01.918053: [{'timestamp': '2026-10-03 17:56:00,904172', 'level': 'INFO', 'ip': '172.18.0.5', 'port': 33882, 'sql': 'USE db *#*#OK'}]
[13:56:01.918] [SQLAnalysis 7d0] Updated param pairs: {'looked_value': '?1'}
[13:56:01.918] [SQLAnalysis 7d0] Looked timestamp 2026-10-03 17:56:00.890266 -- 2026-10-03 17:56:00.912922
[13:56:01.930] [SQLAnalysis 7d0] query_array to be checked: ['use', 'db']
[13:56:01.931] [SQLAnalysis 7d0] normalized_query_array: ['use', 'db']
[13:56:01.931] [SQLiFuzz 7d0] No weird chars exist: POST http://localhost:8081/a2_filtered_post.php | ['[string (False)(None)] Sec-Fetch-Dest=document', '[string (False)(None)] Sec-Fetch-Mode=navigate', '[string (False)(None)] Sec-Fetch-Site=same-origin', '[string (False)(None)] Sec-Fetch-User=?1', '[string (False)(None)] Priority=u=0, i', '[url (False)(None)] path0=a2_filtered_post.php', '[int (False)(None)] id=?1', '[string (False)(None)] Submit=Submit'] | None
[13:56:01.931] [SQLiFuzz e0f] Getting prepared_target_request with ID eb4 for test_SQLi iteration 69/70
[13:56:01.931] [SQLiFuzz eb4] chosen_idx: 1 from 8
[13:56:01.931] [HTTPREQUEST eb4] Getting matched paramval from found values: ['?1', '1']
[13:56:01.931] [HTTPREQUEST eb4] Found matched paramval: [string (False)(None)] Sec-Fetch-User=?1
[13:56:01.931] [HTTPREQUEST eb4] Found matched paramval: [int (False)(None)] id=1
[13:56:01.931] [SQLiFuzz eb4] Prioritize to fuzz matched SQL value first: [int (False)(None)] id=1
[13:56:01.932] [SQLiFuzz eb4] Mutation applied. old='1' char='@' strategy='drop' new='@'
[13:56:01.932] [HTTPREQUEST eb4] Update url and body param from paramvals:
[13:56:01.932] [HTTPREQUEST None] New post_data_encoded: Submit=Submit&id=%40
[13:56:01.932] [HTTPREQUEST None] New param encoded: 
[13:56:01.932] [GENERALFUNCTION eb4] ---SENDING THE REQUEST [1791050161-857c164a-bc33-46f7-9dd5-960232d20eb4] TO : [POST] http://localhost:8081/a2_filtered_post.php
[13:56:01.932] [GENERALFUNCTION eb4] Post data encoded: Submit=Submit&id=%40
[13:56:01.932] [GENERALFUNCTION eb4] Adjusted Content-Length to 20
[13:56:01.932] [GENERALFUNCTION eb4] Adjusted Origin to http://localhost:8081
[13:56:01.932] [GENERALFUNCTION eb4] Adjusted Referer to http://localhost:8081/a2_filtered_post.php
[13:56:01.932] [GENERALFUNCTION eb4] DEBUG OUTGOING request.full_url: http://localhost:8081/a2_filtered_post.php
[13:56:01.932] [GENERALFUNCTION eb4] DEBUG OUTGOING headers: {'Host': 'localhost:8081', 'User-Agent': 'Mozilla/5.0 (X11; Ubuntu; Linux x86_64; rv:155.0) Gecko/20100101 Firefox/155.0', 'Accept': 'text/html,application/xhtml+xml,application/xml;q=0.9,*/*;q=0.8', 'Accept-Language': 'en-US,en;q=0.9', 'Accept-Encoding': 'gzip, deflate, br, zstd', 'Content-Type': 'application/x-www-form-urlencoded', 'Content-Length': '20', 'Origin': 'http://localhost:8081', 'Connection': 'keep-alive', 'Referer': 'http://localhost:8081/a2_filtered_post.php', 'Cookie': 'PHPSESSID=35253801c188b6aea68c14a610415c8d; security=impossible', 'Upgrade-Insecure-Requests': '1', 'Sec-Fetch-Dest': 'document', 'Sec-Fetch-Mode': 'navigate', 'Sec-Fetch-Site': 'same-origin', 'Sec-Fetch-User': '?1', 'Priority': 'u=0, i'}
[13:56:01.932] [GENERALFUNCTION eb4] DEBUG OUTGOING post_data_encoded (truncated): Submit=Submit&id=%40
[13:56:01.932] [GENERALFUNCTION eb4] DEBUG OUTGOING body_param_dict: {'Submit': 'Submit', 'id': '@'}
[13:56:01.960] [SQLiFuzz eb4] Response status: 200
[13:56:01.961] [SQLiFuzz eb4] Response URL: http://localhost:8081/a2_filtered_post.php
[13:56:01.961] [SQLiFuzz eb4] Was redirected: False
[13:56:01.961] [SQLiFuzz eb4] Getting response: 
<!doctype html>

<html>

<body>

<form method="POST">

  <label>User ID: <input type="text" name="id"></label>

  <input type="submit" name="Submit" value="Submit">

</form>

<pre>INPUT REJECTED</pre>
[13:56:02.962] [SQLAnalysis] Read 1 new lines from SQL log file.
[13:56:02.964] [SQLAnalysis] Appended 1 parsed entries.
[13:56:02.964] [SQLAnalysis eb4] Extracted 846 Logs 2026-10-03 17:56:02.964325: [{'timestamp': '2026-10-03 17:56:01,948492', 'level': 'INFO', 'ip': '172.18.0.5', 'port': 33888, 'sql': 'USE db *#*#OK'}]
[13:56:02.964] [SQLAnalysis eb4] Updated param pairs: {'looked_value': '@'}
[13:56:02.965] [SQLAnalysis eb4] Looked timestamp 2026-10-03 17:56:01.933040 -- 2026-10-03 17:56:01.956426
[13:56:02.973] [SQLAnalysis eb4] query_array to be checked: ['use', 'db']
[13:56:02.973] [SQLAnalysis eb4] normalized_query_array: ['use', 'db']
[13:56:02.973] [SQLiFuzz eb4] No weird chars exist: POST http://localhost:8081/a2_filtered_post.php | ['[string (False)(None)] Sec-Fetch-Dest=document', '[string (False)(None)] Sec-Fetch-Mode=navigate', '[string (False)(None)] Sec-Fetch-Site=same-origin', '[string (False)(None)] Sec-Fetch-User=?1', '[string (False)(None)] Priority=u=0, i', '[url (False)(None)] path0=a2_filtered_post.php', '[int (False)(None)] id=@', '[string (False)(None)] Submit=Submit'] | None
[13:56:02.974] [SQLiFuzz e0f] Getting prepared_target_request with ID d23 for test_SQLi iteration 70/70
[13:56:02.975] [SQLiFuzz d23] chosen_idx: 5 from 8
[13:56:02.975] [HTTPREQUEST d23] Getting matched paramval from found values: ['?1', '1']
[13:56:02.975] [HTTPREQUEST d23] Found matched paramval: [string (False)(None)] Sec-Fetch-User=?1
[13:56:02.975] [HTTPREQUEST d23] Found matched paramval: [int (False)(None)] id=1
[13:56:02.975] [SQLiFuzz d23] Prioritize to fuzz matched SQL value first: [int (False)(None)] id=1
[13:56:02.975] [SQLiFuzz d23] Mutation applied. old='1' char='!' strategy='front' new='!1'
[13:56:02.975] [HTTPREQUEST d23] Update url and body param from paramvals:
[13:56:02.975] [HTTPREQUEST None] New post_data_encoded: Submit=Submit&id=%211
[13:56:02.975] [HTTPREQUEST None] New param encoded: 
[13:56:02.975] [GENERALFUNCTION d23] ---SENDING THE REQUEST [1791050162-a7827528-2e9b-48c9-9d1a-6c23a6057d23] TO : [POST] http://localhost:8081/a2_filtered_post.php
[13:56:02.975] [GENERALFUNCTION d23] Post data encoded: Submit=Submit&id=%211
[13:56:02.975] [GENERALFUNCTION d23] Adjusted Content-Length to 21
[13:56:02.975] [GENERALFUNCTION d23] Adjusted Origin to http://localhost:8081
[13:56:02.976] [GENERALFUNCTION d23] Adjusted Referer to http://localhost:8081/a2_filtered_post.php
[13:56:02.976] [GENERALFUNCTION d23] DEBUG OUTGOING request.full_url: http://localhost:8081/a2_filtered_post.php
[13:56:02.976] [GENERALFUNCTION d23] DEBUG OUTGOING headers: {'Host': 'localhost:8081', 'User-Agent': 'Mozilla/5.0 (X11; Ubuntu; Linux x86_64; rv:155.0) Gecko/20100101 Firefox/155.0', 'Accept': 'text/html,application/xhtml+xml,application/xml;q=0.9,*/*;q=0.8', 'Accept-Language': 'en-US,en;q=0.9', 'Accept-Encoding': 'gzip, deflate, br, zstd', 'Content-Type': 'application/x-www-form-urlencoded', 'Content-Length': '21', 'Origin': 'http://localhost:8081', 'Connection': 'keep-alive', 'Referer': 'http://localhost:8081/a2_filtered_post.php', 'Cookie': 'PHPSESSID=35253801c188b6aea68c14a610415c8d; security=impossible', 'Upgrade-Insecure-Requests': '1', 'Sec-Fetch-Dest': 'document', 'Sec-Fetch-Mode': 'navigate', 'Sec-Fetch-Site': 'same-origin', 'Sec-Fetch-User': '?1', 'Priority': 'u=0, i'}
[13:56:02.976] [GENERALFUNCTION d23] DEBUG OUTGOING post_data_encoded (truncated): Submit=Submit&id=%211
[13:56:02.976] [GENERALFUNCTION d23] DEBUG OUTGOING body_param_dict: {'Submit': 'Submit', 'id': '!1'}
[13:56:03.010] [SQLiFuzz d23] Response status: 200
[13:56:03.010] [SQLiFuzz d23] Response URL: http://localhost:8081/a2_filtered_post.php
[13:56:03.011] [SQLiFuzz d23] Was redirected: False
[13:56:03.011] [SQLiFuzz d23] Getting response: 
<!doctype html>

<html>

<body>

<form method="POST">

  <label>User ID: <input type="text" name="id"></label>

  <input type="submit" name="Submit" value="Submit">

</form>

<pre>INPUT REJECTED</pre>
[13:56:04.012] [SQLAnalysis] Read 1 new lines from SQL log file.
[13:56:04.012] [SQLAnalysis] Appended 1 parsed entries.
[13:56:04.012] [SQLAnalysis d23] Extracted 847 Logs 2026-10-03 17:56:04.012649: [{'timestamp': '2026-10-03 17:56:02,996464', 'level': 'INFO', 'ip': '172.18.0.5', 'port': 33902, 'sql': 'USE db *#*#OK'}]
[13:56:04.012] [SQLAnalysis d23] Updated param pairs: {'looked_value': '!1'}
[13:56:04.012] [SQLAnalysis d23] Looked timestamp 2026-10-03 17:56:02.976357 -- 2026-10-03 17:56:03.005394
[13:56:04.020] [SQLAnalysis d23] query_array to be checked: ['use', 'db']
[13:56:04.020] [SQLAnalysis d23] normalized_query_array: ['use', 'db']
[13:56:04.020] [SQLiFuzz d23] No weird chars exist: POST http://localhost:8081/a2_filtered_post.php | ['[string (False)(None)] Sec-Fetch-Dest=document', '[string (False)(None)] Sec-Fetch-Mode=navigate', '[string (False)(None)] Sec-Fetch-Site=same-origin', '[string (False)(None)] Sec-Fetch-User=?1', '[string (False)(None)] Priority=u=0, i', '[url (False)(None)] path0=a2_filtered_post.php', '[int (False)(None)] id=!1', '[string (False)(None)] Submit=Submit'] | None
[13:56:04.020] [SQLiFuzz d23] No SQL Injection. Drop it. POST http://localhost:8081/a2_filtered_post.php | ['[string (False)(None)] Sec-Fetch-Dest=document', '[string (False)(None)] Sec-Fetch-Mode=navigate', '[string (False)(None)] Sec-Fetch-Site=same-origin', '[string (False)(None)] Sec-Fetch-User=?1', '[string (False)(None)] Priority=u=0, i', '[url (False)(None)] path0=a2_filtered_post.php', '[int (False)(None)] id=!1', '[string (False)(None)] Submit=Submit'] | None
[13:56:04.031] [HOOK e0f] Completed fuzz (remaining: 0)
[13:58:11.480] [HOOK] Idle timeout (120s) reached with no pending tasks. Initiating shutdown...
[HOOK] Idle timeout reached. Saving results and shutting down...
[13:58:11.480] 


-----FINAL RESULT------
FINAL RESULT
[13:58:11.480] ###Matched SQL Injection Detected: [METHOD] | [URL] | [PARAMS] | [POST_DATA] [MATCHED_PAYLOAD] ==> [SQL_DETECTED] || [ERROR_SQL_DETECTED]

###Matched SQL Injection Detected: [METHOD] | [URL] | [PARAMS] | [POST_DATA] [MATCHED_PAYLOAD] ==> [SQL_DETECTED] || [ERROR_SQL_DETECTED]

[13:58:11.480] No SQL Injection Detected.

No SQL Injection Detected.

[13:58:11.481] [SQLICollection] Result will be saved in final_result/FR/FR-dvwa--emmalee-VMware-Virtual-Platform-1791050070.txt
[13:58:11.481] [SQLICollection] Statistics: {'total_req': 2, 'sql_req': 1, 'null_req': 0, 'not_sql_req': 1, 'sql_injection_detected': 0, 'another_sql_error_detected': 0, 'sql_req_not_detected': 1, 'error_req': 0, 'fuzzed_req': 70, 'processing_time_total': 1.9998059999999998, 'processing_time_ave': 0.02856865714285714, 'running_time': '0:03:41.364103', 200: 2}
[13:58:11.481] [HOOK] FINISH on 2026-10-03 13:58:11.480673. Total run time: 0:03:41.364103
[HOOK] FINISH on 2026-10-03 13:58:11.480673. Total run time: 0:03:41.364103
