[14:00:02.357] Loading script sqlifuzz/mitmproxy_addon.py
[14:00:02.706] [CONFIG] A config file from configs/config-general.yaml is loaded.
[14:00:02.707] [HOOK] Idle shutdown monitor started. Will check after 60s initial wait...
[14:00:02.707] [HOOK] Idle shutdown monitor scheduled (timeout: 120s)
[14:00:02.707] Starting Time: 2026-10-03 14:00:02.669022
[14:00:02.707] Start MITM Addon with 10 max concurrent fuzzing tasks
[14:00:02.708] [HOOK] Number response: 0 | Memory usage (MB): 81.1640625 PID: 72676
[14:00:02.708] [STATS] {'total_req': 0, 'sql_req': 0, 'null_req': 0, 'not_sql_req': 0, 'sql_injection_detected': 0, 'another_sql_error_detected': 0, 'sql_req_not_detected': 0, 'error_req': 0, 'fuzzed_req': 0, 'processing_time_total': 0.0, 'processing_time_ave': 0.0, 'running_time': 'Not finished yet'}
[14:00:02.710] reverse proxy to http://localhost:8081 listening at *:8888.
[14:00:08.003][127.0.0.1:34050] client connect
[14:00:08.010][127.0.0.1:34050] server connect localhost:8081 (127.0.0.1:8081)
[14:00:13.950][127.0.0.1:34050] client disconnect
[14:00:13.952][127.0.0.1:34050] server disconnect localhost:8081 (127.0.0.1:8081)
[14:00:14.105][127.0.0.1:52614] client connect
[14:00:14.109][127.0.0.1:52614] server connect localhost:8081 (127.0.0.1:8081)
[14:00:15.657] [HOOK 62b] Check GET http://localhost:8081/a2_filtered_post.php || 
[14:00:15.657] [HTTPREQUEST 62b] Converting Request Entry to HTTP Request: f18d71c1-d52b-4ea4-b212-18c07176762b
[14:00:15.658] [HTTPREQUEST 62b] No content-type is found
[14:00:16.659] [SQLAnalysis] Read 857 new lines from SQL log file.
[14:00:16.663] [SQLAnalysis] Appended 848 parsed entries.
[14:00:16.664] [SQLAnalysis 62b] Extracted 848 Logs 2026-10-03 18:00:16.664004: [{'timestamp': '2026-10-03 18:00:15,648523', 'level': 'INFO', 'ip': '172.18.0.5', 'port': 35138, 'sql': 'USE db *#*#OK'}]
[14:00:16.666] [SQLAnalysis 62b] Checking Request: GET http://localhost:8081/a2_filtered_post.php | ['[string (False)(None)] Sec-Fetch-Dest=document', '[string (False)(None)] Sec-Fetch-Mode=navigate', '[string (False)(None)] Sec-Fetch-Site=none', '[string (False)(None)] Sec-Fetch-User=?1', '[string (False)(None)] Priority=u=0, i', '[url (False)(None)] path0=a2_filtered_post.php'] | None
[14:00:16.666] [SQLAnalysis 62b] Updated param pairs: {'Sec-Fetch-Dest': 'document', 'Sec-Fetch-Mode': 'navigate', 'Sec-Fetch-Site': 'none', 'Sec-Fetch-User': '?1', 'Priority': 'u=0, i', 'path0': 'a2_filtered_post.php'}
[14:00:16.666] [SQLAnalysis 62b] Looked timestamp 2026-10-03 18:00:15.641000 -- 2026-10-03 18:00:15.655000
[14:00:16.674] [SQLAnalysis 62b] query_array to be checked: ['use', 'db']
[14:00:16.674] [SQLAnalysis 62b] normalized_query_array: ['use', 'db']
[14:00:16.674] [HTTPREQUEST 62b] Getting null paramvals
[14:00:16.674] [HOOK 62b] The request does not trigger SQL query. Drop it. GET http://localhost:8081/a2_filtered_post.php || 
127.0.0.1:52614: GET http://localhost:8081/a2_filtered_post.php
              << 200 OK 147b
[14:00:18.642] [HOOK 6b2] Check POST http://localhost:8081/a2_filtered_post.php || id=1&Submit=Submit
[14:00:18.643] [HTTPREQUEST 6b2] Converting Request Entry to HTTP Request: b335de03-2d75-4a16-8a2e-c79ac5d0e6b2
[14:00:18.643] [HTTPREQUEST 6b2] Seeing a post data with x-www-form-urlencoded content-type in b335de03-2d75-4a16-8a2e-c79ac5d0e6b2
[14:00:18.643] [FUNCTION] Call parse_post_data for id=1&Submit=Submit
[14:00:19.644] [SQLAnalysis] Read 2 new lines from SQL log file.
[14:00:19.644] [SQLAnalysis] Appended 2 parsed entries.
[14:00:19.644] [SQLAnalysis 6b2] Extracted 850 Logs 2026-10-03 18:00:19.644431: [{'timestamp': '2026-10-03 18:00:18,638330', 'level': 'INFO', 'ip': '172.18.0.5', 'port': 35158, 'sql': 'SELECT first_name, last_name FROM users WHERE user_id = 1 *#*#Result Set'}]
[14:00:19.646] [SQLAnalysis 6b2] Checking Request: POST http://localhost:8081/a2_filtered_post.php | ['[string (False)(None)] Sec-Fetch-Dest=document', '[string (False)(None)] Sec-Fetch-Mode=navigate', '[string (False)(None)] Sec-Fetch-Site=same-origin', '[string (False)(None)] Sec-Fetch-User=?1', '[string (False)(None)] Priority=u=0, i', '[url (False)(None)] path0=a2_filtered_post.php', '[int (False)(None)] id=1', '[string (False)(None)] Submit=Submit'] | None
[14:00:19.646] [SQLAnalysis 6b2] Updated param pairs: {'Sec-Fetch-Dest': 'document', 'Sec-Fetch-Mode': 'navigate', 'Sec-Fetch-Site': 'same-origin', 'Sec-Fetch-User': '?1', 'Priority': 'u=0, i', 'path0': 'a2_filtered_post.php', 'id': '1', 'Submit': 'Submit'}
[14:00:19.646] [SQLAnalysis 6b2] Looked timestamp 2026-10-03 18:00:18.620000 -- 2026-10-03 18:00:18.642000
[14:00:19.657] [SQLAnalysis 6b2] query_array to be checked: ['use', 'db']
[14:00:19.657] [SQLAnalysis 6b2] normalized_query_array: ['use', 'db']
[14:00:19.658] [SQLAnalysis 6b2] query_array to be checked: ['select', 'first_name', 'last_name', 'from', 'users', 'where', 'user_id', '=', '1']
[14:00:19.658] [SQLAnalysis 6b2] normalized_query_array: ['select', 'firstname', 'lastname', 'from', 'users', 'where', 'userid', '', '1']
[14:00:19.658] [SQLAnalysis 6b2] Getting Sec-Fetch-User==>?1 [1] in ['select', 'firstname', 'lastname', 'from', 'users', 'where', 'userid', '', '1']
[14:00:19.658] [SQLAnalysis 6b2] Getting id==>1 [1] in ['select', 'firstname', 'lastname', 'from', 'users', 'where', 'userid', '', '1']
[14:00:19.658] [HOOK 6b2] Get matching queries: ['select first_name, last_name from users where user_id = 1 *#*#result set', 'select first_name, last_name from users where user_id = 1 *#*#result set'] from POST http://localhost:8081/a2_filtered_post.php || id=1&Submit=Submit
[14:00:19.658] [HOOK 6b2] Async callback triggered for: http://localhost:8081/a2_filtered_post.php
[HOOK 6b2] Starting fuzz http://localhost:8081/a2_filtered_post.php (pending: 1 requests)
[14:00:19.658] [HOOK 6b2] Starting fuzz (pending: 1)
[14:00:19.658] [SQLiFuzz 6b2] Calling send_requests for: http://localhost:8081/a2_filtered_post.php
[14:00:19.658] [SQLiFuzz 6b2] DEBUG Captured request body (truncated): id=1&Submit=Submit
[14:00:19.658] [SQLiFuzz 6b2] DEBUG Captured request headers: {'Host': 'localhost:8081', 'User-Agent': 'Mozilla/5.0 (X11; Ubuntu; Linux x86_64; rv:155.0) Gecko/20100101 Firefox/155.0', 'Accept': 'text/html,application/xhtml+xml,application/xml;q=0.9,*/*;q=0.8', 'Accept-Language': 'en-US,en;q=0.9', 'Accept-Encoding': 'gzip, deflate, br, zstd', 'Content-Type': 'application/x-www-form-urlencoded', 'Content-Length': '18', 'Origin': 'http://localhost:8888', 'Connection': 'keep-alive', 'Referer': 'http://localhost:8888/a2_filtered_post.php', 'Cookie': 'PHPSESSID=9cf7a76824a1e7814f8220e72977d3c5; security=impossible', 'Upgrade-Insecure-Requests': '1', 'Sec-Fetch-Dest': 'document', 'Sec-Fetch-Mode': 'navigate', 'Sec-Fetch-Site': 'same-origin', 'Sec-Fetch-User': '?1', 'Priority': 'u=0, i'}
[14:00:19.659] [SQLiFuzz 6b2] DEBUG Converted request.post_data_encoded (truncated): id=1&Submit=Submit
[14:00:19.659] [SQLiFuzz 6b2] DEBUG Converted request.header: {'Host': 'localhost:8081', 'User-Agent': 'Mozilla/5.0 (X11; Ubuntu; Linux x86_64; rv:155.0) Gecko/20100101 Firefox/155.0', 'Accept': 'text/html,application/xhtml+xml,application/xml;q=0.9,*/*;q=0.8', 'Accept-Language': 'en-US,en;q=0.9', 'Accept-Encoding': 'gzip, deflate, br, zstd', 'Content-Type': 'application/x-www-form-urlencoded', 'Content-Length': '18', 'Origin': 'http://localhost:8888', 'Connection': 'keep-alive', 'Referer': 'http://localhost:8888/a2_filtered_post.php', 'Cookie': 'PHPSESSID=9cf7a76824a1e7814f8220e72977d3c5; security=impossible', 'Upgrade-Insecure-Requests': '1', 'Sec-Fetch-Dest': 'document', 'Sec-Fetch-Mode': 'navigate', 'Sec-Fetch-Site': 'same-origin', 'Sec-Fetch-User': '?1', 'Priority': 'u=0, i'}
[14:00:19.659] [SQLiFuzz 6b2] DEBUG Converted request.content_type: application/x-www-form-urlencoded
127.0.0.1:52614: POST http://localhost:8081/a2_filtered_post.php
              << 200 OK 158b
[14:00:20.220] [SQLiFuzz 6b2] test_SQLi for POST http://localhost:8081/a2_filtered_post.php | ['[string (False)(None)] Sec-Fetch-Dest=document', '[string (False)(None)] Sec-Fetch-Mode=navigate', '[string (False)(None)] Sec-Fetch-Site=same-origin', '[string (False)(None)] Sec-Fetch-User=?1', '[string (False)(None)] Priority=u=0, i', '[url (False)(None)] path0=a2_filtered_post.php', '[int (False)(None)] id=1', '[string (False)(None)] Submit=Submit'] | None
[14:00:20.221] [SQLiFuzz 6b2] Getting prepared_target_request with ID e11 for test_SQLi iteration 1/70
[14:00:20.221] [SQLiFuzz e11] chosen_idx: 3 from 8
[14:00:20.222] [HTTPREQUEST e11] Getting matched paramval from found values: ['?1', '1']
[14:00:20.222] [HTTPREQUEST e11] Found matched paramval: [string (False)(None)] Sec-Fetch-User=?1
[14:00:20.222] [HTTPREQUEST e11] Found matched paramval: [int (False)(None)] id=1
[14:00:20.222] [SQLiFuzz e11] Prioritize to fuzz matched SQL value first: [string (False)(None)] Sec-Fetch-User=?1
[14:00:20.222] [SQLiFuzz e11] Mutation applied. old='?1' char=''' strategy='drop' new='''
[14:00:20.222] [HTTPREQUEST e11] Update url and body param from paramvals:
[14:00:20.222] [HTTPREQUEST None] New post_data_encoded: Submit=Submit&id=1
[14:00:20.222] [HTTPREQUEST None] New param encoded: 
[14:00:20.222] [GENERALFUNCTION e11] ---SENDING THE REQUEST [1791050420-c3b2d1ed-0b92-4c09-ba10-6a31675bfe11] TO : [POST] http://localhost:8081/a2_filtered_post.php
[14:00:20.222] [GENERALFUNCTION e11] Post data encoded: Submit=Submit&id=1
[14:00:20.222] [GENERALFUNCTION e11] Adjusted Content-Length to 18
[14:00:20.222] [GENERALFUNCTION e11] Adjusted Origin to http://localhost:8081
[14:00:20.222] [GENERALFUNCTION e11] Adjusted Referer to http://localhost:8081/a2_filtered_post.php
[14:00:20.222] [GENERALFUNCTION e11] DEBUG OUTGOING request.full_url: http://localhost:8081/a2_filtered_post.php
[14:00:20.223] [GENERALFUNCTION e11] DEBUG OUTGOING headers: {'Host': 'localhost:8081', 'User-Agent': 'Mozilla/5.0 (X11; Ubuntu; Linux x86_64; rv:155.0) Gecko/20100101 Firefox/155.0', 'Accept': 'text/html,application/xhtml+xml,application/xml;q=0.9,*/*;q=0.8', 'Accept-Language': 'en-US,en;q=0.9', 'Accept-Encoding': 'gzip, deflate, br, zstd', 'Content-Type': 'application/x-www-form-urlencoded', 'Content-Length': '18', 'Origin': 'http://localhost:8081', 'Connection': 'keep-alive', 'Referer': 'http://localhost:8081/a2_filtered_post.php', 'Cookie': 'PHPSESSID=9cf7a76824a1e7814f8220e72977d3c5; security=impossible', 'Upgrade-Insecure-Requests': '1', 'Sec-Fetch-Dest': 'document', 'Sec-Fetch-Mode': 'navigate', 'Sec-Fetch-Site': 'same-origin', 'Sec-Fetch-User': "'", 'Priority': 'u=0, i'}
[14:00:20.223] [GENERALFUNCTION e11] DEBUG OUTGOING post_data_encoded (truncated): Submit=Submit&id=1
[14:00:20.223] [GENERALFUNCTION e11] DEBUG OUTGOING body_param_dict: {'Submit': 'Submit', 'id': '1'}
[14:00:20.286] [SQLiFuzz e11] Response status: 200
[14:00:20.286] [SQLiFuzz e11] Response URL: http://localhost:8081/a2_filtered_post.php
[14:00:20.286] [SQLiFuzz e11] Was redirected: False
[14:00:20.286] [SQLiFuzz e11] Getting response: 
<!doctype html>

<html>

<body>

<form method="POST">

  <label>User ID: <input type="text" name="id"></label>

  <input type="submit" name="Submit" value="Submit">

</form>

<pre>ROWS=1</pre>
</body>

</html>

[14:00:21.287] [SQLAnalysis] Read 2 new lines from SQL log file.
[14:00:21.287] [SQLAnalysis] Appended 2 parsed entries.
[14:00:21.287] [SQLAnalysis e11] Extracted 852 Logs 2026-10-03 18:00:21.287367: [{'timestamp': '2026-10-03 18:00:20,263721', 'level': 'INFO', 'ip': '172.18.0.5', 'port': 33262, 'sql': 'SELECT first_name, last_name FROM users WHERE user_id = 1 *#*#Result Set'}]
[14:00:21.287] [SQLAnalysis e11] Updated param pairs: {'looked_value': "'"}
[14:00:21.287] [SQLAnalysis e11] Looked timestamp 2026-10-03 18:00:20.223263 -- 2026-10-03 18:00:20.279853
[14:00:21.295] [SQLAnalysis e11] query_array to be checked: ['use', 'db']
[14:00:21.295] [SQLAnalysis e11] normalized_query_array: ['use', 'db']
[14:00:21.295] [SQLAnalysis e11] query_array to be checked: ['select', 'first_name', 'last_name', 'from', 'users', 'where', 'user_id', '=', '1']
[14:00:21.295] [SQLAnalysis e11] normalized_query_array: ['select', 'firstname', 'lastname', 'from', 'users', 'where', 'userid', '', '1']
[14:00:21.295] [SQLiFuzz e11] No weird chars exist: POST http://localhost:8081/a2_filtered_post.php | ['[string (False)(None)] Sec-Fetch-Dest=document', '[string (False)(None)] Sec-Fetch-Mode=navigate', '[string (False)(None)] Sec-Fetch-Site=same-origin', "[string (False)(None)] Sec-Fetch-User='", '[string (False)(None)] Priority=u=0, i', '[url (False)(None)] path0=a2_filtered_post.php', '[int (False)(None)] id=1', '[string (False)(None)] Submit=Submit'] | None
[14:00:21.296] [SQLiFuzz 6b2] Getting prepared_target_request with ID 088 for test_SQLi iteration 2/70
[14:00:21.296] [SQLiFuzz 088] chosen_idx: 7 from 8
[14:00:21.296] [HTTPREQUEST 088] Getting matched paramval from found values: ['?1', '1']
[14:00:21.296] [HTTPREQUEST 088] Found matched paramval: [string (False)(None)] Sec-Fetch-User=?1
[14:00:21.296] [HTTPREQUEST 088] Found matched paramval: [int (False)(None)] id=1
[14:00:21.296] [SQLiFuzz 088] Prioritize to fuzz matched SQL value first: [int (False)(None)] id=1
[14:00:21.296] [SQLiFuzz 088] Mutation applied. old='1' char=''' strategy='tail' new='1''
[14:00:21.296] [HTTPREQUEST 088] Update url and body param from paramvals:
[14:00:21.296] [HTTPREQUEST None] New post_data_encoded: Submit=Submit&id=1%27
[14:00:21.297] [HTTPREQUEST None] New param encoded: 
[14:00:21.297] [GENERALFUNCTION 088] ---SENDING THE REQUEST [1791050421-e79dfb52-f3c9-49d4-9eec-f93899912088] TO : [POST] http://localhost:8081/a2_filtered_post.php
[14:00:21.297] [GENERALFUNCTION 088] Post data encoded: Submit=Submit&id=1%27
[14:00:21.297] [GENERALFUNCTION 088] Adjusted Content-Length to 21
[14:00:21.297] [GENERALFUNCTION 088] Adjusted Origin to http://localhost:8081
[14:00:21.297] [GENERALFUNCTION 088] Adjusted Referer to http://localhost:8081/a2_filtered_post.php
[14:00:21.297] [GENERALFUNCTION 088] DEBUG OUTGOING request.full_url: http://localhost:8081/a2_filtered_post.php
[14:00:21.297] [GENERALFUNCTION 088] DEBUG OUTGOING headers: {'Host': 'localhost:8081', 'User-Agent': 'Mozilla/5.0 (X11; Ubuntu; Linux x86_64; rv:155.0) Gecko/20100101 Firefox/155.0', 'Accept': 'text/html,application/xhtml+xml,application/xml;q=0.9,*/*;q=0.8', 'Accept-Language': 'en-US,en;q=0.9', 'Accept-Encoding': 'gzip, deflate, br, zstd', 'Content-Type': 'application/x-www-form-urlencoded', 'Content-Length': '21', 'Origin': 'http://localhost:8081', 'Connection': 'keep-alive', 'Referer': 'http://localhost:8081/a2_filtered_post.php', 'Cookie': 'PHPSESSID=9cf7a76824a1e7814f8220e72977d3c5; security=impossible', 'Upgrade-Insecure-Requests': '1', 'Sec-Fetch-Dest': 'document', 'Sec-Fetch-Mode': 'navigate', 'Sec-Fetch-Site': 'same-origin', 'Sec-Fetch-User': '?1', 'Priority': 'u=0, i'}
[14:00:21.297] [GENERALFUNCTION 088] DEBUG OUTGOING post_data_encoded (truncated): Submit=Submit&id=1%27
[14:00:21.297] [GENERALFUNCTION 088] DEBUG OUTGOING body_param_dict: {'Submit': 'Submit', 'id': "1'"}
[14:00:21.323] [SQLiFuzz 088] Response status: 200
[14:00:21.323] [SQLiFuzz 088] Response URL: http://localhost:8081/a2_filtered_post.php
[14:00:21.323] [SQLiFuzz 088] Was redirected: False
[14:00:21.323] [SQLiFuzz 088] Getting response: 
<!doctype html>

<html>

<body>

<form method="POST">

  <label>User ID: <input type="text" name="id"></label>

  <input type="submit" name="Submit" value="Submit">

</form>

<pre>INPUT REJECTED</pre>
[14:00:22.324] [SQLAnalysis] Read 1 new lines from SQL log file.
[14:00:22.324] [SQLAnalysis] Appended 1 parsed entries.
[14:00:22.324] [SQLAnalysis 088] Extracted 853 Logs 2026-10-03 18:00:22.324540: [{'timestamp': '2026-10-03 18:00:21,310430', 'level': 'INFO', 'ip': '172.18.0.5', 'port': 33284, 'sql': 'USE db *#*#OK'}]
[14:00:22.324] [SQLAnalysis 088] Updated param pairs: {'looked_value': "1'"}
[14:00:22.324] [SQLAnalysis 088] Looked timestamp 2026-10-03 18:00:21.297754 -- 2026-10-03 18:00:21.319282
[14:00:22.332] [SQLAnalysis 088] query_array to be checked: ['use', 'db']
[14:00:22.332] [SQLAnalysis 088] normalized_query_array: ['use', 'db']
[14:00:22.332] [SQLiFuzz 088] No weird chars exist: POST http://localhost:8081/a2_filtered_post.php | ['[string (False)(None)] Sec-Fetch-Dest=document', '[string (False)(None)] Sec-Fetch-Mode=navigate', '[string (False)(None)] Sec-Fetch-Site=same-origin', '[string (False)(None)] Sec-Fetch-User=?1', '[string (False)(None)] Priority=u=0, i', '[url (False)(None)] path0=a2_filtered_post.php', "[int (False)(None)] id=1'", '[string (False)(None)] Submit=Submit'] | None
[14:00:22.333] [SQLiFuzz 6b2] Getting prepared_target_request with ID 81e for test_SQLi iteration 3/70
[14:00:22.333] [SQLiFuzz 81e] chosen_idx: 2 from 8
[14:00:22.333] [HTTPREQUEST 81e] Getting matched paramval from found values: ['?1', '1']
[14:00:22.333] [HTTPREQUEST 81e] Found matched paramval: [string (False)(None)] Sec-Fetch-User=?1
[14:00:22.333] [HTTPREQUEST 81e] Found matched paramval: [int (False)(None)] id=1
[14:00:22.333] [SQLiFuzz 81e] Prioritize to fuzz matched SQL value first: [int (False)(None)] id=1
[14:00:22.333] [SQLiFuzz 81e] Mutation applied. old='1' char=''' strategy='front' new=''1'
[14:00:22.333] [HTTPREQUEST 81e] Update url and body param from paramvals:
[14:00:22.333] [HTTPREQUEST None] New post_data_encoded: Submit=Submit&id=%271
[14:00:22.333] [HTTPREQUEST None] New param encoded: 
[14:00:22.333] [GENERALFUNCTION 81e] ---SENDING THE REQUEST [1791050422-d941c717-ac5a-4c6b-9985-e42faa93781e] TO : [POST] http://localhost:8081/a2_filtered_post.php
[14:00:22.334] [GENERALFUNCTION 81e] Post data encoded: Submit=Submit&id=%271
[14:00:22.334] [GENERALFUNCTION 81e] Adjusted Content-Length to 21
[14:00:22.334] [GENERALFUNCTION 81e] Adjusted Origin to http://localhost:8081
[14:00:22.334] [GENERALFUNCTION 81e] Adjusted Referer to http://localhost:8081/a2_filtered_post.php
[14:00:22.334] [GENERALFUNCTION 81e] DEBUG OUTGOING request.full_url: http://localhost:8081/a2_filtered_post.php
[14:00:22.334] [GENERALFUNCTION 81e] DEBUG OUTGOING headers: {'Host': 'localhost:8081', 'User-Agent': 'Mozilla/5.0 (X11; Ubuntu; Linux x86_64; rv:155.0) Gecko/20100101 Firefox/155.0', 'Accept': 'text/html,application/xhtml+xml,application/xml;q=0.9,*/*;q=0.8', 'Accept-Language': 'en-US,en;q=0.9', 'Accept-Encoding': 'gzip, deflate, br, zstd', 'Content-Type': 'application/x-www-form-urlencoded', 'Content-Length': '21', 'Origin': 'http://localhost:8081', 'Connection': 'keep-alive', 'Referer': 'http://localhost:8081/a2_filtered_post.php', 'Cookie': 'PHPSESSID=9cf7a76824a1e7814f8220e72977d3c5; security=impossible', 'Upgrade-Insecure-Requests': '1', 'Sec-Fetch-Dest': 'document', 'Sec-Fetch-Mode': 'navigate', 'Sec-Fetch-Site': 'same-origin', 'Sec-Fetch-User': '?1', 'Priority': 'u=0, i'}
[14:00:22.334] [GENERALFUNCTION 81e] DEBUG OUTGOING post_data_encoded (truncated): Submit=Submit&id=%271
[14:00:22.334] [GENERALFUNCTION 81e] DEBUG OUTGOING body_param_dict: {'Submit': 'Submit', 'id': "'1"}
[14:00:22.367] [SQLiFuzz 81e] Response status: 200
[14:00:22.367] [SQLiFuzz 81e] Response URL: http://localhost:8081/a2_filtered_post.php
[14:00:22.367] [SQLiFuzz 81e] Was redirected: False
[14:00:22.368] [SQLiFuzz 81e] Getting response: 
<!doctype html>

<html>

<body>

<form method="POST">

  <label>User ID: <input type="text" name="id"></label>

  <input type="submit" name="Submit" value="Submit">

</form>

<pre>INPUT REJECTED</pre>
[14:00:23.368] [SQLAnalysis] Read 1 new lines from SQL log file.
[14:00:23.368] [SQLAnalysis] Appended 1 parsed entries.
[14:00:23.368] [SQLAnalysis 81e] Extracted 854 Logs 2026-10-03 18:00:23.368837: [{'timestamp': '2026-10-03 18:00:22,352249', 'level': 'INFO', 'ip': '172.18.0.5', 'port': 33292, 'sql': 'USE db *#*#OK'}]
[14:00:23.368] [SQLAnalysis 81e] Updated param pairs: {'looked_value': "'1"}
[14:00:23.369] [SQLAnalysis 81e] Looked timestamp 2026-10-03 18:00:22.334609 -- 2026-10-03 18:00:22.362701
[14:00:23.376] [SQLAnalysis 81e] query_array to be checked: ['use', 'db']
[14:00:23.377] [SQLAnalysis 81e] normalized_query_array: ['use', 'db']
[14:00:23.377] [SQLiFuzz 81e] No weird chars exist: POST http://localhost:8081/a2_filtered_post.php | ['[string (False)(None)] Sec-Fetch-Dest=document', '[string (False)(None)] Sec-Fetch-Mode=navigate', '[string (False)(None)] Sec-Fetch-Site=same-origin', '[string (False)(None)] Sec-Fetch-User=?1', '[string (False)(None)] Priority=u=0, i', '[url (False)(None)] path0=a2_filtered_post.php', "[int (False)(None)] id='1", '[string (False)(None)] Submit=Submit'] | None
[14:00:23.377] [SQLiFuzz 6b2] Getting prepared_target_request with ID b1d for test_SQLi iteration 4/70
[14:00:23.377] [SQLiFuzz b1d] chosen_idx: 7 from 8
[14:00:23.377] [HTTPREQUEST b1d] Getting matched paramval from found values: ['?1', '1']
[14:00:23.377] [HTTPREQUEST b1d] Found matched paramval: [string (False)(None)] Sec-Fetch-User=?1
[14:00:23.377] [HTTPREQUEST b1d] Found matched paramval: [int (False)(None)] id=1
[14:00:23.377] [SQLiFuzz b1d] Prioritize to fuzz matched SQL value first: [int (False)(None)] id=1
[14:00:23.377] [SQLiFuzz b1d] Mutation applied. old='1' char='*' strategy='drop' new='*'
[14:00:23.378] [HTTPREQUEST b1d] Update url and body param from paramvals:
[14:00:23.378] [HTTPREQUEST None] New post_data_encoded: Submit=Submit&id=%2A
[14:00:23.378] [HTTPREQUEST None] New param encoded: 
[14:00:23.378] [GENERALFUNCTION b1d] ---SENDING THE REQUEST [1791050423-bfdfc420-67fd-459a-a40f-470f7c214b1d] TO : [POST] http://localhost:8081/a2_filtered_post.php
[14:00:23.378] [GENERALFUNCTION b1d] Post data encoded: Submit=Submit&id=%2A
[14:00:23.378] [GENERALFUNCTION b1d] Adjusted Content-Length to 20
[14:00:23.378] [GENERALFUNCTION b1d] Adjusted Origin to http://localhost:8081
[14:00:23.378] [GENERALFUNCTION b1d] Adjusted Referer to http://localhost:8081/a2_filtered_post.php
[14:00:23.378] [GENERALFUNCTION b1d] DEBUG OUTGOING request.full_url: http://localhost:8081/a2_filtered_post.php
[14:00:23.378] [GENERALFUNCTION b1d] DEBUG OUTGOING headers: {'Host': 'localhost:8081', 'User-Agent': 'Mozilla/5.0 (X11; Ubuntu; Linux x86_64; rv:155.0) Gecko/20100101 Firefox/155.0', 'Accept': 'text/html,application/xhtml+xml,application/xml;q=0.9,*/*;q=0.8', 'Accept-Language': 'en-US,en;q=0.9', 'Accept-Encoding': 'gzip, deflate, br, zstd', 'Content-Type': 'application/x-www-form-urlencoded', 'Content-Length': '20', 'Origin': 'http://localhost:8081', 'Connection': 'keep-alive', 'Referer': 'http://localhost:8081/a2_filtered_post.php', 'Cookie': 'PHPSESSID=9cf7a76824a1e7814f8220e72977d3c5; security=impossible', 'Upgrade-Insecure-Requests': '1', 'Sec-Fetch-Dest': 'document', 'Sec-Fetch-Mode': 'navigate', 'Sec-Fetch-Site': 'same-origin', 'Sec-Fetch-User': '?1', 'Priority': 'u=0, i'}
[14:00:23.379] [GENERALFUNCTION b1d] DEBUG OUTGOING post_data_encoded (truncated): Submit=Submit&id=%2A
[14:00:23.379] [GENERALFUNCTION b1d] DEBUG OUTGOING body_param_dict: {'Submit': 'Submit', 'id': '*'}
[14:00:23.410] [SQLiFuzz b1d] Response status: 200
[14:00:23.410] [SQLiFuzz b1d] Response URL: http://localhost:8081/a2_filtered_post.php
[14:00:23.411] [SQLiFuzz b1d] Was redirected: False
[14:00:23.411] [SQLiFuzz b1d] Getting response: 
<!doctype html>

<html>

<body>

<form method="POST">

  <label>User ID: <input type="text" name="id"></label>

  <input type="submit" name="Submit" value="Submit">

</form>

<pre>INPUT REJECTED</pre>
[14:00:24.411] [SQLAnalysis] Read 1 new lines from SQL log file.
[14:00:24.412] [SQLAnalysis] Appended 1 parsed entries.
[14:00:24.412] [SQLAnalysis b1d] Extracted 855 Logs 2026-10-03 18:00:24.412144: [{'timestamp': '2026-10-03 18:00:23,394751', 'level': 'INFO', 'ip': '172.18.0.5', 'port': 33312, 'sql': 'USE db *#*#OK'}]
[14:00:24.412] [SQLAnalysis b1d] Updated param pairs: {'looked_value': '*'}
[14:00:24.412] [SQLAnalysis b1d] Looked timestamp 2026-10-03 18:00:23.379180 -- 2026-10-03 18:00:23.405595
[14:00:24.420] [SQLAnalysis b1d] query_array to be checked: ['use', 'db']
[14:00:24.420] [SQLAnalysis b1d] normalized_query_array: ['use', 'db']
[14:00:24.420] [SQLiFuzz b1d] No weird chars exist: POST http://localhost:8081/a2_filtered_post.php | ['[string (False)(None)] Sec-Fetch-Dest=document', '[string (False)(None)] Sec-Fetch-Mode=navigate', '[string (False)(None)] Sec-Fetch-Site=same-origin', '[string (False)(None)] Sec-Fetch-User=?1', '[string (False)(None)] Priority=u=0, i', '[url (False)(None)] path0=a2_filtered_post.php', '[int (False)(None)] id=*', '[string (False)(None)] Submit=Submit'] | None
[14:00:24.420] [SQLiFuzz 6b2] Getting prepared_target_request with ID 911 for test_SQLi iteration 5/70
[14:00:24.421] [SQLiFuzz 911] chosen_idx: 7 from 8
[14:00:24.421] [HTTPREQUEST 911] Getting matched paramval from found values: ['?1', '1']
[14:00:24.421] [HTTPREQUEST 911] Found matched paramval: [string (False)(None)] Sec-Fetch-User=?1
[14:00:24.421] [HTTPREQUEST 911] Found matched paramval: [int (False)(None)] id=1
[14:00:24.421] [SQLiFuzz 911] Prioritize to fuzz matched SQL value first: [int (False)(None)] id=1
[14:00:24.421] [SQLiFuzz 911] Mutation applied. old='1' char='*' strategy='tail' new='1*'
[14:00:24.421] [HTTPREQUEST 911] Update url and body param from paramvals:
[14:00:24.421] [HTTPREQUEST None] New post_data_encoded: Submit=Submit&id=1%2A
[14:00:24.421] [HTTPREQUEST None] New param encoded: 
[14:00:24.422] [GENERALFUNCTION 911] ---SENDING THE REQUEST [1791050424-24a9b4f9-eaa5-4809-add1-541369d84911] TO : [POST] http://localhost:8081/a2_filtered_post.php
[14:00:24.422] [GENERALFUNCTION 911] Post data encoded: Submit=Submit&id=1%2A
[14:00:24.422] [GENERALFUNCTION 911] Adjusted Content-Length to 21
[14:00:24.422] [GENERALFUNCTION 911] Adjusted Origin to http://localhost:8081
[14:00:24.422] [GENERALFUNCTION 911] Adjusted Referer to http://localhost:8081/a2_filtered_post.php
[14:00:24.422] [GENERALFUNCTION 911] DEBUG OUTGOING request.full_url: http://localhost:8081/a2_filtered_post.php
[14:00:24.422] [GENERALFUNCTION 911] DEBUG OUTGOING headers: {'Host': 'localhost:8081', 'User-Agent': 'Mozilla/5.0 (X11; Ubuntu; Linux x86_64; rv:155.0) Gecko/20100101 Firefox/155.0', 'Accept': 'text/html,application/xhtml+xml,application/xml;q=0.9,*/*;q=0.8', 'Accept-Language': 'en-US,en;q=0.9', 'Accept-Encoding': 'gzip, deflate, br, zstd', 'Content-Type': 'application/x-www-form-urlencoded', 'Content-Length': '21', 'Origin': 'http://localhost:8081', 'Connection': 'keep-alive', 'Referer': 'http://localhost:8081/a2_filtered_post.php', 'Cookie': 'PHPSESSID=9cf7a76824a1e7814f8220e72977d3c5; security=impossible', 'Upgrade-Insecure-Requests': '1', 'Sec-Fetch-Dest': 'document', 'Sec-Fetch-Mode': 'navigate', 'Sec-Fetch-Site': 'same-origin', 'Sec-Fetch-User': '?1', 'Priority': 'u=0, i'}
[14:00:24.422] [GENERALFUNCTION 911] DEBUG OUTGOING post_data_encoded (truncated): Submit=Submit&id=1%2A
[14:00:24.422] [GENERALFUNCTION 911] DEBUG OUTGOING body_param_dict: {'Submit': 'Submit', 'id': '1*'}
[14:00:24.430][127.0.0.1:52614] server disconnect localhost:8081 (127.0.0.1:8081)
[14:00:24.449] [SQLiFuzz 911] Response status: 200
[14:00:24.449] [SQLiFuzz 911] Response URL: http://localhost:8081/a2_filtered_post.php
[14:00:24.449] [SQLiFuzz 911] Was redirected: False
[14:00:24.449] [SQLiFuzz 911] Getting response: 
<!doctype html>

<html>

<body>

<form method="POST">

  <label>User ID: <input type="text" name="id"></label>

  <input type="submit" name="Submit" value="Submit">

</form>

<pre>INPUT REJECTED</pre>
[14:00:25.450] [SQLAnalysis] Read 1 new lines from SQL log file.
[14:00:25.450] [SQLAnalysis] Appended 1 parsed entries.
[14:00:25.450] [SQLAnalysis 911] Extracted 856 Logs 2026-10-03 18:00:25.450731: [{'timestamp': '2026-10-03 18:00:24,434322', 'level': 'INFO', 'ip': '172.18.0.5', 'port': 33322, 'sql': 'USE db *#*#OK'}]
[14:00:25.451] [SQLAnalysis 911] Updated param pairs: {'looked_value': '1*'}
[14:00:25.451] [SQLAnalysis 911] Looked timestamp 2026-10-03 18:00:24.422707 -- 2026-10-03 18:00:24.444623
[14:00:25.461] [SQLAnalysis 911] query_array to be checked: ['use', 'db']
[14:00:25.461] [SQLAnalysis 911] normalized_query_array: ['use', 'db']
[14:00:25.462] [SQLiFuzz 911] No weird chars exist: POST http://localhost:8081/a2_filtered_post.php | ['[string (False)(None)] Sec-Fetch-Dest=document', '[string (False)(None)] Sec-Fetch-Mode=navigate', '[string (False)(None)] Sec-Fetch-Site=same-origin', '[string (False)(None)] Sec-Fetch-User=?1', '[string (False)(None)] Priority=u=0, i', '[url (False)(None)] path0=a2_filtered_post.php', '[int (False)(None)] id=1*', '[string (False)(None)] Submit=Submit'] | None
[14:00:25.462] [SQLiFuzz 6b2] Getting prepared_target_request with ID 3d7 for test_SQLi iteration 6/70
[14:00:25.463] [SQLiFuzz 3d7] chosen_idx: 4 from 8
[14:00:25.463] [HTTPREQUEST 3d7] Getting matched paramval from found values: ['?1', '1']
[14:00:25.463] [HTTPREQUEST 3d7] Found matched paramval: [string (False)(None)] Sec-Fetch-User=?1
[14:00:25.463] [HTTPREQUEST 3d7] Found matched paramval: [int (False)(None)] id=1
[14:00:25.463] [SQLiFuzz 3d7] Prioritize to fuzz matched SQL value first: [int (False)(None)] id=1
[14:00:25.463] [SQLiFuzz 3d7] Mutation applied. old='1' char='*' strategy='front' new='*1'
[14:00:25.463] [HTTPREQUEST 3d7] Update url and body param from paramvals:
[14:00:25.463] [HTTPREQUEST None] New post_data_encoded: Submit=Submit&id=%2A1
[14:00:25.463] [HTTPREQUEST None] New param encoded: 
[14:00:25.463] [GENERALFUNCTION 3d7] ---SENDING THE REQUEST [1791050425-fe85d548-db55-4ef2-90bf-1a55ece713d7] TO : [POST] http://localhost:8081/a2_filtered_post.php
[14:00:25.463] [GENERALFUNCTION 3d7] Post data encoded: Submit=Submit&id=%2A1
[14:00:25.463] [GENERALFUNCTION 3d7] Adjusted Content-Length to 21
[14:00:25.463] [GENERALFUNCTION 3d7] Adjusted Origin to http://localhost:8081
[14:00:25.463] [GENERALFUNCTION 3d7] Adjusted Referer to http://localhost:8081/a2_filtered_post.php
[14:00:25.463] [GENERALFUNCTION 3d7] DEBUG OUTGOING request.full_url: http://localhost:8081/a2_filtered_post.php
[14:00:25.464] [GENERALFUNCTION 3d7] DEBUG OUTGOING headers: {'Host': 'localhost:8081', 'User-Agent': 'Mozilla/5.0 (X11; Ubuntu; Linux x86_64; rv:155.0) Gecko/20100101 Firefox/155.0', 'Accept': 'text/html,application/xhtml+xml,application/xml;q=0.9,*/*;q=0.8', 'Accept-Language': 'en-US,en;q=0.9', 'Accept-Encoding': 'gzip, deflate, br, zstd', 'Content-Type': 'application/x-www-form-urlencoded', 'Content-Length': '21', 'Origin': 'http://localhost:8081', 'Connection': 'keep-alive', 'Referer': 'http://localhost:8081/a2_filtered_post.php', 'Cookie': 'PHPSESSID=9cf7a76824a1e7814f8220e72977d3c5; security=impossible', 'Upgrade-Insecure-Requests': '1', 'Sec-Fetch-Dest': 'document', 'Sec-Fetch-Mode': 'navigate', 'Sec-Fetch-Site': 'same-origin', 'Sec-Fetch-User': '?1', 'Priority': 'u=0, i'}
[14:00:25.464] [GENERALFUNCTION 3d7] DEBUG OUTGOING post_data_encoded (truncated): Submit=Submit&id=%2A1
[14:00:25.464] [GENERALFUNCTION 3d7] DEBUG OUTGOING body_param_dict: {'Submit': 'Submit', 'id': '*1'}
[14:00:25.475][127.0.0.1:52614] client disconnect
[14:00:25.498] [SQLiFuzz 3d7] Response status: 200
[14:00:25.498] [SQLiFuzz 3d7] Response URL: http://localhost:8081/a2_filtered_post.php
[14:00:25.498] [SQLiFuzz 3d7] Was redirected: False
[14:00:25.498] [SQLiFuzz 3d7] Getting response: 
<!doctype html>

<html>

<body>

<form method="POST">

  <label>User ID: <input type="text" name="id"></label>

  <input type="submit" name="Submit" value="Submit">

</form>

<pre>INPUT REJECTED</pre>
[14:00:26.499] [SQLAnalysis] Read 1 new lines from SQL log file.
[14:00:26.499] [SQLAnalysis] Appended 1 parsed entries.
[14:00:26.499] [SQLAnalysis 3d7] Extracted 857 Logs 2026-10-03 18:00:26.499846: [{'timestamp': '2026-10-03 18:00:25,480014', 'level': 'INFO', 'ip': '172.18.0.5', 'port': 33348, 'sql': 'USE db *#*#OK'}]
[14:00:26.500] [SQLAnalysis 3d7] Updated param pairs: {'looked_value': '*1'}
[14:00:26.500] [SQLAnalysis 3d7] Looked timestamp 2026-10-03 18:00:25.464226 -- 2026-10-03 18:00:25.491785
[14:00:26.510] [SQLAnalysis 3d7] query_array to be checked: ['use', 'db']
[14:00:26.510] [SQLAnalysis 3d7] normalized_query_array: ['use', 'db']
[14:00:26.511] [SQLiFuzz 3d7] No weird chars exist: POST http://localhost:8081/a2_filtered_post.php | ['[string (False)(None)] Sec-Fetch-Dest=document', '[string (False)(None)] Sec-Fetch-Mode=navigate', '[string (False)(None)] Sec-Fetch-Site=same-origin', '[string (False)(None)] Sec-Fetch-User=?1', '[string (False)(None)] Priority=u=0, i', '[url (False)(None)] path0=a2_filtered_post.php', '[int (False)(None)] id=*1', '[string (False)(None)] Submit=Submit'] | None
[14:00:26.512] [SQLiFuzz 6b2] Getting prepared_target_request with ID 586 for test_SQLi iteration 7/70
[14:00:26.512] [SQLiFuzz 586] chosen_idx: 2 from 8
[14:00:26.512] [HTTPREQUEST 586] Getting matched paramval from found values: ['?1', '1']
[14:00:26.512] [HTTPREQUEST 586] Found matched paramval: [string (False)(None)] Sec-Fetch-User=?1
[14:00:26.513] [HTTPREQUEST 586] Found matched paramval: [int (False)(None)] id=1
[14:00:26.513] [SQLiFuzz 586] Prioritize to fuzz matched SQL value first: [int (False)(None)] id=1
[14:00:26.513] [SQLiFuzz 586] Mutation applied. old='1' char='`' strategy='tail' new='1`'
[14:00:26.513] [HTTPREQUEST 586] Update url and body param from paramvals:
[14:00:26.513] [HTTPREQUEST None] New post_data_encoded: Submit=Submit&id=1%60
[14:00:26.513] [HTTPREQUEST None] New param encoded: 
[14:00:26.513] [GENERALFUNCTION 586] ---SENDING THE REQUEST [1791050426-e5107130-4339-4183-9b2d-3ccd25324586] TO : [POST] http://localhost:8081/a2_filtered_post.php
[14:00:26.513] [GENERALFUNCTION 586] Post data encoded: Submit=Submit&id=1%60
[14:00:26.513] [GENERALFUNCTION 586] Adjusted Content-Length to 21
[14:00:26.513] [GENERALFUNCTION 586] Adjusted Origin to http://localhost:8081
[14:00:26.513] [GENERALFUNCTION 586] Adjusted Referer to http://localhost:8081/a2_filtered_post.php
[14:00:26.513] [GENERALFUNCTION 586] DEBUG OUTGOING request.full_url: http://localhost:8081/a2_filtered_post.php
[14:00:26.514] [GENERALFUNCTION 586] DEBUG OUTGOING headers: {'Host': 'localhost:8081', 'User-Agent': 'Mozilla/5.0 (X11; Ubuntu; Linux x86_64; rv:155.0) Gecko/20100101 Firefox/155.0', 'Accept': 'text/html,application/xhtml+xml,application/xml;q=0.9,*/*;q=0.8', 'Accept-Language': 'en-US,en;q=0.9', 'Accept-Encoding': 'gzip, deflate, br, zstd', 'Content-Type': 'application/x-www-form-urlencoded', 'Content-Length': '21', 'Origin': 'http://localhost:8081', 'Connection': 'keep-alive', 'Referer': 'http://localhost:8081/a2_filtered_post.php', 'Cookie': 'PHPSESSID=9cf7a76824a1e7814f8220e72977d3c5; security=impossible', 'Upgrade-Insecure-Requests': '1', 'Sec-Fetch-Dest': 'document', 'Sec-Fetch-Mode': 'navigate', 'Sec-Fetch-Site': 'same-origin', 'Sec-Fetch-User': '?1', 'Priority': 'u=0, i'}
[14:00:26.514] [GENERALFUNCTION 586] DEBUG OUTGOING post_data_encoded (truncated): Submit=Submit&id=1%60
[14:00:26.514] [GENERALFUNCTION 586] DEBUG OUTGOING body_param_dict: {'Submit': 'Submit', 'id': '1`'}
[14:00:26.549] [SQLiFuzz 586] Response status: 200
[14:00:26.549] [SQLiFuzz 586] Response URL: http://localhost:8081/a2_filtered_post.php
[14:00:26.550] [SQLiFuzz 586] Was redirected: False
[14:00:26.550] [SQLiFuzz 586] Getting response: 
<!doctype html>

<html>

<body>

<form method="POST">

  <label>User ID: <input type="text" name="id"></label>

  <input type="submit" name="Submit" value="Submit">

</form>

<pre>INPUT REJECTED</pre>
[14:00:27.551] [SQLAnalysis] Read 1 new lines from SQL log file.
[14:00:27.552] [SQLAnalysis] Appended 1 parsed entries.
[14:00:27.552] [SQLAnalysis 586] Extracted 858 Logs 2026-10-03 18:00:27.552628: [{'timestamp': '2026-10-03 18:00:26,533090', 'level': 'INFO', 'ip': '172.18.0.5', 'port': 33374, 'sql': 'USE db *#*#OK'}]
[14:00:27.552] [SQLAnalysis 586] Updated param pairs: {'looked_value': '1`'}
[14:00:27.552] [SQLAnalysis 586] Looked timestamp 2026-10-03 18:00:26.514594 -- 2026-10-03 18:00:26.543928
[14:00:27.561] [SQLAnalysis 586] query_array to be checked: ['use', 'db']
[14:00:27.562] [SQLAnalysis 586] normalized_query_array: ['use', 'db']
[14:00:27.563] [SQLiFuzz 586] No weird chars exist: POST http://localhost:8081/a2_filtered_post.php | ['[string (False)(None)] Sec-Fetch-Dest=document', '[string (False)(None)] Sec-Fetch-Mode=navigate', '[string (False)(None)] Sec-Fetch-Site=same-origin', '[string (False)(None)] Sec-Fetch-User=?1', '[string (False)(None)] Priority=u=0, i', '[url (False)(None)] path0=a2_filtered_post.php', '[int (False)(None)] id=1`', '[string (False)(None)] Submit=Submit'] | None
[14:00:27.563] [SQLiFuzz 6b2] Getting prepared_target_request with ID 039 for test_SQLi iteration 8/70
[14:00:27.563] [SQLiFuzz 039] chosen_idx: 7 from 8
[14:00:27.563] [HTTPREQUEST 039] Getting matched paramval from found values: ['?1', '1']
[14:00:27.563] [HTTPREQUEST 039] Found matched paramval: [string (False)(None)] Sec-Fetch-User=?1
[14:00:27.563] [HTTPREQUEST 039] Found matched paramval: [int (False)(None)] id=1
[14:00:27.563] [SQLiFuzz 039] Prioritize to fuzz matched SQL value first: [int (False)(None)] id=1
[14:00:27.563] [SQLiFuzz 039] Mutation applied. old='1' char='|' strategy='drop' new='|'
[14:00:27.563] [HTTPREQUEST 039] Update url and body param from paramvals:
[14:00:27.563] [HTTPREQUEST None] New post_data_encoded: Submit=Submit&id=%7C
[14:00:27.563] [HTTPREQUEST None] New param encoded: 
[14:00:27.564] [GENERALFUNCTION 039] ---SENDING THE REQUEST [1791050427-7fc4a127-2af6-4760-8bb7-f7c9d607f039] TO : [POST] http://localhost:8081/a2_filtered_post.php
[14:00:27.564] [GENERALFUNCTION 039] Post data encoded: Submit=Submit&id=%7C
[14:00:27.564] [GENERALFUNCTION 039] Adjusted Content-Length to 20
[14:00:27.564] [GENERALFUNCTION 039] Adjusted Origin to http://localhost:8081
[14:00:27.564] [GENERALFUNCTION 039] Adjusted Referer to http://localhost:8081/a2_filtered_post.php
[14:00:27.564] [GENERALFUNCTION 039] DEBUG OUTGOING request.full_url: http://localhost:8081/a2_filtered_post.php
[14:00:27.564] [GENERALFUNCTION 039] DEBUG OUTGOING headers: {'Host': 'localhost:8081', 'User-Agent': 'Mozilla/5.0 (X11; Ubuntu; Linux x86_64; rv:155.0) Gecko/20100101 Firefox/155.0', 'Accept': 'text/html,application/xhtml+xml,application/xml;q=0.9,*/*;q=0.8', 'Accept-Language': 'en-US,en;q=0.9', 'Accept-Encoding': 'gzip, deflate, br, zstd', 'Content-Type': 'application/x-www-form-urlencoded', 'Content-Length': '20', 'Origin': 'http://localhost:8081', 'Connection': 'keep-alive', 'Referer': 'http://localhost:8081/a2_filtered_post.php', 'Cookie': 'PHPSESSID=9cf7a76824a1e7814f8220e72977d3c5; security=impossible', 'Upgrade-Insecure-Requests': '1', 'Sec-Fetch-Dest': 'document', 'Sec-Fetch-Mode': 'navigate', 'Sec-Fetch-Site': 'same-origin', 'Sec-Fetch-User': '?1', 'Priority': 'u=0, i'}
[14:00:27.564] [GENERALFUNCTION 039] DEBUG OUTGOING post_data_encoded (truncated): Submit=Submit&id=%7C
[14:00:27.564] [GENERALFUNCTION 039] DEBUG OUTGOING body_param_dict: {'Submit': 'Submit', 'id': '|'}
[14:00:27.597] [SQLiFuzz 039] Response status: 200
[14:00:27.597] [SQLiFuzz 039] Response URL: http://localhost:8081/a2_filtered_post.php
[14:00:27.597] [SQLiFuzz 039] Was redirected: False
[14:00:27.597] [SQLiFuzz 039] Getting response: 
<!doctype html>

<html>

<body>

<form method="POST">

  <label>User ID: <input type="text" name="id"></label>

  <input type="submit" name="Submit" value="Submit">

</form>

<pre>INPUT REJECTED</pre>
[14:00:28.598] [SQLAnalysis] Read 1 new lines from SQL log file.
[14:00:28.598] [SQLAnalysis] Appended 1 parsed entries.
[14:00:28.598] [SQLAnalysis 039] Extracted 859 Logs 2026-10-03 18:00:28.598866: [{'timestamp': '2026-10-03 18:00:27,579381', 'level': 'INFO', 'ip': '172.18.0.5', 'port': 33390, 'sql': 'USE db *#*#OK'}]
[14:00:28.599] [SQLAnalysis 039] Updated param pairs: {'looked_value': '|'}
[14:00:28.599] [SQLAnalysis 039] Looked timestamp 2026-10-03 18:00:27.564596 -- 2026-10-03 18:00:27.591692
[14:00:28.609] [SQLAnalysis 039] query_array to be checked: ['use', 'db']
[14:00:28.610] [SQLAnalysis 039] normalized_query_array: ['use', 'db']
[14:00:28.610] [SQLiFuzz 039] No weird chars exist: POST http://localhost:8081/a2_filtered_post.php | ['[string (False)(None)] Sec-Fetch-Dest=document', '[string (False)(None)] Sec-Fetch-Mode=navigate', '[string (False)(None)] Sec-Fetch-Site=same-origin', '[string (False)(None)] Sec-Fetch-User=?1', '[string (False)(None)] Priority=u=0, i', '[url (False)(None)] path0=a2_filtered_post.php', '[int (False)(None)] id=|', '[string (False)(None)] Submit=Submit'] | None
[14:00:28.610] [SQLiFuzz 6b2] Getting prepared_target_request with ID 887 for test_SQLi iteration 9/70
[14:00:28.610] [SQLiFuzz 887] chosen_idx: 5 from 8
[14:00:28.610] [HTTPREQUEST 887] Getting matched paramval from found values: ['?1', '1']
[14:00:28.610] [HTTPREQUEST 887] Found matched paramval: [string (False)(None)] Sec-Fetch-User=?1
[14:00:28.610] [HTTPREQUEST 887] Found matched paramval: [int (False)(None)] id=1
[14:00:28.611] [SQLiFuzz 887] Prioritize to fuzz matched SQL value first: [int (False)(None)] id=1
[14:00:28.611] [SQLiFuzz 887] Mutation applied. old='1' char=')' strategy='drop' new=')'
[14:00:28.611] [HTTPREQUEST 887] Update url and body param from paramvals:
[14:00:28.611] [HTTPREQUEST None] New post_data_encoded: Submit=Submit&id=%29
[14:00:28.611] [HTTPREQUEST None] New param encoded: 
[14:00:28.611] [GENERALFUNCTION 887] ---SENDING THE REQUEST [1791050428-4dc3f837-6d80-44a4-b45a-7619ba08d887] TO : [POST] http://localhost:8081/a2_filtered_post.php
[14:00:28.611] [GENERALFUNCTION 887] Post data encoded: Submit=Submit&id=%29
[14:00:28.611] [GENERALFUNCTION 887] Adjusted Content-Length to 20
[14:00:28.611] [GENERALFUNCTION 887] Adjusted Origin to http://localhost:8081
[14:00:28.612] [GENERALFUNCTION 887] Adjusted Referer to http://localhost:8081/a2_filtered_post.php
[14:00:28.612] [GENERALFUNCTION 887] DEBUG OUTGOING request.full_url: http://localhost:8081/a2_filtered_post.php
[14:00:28.612] [GENERALFUNCTION 887] DEBUG OUTGOING headers: {'Host': 'localhost:8081', 'User-Agent': 'Mozilla/5.0 (X11; Ubuntu; Linux x86_64; rv:155.0) Gecko/20100101 Firefox/155.0', 'Accept': 'text/html,application/xhtml+xml,application/xml;q=0.9,*/*;q=0.8', 'Accept-Language': 'en-US,en;q=0.9', 'Accept-Encoding': 'gzip, deflate, br, zstd', 'Content-Type': 'application/x-www-form-urlencoded', 'Content-Length': '20', 'Origin': 'http://localhost:8081', 'Connection': 'keep-alive', 'Referer': 'http://localhost:8081/a2_filtered_post.php', 'Cookie': 'PHPSESSID=9cf7a76824a1e7814f8220e72977d3c5; security=impossible', 'Upgrade-Insecure-Requests': '1', 'Sec-Fetch-Dest': 'document', 'Sec-Fetch-Mode': 'navigate', 'Sec-Fetch-Site': 'same-origin', 'Sec-Fetch-User': '?1', 'Priority': 'u=0, i'}
[14:00:28.612] [GENERALFUNCTION 887] DEBUG OUTGOING post_data_encoded (truncated): Submit=Submit&id=%29
[14:00:28.612] [GENERALFUNCTION 887] DEBUG OUTGOING body_param_dict: {'Submit': 'Submit', 'id': ')'}
[14:00:28.649] [SQLiFuzz 887] Response status: 200
[14:00:28.649] [SQLiFuzz 887] Response URL: http://localhost:8081/a2_filtered_post.php
[14:00:28.649] [SQLiFuzz 887] Was redirected: False
[14:00:28.649] [SQLiFuzz 887] Getting response: 
<!doctype html>

<html>

<body>

<form method="POST">

  <label>User ID: <input type="text" name="id"></label>

  <input type="submit" name="Submit" value="Submit">

</form>

<pre>INPUT REJECTED</pre>
[14:00:29.649] [SQLAnalysis] Read 1 new lines from SQL log file.
[14:00:29.650] [SQLAnalysis] Appended 1 parsed entries.
[14:00:29.650] [SQLAnalysis 887] Extracted 860 Logs 2026-10-03 18:00:29.650277: [{'timestamp': '2026-10-03 18:00:28,632717', 'level': 'INFO', 'ip': '172.18.0.5', 'port': 33394, 'sql': 'USE db *#*#OK'}]
[14:00:29.650] [SQLAnalysis 887] Updated param pairs: {'looked_value': ')'}
[14:00:29.650] [SQLAnalysis 887] Looked timestamp 2026-10-03 18:00:28.612956 -- 2026-10-03 18:00:28.643720
[14:00:29.660] [SQLAnalysis 887] query_array to be checked: ['use', 'db']
[14:00:29.661] [SQLAnalysis 887] normalized_query_array: ['use', 'db']
[14:00:29.661] [SQLiFuzz 887] No weird chars exist: POST http://localhost:8081/a2_filtered_post.php | ['[string (False)(None)] Sec-Fetch-Dest=document', '[string (False)(None)] Sec-Fetch-Mode=navigate', '[string (False)(None)] Sec-Fetch-Site=same-origin', '[string (False)(None)] Sec-Fetch-User=?1', '[string (False)(None)] Priority=u=0, i', '[url (False)(None)] path0=a2_filtered_post.php', '[int (False)(None)] id=)', '[string (False)(None)] Submit=Submit'] | None
[14:00:29.661] [SQLiFuzz 6b2] Getting prepared_target_request with ID c48 for test_SQLi iteration 10/70
[14:00:29.661] [SQLiFuzz c48] chosen_idx: 6 from 8
[14:00:29.661] [HTTPREQUEST c48] Getting matched paramval from found values: ['?1', '1']
[14:00:29.661] [HTTPREQUEST c48] Found matched paramval: [string (False)(None)] Sec-Fetch-User=?1
[14:00:29.661] [HTTPREQUEST c48] Found matched paramval: [int (False)(None)] id=1
[14:00:29.661] [SQLiFuzz c48] Prioritize to fuzz matched SQL value first: [int (False)(None)] id=1
[14:00:29.661] [SQLiFuzz c48] Mutation applied. old='1' char='[' strategy='drop' new='['
[14:00:29.662] [HTTPREQUEST c48] Update url and body param from paramvals:
[14:00:29.662] [HTTPREQUEST None] New post_data_encoded: Submit=Submit&id=%5B
[14:00:29.662] [HTTPREQUEST None] New param encoded: 
[14:00:29.663] [GENERALFUNCTION c48] ---SENDING THE REQUEST [1791050429-f0337dc2-6be6-4319-9585-ae81e7589c48] TO : [POST] http://localhost:8081/a2_filtered_post.php
[14:00:29.663] [GENERALFUNCTION c48] Post data encoded: Submit=Submit&id=%5B
[14:00:29.663] [GENERALFUNCTION c48] Adjusted Content-Length to 20
[14:00:29.663] [GENERALFUNCTION c48] Adjusted Origin to http://localhost:8081
[14:00:29.663] [GENERALFUNCTION c48] Adjusted Referer to http://localhost:8081/a2_filtered_post.php
[14:00:29.663] [GENERALFUNCTION c48] DEBUG OUTGOING request.full_url: http://localhost:8081/a2_filtered_post.php
[14:00:29.663] [GENERALFUNCTION c48] DEBUG OUTGOING headers: {'Host': 'localhost:8081', 'User-Agent': 'Mozilla/5.0 (X11; Ubuntu; Linux x86_64; rv:155.0) Gecko/20100101 Firefox/155.0', 'Accept': 'text/html,application/xhtml+xml,application/xml;q=0.9,*/*;q=0.8', 'Accept-Language': 'en-US,en;q=0.9', 'Accept-Encoding': 'gzip, deflate, br, zstd', 'Content-Type': 'application/x-www-form-urlencoded', 'Content-Length': '20', 'Origin': 'http://localhost:8081', 'Connection': 'keep-alive', 'Referer': 'http://localhost:8081/a2_filtered_post.php', 'Cookie': 'PHPSESSID=9cf7a76824a1e7814f8220e72977d3c5; security=impossible', 'Upgrade-Insecure-Requests': '1', 'Sec-Fetch-Dest': 'document', 'Sec-Fetch-Mode': 'navigate', 'Sec-Fetch-Site': 'same-origin', 'Sec-Fetch-User': '?1', 'Priority': 'u=0, i'}
[14:00:29.663] [GENERALFUNCTION c48] DEBUG OUTGOING post_data_encoded (truncated): Submit=Submit&id=%5B
[14:00:29.663] [GENERALFUNCTION c48] DEBUG OUTGOING body_param_dict: {'Submit': 'Submit', 'id': '['}
[14:00:29.692] [SQLiFuzz c48] Response status: 200
[14:00:29.692] [SQLiFuzz c48] Response URL: http://localhost:8081/a2_filtered_post.php
[14:00:29.693] [SQLiFuzz c48] Was redirected: False
[14:00:29.693] [SQLiFuzz c48] Getting response: 
<!doctype html>

<html>

<body>

<form method="POST">

  <label>User ID: <input type="text" name="id"></label>

  <input type="submit" name="Submit" value="Submit">

</form>

<pre>INPUT REJECTED</pre>
[14:00:30.694] [SQLAnalysis] Read 1 new lines from SQL log file.
[14:00:30.695] [SQLAnalysis] Appended 1 parsed entries.
[14:00:30.695] [SQLAnalysis c48] Extracted 861 Logs 2026-10-03 18:00:30.695506: [{'timestamp': '2026-10-03 18:00:29,678315', 'level': 'INFO', 'ip': '172.18.0.5', 'port': 33408, 'sql': 'USE db *#*#OK'}]
[14:00:30.695] [SQLAnalysis c48] Updated param pairs: {'looked_value': '['}
[14:00:30.696] [SQLAnalysis c48] Looked timestamp 2026-10-03 18:00:29.663636 -- 2026-10-03 18:00:29.687933
[14:00:30.709] [SQLAnalysis c48] query_array to be checked: ['use', 'db']
[14:00:30.710] [SQLAnalysis c48] normalized_query_array: ['use', 'db']
[14:00:30.710] [SQLiFuzz c48] No weird chars exist: POST http://localhost:8081/a2_filtered_post.php | ['[string (False)(None)] Sec-Fetch-Dest=document', '[string (False)(None)] Sec-Fetch-Mode=navigate', '[string (False)(None)] Sec-Fetch-Site=same-origin', '[string (False)(None)] Sec-Fetch-User=?1', '[string (False)(None)] Priority=u=0, i', '[url (False)(None)] path0=a2_filtered_post.php', '[int (False)(None)] id=[', '[string (False)(None)] Submit=Submit'] | None
[14:00:30.710] [SQLiFuzz 6b2] Getting prepared_target_request with ID 534 for test_SQLi iteration 11/70
[14:00:30.710] [SQLiFuzz 534] chosen_idx: 0 from 8
[14:00:30.710] [HTTPREQUEST 534] Getting matched paramval from found values: ['?1', '1']
[14:00:30.710] [HTTPREQUEST 534] Found matched paramval: [string (False)(None)] Sec-Fetch-User=?1
[14:00:30.711] [HTTPREQUEST 534] Found matched paramval: [int (False)(None)] id=1
[14:00:30.711] [SQLiFuzz 534] Prioritize to fuzz matched SQL value first: [int (False)(None)] id=1
[14:00:30.711] [SQLiFuzz 534] Mutation applied. old='1' char='!' strategy='random' new='!1'
[14:00:30.711] [HTTPREQUEST 534] Update url and body param from paramvals:
[14:00:30.711] [HTTPREQUEST None] New post_data_encoded: Submit=Submit&id=%211
[14:00:30.712] [HTTPREQUEST None] New param encoded: 
[14:00:30.712] [GENERALFUNCTION 534] ---SENDING THE REQUEST [1791050430-7172a5d1-e87d-4e77-ab4d-7373e7eae534] TO : [POST] http://localhost:8081/a2_filtered_post.php
[14:00:30.712] [GENERALFUNCTION 534] Post data encoded: Submit=Submit&id=%211
[14:00:30.712] [GENERALFUNCTION 534] Adjusted Content-Length to 21
[14:00:30.712] [GENERALFUNCTION 534] Adjusted Origin to http://localhost:8081
[14:00:30.712] [GENERALFUNCTION 534] Adjusted Referer to http://localhost:8081/a2_filtered_post.php
[14:00:30.712] [GENERALFUNCTION 534] DEBUG OUTGOING request.full_url: http://localhost:8081/a2_filtered_post.php
[14:00:30.712] [GENERALFUNCTION 534] DEBUG OUTGOING headers: {'Host': 'localhost:8081', 'User-Agent': 'Mozilla/5.0 (X11; Ubuntu; Linux x86_64; rv:155.0) Gecko/20100101 Firefox/155.0', 'Accept': 'text/html,application/xhtml+xml,application/xml;q=0.9,*/*;q=0.8', 'Accept-Language': 'en-US,en;q=0.9', 'Accept-Encoding': 'gzip, deflate, br, zstd', 'Content-Type': 'application/x-www-form-urlencoded', 'Content-Length': '21', 'Origin': 'http://localhost:8081', 'Connection': 'keep-alive', 'Referer': 'http://localhost:8081/a2_filtered_post.php', 'Cookie': 'PHPSESSID=9cf7a76824a1e7814f8220e72977d3c5; security=impossible', 'Upgrade-Insecure-Requests': '1', 'Sec-Fetch-Dest': 'document', 'Sec-Fetch-Mode': 'navigate', 'Sec-Fetch-Site': 'same-origin', 'Sec-Fetch-User': '?1', 'Priority': 'u=0, i'}
[14:00:30.713] [GENERALFUNCTION 534] DEBUG OUTGOING post_data_encoded (truncated): Submit=Submit&id=%211
[14:00:30.714] [GENERALFUNCTION 534] DEBUG OUTGOING body_param_dict: {'Submit': 'Submit', 'id': '!1'}
[14:00:30.750] [SQLiFuzz 534] Response status: 200
[14:00:30.750] [SQLiFuzz 534] Response URL: http://localhost:8081/a2_filtered_post.php
[14:00:30.751] [SQLiFuzz 534] Was redirected: False
[14:00:30.751] [SQLiFuzz 534] Getting response: 
<!doctype html>

<html>

<body>

<form method="POST">

  <label>User ID: <input type="text" name="id"></label>

  <input type="submit" name="Submit" value="Submit">

</form>

<pre>INPUT REJECTED</pre>
[14:00:31.752] [SQLAnalysis] Read 1 new lines from SQL log file.
[14:00:31.752] [SQLAnalysis] Appended 1 parsed entries.
[14:00:31.753] [SQLAnalysis 534] Extracted 862 Logs 2026-10-03 18:00:31.753006: [{'timestamp': '2026-10-03 18:00:30,734089', 'level': 'INFO', 'ip': '172.18.0.5', 'port': 39568, 'sql': 'USE db *#*#OK'}]
[14:00:31.753] [SQLAnalysis 534] Updated param pairs: {'looked_value': '!1'}
[14:00:31.754] [SQLAnalysis 534] Looked timestamp 2026-10-03 18:00:30.714216 -- 2026-10-03 18:00:30.745568
[14:00:31.765] [SQLAnalysis 534] query_array to be checked: ['use', 'db']
[14:00:31.765] [SQLAnalysis 534] normalized_query_array: ['use', 'db']
[14:00:31.765] [SQLiFuzz 534] No weird chars exist: POST http://localhost:8081/a2_filtered_post.php | ['[string (False)(None)] Sec-Fetch-Dest=document', '[string (False)(None)] Sec-Fetch-Mode=navigate', '[string (False)(None)] Sec-Fetch-Site=same-origin', '[string (False)(None)] Sec-Fetch-User=?1', '[string (False)(None)] Priority=u=0, i', '[url (False)(None)] path0=a2_filtered_post.php', '[int (False)(None)] id=!1', '[string (False)(None)] Submit=Submit'] | None
[14:00:31.765] [SQLiFuzz 6b2] Getting prepared_target_request with ID ef9 for test_SQLi iteration 12/70
[14:00:31.765] [SQLiFuzz ef9] chosen_idx: 3 from 8
[14:00:31.765] [HTTPREQUEST ef9] Getting matched paramval from found values: ['?1', '1']
[14:00:31.765] [HTTPREQUEST ef9] Found matched paramval: [string (False)(None)] Sec-Fetch-User=?1
[14:00:31.766] [HTTPREQUEST ef9] Found matched paramval: [int (False)(None)] id=1
[14:00:31.766] [SQLiFuzz ef9] Prioritize to fuzz matched SQL value first: [int (False)(None)] id=1
[14:00:31.766] [SQLiFuzz ef9] Mutation applied. old='1' char='|' strategy='tail' new='1|'
[14:00:31.766] [HTTPREQUEST ef9] Update url and body param from paramvals:
[14:00:31.766] [HTTPREQUEST None] New post_data_encoded: Submit=Submit&id=1%7C
[14:00:31.766] [HTTPREQUEST None] New param encoded: 
[14:00:31.766] [GENERALFUNCTION ef9] ---SENDING THE REQUEST [1791050431-a0ed994e-c63e-47cd-a118-9608616d5ef9] TO : [POST] http://localhost:8081/a2_filtered_post.php
[14:00:31.766] [GENERALFUNCTION ef9] Post data encoded: Submit=Submit&id=1%7C
[14:00:31.766] [GENERALFUNCTION ef9] Adjusted Content-Length to 21
[14:00:31.766] [GENERALFUNCTION ef9] Adjusted Origin to http://localhost:8081
[14:00:31.766] [GENERALFUNCTION ef9] Adjusted Referer to http://localhost:8081/a2_filtered_post.php
[14:00:31.766] [GENERALFUNCTION ef9] DEBUG OUTGOING request.full_url: http://localhost:8081/a2_filtered_post.php
[14:00:31.766] [GENERALFUNCTION ef9] DEBUG OUTGOING headers: {'Host': 'localhost:8081', 'User-Agent': 'Mozilla/5.0 (X11; Ubuntu; Linux x86_64; rv:155.0) Gecko/20100101 Firefox/155.0', 'Accept': 'text/html,application/xhtml+xml,application/xml;q=0.9,*/*;q=0.8', 'Accept-Language': 'en-US,en;q=0.9', 'Accept-Encoding': 'gzip, deflate, br, zstd', 'Content-Type': 'application/x-www-form-urlencoded', 'Content-Length': '21', 'Origin': 'http://localhost:8081', 'Connection': 'keep-alive', 'Referer': 'http://localhost:8081/a2_filtered_post.php', 'Cookie': 'PHPSESSID=9cf7a76824a1e7814f8220e72977d3c5; security=impossible', 'Upgrade-Insecure-Requests': '1', 'Sec-Fetch-Dest': 'document', 'Sec-Fetch-Mode': 'navigate', 'Sec-Fetch-Site': 'same-origin', 'Sec-Fetch-User': '?1', 'Priority': 'u=0, i'}
[14:00:31.766] [GENERALFUNCTION ef9] DEBUG OUTGOING post_data_encoded (truncated): Submit=Submit&id=1%7C
[14:00:31.767] [GENERALFUNCTION ef9] DEBUG OUTGOING body_param_dict: {'Submit': 'Submit', 'id': '1|'}
[14:00:31.800] [SQLiFuzz ef9] Response status: 200
[14:00:31.800] [SQLiFuzz ef9] Response URL: http://localhost:8081/a2_filtered_post.php
[14:00:31.800] [SQLiFuzz ef9] Was redirected: False
[14:00:31.800] [SQLiFuzz ef9] Getting response: 
<!doctype html>

<html>

<body>

<form method="POST">

  <label>User ID: <input type="text" name="id"></label>

  <input type="submit" name="Submit" value="Submit">

</form>

<pre>INPUT REJECTED</pre>
[14:00:32.801] [SQLAnalysis] Read 1 new lines from SQL log file.
[14:00:32.801] [SQLAnalysis] Appended 1 parsed entries.
[14:00:32.801] [SQLAnalysis ef9] Extracted 863 Logs 2026-10-03 18:00:32.801909: [{'timestamp': '2026-10-03 18:00:31,781871', 'level': 'INFO', 'ip': '172.18.0.5', 'port': 39586, 'sql': 'USE db *#*#OK'}]
[14:00:32.802] [SQLAnalysis ef9] Updated param pairs: {'looked_value': '1|'}
[14:00:32.802] [SQLAnalysis ef9] Looked timestamp 2026-10-03 18:00:31.767089 -- 2026-10-03 18:00:31.795647
[14:00:32.814] [SQLAnalysis ef9] query_array to be checked: ['use', 'db']
[14:00:32.814] [SQLAnalysis ef9] normalized_query_array: ['use', 'db']
[14:00:32.814] [SQLiFuzz ef9] No weird chars exist: POST http://localhost:8081/a2_filtered_post.php | ['[string (False)(None)] Sec-Fetch-Dest=document', '[string (False)(None)] Sec-Fetch-Mode=navigate', '[string (False)(None)] Sec-Fetch-Site=same-origin', '[string (False)(None)] Sec-Fetch-User=?1', '[string (False)(None)] Priority=u=0, i', '[url (False)(None)] path0=a2_filtered_post.php', '[int (False)(None)] id=1|', '[string (False)(None)] Submit=Submit'] | None
[14:00:32.815] [SQLiFuzz 6b2] Getting prepared_target_request with ID 461 for test_SQLi iteration 13/70
[14:00:32.815] [SQLiFuzz 461] chosen_idx: 1 from 8
[14:00:32.815] [HTTPREQUEST 461] Getting matched paramval from found values: ['?1', '1']
[14:00:32.815] [HTTPREQUEST 461] Found matched paramval: [string (False)(None)] Sec-Fetch-User=?1
[14:00:32.815] [HTTPREQUEST 461] Found matched paramval: [int (False)(None)] id=1
[14:00:32.815] [SQLiFuzz 461] Prioritize to fuzz matched SQL value first: [int (False)(None)] id=1
[14:00:32.815] [SQLiFuzz 461] Mutation applied. old='1' char='<' strategy='drop' new='<'
[14:00:32.815] [HTTPREQUEST 461] Update url and body param from paramvals:
[14:00:32.815] [HTTPREQUEST None] New post_data_encoded: Submit=Submit&id=%3C
[14:00:32.815] [HTTPREQUEST None] New param encoded: 
[14:00:32.815] [GENERALFUNCTION 461] ---SENDING THE REQUEST [1791050432-1ad535de-df88-4713-9e3c-eaa7b919a461] TO : [POST] http://localhost:8081/a2_filtered_post.php
[14:00:32.816] [GENERALFUNCTION 461] Post data encoded: Submit=Submit&id=%3C
[14:00:32.816] [GENERALFUNCTION 461] Adjusted Content-Length to 20
[14:00:32.816] [GENERALFUNCTION 461] Adjusted Origin to http://localhost:8081
[14:00:32.816] [GENERALFUNCTION 461] Adjusted Referer to http://localhost:8081/a2_filtered_post.php
[14:00:32.816] [GENERALFUNCTION 461] DEBUG OUTGOING request.full_url: http://localhost:8081/a2_filtered_post.php
[14:00:32.816] [GENERALFUNCTION 461] DEBUG OUTGOING headers: {'Host': 'localhost:8081', 'User-Agent': 'Mozilla/5.0 (X11; Ubuntu; Linux x86_64; rv:155.0) Gecko/20100101 Firefox/155.0', 'Accept': 'text/html,application/xhtml+xml,application/xml;q=0.9,*/*;q=0.8', 'Accept-Language': 'en-US,en;q=0.9', 'Accept-Encoding': 'gzip, deflate, br, zstd', 'Content-Type': 'application/x-www-form-urlencoded', 'Content-Length': '20', 'Origin': 'http://localhost:8081', 'Connection': 'keep-alive', 'Referer': 'http://localhost:8081/a2_filtered_post.php', 'Cookie': 'PHPSESSID=9cf7a76824a1e7814f8220e72977d3c5; security=impossible', 'Upgrade-Insecure-Requests': '1', 'Sec-Fetch-Dest': 'document', 'Sec-Fetch-Mode': 'navigate', 'Sec-Fetch-Site': 'same-origin', 'Sec-Fetch-User': '?1', 'Priority': 'u=0, i'}
[14:00:32.816] [GENERALFUNCTION 461] DEBUG OUTGOING post_data_encoded (truncated): Submit=Submit&id=%3C
[14:00:32.816] [GENERALFUNCTION 461] DEBUG OUTGOING body_param_dict: {'Submit': 'Submit', 'id': '<'}
[14:00:32.855] [SQLiFuzz 461] Response status: 200
[14:00:32.855] [SQLiFuzz 461] Response URL: http://localhost:8081/a2_filtered_post.php
[14:00:32.855] [SQLiFuzz 461] Was redirected: False
[14:00:32.855] [SQLiFuzz 461] Getting response: 
<!doctype html>

<html>

<body>

<form method="POST">

  <label>User ID: <input type="text" name="id"></label>

  <input type="submit" name="Submit" value="Submit">

</form>

<pre>INPUT REJECTED</pre>
[14:00:33.856] [SQLAnalysis] Read 1 new lines from SQL log file.
[14:00:33.857] [SQLAnalysis] Appended 1 parsed entries.
[14:00:33.857] [SQLAnalysis 461] Extracted 864 Logs 2026-10-03 18:00:33.857206: [{'timestamp': '2026-10-03 18:00:32,836285', 'level': 'INFO', 'ip': '172.18.0.5', 'port': 39598, 'sql': 'USE db *#*#OK'}]
[14:00:33.857] [SQLAnalysis 461] Updated param pairs: {'looked_value': '<'}
[14:00:33.857] [SQLAnalysis 461] Looked timestamp 2026-10-03 18:00:32.816684 -- 2026-10-03 18:00:32.850091
[14:00:33.867] [SQLAnalysis 461] query_array to be checked: ['use', 'db']
[14:00:33.867] [SQLAnalysis 461] normalized_query_array: ['use', 'db']
[14:00:33.867] [SQLiFuzz 461] No weird chars exist: POST http://localhost:8081/a2_filtered_post.php | ['[string (False)(None)] Sec-Fetch-Dest=document', '[string (False)(None)] Sec-Fetch-Mode=navigate', '[string (False)(None)] Sec-Fetch-Site=same-origin', '[string (False)(None)] Sec-Fetch-User=?1', '[string (False)(None)] Priority=u=0, i', '[url (False)(None)] path0=a2_filtered_post.php', '[int (False)(None)] id=<', '[string (False)(None)] Submit=Submit'] | None
[14:00:33.867] [SQLiFuzz 6b2] Getting prepared_target_request with ID 364 for test_SQLi iteration 14/70
[14:00:33.867] [SQLiFuzz 364] chosen_idx: 6 from 8
[14:00:33.867] [HTTPREQUEST 364] Getting matched paramval from found values: ['?1', '1']
[14:00:33.867] [HTTPREQUEST 364] Found matched paramval: [string (False)(None)] Sec-Fetch-User=?1
[14:00:33.868] [HTTPREQUEST 364] Found matched paramval: [int (False)(None)] id=1
[14:00:33.868] [SQLiFuzz 364] Prioritize to fuzz matched SQL value first: [int (False)(None)] id=1
[14:00:33.868] [SQLiFuzz 364] Mutation applied. old='1' char='<' strategy='drop' new='<'
[14:00:33.868] [HTTPREQUEST 364] Update url and body param from paramvals:
[14:00:33.868] [HTTPREQUEST None] New post_data_encoded: Submit=Submit&id=%3C
[14:00:33.868] [HTTPREQUEST None] New param encoded: 
[14:00:33.868] [GENERALFUNCTION 364] ---SENDING THE REQUEST [1791050433-02aacda1-55da-40ec-83db-a929697d2364] TO : [POST] http://localhost:8081/a2_filtered_post.php
[14:00:33.868] [GENERALFUNCTION 364] Post data encoded: Submit=Submit&id=%3C
[14:00:33.868] [GENERALFUNCTION 364] Adjusted Content-Length to 20
[14:00:33.868] [GENERALFUNCTION 364] Adjusted Origin to http://localhost:8081
[14:00:33.868] [GENERALFUNCTION 364] Adjusted Referer to http://localhost:8081/a2_filtered_post.php
[14:00:33.868] [GENERALFUNCTION 364] DEBUG OUTGOING request.full_url: http://localhost:8081/a2_filtered_post.php
[14:00:33.868] [GENERALFUNCTION 364] DEBUG OUTGOING headers: {'Host': 'localhost:8081', 'User-Agent': 'Mozilla/5.0 (X11; Ubuntu; Linux x86_64; rv:155.0) Gecko/20100101 Firefox/155.0', 'Accept': 'text/html,application/xhtml+xml,application/xml;q=0.9,*/*;q=0.8', 'Accept-Language': 'en-US,en;q=0.9', 'Accept-Encoding': 'gzip, deflate, br, zstd', 'Content-Type': 'application/x-www-form-urlencoded', 'Content-Length': '20', 'Origin': 'http://localhost:8081', 'Connection': 'keep-alive', 'Referer': 'http://localhost:8081/a2_filtered_post.php', 'Cookie': 'PHPSESSID=9cf7a76824a1e7814f8220e72977d3c5; security=impossible', 'Upgrade-Insecure-Requests': '1', 'Sec-Fetch-Dest': 'document', 'Sec-Fetch-Mode': 'navigate', 'Sec-Fetch-Site': 'same-origin', 'Sec-Fetch-User': '?1', 'Priority': 'u=0, i'}
[14:00:33.868] [GENERALFUNCTION 364] DEBUG OUTGOING post_data_encoded (truncated): Submit=Submit&id=%3C
[14:00:33.869] [GENERALFUNCTION 364] DEBUG OUTGOING body_param_dict: {'Submit': 'Submit', 'id': '<'}
[14:00:33.902] [SQLiFuzz 364] Response status: 200
[14:00:33.902] [SQLiFuzz 364] Response URL: http://localhost:8081/a2_filtered_post.php
[14:00:33.903] [SQLiFuzz 364] Was redirected: False
[14:00:33.903] [SQLiFuzz 364] Getting response: 
<!doctype html>

<html>

<body>

<form method="POST">

  <label>User ID: <input type="text" name="id"></label>

  <input type="submit" name="Submit" value="Submit">

</form>

<pre>INPUT REJECTED</pre>
[14:00:34.904] [SQLAnalysis] Read 1 new lines from SQL log file.
[14:00:34.904] [SQLAnalysis] Appended 1 parsed entries.
[14:00:34.905] [SQLAnalysis 364] Extracted 865 Logs 2026-10-03 18:00:34.905013: [{'timestamp': '2026-10-03 18:00:33,886712', 'level': 'INFO', 'ip': '172.18.0.5', 'port': 39616, 'sql': 'USE db *#*#OK'}]
[14:00:34.905] [SQLAnalysis 364] Updated param pairs: {'looked_value': '<'}
[14:00:34.905] [SQLAnalysis 364] Looked timestamp 2026-10-03 18:00:33.869086 -- 2026-10-03 18:00:33.898019
[14:00:34.914] [SQLAnalysis 364] query_array to be checked: ['use', 'db']
[14:00:34.914] [SQLAnalysis 364] normalized_query_array: ['use', 'db']
[14:00:34.914] [SQLiFuzz 364] No weird chars exist: POST http://localhost:8081/a2_filtered_post.php | ['[string (False)(None)] Sec-Fetch-Dest=document', '[string (False)(None)] Sec-Fetch-Mode=navigate', '[string (False)(None)] Sec-Fetch-Site=same-origin', '[string (False)(None)] Sec-Fetch-User=?1', '[string (False)(None)] Priority=u=0, i', '[url (False)(None)] path0=a2_filtered_post.php', '[int (False)(None)] id=<', '[string (False)(None)] Submit=Submit'] | None
[14:00:34.914] [SQLiFuzz 6b2] Getting prepared_target_request with ID b45 for test_SQLi iteration 15/70
[14:00:34.914] [SQLiFuzz b45] chosen_idx: 6 from 8
[14:00:34.914] [HTTPREQUEST b45] Getting matched paramval from found values: ['?1', '1']
[14:00:34.915] [HTTPREQUEST b45] Found matched paramval: [string (False)(None)] Sec-Fetch-User=?1
[14:00:34.915] [HTTPREQUEST b45] Found matched paramval: [int (False)(None)] id=1
[14:00:34.915] [SQLiFuzz b45] Prioritize to fuzz matched SQL value first: [int (False)(None)] id=1
[14:00:34.915] [SQLiFuzz b45] Mutation applied. old='1' char='+' strategy='drop' new='+'
[14:00:34.915] [HTTPREQUEST b45] Update url and body param from paramvals:
[14:00:34.915] [HTTPREQUEST None] New post_data_encoded: Submit=Submit&id=%2B
[14:00:34.915] [HTTPREQUEST None] New param encoded: 
[14:00:34.915] [GENERALFUNCTION b45] ---SENDING THE REQUEST [1791050434-1868e32c-acd3-47ae-9ae0-339732e28b45] TO : [POST] http://localhost:8081/a2_filtered_post.php
[14:00:34.915] [GENERALFUNCTION b45] Post data encoded: Submit=Submit&id=%2B
[14:00:34.915] [GENERALFUNCTION b45] Adjusted Content-Length to 20
[14:00:34.915] [GENERALFUNCTION b45] Adjusted Origin to http://localhost:8081
[14:00:34.915] [GENERALFUNCTION b45] Adjusted Referer to http://localhost:8081/a2_filtered_post.php
[14:00:34.916] [GENERALFUNCTION b45] DEBUG OUTGOING request.full_url: http://localhost:8081/a2_filtered_post.php
[14:00:34.916] [GENERALFUNCTION b45] DEBUG OUTGOING headers: {'Host': 'localhost:8081', 'User-Agent': 'Mozilla/5.0 (X11; Ubuntu; Linux x86_64; rv:155.0) Gecko/20100101 Firefox/155.0', 'Accept': 'text/html,application/xhtml+xml,application/xml;q=0.9,*/*;q=0.8', 'Accept-Language': 'en-US,en;q=0.9', 'Accept-Encoding': 'gzip, deflate, br, zstd', 'Content-Type': 'application/x-www-form-urlencoded', 'Content-Length': '20', 'Origin': 'http://localhost:8081', 'Connection': 'keep-alive', 'Referer': 'http://localhost:8081/a2_filtered_post.php', 'Cookie': 'PHPSESSID=9cf7a76824a1e7814f8220e72977d3c5; security=impossible', 'Upgrade-Insecure-Requests': '1', 'Sec-Fetch-Dest': 'document', 'Sec-Fetch-Mode': 'navigate', 'Sec-Fetch-Site': 'same-origin', 'Sec-Fetch-User': '?1', 'Priority': 'u=0, i'}
[14:00:34.916] [GENERALFUNCTION b45] DEBUG OUTGOING post_data_encoded (truncated): Submit=Submit&id=%2B
[14:00:34.916] [GENERALFUNCTION b45] DEBUG OUTGOING body_param_dict: {'Submit': 'Submit', 'id': '+'}
[14:00:34.946] [SQLiFuzz b45] Response status: 200
[14:00:34.946] [SQLiFuzz b45] Response URL: http://localhost:8081/a2_filtered_post.php
[14:00:34.946] [SQLiFuzz b45] Was redirected: False
[14:00:34.946] [SQLiFuzz b45] Getting response: 
<!doctype html>

<html>

<body>

<form method="POST">

  <label>User ID: <input type="text" name="id"></label>

  <input type="submit" name="Submit" value="Submit">

</form>

<pre>INPUT REJECTED</pre>
[14:00:35.947] [SQLAnalysis] Read 1 new lines from SQL log file.
[14:00:35.947] [SQLAnalysis] Appended 1 parsed entries.
[14:00:35.947] [SQLAnalysis b45] Extracted 866 Logs 2026-10-03 18:00:35.947573: [{'timestamp': '2026-10-03 18:00:34,930731', 'level': 'INFO', 'ip': '172.18.0.5', 'port': 39630, 'sql': 'USE db *#*#OK'}]
[14:00:35.947] [SQLAnalysis b45] Updated param pairs: {'looked_value': '+'}
[14:00:35.947] [SQLAnalysis b45] Looked timestamp 2026-10-03 18:00:34.916275 -- 2026-10-03 18:00:34.941831
[14:00:35.956] [SQLAnalysis b45] query_array to be checked: ['use', 'db']
[14:00:35.956] [SQLAnalysis b45] normalized_query_array: ['use', 'db']
[14:00:35.956] [SQLiFuzz b45] No weird chars exist: POST http://localhost:8081/a2_filtered_post.php | ['[string (False)(None)] Sec-Fetch-Dest=document', '[string (False)(None)] Sec-Fetch-Mode=navigate', '[string (False)(None)] Sec-Fetch-Site=same-origin', '[string (False)(None)] Sec-Fetch-User=?1', '[string (False)(None)] Priority=u=0, i', '[url (False)(None)] path0=a2_filtered_post.php', '[int (False)(None)] id=+', '[string (False)(None)] Submit=Submit'] | None
[14:00:35.956] [SQLiFuzz 6b2] Getting prepared_target_request with ID 702 for test_SQLi iteration 16/70
[14:00:35.956] [SQLiFuzz 702] chosen_idx: 4 from 8
[14:00:35.956] [HTTPREQUEST 702] Getting matched paramval from found values: ['?1', '1']
[14:00:35.957] [HTTPREQUEST 702] Found matched paramval: [string (False)(None)] Sec-Fetch-User=?1
[14:00:35.957] [HTTPREQUEST 702] Found matched paramval: [int (False)(None)] id=1
[14:00:35.957] [SQLiFuzz 702] Prioritize to fuzz matched SQL value first: [int (False)(None)] id=1
[14:00:35.957] [SQLiFuzz 702] Mutation applied. old='1' char='%' strategy='random' new='1%'
[14:00:35.957] [HTTPREQUEST 702] Update url and body param from paramvals:
[14:00:35.957] [HTTPREQUEST None] New post_data_encoded: Submit=Submit&id=1%25
[14:00:35.957] [HTTPREQUEST None] New param encoded: 
[14:00:35.957] [GENERALFUNCTION 702] ---SENDING THE REQUEST [1791050435-53bf7f28-61b0-4a9c-a418-aca71ca7d702] TO : [POST] http://localhost:8081/a2_filtered_post.php
[14:00:35.957] [GENERALFUNCTION 702] Post data encoded: Submit=Submit&id=1%25
[14:00:35.957] [GENERALFUNCTION 702] Adjusted Content-Length to 21
[14:00:35.957] [GENERALFUNCTION 702] Adjusted Origin to http://localhost:8081
[14:00:35.957] [GENERALFUNCTION 702] Adjusted Referer to http://localhost:8081/a2_filtered_post.php
[14:00:35.957] [GENERALFUNCTION 702] DEBUG OUTGOING request.full_url: http://localhost:8081/a2_filtered_post.php
[14:00:35.957] [GENERALFUNCTION 702] DEBUG OUTGOING headers: {'Host': 'localhost:8081', 'User-Agent': 'Mozilla/5.0 (X11; Ubuntu; Linux x86_64; rv:155.0) Gecko/20100101 Firefox/155.0', 'Accept': 'text/html,application/xhtml+xml,application/xml;q=0.9,*/*;q=0.8', 'Accept-Language': 'en-US,en;q=0.9', 'Accept-Encoding': 'gzip, deflate, br, zstd', 'Content-Type': 'application/x-www-form-urlencoded', 'Content-Length': '21', 'Origin': 'http://localhost:8081', 'Connection': 'keep-alive', 'Referer': 'http://localhost:8081/a2_filtered_post.php', 'Cookie': 'PHPSESSID=9cf7a76824a1e7814f8220e72977d3c5; security=impossible', 'Upgrade-Insecure-Requests': '1', 'Sec-Fetch-Dest': 'document', 'Sec-Fetch-Mode': 'navigate', 'Sec-Fetch-Site': 'same-origin', 'Sec-Fetch-User': '?1', 'Priority': 'u=0, i'}
[14:00:35.958] [GENERALFUNCTION 702] DEBUG OUTGOING post_data_encoded (truncated): Submit=Submit&id=1%25
[14:00:35.958] [GENERALFUNCTION 702] DEBUG OUTGOING body_param_dict: {'Submit': 'Submit', 'id': '1%'}
[14:00:35.981] [SQLiFuzz 702] Response status: 200
[14:00:35.981] [SQLiFuzz 702] Response URL: http://localhost:8081/a2_filtered_post.php
[14:00:35.981] [SQLiFuzz 702] Was redirected: False
[14:00:35.981] [SQLiFuzz 702] Getting response: 
<!doctype html>

<html>

<body>

<form method="POST">

  <label>User ID: <input type="text" name="id"></label>

  <input type="submit" name="Submit" value="Submit">

</form>

<pre>INPUT REJECTED</pre>
[14:00:36.981] [SQLAnalysis] Read 1 new lines from SQL log file.
[14:00:36.981] [SQLAnalysis] Appended 1 parsed entries.
[14:00:36.982] [SQLAnalysis 702] Extracted 867 Logs 2026-10-03 18:00:36.982079: [{'timestamp': '2026-10-03 18:00:35,969912', 'level': 'INFO', 'ip': '172.18.0.5', 'port': 39646, 'sql': 'USE db *#*#OK'}]
[14:00:36.982] [SQLAnalysis 702] Updated param pairs: {'looked_value': '1%'}
[14:00:36.982] [SQLAnalysis 702] Looked timestamp 2026-10-03 18:00:35.958177 -- 2026-10-03 18:00:35.977231
[14:00:36.991] [SQLAnalysis 702] query_array to be checked: ['use', 'db']
[14:00:36.991] [SQLAnalysis 702] normalized_query_array: ['use', 'db']
[14:00:36.991] [SQLiFuzz 702] No weird chars exist: POST http://localhost:8081/a2_filtered_post.php | ['[string (False)(None)] Sec-Fetch-Dest=document', '[string (False)(None)] Sec-Fetch-Mode=navigate', '[string (False)(None)] Sec-Fetch-Site=same-origin', '[string (False)(None)] Sec-Fetch-User=?1', '[string (False)(None)] Priority=u=0, i', '[url (False)(None)] path0=a2_filtered_post.php', '[int (False)(None)] id=1%', '[string (False)(None)] Submit=Submit'] | None
[14:00:36.992] [SQLiFuzz 6b2] Getting prepared_target_request with ID 4c0 for test_SQLi iteration 17/70
[14:00:36.992] [SQLiFuzz 4c0] chosen_idx: 2 from 8
[14:00:36.992] [HTTPREQUEST 4c0] Getting matched paramval from found values: ['?1', '1']
[14:00:36.992] [HTTPREQUEST 4c0] Found matched paramval: [string (False)(None)] Sec-Fetch-User=?1
[14:00:36.992] [HTTPREQUEST 4c0] Found matched paramval: [int (False)(None)] id=1
[14:00:36.992] [SQLiFuzz 4c0] Prioritize to fuzz matched SQL value first: [int (False)(None)] id=1
[14:00:36.992] [SQLiFuzz 4c0] Mutation applied. old='1' char='`' strategy='tail' new='1`'
[14:00:36.992] [HTTPREQUEST 4c0] Update url and body param from paramvals:
[14:00:36.992] [HTTPREQUEST None] New post_data_encoded: Submit=Submit&id=1%60
[14:00:36.992] [HTTPREQUEST None] New param encoded: 
[14:00:36.993] [GENERALFUNCTION 4c0] ---SENDING THE REQUEST [1791050436-e3ec9a6b-f8a2-4912-83fd-7f77d32184c0] TO : [POST] http://localhost:8081/a2_filtered_post.php
[14:00:36.993] [GENERALFUNCTION 4c0] Post data encoded: Submit=Submit&id=1%60
[14:00:36.993] [GENERALFUNCTION 4c0] Adjusted Content-Length to 21
[14:00:36.993] [GENERALFUNCTION 4c0] Adjusted Origin to http://localhost:8081
[14:00:36.993] [GENERALFUNCTION 4c0] Adjusted Referer to http://localhost:8081/a2_filtered_post.php
[14:00:36.993] [GENERALFUNCTION 4c0] DEBUG OUTGOING request.full_url: http://localhost:8081/a2_filtered_post.php
[14:00:36.993] [GENERALFUNCTION 4c0] DEBUG OUTGOING headers: {'Host': 'localhost:8081', 'User-Agent': 'Mozilla/5.0 (X11; Ubuntu; Linux x86_64; rv:155.0) Gecko/20100101 Firefox/155.0', 'Accept': 'text/html,application/xhtml+xml,application/xml;q=0.9,*/*;q=0.8', 'Accept-Language': 'en-US,en;q=0.9', 'Accept-Encoding': 'gzip, deflate, br, zstd', 'Content-Type': 'application/x-www-form-urlencoded', 'Content-Length': '21', 'Origin': 'http://localhost:8081', 'Connection': 'keep-alive', 'Referer': 'http://localhost:8081/a2_filtered_post.php', 'Cookie': 'PHPSESSID=9cf7a76824a1e7814f8220e72977d3c5; security=impossible', 'Upgrade-Insecure-Requests': '1', 'Sec-Fetch-Dest': 'document', 'Sec-Fetch-Mode': 'navigate', 'Sec-Fetch-Site': 'same-origin', 'Sec-Fetch-User': '?1', 'Priority': 'u=0, i'}
[14:00:36.993] [GENERALFUNCTION 4c0] DEBUG OUTGOING post_data_encoded (truncated): Submit=Submit&id=1%60
[14:00:36.993] [GENERALFUNCTION 4c0] DEBUG OUTGOING body_param_dict: {'Submit': 'Submit', 'id': '1`'}
[14:00:37.019] [SQLiFuzz 4c0] Response status: 200
[14:00:37.019] [SQLiFuzz 4c0] Response URL: http://localhost:8081/a2_filtered_post.php
[14:00:37.019] [SQLiFuzz 4c0] Was redirected: False
[14:00:37.019] [SQLiFuzz 4c0] Getting response: 
<!doctype html>

<html>

<body>

<form method="POST">

  <label>User ID: <input type="text" name="id"></label>

  <input type="submit" name="Submit" value="Submit">

</form>

<pre>INPUT REJECTED</pre>
[14:00:38.021] [SQLAnalysis] Read 1 new lines from SQL log file.
[14:00:38.021] [SQLAnalysis] Appended 1 parsed entries.
[14:00:38.021] [SQLAnalysis 4c0] Extracted 868 Logs 2026-10-03 18:00:38.021626: [{'timestamp': '2026-10-03 18:00:37,006147', 'level': 'INFO', 'ip': '172.18.0.5', 'port': 39676, 'sql': 'USE db *#*#OK'}]
[14:00:38.021] [SQLAnalysis 4c0] Updated param pairs: {'looked_value': '1`'}
[14:00:38.022] [SQLAnalysis 4c0] Looked timestamp 2026-10-03 18:00:36.993686 -- 2026-10-03 18:00:37.015378
[14:00:38.032] [SQLAnalysis 4c0] query_array to be checked: ['use', 'db']
[14:00:38.032] [SQLAnalysis 4c0] normalized_query_array: ['use', 'db']
[14:00:38.032] [SQLiFuzz 4c0] No weird chars exist: POST http://localhost:8081/a2_filtered_post.php | ['[string (False)(None)] Sec-Fetch-Dest=document', '[string (False)(None)] Sec-Fetch-Mode=navigate', '[string (False)(None)] Sec-Fetch-Site=same-origin', '[string (False)(None)] Sec-Fetch-User=?1', '[string (False)(None)] Priority=u=0, i', '[url (False)(None)] path0=a2_filtered_post.php', '[int (False)(None)] id=1`', '[string (False)(None)] Submit=Submit'] | None
[14:00:38.032] [SQLiFuzz 6b2] Getting prepared_target_request with ID a2f for test_SQLi iteration 18/70
[14:00:38.033] [SQLiFuzz a2f] chosen_idx: 1 from 8
[14:00:38.033] [HTTPREQUEST a2f] Getting matched paramval from found values: ['?1', '1']
[14:00:38.033] [HTTPREQUEST a2f] Found matched paramval: [string (False)(None)] Sec-Fetch-User=?1
[14:00:38.033] [HTTPREQUEST a2f] Found matched paramval: [int (False)(None)] id=1
[14:00:38.033] [SQLiFuzz a2f] Prioritize to fuzz matched SQL value first: [int (False)(None)] id=1
[14:00:38.033] [SQLiFuzz a2f] Mutation applied. old='1' char=']' strategy='front' new=']1'
[14:00:38.033] [HTTPREQUEST a2f] Update url and body param from paramvals:
[14:00:38.033] [HTTPREQUEST None] New post_data_encoded: Submit=Submit&id=%5D1
[14:00:38.033] [HTTPREQUEST None] New param encoded: 
[14:00:38.033] [GENERALFUNCTION a2f] ---SENDING THE REQUEST [1791050438-d844e826-fa29-4055-9dbf-1a3b16dada2f] TO : [POST] http://localhost:8081/a2_filtered_post.php
[14:00:38.033] [GENERALFUNCTION a2f] Post data encoded: Submit=Submit&id=%5D1
[14:00:38.034] [GENERALFUNCTION a2f] Adjusted Content-Length to 21
[14:00:38.034] [GENERALFUNCTION a2f] Adjusted Origin to http://localhost:8081
[14:00:38.034] [GENERALFUNCTION a2f] Adjusted Referer to http://localhost:8081/a2_filtered_post.php
[14:00:38.034] [GENERALFUNCTION a2f] DEBUG OUTGOING request.full_url: http://localhost:8081/a2_filtered_post.php
[14:00:38.034] [GENERALFUNCTION a2f] DEBUG OUTGOING headers: {'Host': 'localhost:8081', 'User-Agent': 'Mozilla/5.0 (X11; Ubuntu; Linux x86_64; rv:155.0) Gecko/20100101 Firefox/155.0', 'Accept': 'text/html,application/xhtml+xml,application/xml;q=0.9,*/*;q=0.8', 'Accept-Language': 'en-US,en;q=0.9', 'Accept-Encoding': 'gzip, deflate, br, zstd', 'Content-Type': 'application/x-www-form-urlencoded', 'Content-Length': '21', 'Origin': 'http://localhost:8081', 'Connection': 'keep-alive', 'Referer': 'http://localhost:8081/a2_filtered_post.php', 'Cookie': 'PHPSESSID=9cf7a76824a1e7814f8220e72977d3c5; security=impossible', 'Upgrade-Insecure-Requests': '1', 'Sec-Fetch-Dest': 'document', 'Sec-Fetch-Mode': 'navigate', 'Sec-Fetch-Site': 'same-origin', 'Sec-Fetch-User': '?1', 'Priority': 'u=0, i'}
[14:00:38.034] [GENERALFUNCTION a2f] DEBUG OUTGOING post_data_encoded (truncated): Submit=Submit&id=%5D1
[14:00:38.034] [GENERALFUNCTION a2f] DEBUG OUTGOING body_param_dict: {'Submit': 'Submit', 'id': ']1'}
[14:00:38.059] [SQLiFuzz a2f] Response status: 200
[14:00:38.059] [SQLiFuzz a2f] Response URL: http://localhost:8081/a2_filtered_post.php
[14:00:38.059] [SQLiFuzz a2f] Was redirected: False
[14:00:38.059] [SQLiFuzz a2f] Getting response: 
<!doctype html>

<html>

<body>

<form method="POST">

  <label>User ID: <input type="text" name="id"></label>

  <input type="submit" name="Submit" value="Submit">

</form>

<pre>INPUT REJECTED</pre>
[14:00:39.060] [SQLAnalysis] Read 1 new lines from SQL log file.
[14:00:39.060] [SQLAnalysis] Appended 1 parsed entries.
[14:00:39.060] [SQLAnalysis a2f] Extracted 869 Logs 2026-10-03 18:00:39.060743: [{'timestamp': '2026-10-03 18:00:38,046240', 'level': 'INFO', 'ip': '172.18.0.5', 'port': 39698, 'sql': 'USE db *#*#OK'}]
[14:00:39.060] [SQLAnalysis a2f] Updated param pairs: {'looked_value': ']1'}
[14:00:39.061] [SQLAnalysis a2f] Looked timestamp 2026-10-03 18:00:38.034960 -- 2026-10-03 18:00:38.055203
[14:00:39.072] [SQLAnalysis a2f] query_array to be checked: ['use', 'db']
[14:00:39.072] [SQLAnalysis a2f] normalized_query_array: ['use', 'db']
[14:00:39.072] [SQLiFuzz a2f] No weird chars exist: POST http://localhost:8081/a2_filtered_post.php | ['[string (False)(None)] Sec-Fetch-Dest=document', '[string (False)(None)] Sec-Fetch-Mode=navigate', '[string (False)(None)] Sec-Fetch-Site=same-origin', '[string (False)(None)] Sec-Fetch-User=?1', '[string (False)(None)] Priority=u=0, i', '[url (False)(None)] path0=a2_filtered_post.php', '[int (False)(None)] id=]1', '[string (False)(None)] Submit=Submit'] | None
[14:00:39.073] [SQLiFuzz 6b2] Getting prepared_target_request with ID 301 for test_SQLi iteration 19/70
[14:00:39.073] [SQLiFuzz 301] chosen_idx: 4 from 8
[14:00:39.073] [HTTPREQUEST 301] Getting matched paramval from found values: ['?1', '1']
[14:00:39.073] [HTTPREQUEST 301] Found matched paramval: [string (False)(None)] Sec-Fetch-User=?1
[14:00:39.073] [HTTPREQUEST 301] Found matched paramval: [int (False)(None)] id=1
[14:00:39.073] [SQLiFuzz 301] Prioritize to fuzz matched SQL value first: [int (False)(None)] id=1
[14:00:39.073] [SQLiFuzz 301] Mutation applied. old='1' char='=' strategy='tail' new='1='
[14:00:39.073] [HTTPREQUEST 301] Update url and body param from paramvals:
[14:00:39.073] [HTTPREQUEST None] New post_data_encoded: Submit=Submit&id=1%3D
[14:00:39.073] [HTTPREQUEST None] New param encoded: 
[14:00:39.073] [GENERALFUNCTION 301] ---SENDING THE REQUEST [1791050439-28f9a3bf-f35a-435a-bc0d-0743b9f42301] TO : [POST] http://localhost:8081/a2_filtered_post.php
[14:00:39.073] [GENERALFUNCTION 301] Post data encoded: Submit=Submit&id=1%3D
[14:00:39.074] [GENERALFUNCTION 301] Adjusted Content-Length to 21
[14:00:39.074] [GENERALFUNCTION 301] Adjusted Origin to http://localhost:8081
[14:00:39.074] [GENERALFUNCTION 301] Adjusted Referer to http://localhost:8081/a2_filtered_post.php
[14:00:39.074] [GENERALFUNCTION 301] DEBUG OUTGOING request.full_url: http://localhost:8081/a2_filtered_post.php
[14:00:39.074] [GENERALFUNCTION 301] DEBUG OUTGOING headers: {'Host': 'localhost:8081', 'User-Agent': 'Mozilla/5.0 (X11; Ubuntu; Linux x86_64; rv:155.0) Gecko/20100101 Firefox/155.0', 'Accept': 'text/html,application/xhtml+xml,application/xml;q=0.9,*/*;q=0.8', 'Accept-Language': 'en-US,en;q=0.9', 'Accept-Encoding': 'gzip, deflate, br, zstd', 'Content-Type': 'application/x-www-form-urlencoded', 'Content-Length': '21', 'Origin': 'http://localhost:8081', 'Connection': 'keep-alive', 'Referer': 'http://localhost:8081/a2_filtered_post.php', 'Cookie': 'PHPSESSID=9cf7a76824a1e7814f8220e72977d3c5; security=impossible', 'Upgrade-Insecure-Requests': '1', 'Sec-Fetch-Dest': 'document', 'Sec-Fetch-Mode': 'navigate', 'Sec-Fetch-Site': 'same-origin', 'Sec-Fetch-User': '?1', 'Priority': 'u=0, i'}
[14:00:39.074] [GENERALFUNCTION 301] DEBUG OUTGOING post_data_encoded (truncated): Submit=Submit&id=1%3D
[14:00:39.074] [GENERALFUNCTION 301] DEBUG OUTGOING body_param_dict: {'Submit': 'Submit', 'id': '1='}
[14:00:39.103] [SQLiFuzz 301] Response status: 200
[14:00:39.103] [SQLiFuzz 301] Response URL: http://localhost:8081/a2_filtered_post.php
[14:00:39.103] [SQLiFuzz 301] Was redirected: False
[14:00:39.104] [SQLiFuzz 301] Getting response: 
<!doctype html>

<html>

<body>

<form method="POST">

  <label>User ID: <input type="text" name="id"></label>

  <input type="submit" name="Submit" value="Submit">

</form>

<pre>INPUT REJECTED</pre>
[14:00:40.104] [SQLAnalysis] Read 1 new lines from SQL log file.
[14:00:40.105] [SQLAnalysis] Appended 1 parsed entries.
[14:00:40.105] [SQLAnalysis 301] Extracted 870 Logs 2026-10-03 18:00:40.105264: [{'timestamp': '2026-10-03 18:00:39,088805', 'level': 'INFO', 'ip': '172.18.0.5', 'port': 39716, 'sql': 'USE db *#*#OK'}]
[14:00:40.105] [SQLAnalysis 301] Updated param pairs: {'looked_value': '1='}
[14:00:40.105] [SQLAnalysis 301] Looked timestamp 2026-10-03 18:00:39.074509 -- 2026-10-03 18:00:39.099086
[14:00:40.114] [SQLAnalysis 301] query_array to be checked: ['use', 'db']
[14:00:40.114] [SQLAnalysis 301] normalized_query_array: ['use', 'db']
[14:00:40.114] [SQLiFuzz 301] No weird chars exist: POST http://localhost:8081/a2_filtered_post.php | ['[string (False)(None)] Sec-Fetch-Dest=document', '[string (False)(None)] Sec-Fetch-Mode=navigate', '[string (False)(None)] Sec-Fetch-Site=same-origin', '[string (False)(None)] Sec-Fetch-User=?1', '[string (False)(None)] Priority=u=0, i', '[url (False)(None)] path0=a2_filtered_post.php', '[int (False)(None)] id=1=', '[string (False)(None)] Submit=Submit'] | None
[14:00:40.115] [SQLiFuzz 6b2] Getting prepared_target_request with ID 8bf for test_SQLi iteration 20/70
[14:00:40.115] [SQLiFuzz 8bf] chosen_idx: 6 from 8
[14:00:40.115] [HTTPREQUEST 8bf] Getting matched paramval from found values: ['?1', '1']
[14:00:40.115] [HTTPREQUEST 8bf] Found matched paramval: [string (False)(None)] Sec-Fetch-User=?1
[14:00:40.115] [HTTPREQUEST 8bf] Found matched paramval: [int (False)(None)] id=1
[14:00:40.115] [SQLiFuzz 8bf] Prioritize to fuzz matched SQL value first: [int (False)(None)] id=1
[14:00:40.115] [SQLiFuzz 8bf] Mutation applied. old='1' char='|' strategy='drop' new='|'
[14:00:40.115] [HTTPREQUEST 8bf] Update url and body param from paramvals:
[14:00:40.115] [HTTPREQUEST None] New post_data_encoded: Submit=Submit&id=%7C
[14:00:40.115] [HTTPREQUEST None] New param encoded: 
[14:00:40.115] [GENERALFUNCTION 8bf] ---SENDING THE REQUEST [1791050440-261c255b-84ee-44a1-aa5e-43049f2ff8bf] TO : [POST] http://localhost:8081/a2_filtered_post.php
[14:00:40.115] [GENERALFUNCTION 8bf] Post data encoded: Submit=Submit&id=%7C
[14:00:40.115] [GENERALFUNCTION 8bf] Adjusted Content-Length to 20
[14:00:40.115] [GENERALFUNCTION 8bf] Adjusted Origin to http://localhost:8081
[14:00:40.116] [GENERALFUNCTION 8bf] Adjusted Referer to http://localhost:8081/a2_filtered_post.php
[14:00:40.116] [GENERALFUNCTION 8bf] DEBUG OUTGOING request.full_url: http://localhost:8081/a2_filtered_post.php
[14:00:40.116] [GENERALFUNCTION 8bf] DEBUG OUTGOING headers: {'Host': 'localhost:8081', 'User-Agent': 'Mozilla/5.0 (X11; Ubuntu; Linux x86_64; rv:155.0) Gecko/20100101 Firefox/155.0', 'Accept': 'text/html,application/xhtml+xml,application/xml;q=0.9,*/*;q=0.8', 'Accept-Language': 'en-US,en;q=0.9', 'Accept-Encoding': 'gzip, deflate, br, zstd', 'Content-Type': 'application/x-www-form-urlencoded', 'Content-Length': '20', 'Origin': 'http://localhost:8081', 'Connection': 'keep-alive', 'Referer': 'http://localhost:8081/a2_filtered_post.php', 'Cookie': 'PHPSESSID=9cf7a76824a1e7814f8220e72977d3c5; security=impossible', 'Upgrade-Insecure-Requests': '1', 'Sec-Fetch-Dest': 'document', 'Sec-Fetch-Mode': 'navigate', 'Sec-Fetch-Site': 'same-origin', 'Sec-Fetch-User': '?1', 'Priority': 'u=0, i'}
[14:00:40.116] [GENERALFUNCTION 8bf] DEBUG OUTGOING post_data_encoded (truncated): Submit=Submit&id=%7C
[14:00:40.116] [GENERALFUNCTION 8bf] DEBUG OUTGOING body_param_dict: {'Submit': 'Submit', 'id': '|'}
[14:00:40.138] [SQLiFuzz 8bf] Response status: 200
[14:00:40.138] [SQLiFuzz 8bf] Response URL: http://localhost:8081/a2_filtered_post.php
[14:00:40.138] [SQLiFuzz 8bf] Was redirected: False
[14:00:40.138] [SQLiFuzz 8bf] Getting response: 
<!doctype html>

<html>

<body>

<form method="POST">

  <label>User ID: <input type="text" name="id"></label>

  <input type="submit" name="Submit" value="Submit">

</form>

<pre>INPUT REJECTED</pre>
[14:00:41.140] [SQLAnalysis] Read 1 new lines from SQL log file.
[14:00:41.140] [SQLAnalysis] Appended 1 parsed entries.
[14:00:41.141] [SQLAnalysis 8bf] Extracted 871 Logs 2026-10-03 18:00:41.140998: [{'timestamp': '2026-10-03 18:00:40,126853', 'level': 'INFO', 'ip': '172.18.0.5', 'port': 39726, 'sql': 'USE db *#*#OK'}]
[14:00:41.141] [SQLAnalysis 8bf] Updated param pairs: {'looked_value': '|'}
[14:00:41.141] [SQLAnalysis 8bf] Looked timestamp 2026-10-03 18:00:40.116330 -- 2026-10-03 18:00:40.134203
[14:00:41.151] [SQLAnalysis 8bf] query_array to be checked: ['use', 'db']
[14:00:41.151] [SQLAnalysis 8bf] normalized_query_array: ['use', 'db']
[14:00:41.152] [SQLiFuzz 8bf] No weird chars exist: POST http://localhost:8081/a2_filtered_post.php | ['[string (False)(None)] Sec-Fetch-Dest=document', '[string (False)(None)] Sec-Fetch-Mode=navigate', '[string (False)(None)] Sec-Fetch-Site=same-origin', '[string (False)(None)] Sec-Fetch-User=?1', '[string (False)(None)] Priority=u=0, i', '[url (False)(None)] path0=a2_filtered_post.php', '[int (False)(None)] id=|', '[string (False)(None)] Submit=Submit'] | None
[14:00:41.152] [SQLiFuzz 6b2] Getting prepared_target_request with ID 52c for test_SQLi iteration 21/70
[14:00:41.152] [SQLiFuzz 52c] chosen_idx: 7 from 8
[14:00:41.152] [HTTPREQUEST 52c] Getting matched paramval from found values: ['?1', '1']
[14:00:41.152] [HTTPREQUEST 52c] Found matched paramval: [string (False)(None)] Sec-Fetch-User=?1
[14:00:41.152] [HTTPREQUEST 52c] Found matched paramval: [int (False)(None)] id=1
[14:00:41.152] [SQLiFuzz 52c] Prioritize to fuzz matched SQL value first: [int (False)(None)] id=1
[14:00:41.152] [SQLiFuzz 52c] Mutation applied. old='1' char='[' strategy='tail' new='1['
[14:00:41.152] [HTTPREQUEST 52c] Update url and body param from paramvals:
[14:00:41.153] [HTTPREQUEST None] New post_data_encoded: Submit=Submit&id=1%5B
[14:00:41.153] [HTTPREQUEST None] New param encoded: 
[14:00:41.153] [GENERALFUNCTION 52c] ---SENDING THE REQUEST [1791050441-bf82daa1-aad8-47de-be2b-fd5b1f2ae52c] TO : [POST] http://localhost:8081/a2_filtered_post.php
[14:00:41.153] [GENERALFUNCTION 52c] Post data encoded: Submit=Submit&id=1%5B
[14:00:41.153] [GENERALFUNCTION 52c] Adjusted Content-Length to 21
[14:00:41.153] [GENERALFUNCTION 52c] Adjusted Origin to http://localhost:8081
[14:00:41.153] [GENERALFUNCTION 52c] Adjusted Referer to http://localhost:8081/a2_filtered_post.php
[14:00:41.153] [GENERALFUNCTION 52c] DEBUG OUTGOING request.full_url: http://localhost:8081/a2_filtered_post.php
[14:00:41.153] [GENERALFUNCTION 52c] DEBUG OUTGOING headers: {'Host': 'localhost:8081', 'User-Agent': 'Mozilla/5.0 (X11; Ubuntu; Linux x86_64; rv:155.0) Gecko/20100101 Firefox/155.0', 'Accept': 'text/html,application/xhtml+xml,application/xml;q=0.9,*/*;q=0.8', 'Accept-Language': 'en-US,en;q=0.9', 'Accept-Encoding': 'gzip, deflate, br, zstd', 'Content-Type': 'application/x-www-form-urlencoded', 'Content-Length': '21', 'Origin': 'http://localhost:8081', 'Connection': 'keep-alive', 'Referer': 'http://localhost:8081/a2_filtered_post.php', 'Cookie': 'PHPSESSID=9cf7a76824a1e7814f8220e72977d3c5; security=impossible', 'Upgrade-Insecure-Requests': '1', 'Sec-Fetch-Dest': 'document', 'Sec-Fetch-Mode': 'navigate', 'Sec-Fetch-Site': 'same-origin', 'Sec-Fetch-User': '?1', 'Priority': 'u=0, i'}
[14:00:41.154] [GENERALFUNCTION 52c] DEBUG OUTGOING post_data_encoded (truncated): Submit=Submit&id=1%5B
[14:00:41.154] [GENERALFUNCTION 52c] DEBUG OUTGOING body_param_dict: {'Submit': 'Submit', 'id': '1['}
[14:00:41.185] [SQLiFuzz 52c] Response status: 200
[14:00:41.185] [SQLiFuzz 52c] Response URL: http://localhost:8081/a2_filtered_post.php
[14:00:41.185] [SQLiFuzz 52c] Was redirected: False
[14:00:41.185] [SQLiFuzz 52c] Getting response: 
<!doctype html>

<html>

<body>

<form method="POST">

  <label>User ID: <input type="text" name="id"></label>

  <input type="submit" name="Submit" value="Submit">

</form>

<pre>INPUT REJECTED</pre>
[14:00:42.186] [SQLAnalysis] Read 1 new lines from SQL log file.
[14:00:42.186] [SQLAnalysis] Appended 1 parsed entries.
[14:00:42.186] [SQLAnalysis 52c] Extracted 872 Logs 2026-10-03 18:00:42.186911: [{'timestamp': '2026-10-03 18:00:41,169935', 'level': 'INFO', 'ip': '172.18.0.5', 'port': 34000, 'sql': 'USE db *#*#OK'}]
[14:00:42.187] [SQLAnalysis 52c] Updated param pairs: {'looked_value': '1['}
[14:00:42.187] [SQLAnalysis 52c] Looked timestamp 2026-10-03 18:00:41.154726 -- 2026-10-03 18:00:41.181399
[14:00:42.197] [SQLAnalysis 52c] query_array to be checked: ['use', 'db']
[14:00:42.198] [SQLAnalysis 52c] normalized_query_array: ['use', 'db']
[14:00:42.198] [SQLiFuzz 52c] No weird chars exist: POST http://localhost:8081/a2_filtered_post.php | ['[string (False)(None)] Sec-Fetch-Dest=document', '[string (False)(None)] Sec-Fetch-Mode=navigate', '[string (False)(None)] Sec-Fetch-Site=same-origin', '[string (False)(None)] Sec-Fetch-User=?1', '[string (False)(None)] Priority=u=0, i', '[url (False)(None)] path0=a2_filtered_post.php', '[int (False)(None)] id=1[', '[string (False)(None)] Submit=Submit'] | None
[14:00:42.199] [SQLiFuzz 6b2] Getting prepared_target_request with ID 5b6 for test_SQLi iteration 22/70
[14:00:42.199] [SQLiFuzz 5b6] chosen_idx: 1 from 8
[14:00:42.199] [HTTPREQUEST 5b6] Getting matched paramval from found values: ['?1', '1']
[14:00:42.199] [HTTPREQUEST 5b6] Found matched paramval: [string (False)(None)] Sec-Fetch-User=?1
[14:00:42.199] [HTTPREQUEST 5b6] Found matched paramval: [int (False)(None)] id=1
[14:00:42.199] [SQLiFuzz 5b6] Prioritize to fuzz matched SQL value first: [int (False)(None)] id=1
[14:00:42.200] [SQLiFuzz 5b6] Mutation applied. old='1' char='(' strategy='tail' new='1('
[14:00:42.200] [HTTPREQUEST 5b6] Update url and body param from paramvals:
[14:00:42.200] [HTTPREQUEST None] New post_data_encoded: Submit=Submit&id=1%28
[14:00:42.200] [HTTPREQUEST None] New param encoded: 
[14:00:42.200] [GENERALFUNCTION 5b6] ---SENDING THE REQUEST [1791050442-2fe3a968-1eab-47a3-bb46-9ed945cdb5b6] TO : [POST] http://localhost:8081/a2_filtered_post.php
[14:00:42.201] [GENERALFUNCTION 5b6] Post data encoded: Submit=Submit&id=1%28
[14:00:42.201] [GENERALFUNCTION 5b6] Adjusted Content-Length to 21
[14:00:42.201] [GENERALFUNCTION 5b6] Adjusted Origin to http://localhost:8081
[14:00:42.201] [GENERALFUNCTION 5b6] Adjusted Referer to http://localhost:8081/a2_filtered_post.php
[14:00:42.201] [GENERALFUNCTION 5b6] DEBUG OUTGOING request.full_url: http://localhost:8081/a2_filtered_post.php
[14:00:42.201] [GENERALFUNCTION 5b6] DEBUG OUTGOING headers: {'Host': 'localhost:8081', 'User-Agent': 'Mozilla/5.0 (X11; Ubuntu; Linux x86_64; rv:155.0) Gecko/20100101 Firefox/155.0', 'Accept': 'text/html,application/xhtml+xml,application/xml;q=0.9,*/*;q=0.8', 'Accept-Language': 'en-US,en;q=0.9', 'Accept-Encoding': 'gzip, deflate, br, zstd', 'Content-Type': 'application/x-www-form-urlencoded', 'Content-Length': '21', 'Origin': 'http://localhost:8081', 'Connection': 'keep-alive', 'Referer': 'http://localhost:8081/a2_filtered_post.php', 'Cookie': 'PHPSESSID=9cf7a76824a1e7814f8220e72977d3c5; security=impossible', 'Upgrade-Insecure-Requests': '1', 'Sec-Fetch-Dest': 'document', 'Sec-Fetch-Mode': 'navigate', 'Sec-Fetch-Site': 'same-origin', 'Sec-Fetch-User': '?1', 'Priority': 'u=0, i'}
[14:00:42.201] [GENERALFUNCTION 5b6] DEBUG OUTGOING post_data_encoded (truncated): Submit=Submit&id=1%28
[14:00:42.201] [GENERALFUNCTION 5b6] DEBUG OUTGOING body_param_dict: {'Submit': 'Submit', 'id': '1('}
[14:00:42.232] [SQLiFuzz 5b6] Response status: 200
[14:00:42.233] [SQLiFuzz 5b6] Response URL: http://localhost:8081/a2_filtered_post.php
[14:00:42.233] [SQLiFuzz 5b6] Was redirected: False
[14:00:42.233] [SQLiFuzz 5b6] Getting response: 
<!doctype html>

<html>

<body>

<form method="POST">

  <label>User ID: <input type="text" name="id"></label>

  <input type="submit" name="Submit" value="Submit">

</form>

<pre>INPUT REJECTED</pre>
[14:00:43.234] [SQLAnalysis] Read 1 new lines from SQL log file.
[14:00:43.234] [SQLAnalysis] Appended 1 parsed entries.
[14:00:43.234] [SQLAnalysis 5b6] Extracted 873 Logs 2026-10-03 18:00:43.234579: [{'timestamp': '2026-10-03 18:00:42,217697', 'level': 'INFO', 'ip': '172.18.0.5', 'port': 34020, 'sql': 'USE db *#*#OK'}]
[14:00:43.234] [SQLAnalysis 5b6] Updated param pairs: {'looked_value': '1('}
[14:00:43.234] [SQLAnalysis 5b6] Looked timestamp 2026-10-03 18:00:42.202097 -- 2026-10-03 18:00:42.228248
[14:00:43.246] [SQLAnalysis 5b6] query_array to be checked: ['use', 'db']
[14:00:43.247] [SQLAnalysis 5b6] normalized_query_array: ['use', 'db']
[14:00:43.247] [SQLiFuzz 5b6] No weird chars exist: POST http://localhost:8081/a2_filtered_post.php | ['[string (False)(None)] Sec-Fetch-Dest=document', '[string (False)(None)] Sec-Fetch-Mode=navigate', '[string (False)(None)] Sec-Fetch-Site=same-origin', '[string (False)(None)] Sec-Fetch-User=?1', '[string (False)(None)] Priority=u=0, i', '[url (False)(None)] path0=a2_filtered_post.php', '[int (False)(None)] id=1(', '[string (False)(None)] Submit=Submit'] | None
[14:00:43.247] [SQLiFuzz 6b2] Getting prepared_target_request with ID 139 for test_SQLi iteration 23/70
[14:00:43.247] [SQLiFuzz 139] chosen_idx: 5 from 8
[14:00:43.247] [HTTPREQUEST 139] Getting matched paramval from found values: ['?1', '1']
[14:00:43.248] [HTTPREQUEST 139] Found matched paramval: [string (False)(None)] Sec-Fetch-User=?1
[14:00:43.248] [HTTPREQUEST 139] Found matched paramval: [int (False)(None)] id=1
[14:00:43.248] [SQLiFuzz 139] Prioritize to fuzz matched SQL value first: [int (False)(None)] id=1
[14:00:43.248] [SQLiFuzz 139] Mutation applied. old='1' char='=' strategy='random' new='1='
[14:00:43.248] [HTTPREQUEST 139] Update url and body param from paramvals:
[14:00:43.248] [HTTPREQUEST None] New post_data_encoded: Submit=Submit&id=1%3D
[14:00:43.248] [HTTPREQUEST None] New param encoded: 
[14:00:43.248] [GENERALFUNCTION 139] ---SENDING THE REQUEST [1791050443-7fef0a1f-5802-4a8d-b260-aedaf0606139] TO : [POST] http://localhost:8081/a2_filtered_post.php
[14:00:43.248] [GENERALFUNCTION 139] Post data encoded: Submit=Submit&id=1%3D
[14:00:43.248] [GENERALFUNCTION 139] Adjusted Content-Length to 21
[14:00:43.248] [GENERALFUNCTION 139] Adjusted Origin to http://localhost:8081
[14:00:43.248] [GENERALFUNCTION 139] Adjusted Referer to http://localhost:8081/a2_filtered_post.php
[14:00:43.249] [GENERALFUNCTION 139] DEBUG OUTGOING request.full_url: http://localhost:8081/a2_filtered_post.php
[14:00:43.249] [GENERALFUNCTION 139] DEBUG OUTGOING headers: {'Host': 'localhost:8081', 'User-Agent': 'Mozilla/5.0 (X11; Ubuntu; Linux x86_64; rv:155.0) Gecko/20100101 Firefox/155.0', 'Accept': 'text/html,application/xhtml+xml,application/xml;q=0.9,*/*;q=0.8', 'Accept-Language': 'en-US,en;q=0.9', 'Accept-Encoding': 'gzip, deflate, br, zstd', 'Content-Type': 'application/x-www-form-urlencoded', 'Content-Length': '21', 'Origin': 'http://localhost:8081', 'Connection': 'keep-alive', 'Referer': 'http://localhost:8081/a2_filtered_post.php', 'Cookie': 'PHPSESSID=9cf7a76824a1e7814f8220e72977d3c5; security=impossible', 'Upgrade-Insecure-Requests': '1', 'Sec-Fetch-Dest': 'document', 'Sec-Fetch-Mode': 'navigate', 'Sec-Fetch-Site': 'same-origin', 'Sec-Fetch-User': '?1', 'Priority': 'u=0, i'}
[14:00:43.249] [GENERALFUNCTION 139] DEBUG OUTGOING post_data_encoded (truncated): Submit=Submit&id=1%3D
[14:00:43.249] [GENERALFUNCTION 139] DEBUG OUTGOING body_param_dict: {'Submit': 'Submit', 'id': '1='}
[14:00:43.278] [SQLiFuzz 139] Response status: 200
[14:00:43.278] [SQLiFuzz 139] Response URL: http://localhost:8081/a2_filtered_post.php
[14:00:43.278] [SQLiFuzz 139] Was redirected: False
[14:00:43.278] [SQLiFuzz 139] Getting response: 
<!doctype html>

<html>

<body>

<form method="POST">

  <label>User ID: <input type="text" name="id"></label>

  <input type="submit" name="Submit" value="Submit">

</form>

<pre>INPUT REJECTED</pre>
[14:00:44.279] [SQLAnalysis] Read 1 new lines from SQL log file.
[14:00:44.280] [SQLAnalysis] Appended 1 parsed entries.
[14:00:44.280] [SQLAnalysis 139] Extracted 874 Logs 2026-10-03 18:00:44.280377: [{'timestamp': '2026-10-03 18:00:43,264073', 'level': 'INFO', 'ip': '172.18.0.5', 'port': 34034, 'sql': 'USE db *#*#OK'}]
[14:00:44.280] [SQLAnalysis 139] Updated param pairs: {'looked_value': '1='}
[14:00:44.280] [SQLAnalysis 139] Looked timestamp 2026-10-03 18:00:43.249375 -- 2026-10-03 18:00:43.274733
[14:00:44.291] [SQLAnalysis 139] query_array to be checked: ['use', 'db']
[14:00:44.291] [SQLAnalysis 139] normalized_query_array: ['use', 'db']
[14:00:44.291] [SQLiFuzz 139] No weird chars exist: POST http://localhost:8081/a2_filtered_post.php | ['[string (False)(None)] Sec-Fetch-Dest=document', '[string (False)(None)] Sec-Fetch-Mode=navigate', '[string (False)(None)] Sec-Fetch-Site=same-origin', '[string (False)(None)] Sec-Fetch-User=?1', '[string (False)(None)] Priority=u=0, i', '[url (False)(None)] path0=a2_filtered_post.php', '[int (False)(None)] id=1=', '[string (False)(None)] Submit=Submit'] | None
[14:00:44.291] [SQLiFuzz 6b2] Getting prepared_target_request with ID ecc for test_SQLi iteration 24/70
[14:00:44.291] [SQLiFuzz ecc] chosen_idx: 7 from 8
[14:00:44.291] [HTTPREQUEST ecc] Getting matched paramval from found values: ['?1', '1']
[14:00:44.291] [HTTPREQUEST ecc] Found matched paramval: [string (False)(None)] Sec-Fetch-User=?1
[14:00:44.292] [HTTPREQUEST ecc] Found matched paramval: [int (False)(None)] id=1
[14:00:44.292] [SQLiFuzz ecc] Prioritize to fuzz matched SQL value first: [int (False)(None)] id=1
[14:00:44.292] [SQLiFuzz ecc] Mutation applied. old='1' char='\' strategy='front' new='\1'
[14:00:44.292] [HTTPREQUEST ecc] Update url and body param from paramvals:
[14:00:44.292] [HTTPREQUEST None] New post_data_encoded: Submit=Submit&id=%5C1
[14:00:44.292] [HTTPREQUEST None] New param encoded: 
[14:00:44.292] [GENERALFUNCTION ecc] ---SENDING THE REQUEST [1791050444-972bb23d-cae3-4a7a-b5d3-ef4fd7009ecc] TO : [POST] http://localhost:8081/a2_filtered_post.php
[14:00:44.292] [GENERALFUNCTION ecc] Post data encoded: Submit=Submit&id=%5C1
[14:00:44.292] [GENERALFUNCTION ecc] Adjusted Content-Length to 21
[14:00:44.292] [GENERALFUNCTION ecc] Adjusted Origin to http://localhost:8081
[14:00:44.292] [GENERALFUNCTION ecc] Adjusted Referer to http://localhost:8081/a2_filtered_post.php
[14:00:44.292] [GENERALFUNCTION ecc] DEBUG OUTGOING request.full_url: http://localhost:8081/a2_filtered_post.php
[14:00:44.292] [GENERALFUNCTION ecc] DEBUG OUTGOING headers: {'Host': 'localhost:8081', 'User-Agent': 'Mozilla/5.0 (X11; Ubuntu; Linux x86_64; rv:155.0) Gecko/20100101 Firefox/155.0', 'Accept': 'text/html,application/xhtml+xml,application/xml;q=0.9,*/*;q=0.8', 'Accept-Language': 'en-US,en;q=0.9', 'Accept-Encoding': 'gzip, deflate, br, zstd', 'Content-Type': 'application/x-www-form-urlencoded', 'Content-Length': '21', 'Origin': 'http://localhost:8081', 'Connection': 'keep-alive', 'Referer': 'http://localhost:8081/a2_filtered_post.php', 'Cookie': 'PHPSESSID=9cf7a76824a1e7814f8220e72977d3c5; security=impossible', 'Upgrade-Insecure-Requests': '1', 'Sec-Fetch-Dest': 'document', 'Sec-Fetch-Mode': 'navigate', 'Sec-Fetch-Site': 'same-origin', 'Sec-Fetch-User': '?1', 'Priority': 'u=0, i'}
[14:00:44.292] [GENERALFUNCTION ecc] DEBUG OUTGOING post_data_encoded (truncated): Submit=Submit&id=%5C1
[14:00:44.293] [GENERALFUNCTION ecc] DEBUG OUTGOING body_param_dict: {'Submit': 'Submit', 'id': '\\1'}
[14:00:44.318] [SQLiFuzz ecc] Response status: 200
[14:00:44.318] [SQLiFuzz ecc] Response URL: http://localhost:8081/a2_filtered_post.php
[14:00:44.318] [SQLiFuzz ecc] Was redirected: False
[14:00:44.319] [SQLiFuzz ecc] Getting response: 
<!doctype html>

<html>

<body>

<form method="POST">

  <label>User ID: <input type="text" name="id"></label>

  <input type="submit" name="Submit" value="Submit">

</form>

<pre>INPUT REJECTED</pre>
[14:00:45.319] [SQLAnalysis] Read 1 new lines from SQL log file.
[14:00:45.320] [SQLAnalysis] Appended 1 parsed entries.
[14:00:45.320] [SQLAnalysis ecc] Extracted 875 Logs 2026-10-03 18:00:45.320186: [{'timestamp': '2026-10-03 18:00:44,305158', 'level': 'INFO', 'ip': '172.18.0.5', 'port': 34060, 'sql': 'USE db *#*#OK'}]
[14:00:45.320] [SQLAnalysis ecc] Updated param pairs: {'looked_value': '\\1'}
[14:00:45.320] [SQLAnalysis ecc] Looked timestamp 2026-10-03 18:00:44.293081 -- 2026-10-03 18:00:44.314114
[14:00:45.330] [SQLAnalysis ecc] query_array to be checked: ['use', 'db']
[14:00:45.330] [SQLAnalysis ecc] normalized_query_array: ['use', 'db']
[14:00:45.330] [SQLiFuzz ecc] No weird chars exist: POST http://localhost:8081/a2_filtered_post.php | ['[string (False)(None)] Sec-Fetch-Dest=document', '[string (False)(None)] Sec-Fetch-Mode=navigate', '[string (False)(None)] Sec-Fetch-Site=same-origin', '[string (False)(None)] Sec-Fetch-User=?1', '[string (False)(None)] Priority=u=0, i', '[url (False)(None)] path0=a2_filtered_post.php', '[int (False)(None)] id=\\1', '[string (False)(None)] Submit=Submit'] | None
[14:00:45.330] [SQLiFuzz 6b2] Getting prepared_target_request with ID cdb for test_SQLi iteration 25/70
[14:00:45.330] [SQLiFuzz cdb] chosen_idx: 1 from 8
[14:00:45.330] [HTTPREQUEST cdb] Getting matched paramval from found values: ['?1', '1']
[14:00:45.331] [HTTPREQUEST cdb] Found matched paramval: [string (False)(None)] Sec-Fetch-User=?1
[14:00:45.331] [HTTPREQUEST cdb] Found matched paramval: [int (False)(None)] id=1
[14:00:45.331] [SQLiFuzz cdb] Prioritize to fuzz matched SQL value first: [int (False)(None)] id=1
[14:00:45.331] [SQLiFuzz cdb] Mutation applied. old='1' char='+' strategy='drop' new='+'
[14:00:45.331] [HTTPREQUEST cdb] Update url and body param from paramvals:
[14:00:45.331] [HTTPREQUEST None] New post_data_encoded: Submit=Submit&id=%2B
[14:00:45.331] [HTTPREQUEST None] New param encoded: 
[14:00:45.331] [GENERALFUNCTION cdb] ---SENDING THE REQUEST [1791050445-ea67dba7-c97d-4eac-ab88-26d0a5a46cdb] TO : [POST] http://localhost:8081/a2_filtered_post.php
[14:00:45.331] [GENERALFUNCTION cdb] Post data encoded: Submit=Submit&id=%2B
[14:00:45.331] [GENERALFUNCTION cdb] Adjusted Content-Length to 20
[14:00:45.332] [GENERALFUNCTION cdb] Adjusted Origin to http://localhost:8081
[14:00:45.332] [GENERALFUNCTION cdb] Adjusted Referer to http://localhost:8081/a2_filtered_post.php
[14:00:45.332] [GENERALFUNCTION cdb] DEBUG OUTGOING request.full_url: http://localhost:8081/a2_filtered_post.php
[14:00:45.332] [GENERALFUNCTION cdb] DEBUG OUTGOING headers: {'Host': 'localhost:8081', 'User-Agent': 'Mozilla/5.0 (X11; Ubuntu; Linux x86_64; rv:155.0) Gecko/20100101 Firefox/155.0', 'Accept': 'text/html,application/xhtml+xml,application/xml;q=0.9,*/*;q=0.8', 'Accept-Language': 'en-US,en;q=0.9', 'Accept-Encoding': 'gzip, deflate, br, zstd', 'Content-Type': 'application/x-www-form-urlencoded', 'Content-Length': '20', 'Origin': 'http://localhost:8081', 'Connection': 'keep-alive', 'Referer': 'http://localhost:8081/a2_filtered_post.php', 'Cookie': 'PHPSESSID=9cf7a76824a1e7814f8220e72977d3c5; security=impossible', 'Upgrade-Insecure-Requests': '1', 'Sec-Fetch-Dest': 'document', 'Sec-Fetch-Mode': 'navigate', 'Sec-Fetch-Site': 'same-origin', 'Sec-Fetch-User': '?1', 'Priority': 'u=0, i'}
[14:00:45.332] [GENERALFUNCTION cdb] DEBUG OUTGOING post_data_encoded (truncated): Submit=Submit&id=%2B
[14:00:45.332] [GENERALFUNCTION cdb] DEBUG OUTGOING body_param_dict: {'Submit': 'Submit', 'id': '+'}
[14:00:45.362] [SQLiFuzz cdb] Response status: 200
[14:00:45.362] [SQLiFuzz cdb] Response URL: http://localhost:8081/a2_filtered_post.php
[14:00:45.363] [SQLiFuzz cdb] Was redirected: False
[14:00:45.363] [SQLiFuzz cdb] Getting response: 
<!doctype html>

<html>

<body>

<form method="POST">

  <label>User ID: <input type="text" name="id"></label>

  <input type="submit" name="Submit" value="Submit">

</form>

<pre>INPUT REJECTED</pre>
[14:00:46.364] [SQLAnalysis] Read 1 new lines from SQL log file.
[14:00:46.364] [SQLAnalysis] Appended 1 parsed entries.
[14:00:46.364] [SQLAnalysis cdb] Extracted 876 Logs 2026-10-03 18:00:46.364534: [{'timestamp': '2026-10-03 18:00:45,346793', 'level': 'INFO', 'ip': '172.18.0.5', 'port': 34078, 'sql': 'USE db *#*#OK'}]
[14:00:46.364] [SQLAnalysis cdb] Updated param pairs: {'looked_value': '+'}
[14:00:46.364] [SQLAnalysis cdb] Looked timestamp 2026-10-03 18:00:45.332464 -- 2026-10-03 18:00:45.357752
[14:00:46.373] [SQLAnalysis cdb] query_array to be checked: ['use', 'db']
[14:00:46.373] [SQLAnalysis cdb] normalized_query_array: ['use', 'db']
[14:00:46.374] [SQLiFuzz cdb] No weird chars exist: POST http://localhost:8081/a2_filtered_post.php | ['[string (False)(None)] Sec-Fetch-Dest=document', '[string (False)(None)] Sec-Fetch-Mode=navigate', '[string (False)(None)] Sec-Fetch-Site=same-origin', '[string (False)(None)] Sec-Fetch-User=?1', '[string (False)(None)] Priority=u=0, i', '[url (False)(None)] path0=a2_filtered_post.php', '[int (False)(None)] id=+', '[string (False)(None)] Submit=Submit'] | None
[14:00:46.374] [SQLiFuzz 6b2] Getting prepared_target_request with ID 5e7 for test_SQLi iteration 26/70
[14:00:46.374] [SQLiFuzz 5e7] chosen_idx: 4 from 8
[14:00:46.374] [HTTPREQUEST 5e7] Getting matched paramval from found values: ['?1', '1']
[14:00:46.374] [HTTPREQUEST 5e7] Found matched paramval: [string (False)(None)] Sec-Fetch-User=?1
[14:00:46.374] [HTTPREQUEST 5e7] Found matched paramval: [int (False)(None)] id=1
[14:00:46.374] [SQLiFuzz 5e7] Prioritize to fuzz matched SQL value first: [int (False)(None)] id=1
[14:00:46.374] [SQLiFuzz 5e7] Mutation applied. old='1' char='.' strategy='random' new='1.'
[14:00:46.374] [HTTPREQUEST 5e7] Update url and body param from paramvals:
[14:00:46.374] [HTTPREQUEST None] New post_data_encoded: Submit=Submit&id=1.
[14:00:46.375] [HTTPREQUEST None] New param encoded: 
[14:00:46.375] [GENERALFUNCTION 5e7] ---SENDING THE REQUEST [1791050446-1ec1463f-ffeb-4392-8c7f-312096bb55e7] TO : [POST] http://localhost:8081/a2_filtered_post.php
[14:00:46.375] [GENERALFUNCTION 5e7] Post data encoded: Submit=Submit&id=1.
[14:00:46.375] [GENERALFUNCTION 5e7] Adjusted Content-Length to 19
[14:00:46.375] [GENERALFUNCTION 5e7] Adjusted Origin to http://localhost:8081
[14:00:46.375] [GENERALFUNCTION 5e7] Adjusted Referer to http://localhost:8081/a2_filtered_post.php
[14:00:46.375] [GENERALFUNCTION 5e7] DEBUG OUTGOING request.full_url: http://localhost:8081/a2_filtered_post.php
[14:00:46.375] [GENERALFUNCTION 5e7] DEBUG OUTGOING headers: {'Host': 'localhost:8081', 'User-Agent': 'Mozilla/5.0 (X11; Ubuntu; Linux x86_64; rv:155.0) Gecko/20100101 Firefox/155.0', 'Accept': 'text/html,application/xhtml+xml,application/xml;q=0.9,*/*;q=0.8', 'Accept-Language': 'en-US,en;q=0.9', 'Accept-Encoding': 'gzip, deflate, br, zstd', 'Content-Type': 'application/x-www-form-urlencoded', 'Content-Length': '19', 'Origin': 'http://localhost:8081', 'Connection': 'keep-alive', 'Referer': 'http://localhost:8081/a2_filtered_post.php', 'Cookie': 'PHPSESSID=9cf7a76824a1e7814f8220e72977d3c5; security=impossible', 'Upgrade-Insecure-Requests': '1', 'Sec-Fetch-Dest': 'document', 'Sec-Fetch-Mode': 'navigate', 'Sec-Fetch-Site': 'same-origin', 'Sec-Fetch-User': '?1', 'Priority': 'u=0, i'}
[14:00:46.375] [GENERALFUNCTION 5e7] DEBUG OUTGOING post_data_encoded (truncated): Submit=Submit&id=1.
[14:00:46.375] [GENERALFUNCTION 5e7] DEBUG OUTGOING body_param_dict: {'Submit': 'Submit', 'id': '1.'}
[14:00:46.409] [SQLiFuzz 5e7] Response status: 200
[14:00:46.410] [SQLiFuzz 5e7] Response URL: http://localhost:8081/a2_filtered_post.php
[14:00:46.410] [SQLiFuzz 5e7] Was redirected: False
[14:00:46.410] [SQLiFuzz 5e7] Getting response: 
<!doctype html>

<html>

<body>

<form method="POST">

  <label>User ID: <input type="text" name="id"></label>

  <input type="submit" name="Submit" value="Submit">

</form>

<pre>INPUT REJECTED</pre>
[14:00:47.411] [SQLAnalysis] Read 1 new lines from SQL log file.
[14:00:47.411] [SQLAnalysis] Appended 1 parsed entries.
[14:00:47.411] [SQLAnalysis 5e7] Extracted 877 Logs 2026-10-03 18:00:47.411695: [{'timestamp': '2026-10-03 18:00:46,393490', 'level': 'INFO', 'ip': '172.18.0.5', 'port': 34100, 'sql': 'USE db *#*#OK'}]
[14:00:47.411] [SQLAnalysis 5e7] Updated param pairs: {'looked_value': '1.'}
[14:00:47.412] [SQLAnalysis 5e7] Looked timestamp 2026-10-03 18:00:46.375908 -- 2026-10-03 18:00:46.402996
[14:00:47.421] [SQLAnalysis 5e7] query_array to be checked: ['use', 'db']
[14:00:47.421] [SQLAnalysis 5e7] normalized_query_array: ['use', 'db']
[14:00:47.421] [SQLiFuzz 5e7] No weird chars exist: POST http://localhost:8081/a2_filtered_post.php | ['[string (False)(None)] Sec-Fetch-Dest=document', '[string (False)(None)] Sec-Fetch-Mode=navigate', '[string (False)(None)] Sec-Fetch-Site=same-origin', '[string (False)(None)] Sec-Fetch-User=?1', '[string (False)(None)] Priority=u=0, i', '[url (False)(None)] path0=a2_filtered_post.php', '[int (False)(None)] id=1.', '[string (False)(None)] Submit=Submit'] | None
[14:00:47.421] [SQLiFuzz 6b2] Getting prepared_target_request with ID c76 for test_SQLi iteration 27/70
[14:00:47.421] [SQLiFuzz c76] chosen_idx: 0 from 8
[14:00:47.421] [HTTPREQUEST c76] Getting matched paramval from found values: ['?1', '1']
[14:00:47.421] [HTTPREQUEST c76] Found matched paramval: [string (False)(None)] Sec-Fetch-User=?1
[14:00:47.421] [HTTPREQUEST c76] Found matched paramval: [int (False)(None)] id=1
[14:00:47.421] [SQLiFuzz c76] Prioritize to fuzz matched SQL value first: [int (False)(None)] id=1
[14:00:47.422] [SQLiFuzz c76] Mutation applied. old='1' char='!' strategy='drop' new='!'
[14:00:47.422] [HTTPREQUEST c76] Update url and body param from paramvals:
[14:00:47.422] [HTTPREQUEST None] New post_data_encoded: Submit=Submit&id=%21
[14:00:47.422] [HTTPREQUEST None] New param encoded: 
[14:00:47.422] [GENERALFUNCTION c76] ---SENDING THE REQUEST [1791050447-53a2c70e-03fa-4d1b-a8b2-3fec85469c76] TO : [POST] http://localhost:8081/a2_filtered_post.php
[14:00:47.422] [GENERALFUNCTION c76] Post data encoded: Submit=Submit&id=%21
[14:00:47.422] [GENERALFUNCTION c76] Adjusted Content-Length to 20
[14:00:47.422] [GENERALFUNCTION c76] Adjusted Origin to http://localhost:8081
[14:00:47.422] [GENERALFUNCTION c76] Adjusted Referer to http://localhost:8081/a2_filtered_post.php
[14:00:47.422] [GENERALFUNCTION c76] DEBUG OUTGOING request.full_url: http://localhost:8081/a2_filtered_post.php
[14:00:47.422] [GENERALFUNCTION c76] DEBUG OUTGOING headers: {'Host': 'localhost:8081', 'User-Agent': 'Mozilla/5.0 (X11; Ubuntu; Linux x86_64; rv:155.0) Gecko/20100101 Firefox/155.0', 'Accept': 'text/html,application/xhtml+xml,application/xml;q=0.9,*/*;q=0.8', 'Accept-Language': 'en-US,en;q=0.9', 'Accept-Encoding': 'gzip, deflate, br, zstd', 'Content-Type': 'application/x-www-form-urlencoded', 'Content-Length': '20', 'Origin': 'http://localhost:8081', 'Connection': 'keep-alive', 'Referer': 'http://localhost:8081/a2_filtered_post.php', 'Cookie': 'PHPSESSID=9cf7a76824a1e7814f8220e72977d3c5; security=impossible', 'Upgrade-Insecure-Requests': '1', 'Sec-Fetch-Dest': 'document', 'Sec-Fetch-Mode': 'navigate', 'Sec-Fetch-Site': 'same-origin', 'Sec-Fetch-User': '?1', 'Priority': 'u=0, i'}
[14:00:47.422] [GENERALFUNCTION c76] DEBUG OUTGOING post_data_encoded (truncated): Submit=Submit&id=%21
[14:00:47.423] [GENERALFUNCTION c76] DEBUG OUTGOING body_param_dict: {'Submit': 'Submit', 'id': '!'}
[14:00:47.445] [SQLiFuzz c76] Response status: 200
[14:00:47.445] [SQLiFuzz c76] Response URL: http://localhost:8081/a2_filtered_post.php
[14:00:47.445] [SQLiFuzz c76] Was redirected: False
[14:00:47.445] [SQLiFuzz c76] Getting response: 
<!doctype html>

<html>

<body>

<form method="POST">

  <label>User ID: <input type="text" name="id"></label>

  <input type="submit" name="Submit" value="Submit">

</form>

<pre>INPUT REJECTED</pre>
[14:00:48.446] [SQLAnalysis] Read 1 new lines from SQL log file.
[14:00:48.447] [SQLAnalysis] Appended 1 parsed entries.
[14:00:48.447] [SQLAnalysis c76] Extracted 878 Logs 2026-10-03 18:00:48.447238: [{'timestamp': '2026-10-03 18:00:47,433835', 'level': 'INFO', 'ip': '172.18.0.5', 'port': 34114, 'sql': 'USE db *#*#OK'}]
[14:00:48.447] [SQLAnalysis c76] Updated param pairs: {'looked_value': '!'}
[14:00:48.447] [SQLAnalysis c76] Looked timestamp 2026-10-03 18:00:47.423107 -- 2026-10-03 18:00:47.441346
[14:00:48.459] [SQLAnalysis c76] query_array to be checked: ['use', 'db']
[14:00:48.460] [SQLAnalysis c76] normalized_query_array: ['use', 'db']
[14:00:48.460] [SQLiFuzz c76] No weird chars exist: POST http://localhost:8081/a2_filtered_post.php | ['[string (False)(None)] Sec-Fetch-Dest=document', '[string (False)(None)] Sec-Fetch-Mode=navigate', '[string (False)(None)] Sec-Fetch-Site=same-origin', '[string (False)(None)] Sec-Fetch-User=?1', '[string (False)(None)] Priority=u=0, i', '[url (False)(None)] path0=a2_filtered_post.php', '[int (False)(None)] id=!', '[string (False)(None)] Submit=Submit'] | None
[14:00:48.461] [SQLiFuzz 6b2] Getting prepared_target_request with ID bcd for test_SQLi iteration 28/70
[14:00:48.461] [SQLiFuzz bcd] chosen_idx: 5 from 8
[14:00:48.461] [HTTPREQUEST bcd] Getting matched paramval from found values: ['?1', '1']
[14:00:48.461] [HTTPREQUEST bcd] Found matched paramval: [string (False)(None)] Sec-Fetch-User=?1
[14:00:48.461] [HTTPREQUEST bcd] Found matched paramval: [int (False)(None)] id=1
[14:00:48.461] [SQLiFuzz bcd] Prioritize to fuzz matched SQL value first: [int (False)(None)] id=1
[14:00:48.461] [SQLiFuzz bcd] Mutation applied. old='1' char='{' strategy='drop' new='{'
[14:00:48.461] [HTTPREQUEST bcd] Update url and body param from paramvals:
[14:00:48.461] [HTTPREQUEST None] New post_data_encoded: Submit=Submit&id=%7B
[14:00:48.461] [HTTPREQUEST None] New param encoded: 
[14:00:48.462] [GENERALFUNCTION bcd] ---SENDING THE REQUEST [1791050448-91d3c776-4d82-4449-954c-1ffd2e871bcd] TO : [POST] http://localhost:8081/a2_filtered_post.php
[14:00:48.462] [GENERALFUNCTION bcd] Post data encoded: Submit=Submit&id=%7B
[14:00:48.462] [GENERALFUNCTION bcd] Adjusted Content-Length to 20
[14:00:48.462] [GENERALFUNCTION bcd] Adjusted Origin to http://localhost:8081
[14:00:48.462] [GENERALFUNCTION bcd] Adjusted Referer to http://localhost:8081/a2_filtered_post.php
[14:00:48.462] [GENERALFUNCTION bcd] DEBUG OUTGOING request.full_url: http://localhost:8081/a2_filtered_post.php
[14:00:48.462] [GENERALFUNCTION bcd] DEBUG OUTGOING headers: {'Host': 'localhost:8081', 'User-Agent': 'Mozilla/5.0 (X11; Ubuntu; Linux x86_64; rv:155.0) Gecko/20100101 Firefox/155.0', 'Accept': 'text/html,application/xhtml+xml,application/xml;q=0.9,*/*;q=0.8', 'Accept-Language': 'en-US,en;q=0.9', 'Accept-Encoding': 'gzip, deflate, br, zstd', 'Content-Type': 'application/x-www-form-urlencoded', 'Content-Length': '20', 'Origin': 'http://localhost:8081', 'Connection': 'keep-alive', 'Referer': 'http://localhost:8081/a2_filtered_post.php', 'Cookie': 'PHPSESSID=9cf7a76824a1e7814f8220e72977d3c5; security=impossible', 'Upgrade-Insecure-Requests': '1', 'Sec-Fetch-Dest': 'document', 'Sec-Fetch-Mode': 'navigate', 'Sec-Fetch-Site': 'same-origin', 'Sec-Fetch-User': '?1', 'Priority': 'u=0, i'}
[14:00:48.462] [GENERALFUNCTION bcd] DEBUG OUTGOING post_data_encoded (truncated): Submit=Submit&id=%7B
[14:00:48.462] [GENERALFUNCTION bcd] DEBUG OUTGOING body_param_dict: {'Submit': 'Submit', 'id': '{'}
[14:00:48.493] [SQLiFuzz bcd] Response status: 200
[14:00:48.493] [SQLiFuzz bcd] Response URL: http://localhost:8081/a2_filtered_post.php
[14:00:48.493] [SQLiFuzz bcd] Was redirected: False
[14:00:48.493] [SQLiFuzz bcd] Getting response: 
<!doctype html>

<html>

<body>

<form method="POST">

  <label>User ID: <input type="text" name="id"></label>

  <input type="submit" name="Submit" value="Submit">

</form>

<pre>INPUT REJECTED</pre>
[14:00:49.494] [SQLAnalysis] Read 1 new lines from SQL log file.
[14:00:49.494] [SQLAnalysis] Appended 1 parsed entries.
[14:00:49.494] [SQLAnalysis bcd] Extracted 879 Logs 2026-10-03 18:00:49.494777: [{'timestamp': '2026-10-03 18:00:48,480356', 'level': 'INFO', 'ip': '172.18.0.5', 'port': 34132, 'sql': 'USE db *#*#OK'}]
[14:00:49.495] [SQLAnalysis bcd] Updated param pairs: {'looked_value': '{'}
[14:00:49.495] [SQLAnalysis bcd] Looked timestamp 2026-10-03 18:00:48.462981 -- 2026-10-03 18:00:48.489236
[14:00:49.506] [SQLAnalysis bcd] query_array to be checked: ['use', 'db']
[14:00:49.506] [SQLAnalysis bcd] normalized_query_array: ['use', 'db']
[14:00:49.507] [SQLiFuzz bcd] No weird chars exist: POST http://localhost:8081/a2_filtered_post.php | ['[string (False)(None)] Sec-Fetch-Dest=document', '[string (False)(None)] Sec-Fetch-Mode=navigate', '[string (False)(None)] Sec-Fetch-Site=same-origin', '[string (False)(None)] Sec-Fetch-User=?1', '[string (False)(None)] Priority=u=0, i', '[url (False)(None)] path0=a2_filtered_post.php', '[int (False)(None)] id={', '[string (False)(None)] Submit=Submit'] | None
[14:00:49.507] [SQLiFuzz 6b2] Getting prepared_target_request with ID 54f for test_SQLi iteration 29/70
[14:00:49.508] [SQLiFuzz 54f] chosen_idx: 1 from 8
[14:00:49.508] [HTTPREQUEST 54f] Getting matched paramval from found values: ['?1', '1']
[14:00:49.508] [HTTPREQUEST 54f] Found matched paramval: [string (False)(None)] Sec-Fetch-User=?1
[14:00:49.508] [HTTPREQUEST 54f] Found matched paramval: [int (False)(None)] id=1
[14:00:49.508] [SQLiFuzz 54f] Prioritize to fuzz matched SQL value first: [int (False)(None)] id=1
[14:00:49.508] [SQLiFuzz 54f] Mutation applied. old='1' char='`' strategy='front' new='`1'
[14:00:49.508] [HTTPREQUEST 54f] Update url and body param from paramvals:
[14:00:49.508] [HTTPREQUEST None] New post_data_encoded: Submit=Submit&id=%601
[14:00:49.508] [HTTPREQUEST None] New param encoded: 
[14:00:49.508] [GENERALFUNCTION 54f] ---SENDING THE REQUEST [1791050449-a5fb7a7f-6afe-44f5-b80e-fb6940b7b54f] TO : [POST] http://localhost:8081/a2_filtered_post.php
[14:00:49.509] [GENERALFUNCTION 54f] Post data encoded: Submit=Submit&id=%601
[14:00:49.509] [GENERALFUNCTION 54f] Adjusted Content-Length to 21
[14:00:49.509] [GENERALFUNCTION 54f] Adjusted Origin to http://localhost:8081
[14:00:49.509] [GENERALFUNCTION 54f] Adjusted Referer to http://localhost:8081/a2_filtered_post.php
[14:00:49.509] [GENERALFUNCTION 54f] DEBUG OUTGOING request.full_url: http://localhost:8081/a2_filtered_post.php
[14:00:49.509] [GENERALFUNCTION 54f] DEBUG OUTGOING headers: {'Host': 'localhost:8081', 'User-Agent': 'Mozilla/5.0 (X11; Ubuntu; Linux x86_64; rv:155.0) Gecko/20100101 Firefox/155.0', 'Accept': 'text/html,application/xhtml+xml,application/xml;q=0.9,*/*;q=0.8', 'Accept-Language': 'en-US,en;q=0.9', 'Accept-Encoding': 'gzip, deflate, br, zstd', 'Content-Type': 'application/x-www-form-urlencoded', 'Content-Length': '21', 'Origin': 'http://localhost:8081', 'Connection': 'keep-alive', 'Referer': 'http://localhost:8081/a2_filtered_post.php', 'Cookie': 'PHPSESSID=9cf7a76824a1e7814f8220e72977d3c5; security=impossible', 'Upgrade-Insecure-Requests': '1', 'Sec-Fetch-Dest': 'document', 'Sec-Fetch-Mode': 'navigate', 'Sec-Fetch-Site': 'same-origin', 'Sec-Fetch-User': '?1', 'Priority': 'u=0, i'}
[14:00:49.509] [GENERALFUNCTION 54f] DEBUG OUTGOING post_data_encoded (truncated): Submit=Submit&id=%601
[14:00:49.509] [GENERALFUNCTION 54f] DEBUG OUTGOING body_param_dict: {'Submit': 'Submit', 'id': '`1'}
[14:00:49.544] [SQLiFuzz 54f] Response status: 200
[14:00:49.545] [SQLiFuzz 54f] Response URL: http://localhost:8081/a2_filtered_post.php
[14:00:49.545] [SQLiFuzz 54f] Was redirected: False
[14:00:49.545] [SQLiFuzz 54f] Getting response: 
<!doctype html>

<html>

<body>

<form method="POST">

  <label>User ID: <input type="text" name="id"></label>

  <input type="submit" name="Submit" value="Submit">

</form>

<pre>INPUT REJECTED</pre>
[14:00:50.545] [SQLAnalysis] Read 1 new lines from SQL log file.
[14:00:50.546] [SQLAnalysis] Appended 1 parsed entries.
[14:00:50.546] [SQLAnalysis 54f] Extracted 880 Logs 2026-10-03 18:00:50.546317: [{'timestamp': '2026-10-03 18:00:49,526811', 'level': 'INFO', 'ip': '172.18.0.5', 'port': 34150, 'sql': 'USE db *#*#OK'}]
[14:00:50.546] [SQLAnalysis 54f] Updated param pairs: {'looked_value': '`1'}
[14:00:50.546] [SQLAnalysis 54f] Looked timestamp 2026-10-03 18:00:49.509846 -- 2026-10-03 18:00:49.539702
[14:00:50.555] [SQLAnalysis 54f] query_array to be checked: ['use', 'db']
[14:00:50.555] [SQLAnalysis 54f] normalized_query_array: ['use', 'db']
[14:00:50.555] [SQLiFuzz 54f] No weird chars exist: POST http://localhost:8081/a2_filtered_post.php | ['[string (False)(None)] Sec-Fetch-Dest=document', '[string (False)(None)] Sec-Fetch-Mode=navigate', '[string (False)(None)] Sec-Fetch-Site=same-origin', '[string (False)(None)] Sec-Fetch-User=?1', '[string (False)(None)] Priority=u=0, i', '[url (False)(None)] path0=a2_filtered_post.php', '[int (False)(None)] id=`1', '[string (False)(None)] Submit=Submit'] | None
[14:00:50.556] [SQLiFuzz 6b2] Getting prepared_target_request with ID 837 for test_SQLi iteration 30/70
[14:00:50.556] [SQLiFuzz 837] chosen_idx: 6 from 8
[14:00:50.556] [HTTPREQUEST 837] Getting matched paramval from found values: ['?1', '1']
[14:00:50.556] [HTTPREQUEST 837] Found matched paramval: [string (False)(None)] Sec-Fetch-User=?1
[14:00:50.556] [HTTPREQUEST 837] Found matched paramval: [int (False)(None)] id=1
[14:00:50.556] [SQLiFuzz 837] Prioritize to fuzz matched SQL value first: [int (False)(None)] id=1
[14:00:50.556] [SQLiFuzz 837] Mutation applied. old='1' char='~' strategy='random' new='~1'
[14:00:50.556] [HTTPREQUEST 837] Update url and body param from paramvals:
[14:00:50.557] [HTTPREQUEST None] New post_data_encoded: Submit=Submit&id=~1
[14:00:50.557] [HTTPREQUEST None] New param encoded: 
[14:00:50.557] [GENERALFUNCTION 837] ---SENDING THE REQUEST [1791050450-e545acc9-87bb-47f0-9ace-5ae0ba874837] TO : [POST] http://localhost:8081/a2_filtered_post.php
[14:00:50.557] [GENERALFUNCTION 837] Post data encoded: Submit=Submit&id=~1
[14:00:50.558] [GENERALFUNCTION 837] Adjusted Content-Length to 19
[14:00:50.558] [GENERALFUNCTION 837] Adjusted Origin to http://localhost:8081
[14:00:50.558] [GENERALFUNCTION 837] Adjusted Referer to http://localhost:8081/a2_filtered_post.php
[14:00:50.558] [GENERALFUNCTION 837] DEBUG OUTGOING request.full_url: http://localhost:8081/a2_filtered_post.php
[14:00:50.558] [GENERALFUNCTION 837] DEBUG OUTGOING headers: {'Host': 'localhost:8081', 'User-Agent': 'Mozilla/5.0 (X11; Ubuntu; Linux x86_64; rv:155.0) Gecko/20100101 Firefox/155.0', 'Accept': 'text/html,application/xhtml+xml,application/xml;q=0.9,*/*;q=0.8', 'Accept-Language': 'en-US,en;q=0.9', 'Accept-Encoding': 'gzip, deflate, br, zstd', 'Content-Type': 'application/x-www-form-urlencoded', 'Content-Length': '19', 'Origin': 'http://localhost:8081', 'Connection': 'keep-alive', 'Referer': 'http://localhost:8081/a2_filtered_post.php', 'Cookie': 'PHPSESSID=9cf7a76824a1e7814f8220e72977d3c5; security=impossible', 'Upgrade-Insecure-Requests': '1', 'Sec-Fetch-Dest': 'document', 'Sec-Fetch-Mode': 'navigate', 'Sec-Fetch-Site': 'same-origin', 'Sec-Fetch-User': '?1', 'Priority': 'u=0, i'}
[14:00:50.558] [GENERALFUNCTION 837] DEBUG OUTGOING post_data_encoded (truncated): Submit=Submit&id=~1
[14:00:50.558] [GENERALFUNCTION 837] DEBUG OUTGOING body_param_dict: {'Submit': 'Submit', 'id': '~1'}
[14:00:50.594] [SQLiFuzz 837] Response status: 200
[14:00:50.595] [SQLiFuzz 837] Response URL: http://localhost:8081/a2_filtered_post.php
[14:00:50.595] [SQLiFuzz 837] Was redirected: False
[14:00:50.595] [SQLiFuzz 837] Getting response: 
<!doctype html>

<html>

<body>

<form method="POST">

  <label>User ID: <input type="text" name="id"></label>

  <input type="submit" name="Submit" value="Submit">

</form>

<pre>INPUT REJECTED</pre>
[14:00:51.644] [SQLAnalysis] Read 1 new lines from SQL log file.
[14:00:51.644] [SQLAnalysis] Appended 1 parsed entries.
[14:00:51.644] [SQLAnalysis 837] Extracted 881 Logs 2026-10-03 18:00:51.644787: [{'timestamp': '2026-10-03 18:00:50,576300', 'level': 'INFO', 'ip': '172.18.0.5', 'port': 33092, 'sql': 'USE db *#*#OK'}]
[14:00:51.645] [SQLAnalysis 837] Updated param pairs: {'looked_value': '~1'}
[14:00:51.645] [SQLAnalysis 837] Looked timestamp 2026-10-03 18:00:50.559023 -- 2026-10-03 18:00:50.589366
[14:00:51.652] [SQLAnalysis 837] query_array to be checked: ['use', 'db']
[14:00:51.652] [SQLAnalysis 837] normalized_query_array: ['use', 'db']
[14:00:51.652] [SQLiFuzz 837] No weird chars exist: POST http://localhost:8081/a2_filtered_post.php | ['[string (False)(None)] Sec-Fetch-Dest=document', '[string (False)(None)] Sec-Fetch-Mode=navigate', '[string (False)(None)] Sec-Fetch-Site=same-origin', '[string (False)(None)] Sec-Fetch-User=?1', '[string (False)(None)] Priority=u=0, i', '[url (False)(None)] path0=a2_filtered_post.php', '[int (False)(None)] id=~1', '[string (False)(None)] Submit=Submit'] | None
[14:00:51.652] [SQLiFuzz 6b2] Getting prepared_target_request with ID 846 for test_SQLi iteration 31/70
[14:00:51.652] [SQLiFuzz 846] chosen_idx: 0 from 8
[14:00:51.653] [HTTPREQUEST 846] Getting matched paramval from found values: ['?1', '1']
[14:00:51.653] [HTTPREQUEST 846] Found matched paramval: [string (False)(None)] Sec-Fetch-User=?1
[14:00:51.653] [HTTPREQUEST 846] Found matched paramval: [int (False)(None)] id=1
[14:00:51.653] [SQLiFuzz 846] Prioritize to fuzz matched SQL value first: [int (False)(None)] id=1
[14:00:51.653] [SQLiFuzz 846] Mutation applied. old='1' char='}' strategy='drop' new='}'
[14:00:51.653] [HTTPREQUEST 846] Update url and body param from paramvals:
[14:00:51.653] [HTTPREQUEST None] New post_data_encoded: Submit=Submit&id=%7D
[14:00:51.653] [HTTPREQUEST None] New param encoded: 
[14:00:51.653] [GENERALFUNCTION 846] ---SENDING THE REQUEST [1791050451-dc316e15-19f1-4b05-8523-fd6bbb1d3846] TO : [POST] http://localhost:8081/a2_filtered_post.php
[14:00:51.653] [GENERALFUNCTION 846] Post data encoded: Submit=Submit&id=%7D
[14:00:51.653] [GENERALFUNCTION 846] Adjusted Content-Length to 20
[14:00:51.653] [GENERALFUNCTION 846] Adjusted Origin to http://localhost:8081
[14:00:51.653] [GENERALFUNCTION 846] Adjusted Referer to http://localhost:8081/a2_filtered_post.php
[14:00:51.653] [GENERALFUNCTION 846] DEBUG OUTGOING request.full_url: http://localhost:8081/a2_filtered_post.php
[14:00:51.654] [GENERALFUNCTION 846] DEBUG OUTGOING headers: {'Host': 'localhost:8081', 'User-Agent': 'Mozilla/5.0 (X11; Ubuntu; Linux x86_64; rv:155.0) Gecko/20100101 Firefox/155.0', 'Accept': 'text/html,application/xhtml+xml,application/xml;q=0.9,*/*;q=0.8', 'Accept-Language': 'en-US,en;q=0.9', 'Accept-Encoding': 'gzip, deflate, br, zstd', 'Content-Type': 'application/x-www-form-urlencoded', 'Content-Length': '20', 'Origin': 'http://localhost:8081', 'Connection': 'keep-alive', 'Referer': 'http://localhost:8081/a2_filtered_post.php', 'Cookie': 'PHPSESSID=9cf7a76824a1e7814f8220e72977d3c5; security=impossible', 'Upgrade-Insecure-Requests': '1', 'Sec-Fetch-Dest': 'document', 'Sec-Fetch-Mode': 'navigate', 'Sec-Fetch-Site': 'same-origin', 'Sec-Fetch-User': '?1', 'Priority': 'u=0, i'}
[14:00:51.654] [GENERALFUNCTION 846] DEBUG OUTGOING post_data_encoded (truncated): Submit=Submit&id=%7D
[14:00:51.654] [GENERALFUNCTION 846] DEBUG OUTGOING body_param_dict: {'Submit': 'Submit', 'id': '}'}
[14:00:51.674] [SQLiFuzz 846] Response status: 200
[14:00:51.674] [SQLiFuzz 846] Response URL: http://localhost:8081/a2_filtered_post.php
[14:00:51.674] [SQLiFuzz 846] Was redirected: False
[14:00:51.674] [SQLiFuzz 846] Getting response: 
<!doctype html>

<html>

<body>

<form method="POST">

  <label>User ID: <input type="text" name="id"></label>

  <input type="submit" name="Submit" value="Submit">

</form>

<pre>INPUT REJECTED</pre>
[14:00:52.675] [SQLAnalysis] Read 1 new lines from SQL log file.
[14:00:52.675] [SQLAnalysis] Appended 1 parsed entries.
[14:00:52.675] [SQLAnalysis 846] Extracted 882 Logs 2026-10-03 18:00:52.675890: [{'timestamp': '2026-10-03 18:00:51,664384', 'level': 'INFO', 'ip': '172.18.0.5', 'port': 33118, 'sql': 'USE db *#*#OK'}]
[14:00:52.676] [SQLAnalysis 846] Updated param pairs: {'looked_value': '}'}
[14:00:52.676] [SQLAnalysis 846] Looked timestamp 2026-10-03 18:00:51.654170 -- 2026-10-03 18:00:51.671056
[14:00:52.689] [SQLAnalysis 846] query_array to be checked: ['use', 'db']
[14:00:52.689] [SQLAnalysis 846] normalized_query_array: ['use', 'db']
[14:00:52.689] [SQLiFuzz 846] No weird chars exist: POST http://localhost:8081/a2_filtered_post.php | ['[string (False)(None)] Sec-Fetch-Dest=document', '[string (False)(None)] Sec-Fetch-Mode=navigate', '[string (False)(None)] Sec-Fetch-Site=same-origin', '[string (False)(None)] Sec-Fetch-User=?1', '[string (False)(None)] Priority=u=0, i', '[url (False)(None)] path0=a2_filtered_post.php', '[int (False)(None)] id=}', '[string (False)(None)] Submit=Submit'] | None
[14:00:52.689] [SQLiFuzz 6b2] Getting prepared_target_request with ID e47 for test_SQLi iteration 32/70
[14:00:52.690] [SQLiFuzz e47] chosen_idx: 1 from 8
[14:00:52.690] [HTTPREQUEST e47] Getting matched paramval from found values: ['?1', '1']
[14:00:52.690] [HTTPREQUEST e47] Found matched paramval: [string (False)(None)] Sec-Fetch-User=?1
[14:00:52.690] [HTTPREQUEST e47] Found matched paramval: [int (False)(None)] id=1
[14:00:52.690] [SQLiFuzz e47] Prioritize to fuzz matched SQL value first: [int (False)(None)] id=1
[14:00:52.690] [SQLiFuzz e47] Mutation applied. old='1' char='>' strategy='drop' new='>'
[14:00:52.690] [HTTPREQUEST e47] Update url and body param from paramvals:
[14:00:52.690] [HTTPREQUEST None] New post_data_encoded: Submit=Submit&id=%3E
[14:00:52.690] [HTTPREQUEST None] New param encoded: 
[14:00:52.690] [GENERALFUNCTION e47] ---SENDING THE REQUEST [1791050452-f9327137-e45b-48a9-b3c6-c7cb8b183e47] TO : [POST] http://localhost:8081/a2_filtered_post.php
[14:00:52.690] [GENERALFUNCTION e47] Post data encoded: Submit=Submit&id=%3E
[14:00:52.690] [GENERALFUNCTION e47] Adjusted Content-Length to 20
[14:00:52.691] [GENERALFUNCTION e47] Adjusted Origin to http://localhost:8081
[14:00:52.691] [GENERALFUNCTION e47] Adjusted Referer to http://localhost:8081/a2_filtered_post.php
[14:00:52.691] [GENERALFUNCTION e47] DEBUG OUTGOING request.full_url: http://localhost:8081/a2_filtered_post.php
[14:00:52.691] [GENERALFUNCTION e47] DEBUG OUTGOING headers: {'Host': 'localhost:8081', 'User-Agent': 'Mozilla/5.0 (X11; Ubuntu; Linux x86_64; rv:155.0) Gecko/20100101 Firefox/155.0', 'Accept': 'text/html,application/xhtml+xml,application/xml;q=0.9,*/*;q=0.8', 'Accept-Language': 'en-US,en;q=0.9', 'Accept-Encoding': 'gzip, deflate, br, zstd', 'Content-Type': 'application/x-www-form-urlencoded', 'Content-Length': '20', 'Origin': 'http://localhost:8081', 'Connection': 'keep-alive', 'Referer': 'http://localhost:8081/a2_filtered_post.php', 'Cookie': 'PHPSESSID=9cf7a76824a1e7814f8220e72977d3c5; security=impossible', 'Upgrade-Insecure-Requests': '1', 'Sec-Fetch-Dest': 'document', 'Sec-Fetch-Mode': 'navigate', 'Sec-Fetch-Site': 'same-origin', 'Sec-Fetch-User': '?1', 'Priority': 'u=0, i'}
[14:00:52.691] [GENERALFUNCTION e47] DEBUG OUTGOING post_data_encoded (truncated): Submit=Submit&id=%3E
[14:00:52.691] [GENERALFUNCTION e47] DEBUG OUTGOING body_param_dict: {'Submit': 'Submit', 'id': '>'}
[14:00:52.718] [SQLiFuzz e47] Response status: 200
[14:00:52.718] [SQLiFuzz e47] Response URL: http://localhost:8081/a2_filtered_post.php
[14:00:52.718] [SQLiFuzz e47] Was redirected: False
[14:00:52.718] [SQLiFuzz e47] Getting response: 
<!doctype html>

<html>

<body>

<form method="POST">

  <label>User ID: <input type="text" name="id"></label>

  <input type="submit" name="Submit" value="Submit">

</form>

<pre>INPUT REJECTED</pre>
[14:00:53.719] [SQLAnalysis] Read 1 new lines from SQL log file.
[14:00:53.720] [SQLAnalysis] Appended 1 parsed entries.
[14:00:53.720] [SQLAnalysis e47] Extracted 883 Logs 2026-10-03 18:00:53.720179: [{'timestamp': '2026-10-03 18:00:52,705830', 'level': 'INFO', 'ip': '172.18.0.5', 'port': 33132, 'sql': 'USE db *#*#OK'}]
[14:00:53.720] [SQLAnalysis e47] Updated param pairs: {'looked_value': '>'}
[14:00:53.720] [SQLAnalysis e47] Looked timestamp 2026-10-03 18:00:52.691467 -- 2026-10-03 18:00:52.714798
[14:00:53.726] [SQLAnalysis e47] query_array to be checked: ['use', 'db']
[14:00:53.726] [SQLAnalysis e47] normalized_query_array: ['use', 'db']
[14:00:53.726] [SQLiFuzz e47] No weird chars exist: POST http://localhost:8081/a2_filtered_post.php | ['[string (False)(None)] Sec-Fetch-Dest=document', '[string (False)(None)] Sec-Fetch-Mode=navigate', '[string (False)(None)] Sec-Fetch-Site=same-origin', '[string (False)(None)] Sec-Fetch-User=?1', '[string (False)(None)] Priority=u=0, i', '[url (False)(None)] path0=a2_filtered_post.php', '[int (False)(None)] id=>', '[string (False)(None)] Submit=Submit'] | None
[14:00:53.726] [SQLiFuzz 6b2] Getting prepared_target_request with ID 91d for test_SQLi iteration 33/70
[14:00:53.726] [SQLiFuzz 91d] chosen_idx: 4 from 8
[14:00:53.726] [HTTPREQUEST 91d] Getting matched paramval from found values: ['?1', '1']
[14:00:53.726] [HTTPREQUEST 91d] Found matched paramval: [string (False)(None)] Sec-Fetch-User=?1
[14:00:53.726] [HTTPREQUEST 91d] Found matched paramval: [int (False)(None)] id=1
[14:00:53.727] [SQLiFuzz 91d] Prioritize to fuzz matched SQL value first: [int (False)(None)] id=1
[14:00:53.727] [SQLiFuzz 91d] Mutation applied. old='1' char='`' strategy='drop' new='`'
[14:00:53.727] [HTTPREQUEST 91d] Update url and body param from paramvals:
[14:00:53.727] [HTTPREQUEST None] New post_data_encoded: Submit=Submit&id=%60
[14:00:53.727] [HTTPREQUEST None] New param encoded: 
[14:00:53.727] [GENERALFUNCTION 91d] ---SENDING THE REQUEST [1791050453-57f10d6e-ce90-41c2-b028-d161f6ece91d] TO : [POST] http://localhost:8081/a2_filtered_post.php
[14:00:53.727] [GENERALFUNCTION 91d] Post data encoded: Submit=Submit&id=%60
[14:00:53.727] [GENERALFUNCTION 91d] Adjusted Content-Length to 20
[14:00:53.727] [GENERALFUNCTION 91d] Adjusted Origin to http://localhost:8081
[14:00:53.727] [GENERALFUNCTION 91d] Adjusted Referer to http://localhost:8081/a2_filtered_post.php
[14:00:53.727] [GENERALFUNCTION 91d] DEBUG OUTGOING request.full_url: http://localhost:8081/a2_filtered_post.php
[14:00:53.727] [GENERALFUNCTION 91d] DEBUG OUTGOING headers: {'Host': 'localhost:8081', 'User-Agent': 'Mozilla/5.0 (X11; Ubuntu; Linux x86_64; rv:155.0) Gecko/20100101 Firefox/155.0', 'Accept': 'text/html,application/xhtml+xml,application/xml;q=0.9,*/*;q=0.8', 'Accept-Language': 'en-US,en;q=0.9', 'Accept-Encoding': 'gzip, deflate, br, zstd', 'Content-Type': 'application/x-www-form-urlencoded', 'Content-Length': '20', 'Origin': 'http://localhost:8081', 'Connection': 'keep-alive', 'Referer': 'http://localhost:8081/a2_filtered_post.php', 'Cookie': 'PHPSESSID=9cf7a76824a1e7814f8220e72977d3c5; security=impossible', 'Upgrade-Insecure-Requests': '1', 'Sec-Fetch-Dest': 'document', 'Sec-Fetch-Mode': 'navigate', 'Sec-Fetch-Site': 'same-origin', 'Sec-Fetch-User': '?1', 'Priority': 'u=0, i'}
[14:00:53.727] [GENERALFUNCTION 91d] DEBUG OUTGOING post_data_encoded (truncated): Submit=Submit&id=%60
[14:00:53.727] [GENERALFUNCTION 91d] DEBUG OUTGOING body_param_dict: {'Submit': 'Submit', 'id': '`'}
[14:00:53.746] [SQLiFuzz 91d] Response status: 200
[14:00:53.746] [SQLiFuzz 91d] Response URL: http://localhost:8081/a2_filtered_post.php
[14:00:53.746] [SQLiFuzz 91d] Was redirected: False
[14:00:53.746] [SQLiFuzz 91d] Getting response: 
<!doctype html>

<html>

<body>

<form method="POST">

  <label>User ID: <input type="text" name="id"></label>

  <input type="submit" name="Submit" value="Submit">

</form>

<pre>INPUT REJECTED</pre>
[14:00:54.749] [SQLAnalysis] Read 1 new lines from SQL log file.
[14:00:54.749] [SQLAnalysis] Appended 1 parsed entries.
[14:00:54.750] [SQLAnalysis 91d] Extracted 884 Logs 2026-10-03 18:00:54.749970: [{'timestamp': '2026-10-03 18:00:53,737583', 'level': 'INFO', 'ip': '172.18.0.5', 'port': 33152, 'sql': 'USE db *#*#OK'}]
[14:00:54.750] [SQLAnalysis 91d] Updated param pairs: {'looked_value': '`'}
[14:00:54.750] [SQLAnalysis 91d] Looked timestamp 2026-10-03 18:00:53.727715 -- 2026-10-03 18:00:53.743215
[14:00:54.760] [SQLAnalysis 91d] query_array to be checked: ['use', 'db']
[14:00:54.760] [SQLAnalysis 91d] normalized_query_array: ['use', 'db']
[14:00:54.760] [SQLiFuzz 91d] No weird chars exist: POST http://localhost:8081/a2_filtered_post.php | ['[string (False)(None)] Sec-Fetch-Dest=document', '[string (False)(None)] Sec-Fetch-Mode=navigate', '[string (False)(None)] Sec-Fetch-Site=same-origin', '[string (False)(None)] Sec-Fetch-User=?1', '[string (False)(None)] Priority=u=0, i', '[url (False)(None)] path0=a2_filtered_post.php', '[int (False)(None)] id=`', '[string (False)(None)] Submit=Submit'] | None
[14:00:54.761] [SQLiFuzz 6b2] Getting prepared_target_request with ID 0aa for test_SQLi iteration 34/70
[14:00:54.761] [SQLiFuzz 0aa] chosen_idx: 6 from 8
[14:00:54.761] [HTTPREQUEST 0aa] Getting matched paramval from found values: ['?1', '1']
[14:00:54.761] [HTTPREQUEST 0aa] Found matched paramval: [string (False)(None)] Sec-Fetch-User=?1
[14:00:54.761] [HTTPREQUEST 0aa] Found matched paramval: [int (False)(None)] id=1
[14:00:54.761] [SQLiFuzz 0aa] Prioritize to fuzz matched SQL value first: [int (False)(None)] id=1
[14:00:54.761] [SQLiFuzz 0aa] Mutation applied. old='1' char='~' strategy='drop' new='~'
[14:00:54.761] [HTTPREQUEST 0aa] Update url and body param from paramvals:
[14:00:54.761] [HTTPREQUEST None] New post_data_encoded: Submit=Submit&id=~
[14:00:54.761] [HTTPREQUEST None] New param encoded: 
[14:00:54.762] [GENERALFUNCTION 0aa] ---SENDING THE REQUEST [1791050454-dd18e54f-16ca-4f49-b0eb-0aebbf88c0aa] TO : [POST] http://localhost:8081/a2_filtered_post.php
[14:00:54.762] [GENERALFUNCTION 0aa] Post data encoded: Submit=Submit&id=~
[14:00:54.762] [GENERALFUNCTION 0aa] Adjusted Content-Length to 18
[14:00:54.762] [GENERALFUNCTION 0aa] Adjusted Origin to http://localhost:8081
[14:00:54.762] [GENERALFUNCTION 0aa] Adjusted Referer to http://localhost:8081/a2_filtered_post.php
[14:00:54.762] [GENERALFUNCTION 0aa] DEBUG OUTGOING request.full_url: http://localhost:8081/a2_filtered_post.php
[14:00:54.762] [GENERALFUNCTION 0aa] DEBUG OUTGOING headers: {'Host': 'localhost:8081', 'User-Agent': 'Mozilla/5.0 (X11; Ubuntu; Linux x86_64; rv:155.0) Gecko/20100101 Firefox/155.0', 'Accept': 'text/html,application/xhtml+xml,application/xml;q=0.9,*/*;q=0.8', 'Accept-Language': 'en-US,en;q=0.9', 'Accept-Encoding': 'gzip, deflate, br, zstd', 'Content-Type': 'application/x-www-form-urlencoded', 'Content-Length': '18', 'Origin': 'http://localhost:8081', 'Connection': 'keep-alive', 'Referer': 'http://localhost:8081/a2_filtered_post.php', 'Cookie': 'PHPSESSID=9cf7a76824a1e7814f8220e72977d3c5; security=impossible', 'Upgrade-Insecure-Requests': '1', 'Sec-Fetch-Dest': 'document', 'Sec-Fetch-Mode': 'navigate', 'Sec-Fetch-Site': 'same-origin', 'Sec-Fetch-User': '?1', 'Priority': 'u=0, i'}
[14:00:54.762] [GENERALFUNCTION 0aa] DEBUG OUTGOING post_data_encoded (truncated): Submit=Submit&id=~
[14:00:54.762] [GENERALFUNCTION 0aa] DEBUG OUTGOING body_param_dict: {'Submit': 'Submit', 'id': '~'}
[14:00:54.795] [SQLiFuzz 0aa] Response status: 200
[14:00:54.796] [SQLiFuzz 0aa] Response URL: http://localhost:8081/a2_filtered_post.php
[14:00:54.796] [SQLiFuzz 0aa] Was redirected: False
[14:00:54.796] [SQLiFuzz 0aa] Getting response: 
<!doctype html>

<html>

<body>

<form method="POST">

  <label>User ID: <input type="text" name="id"></label>

  <input type="submit" name="Submit" value="Submit">

</form>

<pre>INPUT REJECTED</pre>
[14:00:55.797] [SQLAnalysis] Read 1 new lines from SQL log file.
[14:00:55.798] [SQLAnalysis] Appended 1 parsed entries.
[14:00:55.798] [SQLAnalysis 0aa] Extracted 885 Logs 2026-10-03 18:00:55.798306: [{'timestamp': '2026-10-03 18:00:54,779594', 'level': 'INFO', 'ip': '172.18.0.5', 'port': 33172, 'sql': 'USE db *#*#OK'}]
[14:00:55.798] [SQLAnalysis 0aa] Updated param pairs: {'looked_value': '~'}
[14:00:55.798] [SQLAnalysis 0aa] Looked timestamp 2026-10-03 18:00:54.762874 -- 2026-10-03 18:00:54.789970
[14:00:55.809] [SQLAnalysis 0aa] query_array to be checked: ['use', 'db']
[14:00:55.809] [SQLAnalysis 0aa] normalized_query_array: ['use', 'db']
[14:00:55.809] [SQLiFuzz 0aa] No weird chars exist: POST http://localhost:8081/a2_filtered_post.php | ['[string (False)(None)] Sec-Fetch-Dest=document', '[string (False)(None)] Sec-Fetch-Mode=navigate', '[string (False)(None)] Sec-Fetch-Site=same-origin', '[string (False)(None)] Sec-Fetch-User=?1', '[string (False)(None)] Priority=u=0, i', '[url (False)(None)] path0=a2_filtered_post.php', '[int (False)(None)] id=~', '[string (False)(None)] Submit=Submit'] | None
[14:00:55.810] [SQLiFuzz 6b2] Getting prepared_target_request with ID c1f for test_SQLi iteration 35/70
[14:00:55.810] [SQLiFuzz c1f] chosen_idx: 0 from 8
[14:00:55.810] [HTTPREQUEST c1f] Getting matched paramval from found values: ['?1', '1']
[14:00:55.810] [HTTPREQUEST c1f] Found matched paramval: [string (False)(None)] Sec-Fetch-User=?1
[14:00:55.810] [HTTPREQUEST c1f] Found matched paramval: [int (False)(None)] id=1
[14:00:55.810] [SQLiFuzz c1f] Prioritize to fuzz matched SQL value first: [int (False)(None)] id=1
[14:00:55.810] [SQLiFuzz c1f] Mutation applied. old='1' char='@' strategy='random' new='@1'
[14:00:55.810] [HTTPREQUEST c1f] Update url and body param from paramvals:
[14:00:55.810] [HTTPREQUEST None] New post_data_encoded: Submit=Submit&id=%401
[14:00:55.810] [HTTPREQUEST None] New param encoded: 
[14:00:55.811] [GENERALFUNCTION c1f] ---SENDING THE REQUEST [1791050455-c96e48e3-260c-4471-804a-649f6cd3dc1f] TO : [POST] http://localhost:8081/a2_filtered_post.php
[14:00:55.811] [GENERALFUNCTION c1f] Post data encoded: Submit=Submit&id=%401
[14:00:55.811] [GENERALFUNCTION c1f] Adjusted Content-Length to 21
[14:00:55.811] [GENERALFUNCTION c1f] Adjusted Origin to http://localhost:8081
[14:00:55.811] [GENERALFUNCTION c1f] Adjusted Referer to http://localhost:8081/a2_filtered_post.php
[14:00:55.811] [GENERALFUNCTION c1f] DEBUG OUTGOING request.full_url: http://localhost:8081/a2_filtered_post.php
[14:00:55.811] [GENERALFUNCTION c1f] DEBUG OUTGOING headers: {'Host': 'localhost:8081', 'User-Agent': 'Mozilla/5.0 (X11; Ubuntu; Linux x86_64; rv:155.0) Gecko/20100101 Firefox/155.0', 'Accept': 'text/html,application/xhtml+xml,application/xml;q=0.9,*/*;q=0.8', 'Accept-Language': 'en-US,en;q=0.9', 'Accept-Encoding': 'gzip, deflate, br, zstd', 'Content-Type': 'application/x-www-form-urlencoded', 'Content-Length': '21', 'Origin': 'http://localhost:8081', 'Connection': 'keep-alive', 'Referer': 'http://localhost:8081/a2_filtered_post.php', 'Cookie': 'PHPSESSID=9cf7a76824a1e7814f8220e72977d3c5; security=impossible', 'Upgrade-Insecure-Requests': '1', 'Sec-Fetch-Dest': 'document', 'Sec-Fetch-Mode': 'navigate', 'Sec-Fetch-Site': 'same-origin', 'Sec-Fetch-User': '?1', 'Priority': 'u=0, i'}
[14:00:55.811] [GENERALFUNCTION c1f] DEBUG OUTGOING post_data_encoded (truncated): Submit=Submit&id=%401
[14:00:55.811] [GENERALFUNCTION c1f] DEBUG OUTGOING body_param_dict: {'Submit': 'Submit', 'id': '@1'}
[14:00:55.837] [SQLiFuzz c1f] Response status: 200
[14:00:55.837] [SQLiFuzz c1f] Response URL: http://localhost:8081/a2_filtered_post.php
[14:00:55.837] [SQLiFuzz c1f] Was redirected: False
[14:00:55.837] [SQLiFuzz c1f] Getting response: 
<!doctype html>

<html>

<body>

<form method="POST">

  <label>User ID: <input type="text" name="id"></label>

  <input type="submit" name="Submit" value="Submit">

</form>

<pre>INPUT REJECTED</pre>
[14:00:56.838] [SQLAnalysis] Read 1 new lines from SQL log file.
[14:00:56.839] [SQLAnalysis] Appended 1 parsed entries.
[14:00:56.839] [SQLAnalysis c1f] Extracted 886 Logs 2026-10-03 18:00:56.839322: [{'timestamp': '2026-10-03 18:00:55,822801', 'level': 'INFO', 'ip': '172.18.0.5', 'port': 33192, 'sql': 'USE db *#*#OK'}]
[14:00:56.839] [SQLAnalysis c1f] Updated param pairs: {'looked_value': '@1'}
[14:00:56.839] [SQLAnalysis c1f] Looked timestamp 2026-10-03 18:00:55.811609 -- 2026-10-03 18:00:55.831110
[14:00:56.850] [SQLAnalysis c1f] query_array to be checked: ['use', 'db']
[14:00:56.850] [SQLAnalysis c1f] normalized_query_array: ['use', 'db']
[14:00:56.850] [SQLiFuzz c1f] No weird chars exist: POST http://localhost:8081/a2_filtered_post.php | ['[string (False)(None)] Sec-Fetch-Dest=document', '[string (False)(None)] Sec-Fetch-Mode=navigate', '[string (False)(None)] Sec-Fetch-Site=same-origin', '[string (False)(None)] Sec-Fetch-User=?1', '[string (False)(None)] Priority=u=0, i', '[url (False)(None)] path0=a2_filtered_post.php', '[int (False)(None)] id=@1', '[string (False)(None)] Submit=Submit'] | None
[14:00:56.851] [SQLiFuzz 6b2] Getting prepared_target_request with ID a31 for test_SQLi iteration 36/70
[14:00:56.851] [SQLiFuzz a31] chosen_idx: 3 from 8
[14:00:56.851] [HTTPREQUEST a31] Getting matched paramval from found values: ['?1', '1']
[14:00:56.851] [HTTPREQUEST a31] Found matched paramval: [string (False)(None)] Sec-Fetch-User=?1
[14:00:56.851] [HTTPREQUEST a31] Found matched paramval: [int (False)(None)] id=1
[14:00:56.851] [SQLiFuzz a31] Prioritize to fuzz matched SQL value first: [int (False)(None)] id=1
[14:00:56.851] [SQLiFuzz a31] Mutation applied. old='1' char='@' strategy='tail' new='1@'
[14:00:56.851] [HTTPREQUEST a31] Update url and body param from paramvals:
[14:00:56.851] [HTTPREQUEST None] New post_data_encoded: Submit=Submit&id=1%40
[14:00:56.851] [HTTPREQUEST None] New param encoded: 
[14:00:56.852] [GENERALFUNCTION a31] ---SENDING THE REQUEST [1791050456-76c3b598-455e-4182-b7e4-20e09e132a31] TO : [POST] http://localhost:8081/a2_filtered_post.php
[14:00:56.852] [GENERALFUNCTION a31] Post data encoded: Submit=Submit&id=1%40
[14:00:56.852] [GENERALFUNCTION a31] Adjusted Content-Length to 21
[14:00:56.852] [GENERALFUNCTION a31] Adjusted Origin to http://localhost:8081
[14:00:56.852] [GENERALFUNCTION a31] Adjusted Referer to http://localhost:8081/a2_filtered_post.php
[14:00:56.852] [GENERALFUNCTION a31] DEBUG OUTGOING request.full_url: http://localhost:8081/a2_filtered_post.php
[14:00:56.852] [GENERALFUNCTION a31] DEBUG OUTGOING headers: {'Host': 'localhost:8081', 'User-Agent': 'Mozilla/5.0 (X11; Ubuntu; Linux x86_64; rv:155.0) Gecko/20100101 Firefox/155.0', 'Accept': 'text/html,application/xhtml+xml,application/xml;q=0.9,*/*;q=0.8', 'Accept-Language': 'en-US,en;q=0.9', 'Accept-Encoding': 'gzip, deflate, br, zstd', 'Content-Type': 'application/x-www-form-urlencoded', 'Content-Length': '21', 'Origin': 'http://localhost:8081', 'Connection': 'keep-alive', 'Referer': 'http://localhost:8081/a2_filtered_post.php', 'Cookie': 'PHPSESSID=9cf7a76824a1e7814f8220e72977d3c5; security=impossible', 'Upgrade-Insecure-Requests': '1', 'Sec-Fetch-Dest': 'document', 'Sec-Fetch-Mode': 'navigate', 'Sec-Fetch-Site': 'same-origin', 'Sec-Fetch-User': '?1', 'Priority': 'u=0, i'}
[14:00:56.853] [GENERALFUNCTION a31] DEBUG OUTGOING post_data_encoded (truncated): Submit=Submit&id=1%40
[14:00:56.853] [GENERALFUNCTION a31] DEBUG OUTGOING body_param_dict: {'Submit': 'Submit', 'id': '1@'}
[14:00:56.886] [SQLiFuzz a31] Response status: 200
[14:00:56.886] [SQLiFuzz a31] Response URL: http://localhost:8081/a2_filtered_post.php
[14:00:56.886] [SQLiFuzz a31] Was redirected: False
[14:00:56.886] [SQLiFuzz a31] Getting response: 
<!doctype html>

<html>

<body>

<form method="POST">

  <label>User ID: <input type="text" name="id"></label>

  <input type="submit" name="Submit" value="Submit">

</form>

<pre>INPUT REJECTED</pre>
[14:00:57.888] [SQLAnalysis] Read 1 new lines from SQL log file.
[14:00:57.888] [SQLAnalysis] Appended 1 parsed entries.
[14:00:57.888] [SQLAnalysis a31] Extracted 887 Logs 2026-10-03 18:00:57.888791: [{'timestamp': '2026-10-03 18:00:56,870270', 'level': 'INFO', 'ip': '172.18.0.5', 'port': 33208, 'sql': 'USE db *#*#OK'}]
[14:00:57.889] [SQLAnalysis a31] Updated param pairs: {'looked_value': '1@'}
[14:00:57.889] [SQLAnalysis a31] Looked timestamp 2026-10-03 18:00:56.853212 -- 2026-10-03 18:00:56.880786
[14:00:57.897] [SQLAnalysis a31] query_array to be checked: ['use', 'db']
[14:00:57.897] [SQLAnalysis a31] normalized_query_array: ['use', 'db']
[14:00:57.897] [SQLiFuzz a31] No weird chars exist: POST http://localhost:8081/a2_filtered_post.php | ['[string (False)(None)] Sec-Fetch-Dest=document', '[string (False)(None)] Sec-Fetch-Mode=navigate', '[string (False)(None)] Sec-Fetch-Site=same-origin', '[string (False)(None)] Sec-Fetch-User=?1', '[string (False)(None)] Priority=u=0, i', '[url (False)(None)] path0=a2_filtered_post.php', '[int (False)(None)] id=1@', '[string (False)(None)] Submit=Submit'] | None
[14:00:57.898] [SQLiFuzz 6b2] Getting prepared_target_request with ID 3c9 for test_SQLi iteration 37/70
[14:00:57.898] [SQLiFuzz 3c9] chosen_idx: 3 from 8
[14:00:57.898] [HTTPREQUEST 3c9] Getting matched paramval from found values: ['?1', '1']
[14:00:57.898] [HTTPREQUEST 3c9] Found matched paramval: [string (False)(None)] Sec-Fetch-User=?1
[14:00:57.898] [HTTPREQUEST 3c9] Found matched paramval: [int (False)(None)] id=1
[14:00:57.898] [SQLiFuzz 3c9] Prioritize to fuzz matched SQL value first: [int (False)(None)] id=1
[14:00:57.898] [SQLiFuzz 3c9] Mutation applied. old='1' char='\' strategy='drop' new='\'
[14:00:57.898] [HTTPREQUEST 3c9] Update url and body param from paramvals:
[14:00:57.898] [HTTPREQUEST None] New post_data_encoded: Submit=Submit&id=%5C
[14:00:57.898] [HTTPREQUEST None] New param encoded: 
[14:00:57.898] [GENERALFUNCTION 3c9] ---SENDING THE REQUEST [1791050457-094f7e74-35e8-4cce-bfaf-351aa81be3c9] TO : [POST] http://localhost:8081/a2_filtered_post.php
[14:00:57.898] [GENERALFUNCTION 3c9] Post data encoded: Submit=Submit&id=%5C
[14:00:57.899] [GENERALFUNCTION 3c9] Adjusted Content-Length to 20
[14:00:57.899] [GENERALFUNCTION 3c9] Adjusted Origin to http://localhost:8081
[14:00:57.899] [GENERALFUNCTION 3c9] Adjusted Referer to http://localhost:8081/a2_filtered_post.php
[14:00:57.899] [GENERALFUNCTION 3c9] DEBUG OUTGOING request.full_url: http://localhost:8081/a2_filtered_post.php
[14:00:57.899] [GENERALFUNCTION 3c9] DEBUG OUTGOING headers: {'Host': 'localhost:8081', 'User-Agent': 'Mozilla/5.0 (X11; Ubuntu; Linux x86_64; rv:155.0) Gecko/20100101 Firefox/155.0', 'Accept': 'text/html,application/xhtml+xml,application/xml;q=0.9,*/*;q=0.8', 'Accept-Language': 'en-US,en;q=0.9', 'Accept-Encoding': 'gzip, deflate, br, zstd', 'Content-Type': 'application/x-www-form-urlencoded', 'Content-Length': '20', 'Origin': 'http://localhost:8081', 'Connection': 'keep-alive', 'Referer': 'http://localhost:8081/a2_filtered_post.php', 'Cookie': 'PHPSESSID=9cf7a76824a1e7814f8220e72977d3c5; security=impossible', 'Upgrade-Insecure-Requests': '1', 'Sec-Fetch-Dest': 'document', 'Sec-Fetch-Mode': 'navigate', 'Sec-Fetch-Site': 'same-origin', 'Sec-Fetch-User': '?1', 'Priority': 'u=0, i'}
[14:00:57.899] [GENERALFUNCTION 3c9] DEBUG OUTGOING post_data_encoded (truncated): Submit=Submit&id=%5C
[14:00:57.899] [GENERALFUNCTION 3c9] DEBUG OUTGOING body_param_dict: {'Submit': 'Submit', 'id': '\\'}
[14:00:57.924] [SQLiFuzz 3c9] Response status: 200
[14:00:57.925] [SQLiFuzz 3c9] Response URL: http://localhost:8081/a2_filtered_post.php
[14:00:57.925] [SQLiFuzz 3c9] Was redirected: False
[14:00:57.925] [SQLiFuzz 3c9] Getting response: 
<!doctype html>

<html>

<body>

<form method="POST">

  <label>User ID: <input type="text" name="id"></label>

  <input type="submit" name="Submit" value="Submit">

</form>

<pre>INPUT REJECTED</pre>
[14:00:58.926] [SQLAnalysis] Read 1 new lines from SQL log file.
[14:00:58.927] [SQLAnalysis] Appended 1 parsed entries.
[14:00:58.927] [SQLAnalysis 3c9] Extracted 888 Logs 2026-10-03 18:00:58.927376: [{'timestamp': '2026-10-03 18:00:57,911741', 'level': 'INFO', 'ip': '172.18.0.5', 'port': 33230, 'sql': 'USE db *#*#OK'}]
[14:00:58.927] [SQLAnalysis 3c9] Updated param pairs: {'looked_value': '\\'}
[14:00:58.928] [SQLAnalysis 3c9] Looked timestamp 2026-10-03 18:00:57.899508 -- 2026-10-03 18:00:57.920743
[14:00:58.938] [SQLAnalysis 3c9] query_array to be checked: ['use', 'db']
[14:00:58.938] [SQLAnalysis 3c9] normalized_query_array: ['use', 'db']
[14:00:58.938] [SQLiFuzz 3c9] No weird chars exist: POST http://localhost:8081/a2_filtered_post.php | ['[string (False)(None)] Sec-Fetch-Dest=document', '[string (False)(None)] Sec-Fetch-Mode=navigate', '[string (False)(None)] Sec-Fetch-Site=same-origin', '[string (False)(None)] Sec-Fetch-User=?1', '[string (False)(None)] Priority=u=0, i', '[url (False)(None)] path0=a2_filtered_post.php', '[int (False)(None)] id=\\', '[string (False)(None)] Submit=Submit'] | None
[14:00:58.939] [SQLiFuzz 6b2] Getting prepared_target_request with ID da1 for test_SQLi iteration 38/70
[14:00:58.939] [SQLiFuzz da1] chosen_idx: 1 from 8
[14:00:58.939] [HTTPREQUEST da1] Getting matched paramval from found values: ['?1', '1']
[14:00:58.939] [HTTPREQUEST da1] Found matched paramval: [string (False)(None)] Sec-Fetch-User=?1
[14:00:58.939] [HTTPREQUEST da1] Found matched paramval: [int (False)(None)] id=1
[14:00:58.939] [SQLiFuzz da1] Prioritize to fuzz matched SQL value first: [int (False)(None)] id=1
[14:00:58.939] [SQLiFuzz da1] Mutation applied. old='1' char='<' strategy='tail' new='1<'
[14:00:58.939] [HTTPREQUEST da1] Update url and body param from paramvals:
[14:00:58.939] [HTTPREQUEST None] New post_data_encoded: Submit=Submit&id=1%3C
[14:00:58.939] [HTTPREQUEST None] New param encoded: 
[14:00:58.939] [GENERALFUNCTION da1] ---SENDING THE REQUEST [1791050458-5749cba3-3f35-45e6-8f84-600559962da1] TO : [POST] http://localhost:8081/a2_filtered_post.php
[14:00:58.939] [GENERALFUNCTION da1] Post data encoded: Submit=Submit&id=1%3C
[14:00:58.939] [GENERALFUNCTION da1] Adjusted Content-Length to 21
[14:00:58.939] [GENERALFUNCTION da1] Adjusted Origin to http://localhost:8081
[14:00:58.940] [GENERALFUNCTION da1] Adjusted Referer to http://localhost:8081/a2_filtered_post.php
[14:00:58.940] [GENERALFUNCTION da1] DEBUG OUTGOING request.full_url: http://localhost:8081/a2_filtered_post.php
[14:00:58.940] [GENERALFUNCTION da1] DEBUG OUTGOING headers: {'Host': 'localhost:8081', 'User-Agent': 'Mozilla/5.0 (X11; Ubuntu; Linux x86_64; rv:155.0) Gecko/20100101 Firefox/155.0', 'Accept': 'text/html,application/xhtml+xml,application/xml;q=0.9,*/*;q=0.8', 'Accept-Language': 'en-US,en;q=0.9', 'Accept-Encoding': 'gzip, deflate, br, zstd', 'Content-Type': 'application/x-www-form-urlencoded', 'Content-Length': '21', 'Origin': 'http://localhost:8081', 'Connection': 'keep-alive', 'Referer': 'http://localhost:8081/a2_filtered_post.php', 'Cookie': 'PHPSESSID=9cf7a76824a1e7814f8220e72977d3c5; security=impossible', 'Upgrade-Insecure-Requests': '1', 'Sec-Fetch-Dest': 'document', 'Sec-Fetch-Mode': 'navigate', 'Sec-Fetch-Site': 'same-origin', 'Sec-Fetch-User': '?1', 'Priority': 'u=0, i'}
[14:00:58.940] [GENERALFUNCTION da1] DEBUG OUTGOING post_data_encoded (truncated): Submit=Submit&id=1%3C
[14:00:58.940] [GENERALFUNCTION da1] DEBUG OUTGOING body_param_dict: {'Submit': 'Submit', 'id': '1<'}
[14:00:58.975] [SQLiFuzz da1] Response status: 200
[14:00:58.975] [SQLiFuzz da1] Response URL: http://localhost:8081/a2_filtered_post.php
[14:00:58.975] [SQLiFuzz da1] Was redirected: False
[14:00:58.975] [SQLiFuzz da1] Getting response: 
<!doctype html>

<html>

<body>

<form method="POST">

  <label>User ID: <input type="text" name="id"></label>

  <input type="submit" name="Submit" value="Submit">

</form>

<pre>INPUT REJECTED</pre>
[14:00:59.977] [SQLAnalysis] Read 1 new lines from SQL log file.
[14:00:59.977] [SQLAnalysis] Appended 1 parsed entries.
[14:00:59.978] [SQLAnalysis da1] Extracted 889 Logs 2026-10-03 18:00:59.977979: [{'timestamp': '2026-10-03 18:00:58,957224', 'level': 'INFO', 'ip': '172.18.0.5', 'port': 33250, 'sql': 'USE db *#*#OK'}]
[14:00:59.978] [SQLAnalysis da1] Updated param pairs: {'looked_value': '1<'}
[14:00:59.978] [SQLAnalysis da1] Looked timestamp 2026-10-03 18:00:58.940744 -- 2026-10-03 18:00:58.969917
[14:00:59.989] [SQLAnalysis da1] query_array to be checked: ['use', 'db']
[14:00:59.989] [SQLAnalysis da1] normalized_query_array: ['use', 'db']
[14:00:59.989] [SQLiFuzz da1] No weird chars exist: POST http://localhost:8081/a2_filtered_post.php | ['[string (False)(None)] Sec-Fetch-Dest=document', '[string (False)(None)] Sec-Fetch-Mode=navigate', '[string (False)(None)] Sec-Fetch-Site=same-origin', '[string (False)(None)] Sec-Fetch-User=?1', '[string (False)(None)] Priority=u=0, i', '[url (False)(None)] path0=a2_filtered_post.php', '[int (False)(None)] id=1<', '[string (False)(None)] Submit=Submit'] | None
[14:00:59.989] [SQLiFuzz 6b2] Getting prepared_target_request with ID 4ee for test_SQLi iteration 39/70
[14:00:59.990] [SQLiFuzz 4ee] chosen_idx: 2 from 8
[14:00:59.990] [HTTPREQUEST 4ee] Getting matched paramval from found values: ['?1', '1']
[14:00:59.990] [HTTPREQUEST 4ee] Found matched paramval: [string (False)(None)] Sec-Fetch-User=?1
[14:00:59.990] [HTTPREQUEST 4ee] Found matched paramval: [int (False)(None)] id=1
[14:00:59.990] [SQLiFuzz 4ee] Prioritize to fuzz matched SQL value first: [int (False)(None)] id=1
[14:00:59.990] [SQLiFuzz 4ee] Mutation applied. old='1' char='/' strategy='tail' new='1/'
[14:00:59.990] [HTTPREQUEST 4ee] Update url and body param from paramvals:
[14:00:59.990] [HTTPREQUEST None] New post_data_encoded: Submit=Submit&id=1%2F
[14:00:59.990] [HTTPREQUEST None] New param encoded: 
[14:00:59.990] [GENERALFUNCTION 4ee] ---SENDING THE REQUEST [1791050459-7d7aa94a-418e-4ced-b199-28b9ea42f4ee] TO : [POST] http://localhost:8081/a2_filtered_post.php
[14:00:59.990] [GENERALFUNCTION 4ee] Post data encoded: Submit=Submit&id=1%2F
[14:00:59.990] [GENERALFUNCTION 4ee] Adjusted Content-Length to 21
[14:00:59.990] [GENERALFUNCTION 4ee] Adjusted Origin to http://localhost:8081
[14:00:59.990] [GENERALFUNCTION 4ee] Adjusted Referer to http://localhost:8081/a2_filtered_post.php
[14:00:59.990] [GENERALFUNCTION 4ee] DEBUG OUTGOING request.full_url: http://localhost:8081/a2_filtered_post.php
[14:00:59.990] [GENERALFUNCTION 4ee] DEBUG OUTGOING headers: {'Host': 'localhost:8081', 'User-Agent': 'Mozilla/5.0 (X11; Ubuntu; Linux x86_64; rv:155.0) Gecko/20100101 Firefox/155.0', 'Accept': 'text/html,application/xhtml+xml,application/xml;q=0.9,*/*;q=0.8', 'Accept-Language': 'en-US,en;q=0.9', 'Accept-Encoding': 'gzip, deflate, br, zstd', 'Content-Type': 'application/x-www-form-urlencoded', 'Content-Length': '21', 'Origin': 'http://localhost:8081', 'Connection': 'keep-alive', 'Referer': 'http://localhost:8081/a2_filtered_post.php', 'Cookie': 'PHPSESSID=9cf7a76824a1e7814f8220e72977d3c5; security=impossible', 'Upgrade-Insecure-Requests': '1', 'Sec-Fetch-Dest': 'document', 'Sec-Fetch-Mode': 'navigate', 'Sec-Fetch-Site': 'same-origin', 'Sec-Fetch-User': '?1', 'Priority': 'u=0, i'}
[14:00:59.991] [GENERALFUNCTION 4ee] DEBUG OUTGOING post_data_encoded (truncated): Submit=Submit&id=1%2F
[14:00:59.991] [GENERALFUNCTION 4ee] DEBUG OUTGOING body_param_dict: {'Submit': 'Submit', 'id': '1/'}
[14:01:00.019] [SQLiFuzz 4ee] Response status: 200
[14:01:00.019] [SQLiFuzz 4ee] Response URL: http://localhost:8081/a2_filtered_post.php
[14:01:00.019] [SQLiFuzz 4ee] Was redirected: False
[14:01:00.019] [SQLiFuzz 4ee] Getting response: 
<!doctype html>

<html>

<body>

<form method="POST">

  <label>User ID: <input type="text" name="id"></label>

  <input type="submit" name="Submit" value="Submit">

</form>

<pre>INPUT REJECTED</pre>
[14:01:01.020] [SQLAnalysis] Read 1 new lines from SQL log file.
[14:01:01.021] [SQLAnalysis] Appended 1 parsed entries.
[14:01:01.021] [SQLAnalysis 4ee] Extracted 890 Logs 2026-10-03 18:01:01.021237: [{'timestamp': '2026-10-03 18:01:00,002325', 'level': 'INFO', 'ip': '172.18.0.5', 'port': 33274, 'sql': 'USE db *#*#OK'}]
[14:01:01.021] [SQLAnalysis 4ee] Updated param pairs: {'looked_value': '1/'}
[14:01:01.021] [SQLAnalysis 4ee] Looked timestamp 2026-10-03 18:00:59.991158 -- 2026-10-03 18:01:00.014223
[14:01:01.036] [SQLAnalysis 4ee] query_array to be checked: ['use', 'db']
[14:01:01.037] [SQLAnalysis 4ee] normalized_query_array: ['use', 'db']
[14:01:01.037] [SQLiFuzz 4ee] No weird chars exist: POST http://localhost:8081/a2_filtered_post.php | ['[string (False)(None)] Sec-Fetch-Dest=document', '[string (False)(None)] Sec-Fetch-Mode=navigate', '[string (False)(None)] Sec-Fetch-Site=same-origin', '[string (False)(None)] Sec-Fetch-User=?1', '[string (False)(None)] Priority=u=0, i', '[url (False)(None)] path0=a2_filtered_post.php', '[int (False)(None)] id=1/', '[string (False)(None)] Submit=Submit'] | None
[14:01:01.037] [SQLiFuzz 6b2] Getting prepared_target_request with ID 0c7 for test_SQLi iteration 40/70
[14:01:01.038] [SQLiFuzz 0c7] chosen_idx: 0 from 8
[14:01:01.038] [HTTPREQUEST 0c7] Getting matched paramval from found values: ['?1', '1']
[14:01:01.038] [HTTPREQUEST 0c7] Found matched paramval: [string (False)(None)] Sec-Fetch-User=?1
[14:01:01.038] [HTTPREQUEST 0c7] Found matched paramval: [int (False)(None)] id=1
[14:01:01.038] [SQLiFuzz 0c7] Prioritize to fuzz matched SQL value first: [int (False)(None)] id=1
[14:01:01.038] [SQLiFuzz 0c7] Mutation applied. old='1' char=']' strategy='random' new=']1'
[14:01:01.038] [HTTPREQUEST 0c7] Update url and body param from paramvals:
[14:01:01.038] [HTTPREQUEST None] New post_data_encoded: Submit=Submit&id=%5D1
[14:01:01.038] [HTTPREQUEST None] New param encoded: 
[14:01:01.038] [GENERALFUNCTION 0c7] ---SENDING THE REQUEST [1791050461-96558f99-0fb3-43f0-be03-c6472ad3b0c7] TO : [POST] http://localhost:8081/a2_filtered_post.php
[14:01:01.038] [GENERALFUNCTION 0c7] Post data encoded: Submit=Submit&id=%5D1
[14:01:01.038] [GENERALFUNCTION 0c7] Adjusted Content-Length to 21
[14:01:01.039] [GENERALFUNCTION 0c7] Adjusted Origin to http://localhost:8081
[14:01:01.039] [GENERALFUNCTION 0c7] Adjusted Referer to http://localhost:8081/a2_filtered_post.php
[14:01:01.039] [GENERALFUNCTION 0c7] DEBUG OUTGOING request.full_url: http://localhost:8081/a2_filtered_post.php
[14:01:01.039] [GENERALFUNCTION 0c7] DEBUG OUTGOING headers: {'Host': 'localhost:8081', 'User-Agent': 'Mozilla/5.0 (X11; Ubuntu; Linux x86_64; rv:155.0) Gecko/20100101 Firefox/155.0', 'Accept': 'text/html,application/xhtml+xml,application/xml;q=0.9,*/*;q=0.8', 'Accept-Language': 'en-US,en;q=0.9', 'Accept-Encoding': 'gzip, deflate, br, zstd', 'Content-Type': 'application/x-www-form-urlencoded', 'Content-Length': '21', 'Origin': 'http://localhost:8081', 'Connection': 'keep-alive', 'Referer': 'http://localhost:8081/a2_filtered_post.php', 'Cookie': 'PHPSESSID=9cf7a76824a1e7814f8220e72977d3c5; security=impossible', 'Upgrade-Insecure-Requests': '1', 'Sec-Fetch-Dest': 'document', 'Sec-Fetch-Mode': 'navigate', 'Sec-Fetch-Site': 'same-origin', 'Sec-Fetch-User': '?1', 'Priority': 'u=0, i'}
[14:01:01.040] [GENERALFUNCTION 0c7] DEBUG OUTGOING post_data_encoded (truncated): Submit=Submit&id=%5D1
[14:01:01.040] [GENERALFUNCTION 0c7] DEBUG OUTGOING body_param_dict: {'Submit': 'Submit', 'id': ']1'}
[14:01:01.066] [SQLiFuzz 0c7] Response status: 200
[14:01:01.066] [SQLiFuzz 0c7] Response URL: http://localhost:8081/a2_filtered_post.php
[14:01:01.066] [SQLiFuzz 0c7] Was redirected: False
[14:01:01.066] [SQLiFuzz 0c7] Getting response: 
<!doctype html>

<html>

<body>

<form method="POST">

  <label>User ID: <input type="text" name="id"></label>

  <input type="submit" name="Submit" value="Submit">

</form>

<pre>INPUT REJECTED</pre>
[14:01:02.067] [SQLAnalysis] Read 1 new lines from SQL log file.
[14:01:02.068] [SQLAnalysis] Appended 1 parsed entries.
[14:01:02.068] [SQLAnalysis 0c7] Extracted 891 Logs 2026-10-03 18:01:02.068311: [{'timestamp': '2026-10-03 18:01:01,053945', 'level': 'INFO', 'ip': '172.18.0.5', 'port': 58028, 'sql': 'USE db *#*#OK'}]
[14:01:02.068] [SQLAnalysis 0c7] Updated param pairs: {'looked_value': ']1'}
[14:01:02.068] [SQLAnalysis 0c7] Looked timestamp 2026-10-03 18:01:01.040304 -- 2026-10-03 18:01:01.062454
[14:01:02.079] [SQLAnalysis 0c7] query_array to be checked: ['use', 'db']
[14:01:02.079] [SQLAnalysis 0c7] normalized_query_array: ['use', 'db']
[14:01:02.079] [SQLiFuzz 0c7] No weird chars exist: POST http://localhost:8081/a2_filtered_post.php | ['[string (False)(None)] Sec-Fetch-Dest=document', '[string (False)(None)] Sec-Fetch-Mode=navigate', '[string (False)(None)] Sec-Fetch-Site=same-origin', '[string (False)(None)] Sec-Fetch-User=?1', '[string (False)(None)] Priority=u=0, i', '[url (False)(None)] path0=a2_filtered_post.php', '[int (False)(None)] id=]1', '[string (False)(None)] Submit=Submit'] | None
[14:01:02.080] [SQLiFuzz 6b2] Getting prepared_target_request with ID 3ac for test_SQLi iteration 41/70
[14:01:02.080] [SQLiFuzz 3ac] chosen_idx: 0 from 8
[14:01:02.080] [HTTPREQUEST 3ac] Getting matched paramval from found values: ['?1', '1']
[14:01:02.080] [HTTPREQUEST 3ac] Found matched paramval: [string (False)(None)] Sec-Fetch-User=?1
[14:01:02.080] [HTTPREQUEST 3ac] Found matched paramval: [int (False)(None)] id=1
[14:01:02.080] [SQLiFuzz 3ac] Prioritize to fuzz matched SQL value first: [int (False)(None)] id=1
[14:01:02.080] [SQLiFuzz 3ac] Mutation applied. old='1' char='+' strategy='drop' new='+'
[14:01:02.080] [HTTPREQUEST 3ac] Update url and body param from paramvals:
[14:01:02.080] [HTTPREQUEST None] New post_data_encoded: Submit=Submit&id=%2B
[14:01:02.080] [HTTPREQUEST None] New param encoded: 
[14:01:02.081] [GENERALFUNCTION 3ac] ---SENDING THE REQUEST [1791050462-b2fe3fbf-437f-48ac-8f4c-8d9edc7003ac] TO : [POST] http://localhost:8081/a2_filtered_post.php
[14:01:02.081] [GENERALFUNCTION 3ac] Post data encoded: Submit=Submit&id=%2B
[14:01:02.081] [GENERALFUNCTION 3ac] Adjusted Content-Length to 20
[14:01:02.081] [GENERALFUNCTION 3ac] Adjusted Origin to http://localhost:8081
[14:01:02.081] [GENERALFUNCTION 3ac] Adjusted Referer to http://localhost:8081/a2_filtered_post.php
[14:01:02.081] [GENERALFUNCTION 3ac] DEBUG OUTGOING request.full_url: http://localhost:8081/a2_filtered_post.php
[14:01:02.081] [GENERALFUNCTION 3ac] DEBUG OUTGOING headers: {'Host': 'localhost:8081', 'User-Agent': 'Mozilla/5.0 (X11; Ubuntu; Linux x86_64; rv:155.0) Gecko/20100101 Firefox/155.0', 'Accept': 'text/html,application/xhtml+xml,application/xml;q=0.9,*/*;q=0.8', 'Accept-Language': 'en-US,en;q=0.9', 'Accept-Encoding': 'gzip, deflate, br, zstd', 'Content-Type': 'application/x-www-form-urlencoded', 'Content-Length': '20', 'Origin': 'http://localhost:8081', 'Connection': 'keep-alive', 'Referer': 'http://localhost:8081/a2_filtered_post.php', 'Cookie': 'PHPSESSID=9cf7a76824a1e7814f8220e72977d3c5; security=impossible', 'Upgrade-Insecure-Requests': '1', 'Sec-Fetch-Dest': 'document', 'Sec-Fetch-Mode': 'navigate', 'Sec-Fetch-Site': 'same-origin', 'Sec-Fetch-User': '?1', 'Priority': 'u=0, i'}
[14:01:02.081] [GENERALFUNCTION 3ac] DEBUG OUTGOING post_data_encoded (truncated): Submit=Submit&id=%2B
[14:01:02.081] [GENERALFUNCTION 3ac] DEBUG OUTGOING body_param_dict: {'Submit': 'Submit', 'id': '+'}
[14:01:02.111] [SQLiFuzz 3ac] Response status: 200
[14:01:02.111] [SQLiFuzz 3ac] Response URL: http://localhost:8081/a2_filtered_post.php
[14:01:02.111] [SQLiFuzz 3ac] Was redirected: False
[14:01:02.111] [SQLiFuzz 3ac] Getting response: 
<!doctype html>

<html>

<body>

<form method="POST">

  <label>User ID: <input type="text" name="id"></label>

  <input type="submit" name="Submit" value="Submit">

</form>

<pre>INPUT REJECTED</pre>
[14:01:03.113] [SQLAnalysis] Read 1 new lines from SQL log file.
[14:01:03.113] [SQLAnalysis] Appended 1 parsed entries.
[14:01:03.114] [SQLAnalysis 3ac] Extracted 892 Logs 2026-10-03 18:01:03.114012: [{'timestamp': '2026-10-03 18:01:02,095505', 'level': 'INFO', 'ip': '172.18.0.5', 'port': 58046, 'sql': 'USE db *#*#OK'}]
[14:01:03.114] [SQLAnalysis 3ac] Updated param pairs: {'looked_value': '+'}
[14:01:03.114] [SQLAnalysis 3ac] Looked timestamp 2026-10-03 18:01:02.081643 -- 2026-10-03 18:01:02.105521
[14:01:03.127] [SQLAnalysis 3ac] query_array to be checked: ['use', 'db']
[14:01:03.127] [SQLAnalysis 3ac] normalized_query_array: ['use', 'db']
[14:01:03.127] [SQLiFuzz 3ac] No weird chars exist: POST http://localhost:8081/a2_filtered_post.php | ['[string (False)(None)] Sec-Fetch-Dest=document', '[string (False)(None)] Sec-Fetch-Mode=navigate', '[string (False)(None)] Sec-Fetch-Site=same-origin', '[string (False)(None)] Sec-Fetch-User=?1', '[string (False)(None)] Priority=u=0, i', '[url (False)(None)] path0=a2_filtered_post.php', '[int (False)(None)] id=+', '[string (False)(None)] Submit=Submit'] | None
[14:01:03.128] [SQLiFuzz 6b2] Getting prepared_target_request with ID d8f for test_SQLi iteration 42/70
[14:01:03.128] [SQLiFuzz d8f] chosen_idx: 0 from 8
[14:01:03.128] [HTTPREQUEST d8f] Getting matched paramval from found values: ['?1', '1']
[14:01:03.128] [HTTPREQUEST d8f] Found matched paramval: [string (False)(None)] Sec-Fetch-User=?1
[14:01:03.128] [HTTPREQUEST d8f] Found matched paramval: [int (False)(None)] id=1
[14:01:03.128] [SQLiFuzz d8f] Prioritize to fuzz matched SQL value first: [int (False)(None)] id=1
[14:01:03.128] [SQLiFuzz d8f] Mutation applied. old='1' char=')' strategy='front' new=')1'
[14:01:03.128] [HTTPREQUEST d8f] Update url and body param from paramvals:
[14:01:03.128] [HTTPREQUEST None] New post_data_encoded: Submit=Submit&id=%291
[14:01:03.128] [HTTPREQUEST None] New param encoded: 
[14:01:03.128] [GENERALFUNCTION d8f] ---SENDING THE REQUEST [1791050463-5ca02dc2-8805-45a2-a21b-2b45afdb4d8f] TO : [POST] http://localhost:8081/a2_filtered_post.php
[14:01:03.128] [GENERALFUNCTION d8f] Post data encoded: Submit=Submit&id=%291
[14:01:03.128] [GENERALFUNCTION d8f] Adjusted Content-Length to 21
[14:01:03.128] [GENERALFUNCTION d8f] Adjusted Origin to http://localhost:8081
[14:01:03.129] [GENERALFUNCTION d8f] Adjusted Referer to http://localhost:8081/a2_filtered_post.php
[14:01:03.129] [GENERALFUNCTION d8f] DEBUG OUTGOING request.full_url: http://localhost:8081/a2_filtered_post.php
[14:01:03.129] [GENERALFUNCTION d8f] DEBUG OUTGOING headers: {'Host': 'localhost:8081', 'User-Agent': 'Mozilla/5.0 (X11; Ubuntu; Linux x86_64; rv:155.0) Gecko/20100101 Firefox/155.0', 'Accept': 'text/html,application/xhtml+xml,application/xml;q=0.9,*/*;q=0.8', 'Accept-Language': 'en-US,en;q=0.9', 'Accept-Encoding': 'gzip, deflate, br, zstd', 'Content-Type': 'application/x-www-form-urlencoded', 'Content-Length': '21', 'Origin': 'http://localhost:8081', 'Connection': 'keep-alive', 'Referer': 'http://localhost:8081/a2_filtered_post.php', 'Cookie': 'PHPSESSID=9cf7a76824a1e7814f8220e72977d3c5; security=impossible', 'Upgrade-Insecure-Requests': '1', 'Sec-Fetch-Dest': 'document', 'Sec-Fetch-Mode': 'navigate', 'Sec-Fetch-Site': 'same-origin', 'Sec-Fetch-User': '?1', 'Priority': 'u=0, i'}
[14:01:03.129] [GENERALFUNCTION d8f] DEBUG OUTGOING post_data_encoded (truncated): Submit=Submit&id=%291
[14:01:03.129] [GENERALFUNCTION d8f] DEBUG OUTGOING body_param_dict: {'Submit': 'Submit', 'id': ')1'}
[14:01:03.141] [HOOK] Idle monitor: 1 pending tasks, 1 active tasks, idle 1s
[14:01:03.142] [HOOK] Number response: 2 | Memory usage (MB): 86.85546875 PID: 72676
[14:01:03.142] [STATS] {'total_req': 2, 'sql_req': 1, 'null_req': 0, 'not_sql_req': 1, 'sql_injection_detected': 0, 'another_sql_error_detected': 0, 'sql_req_not_detected': 0, 'error_req': 0, 'fuzzed_req': 41, 'processing_time_total': 1.0505089999999997, 'processing_time_ave': 0.02562217073170731, 'running_time': 'Not finished yet', 200: 2}
[14:01:03.169] [SQLiFuzz d8f] Response status: 200
[14:01:03.169] [SQLiFuzz d8f] Response URL: http://localhost:8081/a2_filtered_post.php
[14:01:03.169] [SQLiFuzz d8f] Was redirected: False
[14:01:03.169] [SQLiFuzz d8f] Getting response: 
<!doctype html>

<html>

<body>

<form method="POST">

  <label>User ID: <input type="text" name="id"></label>

  <input type="submit" name="Submit" value="Submit">

</form>

<pre>INPUT REJECTED</pre>
[14:01:04.170] [SQLAnalysis] Read 1 new lines from SQL log file.
[14:01:04.171] [SQLAnalysis] Appended 1 parsed entries.
[14:01:04.171] [SQLAnalysis d8f] Extracted 893 Logs 2026-10-03 18:01:04.171136: [{'timestamp': '2026-10-03 18:01:03,148071', 'level': 'INFO', 'ip': '172.18.0.5', 'port': 58050, 'sql': 'USE db *#*#OK'}]
[14:01:04.171] [SQLAnalysis d8f] Updated param pairs: {'looked_value': ')1'}
[14:01:04.171] [SQLAnalysis d8f] Looked timestamp 2026-10-03 18:01:03.129905 -- 2026-10-03 18:01:03.161272
[14:01:04.181] [SQLAnalysis d8f] query_array to be checked: ['use', 'db']
[14:01:04.181] [SQLAnalysis d8f] normalized_query_array: ['use', 'db']
[14:01:04.181] [SQLiFuzz d8f] No weird chars exist: POST http://localhost:8081/a2_filtered_post.php | ['[string (False)(None)] Sec-Fetch-Dest=document', '[string (False)(None)] Sec-Fetch-Mode=navigate', '[string (False)(None)] Sec-Fetch-Site=same-origin', '[string (False)(None)] Sec-Fetch-User=?1', '[string (False)(None)] Priority=u=0, i', '[url (False)(None)] path0=a2_filtered_post.php', '[int (False)(None)] id=)1', '[string (False)(None)] Submit=Submit'] | None
[14:01:04.183] [SQLiFuzz 6b2] Getting prepared_target_request with ID af5 for test_SQLi iteration 43/70
[14:01:04.183] [SQLiFuzz af5] chosen_idx: 6 from 8
[14:01:04.183] [HTTPREQUEST af5] Getting matched paramval from found values: ['?1', '1']
[14:01:04.183] [HTTPREQUEST af5] Found matched paramval: [string (False)(None)] Sec-Fetch-User=?1
[14:01:04.183] [HTTPREQUEST af5] Found matched paramval: [int (False)(None)] id=1
[14:01:04.183] [SQLiFuzz af5] Prioritize to fuzz matched SQL value first: [int (False)(None)] id=1
[14:01:04.183] [SQLiFuzz af5] Mutation applied. old='1' char='\' strategy='front' new='\1'
[14:01:04.183] [HTTPREQUEST af5] Update url and body param from paramvals:
[14:01:04.183] [HTTPREQUEST None] New post_data_encoded: Submit=Submit&id=%5C1
[14:01:04.183] [HTTPREQUEST None] New param encoded: 
[14:01:04.183] [GENERALFUNCTION af5] ---SENDING THE REQUEST [1791050464-bf812162-7b32-4ed2-95bf-1f22c508eaf5] TO : [POST] http://localhost:8081/a2_filtered_post.php
[14:01:04.183] [GENERALFUNCTION af5] Post data encoded: Submit=Submit&id=%5C1
[14:01:04.184] [GENERALFUNCTION af5] Adjusted Content-Length to 21
[14:01:04.184] [GENERALFUNCTION af5] Adjusted Origin to http://localhost:8081
[14:01:04.184] [GENERALFUNCTION af5] Adjusted Referer to http://localhost:8081/a2_filtered_post.php
[14:01:04.184] [GENERALFUNCTION af5] DEBUG OUTGOING request.full_url: http://localhost:8081/a2_filtered_post.php
[14:01:04.184] [GENERALFUNCTION af5] DEBUG OUTGOING headers: {'Host': 'localhost:8081', 'User-Agent': 'Mozilla/5.0 (X11; Ubuntu; Linux x86_64; rv:155.0) Gecko/20100101 Firefox/155.0', 'Accept': 'text/html,application/xhtml+xml,application/xml;q=0.9,*/*;q=0.8', 'Accept-Language': 'en-US,en;q=0.9', 'Accept-Encoding': 'gzip, deflate, br, zstd', 'Content-Type': 'application/x-www-form-urlencoded', 'Content-Length': '21', 'Origin': 'http://localhost:8081', 'Connection': 'keep-alive', 'Referer': 'http://localhost:8081/a2_filtered_post.php', 'Cookie': 'PHPSESSID=9cf7a76824a1e7814f8220e72977d3c5; security=impossible', 'Upgrade-Insecure-Requests': '1', 'Sec-Fetch-Dest': 'document', 'Sec-Fetch-Mode': 'navigate', 'Sec-Fetch-Site': 'same-origin', 'Sec-Fetch-User': '?1', 'Priority': 'u=0, i'}
[14:01:04.184] [GENERALFUNCTION af5] DEBUG OUTGOING post_data_encoded (truncated): Submit=Submit&id=%5C1
[14:01:04.184] [GENERALFUNCTION af5] DEBUG OUTGOING body_param_dict: {'Submit': 'Submit', 'id': '\\1'}
[14:01:04.208] [SQLiFuzz af5] Response status: 200
[14:01:04.208] [SQLiFuzz af5] Response URL: http://localhost:8081/a2_filtered_post.php
[14:01:04.208] [SQLiFuzz af5] Was redirected: False
[14:01:04.208] [SQLiFuzz af5] Getting response: 
<!doctype html>

<html>

<body>

<form method="POST">

  <label>User ID: <input type="text" name="id"></label>

  <input type="submit" name="Submit" value="Submit">

</form>

<pre>INPUT REJECTED</pre>
[14:01:05.209] [SQLAnalysis] Read 1 new lines from SQL log file.
[14:01:05.210] [SQLAnalysis] Appended 1 parsed entries.
[14:01:05.210] [SQLAnalysis af5] Extracted 894 Logs 2026-10-03 18:01:05.210284: [{'timestamp': '2026-10-03 18:01:04,196974', 'level': 'INFO', 'ip': '172.18.0.5', 'port': 58064, 'sql': 'USE db *#*#OK'}]
[14:01:05.211] [SQLAnalysis af5] Updated param pairs: {'looked_value': '\\1'}
[14:01:05.211] [SQLAnalysis af5] Looked timestamp 2026-10-03 18:01:04.184481 -- 2026-10-03 18:01:04.204774
[14:01:05.222] [SQLAnalysis af5] query_array to be checked: ['use', 'db']
[14:01:05.222] [SQLAnalysis af5] normalized_query_array: ['use', 'db']
[14:01:05.222] [SQLiFuzz af5] No weird chars exist: POST http://localhost:8081/a2_filtered_post.php | ['[string (False)(None)] Sec-Fetch-Dest=document', '[string (False)(None)] Sec-Fetch-Mode=navigate', '[string (False)(None)] Sec-Fetch-Site=same-origin', '[string (False)(None)] Sec-Fetch-User=?1', '[string (False)(None)] Priority=u=0, i', '[url (False)(None)] path0=a2_filtered_post.php', '[int (False)(None)] id=\\1', '[string (False)(None)] Submit=Submit'] | None
[14:01:05.223] [SQLiFuzz 6b2] Getting prepared_target_request with ID 5fa for test_SQLi iteration 44/70
[14:01:05.223] [SQLiFuzz 5fa] chosen_idx: 3 from 8
[14:01:05.223] [HTTPREQUEST 5fa] Getting matched paramval from found values: ['?1', '1']
[14:01:05.224] [HTTPREQUEST 5fa] Found matched paramval: [string (False)(None)] Sec-Fetch-User=?1
[14:01:05.224] [HTTPREQUEST 5fa] Found matched paramval: [int (False)(None)] id=1
[14:01:05.224] [SQLiFuzz 5fa] Prioritize to fuzz matched SQL value first: [int (False)(None)] id=1
[14:01:05.224] [SQLiFuzz 5fa] Mutation applied. old='1' char='?' strategy='random' new='1?'
[14:01:05.224] [HTTPREQUEST 5fa] Update url and body param from paramvals:
[14:01:05.224] [HTTPREQUEST None] New post_data_encoded: Submit=Submit&id=1%3F
[14:01:05.224] [HTTPREQUEST None] New param encoded: 
[14:01:05.224] [GENERALFUNCTION 5fa] ---SENDING THE REQUEST [1791050465-e9418b3e-1c2b-4e60-9d1a-2ca5e7f175fa] TO : [POST] http://localhost:8081/a2_filtered_post.php
[14:01:05.224] [GENERALFUNCTION 5fa] Post data encoded: Submit=Submit&id=1%3F
[14:01:05.225] [GENERALFUNCTION 5fa] Adjusted Content-Length to 21
[14:01:05.225] [GENERALFUNCTION 5fa] Adjusted Origin to http://localhost:8081
[14:01:05.225] [GENERALFUNCTION 5fa] Adjusted Referer to http://localhost:8081/a2_filtered_post.php
[14:01:05.226] [GENERALFUNCTION 5fa] DEBUG OUTGOING request.full_url: http://localhost:8081/a2_filtered_post.php
[14:01:05.226] [GENERALFUNCTION 5fa] DEBUG OUTGOING headers: {'Host': 'localhost:8081', 'User-Agent': 'Mozilla/5.0 (X11; Ubuntu; Linux x86_64; rv:155.0) Gecko/20100101 Firefox/155.0', 'Accept': 'text/html,application/xhtml+xml,application/xml;q=0.9,*/*;q=0.8', 'Accept-Language': 'en-US,en;q=0.9', 'Accept-Encoding': 'gzip, deflate, br, zstd', 'Content-Type': 'application/x-www-form-urlencoded', 'Content-Length': '21', 'Origin': 'http://localhost:8081', 'Connection': 'keep-alive', 'Referer': 'http://localhost:8081/a2_filtered_post.php', 'Cookie': 'PHPSESSID=9cf7a76824a1e7814f8220e72977d3c5; security=impossible', 'Upgrade-Insecure-Requests': '1', 'Sec-Fetch-Dest': 'document', 'Sec-Fetch-Mode': 'navigate', 'Sec-Fetch-Site': 'same-origin', 'Sec-Fetch-User': '?1', 'Priority': 'u=0, i'}
[14:01:05.226] [GENERALFUNCTION 5fa] DEBUG OUTGOING post_data_encoded (truncated): Submit=Submit&id=1%3F
[14:01:05.226] [GENERALFUNCTION 5fa] DEBUG OUTGOING body_param_dict: {'Submit': 'Submit', 'id': '1?'}
[14:01:05.262] [SQLiFuzz 5fa] Response status: 200
[14:01:05.263] [SQLiFuzz 5fa] Response URL: http://localhost:8081/a2_filtered_post.php
[14:01:05.263] [SQLiFuzz 5fa] Was redirected: False
[14:01:05.263] [SQLiFuzz 5fa] Getting response: 
<!doctype html>

<html>

<body>

<form method="POST">

  <label>User ID: <input type="text" name="id"></label>

  <input type="submit" name="Submit" value="Submit">

</form>

<pre>INPUT REJECTED</pre>
[14:01:06.264] [SQLAnalysis] Read 1 new lines from SQL log file.
[14:01:06.264] [SQLAnalysis] Appended 1 parsed entries.
[14:01:06.264] [SQLAnalysis 5fa] Extracted 895 Logs 2026-10-03 18:01:06.264963: [{'timestamp': '2026-10-03 18:01:05,249089', 'level': 'INFO', 'ip': '172.18.0.5', 'port': 58076, 'sql': 'USE db *#*#OK'}]
[14:01:06.265] [SQLAnalysis 5fa] Updated param pairs: {'looked_value': '1?'}
[14:01:06.265] [SQLAnalysis 5fa] Looked timestamp 2026-10-03 18:01:05.226615 -- 2026-10-03 18:01:05.257130
[14:01:06.276] [SQLAnalysis 5fa] query_array to be checked: ['use', 'db']
[14:01:06.276] [SQLAnalysis 5fa] normalized_query_array: ['use', 'db']
[14:01:06.277] [SQLiFuzz 5fa] No weird chars exist: POST http://localhost:8081/a2_filtered_post.php | ['[string (False)(None)] Sec-Fetch-Dest=document', '[string (False)(None)] Sec-Fetch-Mode=navigate', '[string (False)(None)] Sec-Fetch-Site=same-origin', '[string (False)(None)] Sec-Fetch-User=?1', '[string (False)(None)] Priority=u=0, i', '[url (False)(None)] path0=a2_filtered_post.php', '[int (False)(None)] id=1?', '[string (False)(None)] Submit=Submit'] | None
[14:01:06.277] [SQLiFuzz 6b2] Getting prepared_target_request with ID e7e for test_SQLi iteration 45/70
[14:01:06.277] [SQLiFuzz e7e] chosen_idx: 0 from 8
[14:01:06.277] [HTTPREQUEST e7e] Getting matched paramval from found values: ['?1', '1']
[14:01:06.277] [HTTPREQUEST e7e] Found matched paramval: [string (False)(None)] Sec-Fetch-User=?1
[14:01:06.277] [HTTPREQUEST e7e] Found matched paramval: [int (False)(None)] id=1
[14:01:06.277] [SQLiFuzz e7e] Prioritize to fuzz matched SQL value first: [int (False)(None)] id=1
[14:01:06.277] [SQLiFuzz e7e] Mutation applied. old='1' char='&' strategy='drop' new='&'
[14:01:06.277] [HTTPREQUEST e7e] Update url and body param from paramvals:
[14:01:06.277] [HTTPREQUEST None] New post_data_encoded: Submit=Submit&id=%26
[14:01:06.278] [HTTPREQUEST None] New param encoded: 
[14:01:06.278] [GENERALFUNCTION e7e] ---SENDING THE REQUEST [1791050466-9760d7bc-0980-4870-93aa-c1ef17848e7e] TO : [POST] http://localhost:8081/a2_filtered_post.php
[14:01:06.278] [GENERALFUNCTION e7e] Post data encoded: Submit=Submit&id=%26
[14:01:06.278] [GENERALFUNCTION e7e] Adjusted Content-Length to 20
[14:01:06.278] [GENERALFUNCTION e7e] Adjusted Origin to http://localhost:8081
[14:01:06.278] [GENERALFUNCTION e7e] Adjusted Referer to http://localhost:8081/a2_filtered_post.php
[14:01:06.278] [GENERALFUNCTION e7e] DEBUG OUTGOING request.full_url: http://localhost:8081/a2_filtered_post.php
[14:01:06.278] [GENERALFUNCTION e7e] DEBUG OUTGOING headers: {'Host': 'localhost:8081', 'User-Agent': 'Mozilla/5.0 (X11; Ubuntu; Linux x86_64; rv:155.0) Gecko/20100101 Firefox/155.0', 'Accept': 'text/html,application/xhtml+xml,application/xml;q=0.9,*/*;q=0.8', 'Accept-Language': 'en-US,en;q=0.9', 'Accept-Encoding': 'gzip, deflate, br, zstd', 'Content-Type': 'application/x-www-form-urlencoded', 'Content-Length': '20', 'Origin': 'http://localhost:8081', 'Connection': 'keep-alive', 'Referer': 'http://localhost:8081/a2_filtered_post.php', 'Cookie': 'PHPSESSID=9cf7a76824a1e7814f8220e72977d3c5; security=impossible', 'Upgrade-Insecure-Requests': '1', 'Sec-Fetch-Dest': 'document', 'Sec-Fetch-Mode': 'navigate', 'Sec-Fetch-Site': 'same-origin', 'Sec-Fetch-User': '?1', 'Priority': 'u=0, i'}
[14:01:06.278] [GENERALFUNCTION e7e] DEBUG OUTGOING post_data_encoded (truncated): Submit=Submit&id=%26
[14:01:06.278] [GENERALFUNCTION e7e] DEBUG OUTGOING body_param_dict: {'Submit': 'Submit', 'id': '&'}
[14:01:06.310] [SQLiFuzz e7e] Response status: 200
[14:01:06.310] [SQLiFuzz e7e] Response URL: http://localhost:8081/a2_filtered_post.php
[14:01:06.311] [SQLiFuzz e7e] Was redirected: False
[14:01:06.311] [SQLiFuzz e7e] Getting response: 
<!doctype html>

<html>

<body>

<form method="POST">

  <label>User ID: <input type="text" name="id"></label>

  <input type="submit" name="Submit" value="Submit">

</form>

<pre>INPUT REJECTED</pre>
[14:01:07.312] [SQLAnalysis] Read 1 new lines from SQL log file.
[14:01:07.313] [SQLAnalysis] Appended 1 parsed entries.
[14:01:07.313] [SQLAnalysis e7e] Extracted 896 Logs 2026-10-03 18:01:07.313495: [{'timestamp': '2026-10-03 18:01:06,293510', 'level': 'INFO', 'ip': '172.18.0.5', 'port': 58096, 'sql': 'USE db *#*#OK'}]
[14:01:07.313] [SQLAnalysis e7e] Updated param pairs: {'looked_value': '&'}
[14:01:07.313] [SQLAnalysis e7e] Looked timestamp 2026-10-03 18:01:06.278744 -- 2026-10-03 18:01:06.304907
[14:01:07.323] [SQLAnalysis e7e] query_array to be checked: ['use', 'db']
[14:01:07.323] [SQLAnalysis e7e] normalized_query_array: ['use', 'db']
[14:01:07.323] [SQLiFuzz e7e] No weird chars exist: POST http://localhost:8081/a2_filtered_post.php | ['[string (False)(None)] Sec-Fetch-Dest=document', '[string (False)(None)] Sec-Fetch-Mode=navigate', '[string (False)(None)] Sec-Fetch-Site=same-origin', '[string (False)(None)] Sec-Fetch-User=?1', '[string (False)(None)] Priority=u=0, i', '[url (False)(None)] path0=a2_filtered_post.php', '[int (False)(None)] id=&', '[string (False)(None)] Submit=Submit'] | None
[14:01:07.324] [SQLiFuzz 6b2] Getting prepared_target_request with ID f51 for test_SQLi iteration 46/70
[14:01:07.324] [SQLiFuzz f51] chosen_idx: 0 from 8
[14:01:07.324] [HTTPREQUEST f51] Getting matched paramval from found values: ['?1', '1']
[14:01:07.324] [HTTPREQUEST f51] Found matched paramval: [string (False)(None)] Sec-Fetch-User=?1
[14:01:07.324] [HTTPREQUEST f51] Found matched paramval: [int (False)(None)] id=1
[14:01:07.324] [SQLiFuzz f51] Prioritize to fuzz matched SQL value first: [int (False)(None)] id=1
[14:01:07.324] [SQLiFuzz f51] Mutation applied. old='1' char='#' strategy='random' new='#1'
[14:01:07.324] [HTTPREQUEST f51] Update url and body param from paramvals:
[14:01:07.324] [HTTPREQUEST None] New post_data_encoded: Submit=Submit&id=%231
[14:01:07.324] [HTTPREQUEST None] New param encoded: 
[14:01:07.325] [GENERALFUNCTION f51] ---SENDING THE REQUEST [1791050467-9830f584-c315-45d8-b141-6b0fc9a47f51] TO : [POST] http://localhost:8081/a2_filtered_post.php
[14:01:07.325] [GENERALFUNCTION f51] Post data encoded: Submit=Submit&id=%231
[14:01:07.325] [GENERALFUNCTION f51] Adjusted Content-Length to 21
[14:01:07.325] [GENERALFUNCTION f51] Adjusted Origin to http://localhost:8081
[14:01:07.325] [GENERALFUNCTION f51] Adjusted Referer to http://localhost:8081/a2_filtered_post.php
[14:01:07.325] [GENERALFUNCTION f51] DEBUG OUTGOING request.full_url: http://localhost:8081/a2_filtered_post.php
[14:01:07.325] [GENERALFUNCTION f51] DEBUG OUTGOING headers: {'Host': 'localhost:8081', 'User-Agent': 'Mozilla/5.0 (X11; Ubuntu; Linux x86_64; rv:155.0) Gecko/20100101 Firefox/155.0', 'Accept': 'text/html,application/xhtml+xml,application/xml;q=0.9,*/*;q=0.8', 'Accept-Language': 'en-US,en;q=0.9', 'Accept-Encoding': 'gzip, deflate, br, zstd', 'Content-Type': 'application/x-www-form-urlencoded', 'Content-Length': '21', 'Origin': 'http://localhost:8081', 'Connection': 'keep-alive', 'Referer': 'http://localhost:8081/a2_filtered_post.php', 'Cookie': 'PHPSESSID=9cf7a76824a1e7814f8220e72977d3c5; security=impossible', 'Upgrade-Insecure-Requests': '1', 'Sec-Fetch-Dest': 'document', 'Sec-Fetch-Mode': 'navigate', 'Sec-Fetch-Site': 'same-origin', 'Sec-Fetch-User': '?1', 'Priority': 'u=0, i'}
[14:01:07.325] [GENERALFUNCTION f51] DEBUG OUTGOING post_data_encoded (truncated): Submit=Submit&id=%231
[14:01:07.325] [GENERALFUNCTION f51] DEBUG OUTGOING body_param_dict: {'Submit': 'Submit', 'id': '#1'}
[14:01:07.363] [SQLiFuzz f51] Response status: 200
[14:01:07.364] [SQLiFuzz f51] Response URL: http://localhost:8081/a2_filtered_post.php
[14:01:07.364] [SQLiFuzz f51] Was redirected: False
[14:01:07.364] [SQLiFuzz f51] Getting response: 
<!doctype html>

<html>

<body>

<form method="POST">

  <label>User ID: <input type="text" name="id"></label>

  <input type="submit" name="Submit" value="Submit">

</form>

<pre>INPUT REJECTED</pre>
[14:01:08.365] [SQLAnalysis] Read 1 new lines from SQL log file.
[14:01:08.365] [SQLAnalysis] Appended 1 parsed entries.
[14:01:08.365] [SQLAnalysis f51] Extracted 897 Logs 2026-10-03 18:01:08.365941: [{'timestamp': '2026-10-03 18:01:07,342197', 'level': 'INFO', 'ip': '172.18.0.5', 'port': 58120, 'sql': 'USE db *#*#OK'}]
[14:01:08.366] [SQLAnalysis f51] Updated param pairs: {'looked_value': '#1'}
[14:01:08.366] [SQLAnalysis f51] Looked timestamp 2026-10-03 18:01:07.325649 -- 2026-10-03 18:01:07.355650
[14:01:08.376] [SQLAnalysis f51] query_array to be checked: ['use', 'db']
[14:01:08.376] [SQLAnalysis f51] normalized_query_array: ['use', 'db']
[14:01:08.376] [SQLiFuzz f51] No weird chars exist: POST http://localhost:8081/a2_filtered_post.php | ['[string (False)(None)] Sec-Fetch-Dest=document', '[string (False)(None)] Sec-Fetch-Mode=navigate', '[string (False)(None)] Sec-Fetch-Site=same-origin', '[string (False)(None)] Sec-Fetch-User=?1', '[string (False)(None)] Priority=u=0, i', '[url (False)(None)] path0=a2_filtered_post.php', '[int (False)(None)] id=#1', '[string (False)(None)] Submit=Submit'] | None
[14:01:08.377] [SQLiFuzz 6b2] Getting prepared_target_request with ID e3a for test_SQLi iteration 47/70
[14:01:08.377] [SQLiFuzz e3a] chosen_idx: 7 from 8
[14:01:08.377] [HTTPREQUEST e3a] Getting matched paramval from found values: ['?1', '1']
[14:01:08.377] [HTTPREQUEST e3a] Found matched paramval: [string (False)(None)] Sec-Fetch-User=?1
[14:01:08.377] [HTTPREQUEST e3a] Found matched paramval: [int (False)(None)] id=1
[14:01:08.377] [SQLiFuzz e3a] Prioritize to fuzz matched SQL value first: [int (False)(None)] id=1
[14:01:08.377] [SQLiFuzz e3a] Mutation applied. old='1' char='~' strategy='front' new='~1'
[14:01:08.377] [HTTPREQUEST e3a] Update url and body param from paramvals:
[14:01:08.377] [HTTPREQUEST None] New post_data_encoded: Submit=Submit&id=~1
[14:01:08.377] [HTTPREQUEST None] New param encoded: 
[14:01:08.378] [GENERALFUNCTION e3a] ---SENDING THE REQUEST [1791050468-57eff19c-8207-4804-9053-ef05ba9f2e3a] TO : [POST] http://localhost:8081/a2_filtered_post.php
[14:01:08.378] [GENERALFUNCTION e3a] Post data encoded: Submit=Submit&id=~1
[14:01:08.378] [GENERALFUNCTION e3a] Adjusted Content-Length to 19
[14:01:08.378] [GENERALFUNCTION e3a] Adjusted Origin to http://localhost:8081
[14:01:08.378] [GENERALFUNCTION e3a] Adjusted Referer to http://localhost:8081/a2_filtered_post.php
[14:01:08.378] [GENERALFUNCTION e3a] DEBUG OUTGOING request.full_url: http://localhost:8081/a2_filtered_post.php
[14:01:08.378] [GENERALFUNCTION e3a] DEBUG OUTGOING headers: {'Host': 'localhost:8081', 'User-Agent': 'Mozilla/5.0 (X11; Ubuntu; Linux x86_64; rv:155.0) Gecko/20100101 Firefox/155.0', 'Accept': 'text/html,application/xhtml+xml,application/xml;q=0.9,*/*;q=0.8', 'Accept-Language': 'en-US,en;q=0.9', 'Accept-Encoding': 'gzip, deflate, br, zstd', 'Content-Type': 'application/x-www-form-urlencoded', 'Content-Length': '19', 'Origin': 'http://localhost:8081', 'Connection': 'keep-alive', 'Referer': 'http://localhost:8081/a2_filtered_post.php', 'Cookie': 'PHPSESSID=9cf7a76824a1e7814f8220e72977d3c5; security=impossible', 'Upgrade-Insecure-Requests': '1', 'Sec-Fetch-Dest': 'document', 'Sec-Fetch-Mode': 'navigate', 'Sec-Fetch-Site': 'same-origin', 'Sec-Fetch-User': '?1', 'Priority': 'u=0, i'}
[14:01:08.378] [GENERALFUNCTION e3a] DEBUG OUTGOING post_data_encoded (truncated): Submit=Submit&id=~1
[14:01:08.378] [GENERALFUNCTION e3a] DEBUG OUTGOING body_param_dict: {'Submit': 'Submit', 'id': '~1'}
[14:01:08.405] [SQLiFuzz e3a] Response status: 200
[14:01:08.406] [SQLiFuzz e3a] Response URL: http://localhost:8081/a2_filtered_post.php
[14:01:08.406] [SQLiFuzz e3a] Was redirected: False
[14:01:08.406] [SQLiFuzz e3a] Getting response: 
<!doctype html>

<html>

<body>

<form method="POST">

  <label>User ID: <input type="text" name="id"></label>

  <input type="submit" name="Submit" value="Submit">

</form>

<pre>INPUT REJECTED</pre>
[14:01:09.407] [SQLAnalysis] Read 1 new lines from SQL log file.
[14:01:09.408] [SQLAnalysis] Appended 1 parsed entries.
[14:01:09.408] [SQLAnalysis e3a] Extracted 898 Logs 2026-10-03 18:01:09.408202: [{'timestamp': '2026-10-03 18:01:08,391072', 'level': 'INFO', 'ip': '172.18.0.5', 'port': 58126, 'sql': 'USE db *#*#OK'}]
[14:01:09.408] [SQLAnalysis e3a] Updated param pairs: {'looked_value': '~1'}
[14:01:09.408] [SQLAnalysis e3a] Looked timestamp 2026-10-03 18:01:08.378627 -- 2026-10-03 18:01:08.399884
[14:01:09.421] [SQLAnalysis e3a] query_array to be checked: ['use', 'db']
[14:01:09.421] [SQLAnalysis e3a] normalized_query_array: ['use', 'db']
[14:01:09.421] [SQLiFuzz e3a] No weird chars exist: POST http://localhost:8081/a2_filtered_post.php | ['[string (False)(None)] Sec-Fetch-Dest=document', '[string (False)(None)] Sec-Fetch-Mode=navigate', '[string (False)(None)] Sec-Fetch-Site=same-origin', '[string (False)(None)] Sec-Fetch-User=?1', '[string (False)(None)] Priority=u=0, i', '[url (False)(None)] path0=a2_filtered_post.php', '[int (False)(None)] id=~1', '[string (False)(None)] Submit=Submit'] | None
[14:01:09.422] [SQLiFuzz 6b2] Getting prepared_target_request with ID a72 for test_SQLi iteration 48/70
[14:01:09.422] [SQLiFuzz a72] chosen_idx: 0 from 8
[14:01:09.422] [HTTPREQUEST a72] Getting matched paramval from found values: ['?1', '1']
[14:01:09.422] [HTTPREQUEST a72] Found matched paramval: [string (False)(None)] Sec-Fetch-User=?1
[14:01:09.422] [HTTPREQUEST a72] Found matched paramval: [int (False)(None)] id=1
[14:01:09.422] [SQLiFuzz a72] Prioritize to fuzz matched SQL value first: [int (False)(None)] id=1
[14:01:09.422] [SQLiFuzz a72] Mutation applied. old='1' char=')' strategy='front' new=')1'
[14:01:09.422] [HTTPREQUEST a72] Update url and body param from paramvals:
[14:01:09.422] [HTTPREQUEST None] New post_data_encoded: Submit=Submit&id=%291
[14:01:09.423] [HTTPREQUEST None] New param encoded: 
[14:01:09.423] [GENERALFUNCTION a72] ---SENDING THE REQUEST [1791050469-14c301d9-a408-48da-ae2c-8b2155647a72] TO : [POST] http://localhost:8081/a2_filtered_post.php
[14:01:09.423] [GENERALFUNCTION a72] Post data encoded: Submit=Submit&id=%291
[14:01:09.423] [GENERALFUNCTION a72] Adjusted Content-Length to 21
[14:01:09.423] [GENERALFUNCTION a72] Adjusted Origin to http://localhost:8081
[14:01:09.423] [GENERALFUNCTION a72] Adjusted Referer to http://localhost:8081/a2_filtered_post.php
[14:01:09.423] [GENERALFUNCTION a72] DEBUG OUTGOING request.full_url: http://localhost:8081/a2_filtered_post.php
[14:01:09.423] [GENERALFUNCTION a72] DEBUG OUTGOING headers: {'Host': 'localhost:8081', 'User-Agent': 'Mozilla/5.0 (X11; Ubuntu; Linux x86_64; rv:155.0) Gecko/20100101 Firefox/155.0', 'Accept': 'text/html,application/xhtml+xml,application/xml;q=0.9,*/*;q=0.8', 'Accept-Language': 'en-US,en;q=0.9', 'Accept-Encoding': 'gzip, deflate, br, zstd', 'Content-Type': 'application/x-www-form-urlencoded', 'Content-Length': '21', 'Origin': 'http://localhost:8081', 'Connection': 'keep-alive', 'Referer': 'http://localhost:8081/a2_filtered_post.php', 'Cookie': 'PHPSESSID=9cf7a76824a1e7814f8220e72977d3c5; security=impossible', 'Upgrade-Insecure-Requests': '1', 'Sec-Fetch-Dest': 'document', 'Sec-Fetch-Mode': 'navigate', 'Sec-Fetch-Site': 'same-origin', 'Sec-Fetch-User': '?1', 'Priority': 'u=0, i'}
[14:01:09.423] [GENERALFUNCTION a72] DEBUG OUTGOING post_data_encoded (truncated): Submit=Submit&id=%291
[14:01:09.423] [GENERALFUNCTION a72] DEBUG OUTGOING body_param_dict: {'Submit': 'Submit', 'id': ')1'}
[14:01:09.450] [SQLiFuzz a72] Response status: 200
[14:01:09.450] [SQLiFuzz a72] Response URL: http://localhost:8081/a2_filtered_post.php
[14:01:09.451] [SQLiFuzz a72] Was redirected: False
[14:01:09.451] [SQLiFuzz a72] Getting response: 
<!doctype html>

<html>

<body>

<form method="POST">

  <label>User ID: <input type="text" name="id"></label>

  <input type="submit" name="Submit" value="Submit">

</form>

<pre>INPUT REJECTED</pre>
[14:01:10.452] [SQLAnalysis] Read 1 new lines from SQL log file.
[14:01:10.452] [SQLAnalysis] Appended 1 parsed entries.
[14:01:10.452] [SQLAnalysis a72] Extracted 899 Logs 2026-10-03 18:01:10.452855: [{'timestamp': '2026-10-03 18:01:09,438988', 'level': 'INFO', 'ip': '172.18.0.5', 'port': 58150, 'sql': 'USE db *#*#OK'}]
[14:01:10.453] [SQLAnalysis a72] Updated param pairs: {'looked_value': ')1'}
[14:01:10.453] [SQLAnalysis a72] Looked timestamp 2026-10-03 18:01:09.424009 -- 2026-10-03 18:01:09.446682
[14:01:10.468] [SQLAnalysis a72] query_array to be checked: ['use', 'db']
[14:01:10.468] [SQLAnalysis a72] normalized_query_array: ['use', 'db']
[14:01:10.468] [SQLiFuzz a72] No weird chars exist: POST http://localhost:8081/a2_filtered_post.php | ['[string (False)(None)] Sec-Fetch-Dest=document', '[string (False)(None)] Sec-Fetch-Mode=navigate', '[string (False)(None)] Sec-Fetch-Site=same-origin', '[string (False)(None)] Sec-Fetch-User=?1', '[string (False)(None)] Priority=u=0, i', '[url (False)(None)] path0=a2_filtered_post.php', '[int (False)(None)] id=)1', '[string (False)(None)] Submit=Submit'] | None
[14:01:10.469] [SQLiFuzz 6b2] Getting prepared_target_request with ID c29 for test_SQLi iteration 49/70
[14:01:10.470] [SQLiFuzz c29] chosen_idx: 1 from 8
[14:01:10.470] [HTTPREQUEST c29] Getting matched paramval from found values: ['?1', '1']
[14:01:10.470] [HTTPREQUEST c29] Found matched paramval: [string (False)(None)] Sec-Fetch-User=?1
[14:01:10.470] [HTTPREQUEST c29] Found matched paramval: [int (False)(None)] id=1
[14:01:10.470] [SQLiFuzz c29] Prioritize to fuzz matched SQL value first: [int (False)(None)] id=1
[14:01:10.470] [SQLiFuzz c29] Mutation applied. old='1' char='?' strategy='tail' new='1?'
[14:01:10.470] [HTTPREQUEST c29] Update url and body param from paramvals:
[14:01:10.470] [HTTPREQUEST None] New post_data_encoded: Submit=Submit&id=1%3F
[14:01:10.470] [HTTPREQUEST None] New param encoded: 
[14:01:10.470] [GENERALFUNCTION c29] ---SENDING THE REQUEST [1791050470-5cf03447-5e21-402d-9a0a-8218bbde1c29] TO : [POST] http://localhost:8081/a2_filtered_post.php
[14:01:10.470] [GENERALFUNCTION c29] Post data encoded: Submit=Submit&id=1%3F
[14:01:10.471] [GENERALFUNCTION c29] Adjusted Content-Length to 21
[14:01:10.471] [GENERALFUNCTION c29] Adjusted Origin to http://localhost:8081
[14:01:10.471] [GENERALFUNCTION c29] Adjusted Referer to http://localhost:8081/a2_filtered_post.php
[14:01:10.471] [GENERALFUNCTION c29] DEBUG OUTGOING request.full_url: http://localhost:8081/a2_filtered_post.php
[14:01:10.471] [GENERALFUNCTION c29] DEBUG OUTGOING headers: {'Host': 'localhost:8081', 'User-Agent': 'Mozilla/5.0 (X11; Ubuntu; Linux x86_64; rv:155.0) Gecko/20100101 Firefox/155.0', 'Accept': 'text/html,application/xhtml+xml,application/xml;q=0.9,*/*;q=0.8', 'Accept-Language': 'en-US,en;q=0.9', 'Accept-Encoding': 'gzip, deflate, br, zstd', 'Content-Type': 'application/x-www-form-urlencoded', 'Content-Length': '21', 'Origin': 'http://localhost:8081', 'Connection': 'keep-alive', 'Referer': 'http://localhost:8081/a2_filtered_post.php', 'Cookie': 'PHPSESSID=9cf7a76824a1e7814f8220e72977d3c5; security=impossible', 'Upgrade-Insecure-Requests': '1', 'Sec-Fetch-Dest': 'document', 'Sec-Fetch-Mode': 'navigate', 'Sec-Fetch-Site': 'same-origin', 'Sec-Fetch-User': '?1', 'Priority': 'u=0, i'}
[14:01:10.471] [GENERALFUNCTION c29] DEBUG OUTGOING post_data_encoded (truncated): Submit=Submit&id=1%3F
[14:01:10.471] [GENERALFUNCTION c29] DEBUG OUTGOING body_param_dict: {'Submit': 'Submit', 'id': '1?'}
[14:01:10.497] [SQLiFuzz c29] Response status: 200
[14:01:10.497] [SQLiFuzz c29] Response URL: http://localhost:8081/a2_filtered_post.php
[14:01:10.497] [SQLiFuzz c29] Was redirected: False
[14:01:10.497] [SQLiFuzz c29] Getting response: 
<!doctype html>

<html>

<body>

<form method="POST">

  <label>User ID: <input type="text" name="id"></label>

  <input type="submit" name="Submit" value="Submit">

</form>

<pre>INPUT REJECTED</pre>
[14:01:11.499] [SQLAnalysis] Read 1 new lines from SQL log file.
[14:01:11.499] [SQLAnalysis] Appended 1 parsed entries.
[14:01:11.499] [SQLAnalysis c29] Extracted 900 Logs 2026-10-03 18:01:11.499734: [{'timestamp': '2026-10-03 18:01:10,485266', 'level': 'INFO', 'ip': '172.18.0.5', 'port': 41716, 'sql': 'USE db *#*#OK'}]
[14:01:11.500] [SQLAnalysis c29] Updated param pairs: {'looked_value': '1?'}
[14:01:11.500] [SQLAnalysis c29] Looked timestamp 2026-10-03 18:01:10.471705 -- 2026-10-03 18:01:10.492926
[14:01:11.511] [SQLAnalysis c29] query_array to be checked: ['use', 'db']
[14:01:11.511] [SQLAnalysis c29] normalized_query_array: ['use', 'db']
[14:01:11.512] [SQLiFuzz c29] No weird chars exist: POST http://localhost:8081/a2_filtered_post.php | ['[string (False)(None)] Sec-Fetch-Dest=document', '[string (False)(None)] Sec-Fetch-Mode=navigate', '[string (False)(None)] Sec-Fetch-Site=same-origin', '[string (False)(None)] Sec-Fetch-User=?1', '[string (False)(None)] Priority=u=0, i', '[url (False)(None)] path0=a2_filtered_post.php', '[int (False)(None)] id=1?', '[string (False)(None)] Submit=Submit'] | None
[14:01:11.512] [SQLiFuzz 6b2] Getting prepared_target_request with ID 497 for test_SQLi iteration 50/70
[14:01:11.512] [SQLiFuzz 497] chosen_idx: 2 from 8
[14:01:11.512] [HTTPREQUEST 497] Getting matched paramval from found values: ['?1', '1']
[14:01:11.512] [HTTPREQUEST 497] Found matched paramval: [string (False)(None)] Sec-Fetch-User=?1
[14:01:11.512] [HTTPREQUEST 497] Found matched paramval: [int (False)(None)] id=1
[14:01:11.512] [SQLiFuzz 497] Prioritize to fuzz matched SQL value first: [int (False)(None)] id=1
[14:01:11.512] [SQLiFuzz 497] Mutation applied. old='1' char=')' strategy='random' new=')1'
[14:01:11.512] [HTTPREQUEST 497] Update url and body param from paramvals:
[14:01:11.513] [HTTPREQUEST None] New post_data_encoded: Submit=Submit&id=%291
[14:01:11.513] [HTTPREQUEST None] New param encoded: 
[14:01:11.513] [GENERALFUNCTION 497] ---SENDING THE REQUEST [1791050471-30822cff-0712-4de0-b187-7869c6489497] TO : [POST] http://localhost:8081/a2_filtered_post.php
[14:01:11.513] [GENERALFUNCTION 497] Post data encoded: Submit=Submit&id=%291
[14:01:11.513] [GENERALFUNCTION 497] Adjusted Content-Length to 21
[14:01:11.513] [GENERALFUNCTION 497] Adjusted Origin to http://localhost:8081
[14:01:11.513] [GENERALFUNCTION 497] Adjusted Referer to http://localhost:8081/a2_filtered_post.php
[14:01:11.513] [GENERALFUNCTION 497] DEBUG OUTGOING request.full_url: http://localhost:8081/a2_filtered_post.php
[14:01:11.513] [GENERALFUNCTION 497] DEBUG OUTGOING headers: {'Host': 'localhost:8081', 'User-Agent': 'Mozilla/5.0 (X11; Ubuntu; Linux x86_64; rv:155.0) Gecko/20100101 Firefox/155.0', 'Accept': 'text/html,application/xhtml+xml,application/xml;q=0.9,*/*;q=0.8', 'Accept-Language': 'en-US,en;q=0.9', 'Accept-Encoding': 'gzip, deflate, br, zstd', 'Content-Type': 'application/x-www-form-urlencoded', 'Content-Length': '21', 'Origin': 'http://localhost:8081', 'Connection': 'keep-alive', 'Referer': 'http://localhost:8081/a2_filtered_post.php', 'Cookie': 'PHPSESSID=9cf7a76824a1e7814f8220e72977d3c5; security=impossible', 'Upgrade-Insecure-Requests': '1', 'Sec-Fetch-Dest': 'document', 'Sec-Fetch-Mode': 'navigate', 'Sec-Fetch-Site': 'same-origin', 'Sec-Fetch-User': '?1', 'Priority': 'u=0, i'}
[14:01:11.513] [GENERALFUNCTION 497] DEBUG OUTGOING post_data_encoded (truncated): Submit=Submit&id=%291
[14:01:11.513] [GENERALFUNCTION 497] DEBUG OUTGOING body_param_dict: {'Submit': 'Submit', 'id': ')1'}
[14:01:11.546] [SQLiFuzz 497] Response status: 200
[14:01:11.546] [SQLiFuzz 497] Response URL: http://localhost:8081/a2_filtered_post.php
[14:01:11.546] [SQLiFuzz 497] Was redirected: False
[14:01:11.546] [SQLiFuzz 497] Getting response: 
<!doctype html>

<html>

<body>

<form method="POST">

  <label>User ID: <input type="text" name="id"></label>

  <input type="submit" name="Submit" value="Submit">

</form>

<pre>INPUT REJECTED</pre>
[14:01:12.547] [SQLAnalysis] Read 1 new lines from SQL log file.
[14:01:12.547] [SQLAnalysis] Appended 1 parsed entries.
[14:01:12.548] [SQLAnalysis 497] Extracted 901 Logs 2026-10-03 18:01:12.548101: [{'timestamp': '2026-10-03 18:01:11,527393', 'level': 'INFO', 'ip': '172.18.0.5', 'port': 41732, 'sql': 'USE db *#*#OK'}]
[14:01:12.548] [SQLAnalysis 497] Updated param pairs: {'looked_value': ')1'}
[14:01:12.548] [SQLAnalysis 497] Looked timestamp 2026-10-03 18:01:11.513744 -- 2026-10-03 18:01:11.540043
[14:01:12.562] [SQLAnalysis 497] query_array to be checked: ['use', 'db']
[14:01:12.563] [SQLAnalysis 497] normalized_query_array: ['use', 'db']
[14:01:12.563] [SQLiFuzz 497] No weird chars exist: POST http://localhost:8081/a2_filtered_post.php | ['[string (False)(None)] Sec-Fetch-Dest=document', '[string (False)(None)] Sec-Fetch-Mode=navigate', '[string (False)(None)] Sec-Fetch-Site=same-origin', '[string (False)(None)] Sec-Fetch-User=?1', '[string (False)(None)] Priority=u=0, i', '[url (False)(None)] path0=a2_filtered_post.php', '[int (False)(None)] id=)1', '[string (False)(None)] Submit=Submit'] | None
[14:01:12.564] [SQLiFuzz 6b2] Getting prepared_target_request with ID b68 for test_SQLi iteration 51/70
[14:01:12.565] [SQLiFuzz b68] chosen_idx: 1 from 8
[14:01:12.565] [HTTPREQUEST b68] Getting matched paramval from found values: ['?1', '1']
[14:01:12.565] [HTTPREQUEST b68] Found matched paramval: [string (False)(None)] Sec-Fetch-User=?1
[14:01:12.565] [HTTPREQUEST b68] Found matched paramval: [int (False)(None)] id=1
[14:01:12.565] [SQLiFuzz b68] Prioritize to fuzz matched SQL value first: [int (False)(None)] id=1
[14:01:12.566] [SQLiFuzz b68] Mutation applied. old='1' char='&' strategy='front' new='&1'
[14:01:12.566] [HTTPREQUEST b68] Update url and body param from paramvals:
[14:01:12.566] [HTTPREQUEST None] New post_data_encoded: Submit=Submit&id=%261
[14:01:12.566] [HTTPREQUEST None] New param encoded: 
[14:01:12.566] [GENERALFUNCTION b68] ---SENDING THE REQUEST [1791050472-361658a8-ca1d-42db-af46-7af76f522b68] TO : [POST] http://localhost:8081/a2_filtered_post.php
[14:01:12.566] [GENERALFUNCTION b68] Post data encoded: Submit=Submit&id=%261
[14:01:12.567] [GENERALFUNCTION b68] Adjusted Content-Length to 21
[14:01:12.567] [GENERALFUNCTION b68] Adjusted Origin to http://localhost:8081
[14:01:12.567] [GENERALFUNCTION b68] Adjusted Referer to http://localhost:8081/a2_filtered_post.php
[14:01:12.567] [GENERALFUNCTION b68] DEBUG OUTGOING request.full_url: http://localhost:8081/a2_filtered_post.php
[14:01:12.567] [GENERALFUNCTION b68] DEBUG OUTGOING headers: {'Host': 'localhost:8081', 'User-Agent': 'Mozilla/5.0 (X11; Ubuntu; Linux x86_64; rv:155.0) Gecko/20100101 Firefox/155.0', 'Accept': 'text/html,application/xhtml+xml,application/xml;q=0.9,*/*;q=0.8', 'Accept-Language': 'en-US,en;q=0.9', 'Accept-Encoding': 'gzip, deflate, br, zstd', 'Content-Type': 'application/x-www-form-urlencoded', 'Content-Length': '21', 'Origin': 'http://localhost:8081', 'Connection': 'keep-alive', 'Referer': 'http://localhost:8081/a2_filtered_post.php', 'Cookie': 'PHPSESSID=9cf7a76824a1e7814f8220e72977d3c5; security=impossible', 'Upgrade-Insecure-Requests': '1', 'Sec-Fetch-Dest': 'document', 'Sec-Fetch-Mode': 'navigate', 'Sec-Fetch-Site': 'same-origin', 'Sec-Fetch-User': '?1', 'Priority': 'u=0, i'}
[14:01:12.567] [GENERALFUNCTION b68] DEBUG OUTGOING post_data_encoded (truncated): Submit=Submit&id=%261
[14:01:12.567] [GENERALFUNCTION b68] DEBUG OUTGOING body_param_dict: {'Submit': 'Submit', 'id': '&1'}
[14:01:12.595] [SQLiFuzz b68] Response status: 200
[14:01:12.595] [SQLiFuzz b68] Response URL: http://localhost:8081/a2_filtered_post.php
[14:01:12.595] [SQLiFuzz b68] Was redirected: False
[14:01:12.595] [SQLiFuzz b68] Getting response: 
<!doctype html>

<html>

<body>

<form method="POST">

  <label>User ID: <input type="text" name="id"></label>

  <input type="submit" name="Submit" value="Submit">

</form>

<pre>INPUT REJECTED</pre>
[14:01:13.596] [SQLAnalysis] Read 1 new lines from SQL log file.
[14:01:13.596] [SQLAnalysis] Appended 1 parsed entries.
[14:01:13.597] [SQLAnalysis b68] Extracted 902 Logs 2026-10-03 18:01:13.597052: [{'timestamp': '2026-10-03 18:01:12,582130', 'level': 'INFO', 'ip': '172.18.0.5', 'port': 41748, 'sql': 'USE db *#*#OK'}]
[14:01:13.597] [SQLAnalysis b68] Updated param pairs: {'looked_value': '&1'}
[14:01:13.597] [SQLAnalysis b68] Looked timestamp 2026-10-03 18:01:12.567655 -- 2026-10-03 18:01:12.591562
[14:01:13.606] [SQLAnalysis b68] query_array to be checked: ['use', 'db']
[14:01:13.607] [SQLAnalysis b68] normalized_query_array: ['use', 'db']
[14:01:13.607] [SQLiFuzz b68] No weird chars exist: POST http://localhost:8081/a2_filtered_post.php | ['[string (False)(None)] Sec-Fetch-Dest=document', '[string (False)(None)] Sec-Fetch-Mode=navigate', '[string (False)(None)] Sec-Fetch-Site=same-origin', '[string (False)(None)] Sec-Fetch-User=?1', '[string (False)(None)] Priority=u=0, i', '[url (False)(None)] path0=a2_filtered_post.php', '[int (False)(None)] id=&1', '[string (False)(None)] Submit=Submit'] | None
[14:01:13.607] [SQLiFuzz 6b2] Getting prepared_target_request with ID 76e for test_SQLi iteration 52/70
[14:01:13.608] [SQLiFuzz 76e] chosen_idx: 0 from 8
[14:01:13.608] [HTTPREQUEST 76e] Getting matched paramval from found values: ['?1', '1']
[14:01:13.608] [HTTPREQUEST 76e] Found matched paramval: [string (False)(None)] Sec-Fetch-User=?1
[14:01:13.608] [HTTPREQUEST 76e] Found matched paramval: [int (False)(None)] id=1
[14:01:13.608] [SQLiFuzz 76e] Prioritize to fuzz matched SQL value first: [int (False)(None)] id=1
[14:01:13.608] [SQLiFuzz 76e] Mutation applied. old='1' char='~' strategy='random' new='~1'
[14:01:13.608] [HTTPREQUEST 76e] Update url and body param from paramvals:
[14:01:13.608] [HTTPREQUEST None] New post_data_encoded: Submit=Submit&id=~1
[14:01:13.608] [HTTPREQUEST None] New param encoded: 
[14:01:13.608] [GENERALFUNCTION 76e] ---SENDING THE REQUEST [1791050473-cc7beb4d-2a19-4e52-9f05-a920a83d676e] TO : [POST] http://localhost:8081/a2_filtered_post.php
[14:01:13.608] [GENERALFUNCTION 76e] Post data encoded: Submit=Submit&id=~1
[14:01:13.608] [GENERALFUNCTION 76e] Adjusted Content-Length to 19
[14:01:13.608] [GENERALFUNCTION 76e] Adjusted Origin to http://localhost:8081
[14:01:13.608] [GENERALFUNCTION 76e] Adjusted Referer to http://localhost:8081/a2_filtered_post.php
[14:01:13.608] [GENERALFUNCTION 76e] DEBUG OUTGOING request.full_url: http://localhost:8081/a2_filtered_post.php
[14:01:13.609] [GENERALFUNCTION 76e] DEBUG OUTGOING headers: {'Host': 'localhost:8081', 'User-Agent': 'Mozilla/5.0 (X11; Ubuntu; Linux x86_64; rv:155.0) Gecko/20100101 Firefox/155.0', 'Accept': 'text/html,application/xhtml+xml,application/xml;q=0.9,*/*;q=0.8', 'Accept-Language': 'en-US,en;q=0.9', 'Accept-Encoding': 'gzip, deflate, br, zstd', 'Content-Type': 'application/x-www-form-urlencoded', 'Content-Length': '19', 'Origin': 'http://localhost:8081', 'Connection': 'keep-alive', 'Referer': 'http://localhost:8081/a2_filtered_post.php', 'Cookie': 'PHPSESSID=9cf7a76824a1e7814f8220e72977d3c5; security=impossible', 'Upgrade-Insecure-Requests': '1', 'Sec-Fetch-Dest': 'document', 'Sec-Fetch-Mode': 'navigate', 'Sec-Fetch-Site': 'same-origin', 'Sec-Fetch-User': '?1', 'Priority': 'u=0, i'}
[14:01:13.609] [GENERALFUNCTION 76e] DEBUG OUTGOING post_data_encoded (truncated): Submit=Submit&id=~1
[14:01:13.609] [GENERALFUNCTION 76e] DEBUG OUTGOING body_param_dict: {'Submit': 'Submit', 'id': '~1'}
[14:01:13.641] [SQLiFuzz 76e] Response status: 200
[14:01:13.641] [SQLiFuzz 76e] Response URL: http://localhost:8081/a2_filtered_post.php
[14:01:13.641] [SQLiFuzz 76e] Was redirected: False
[14:01:13.641] [SQLiFuzz 76e] Getting response: 
<!doctype html>

<html>

<body>

<form method="POST">

  <label>User ID: <input type="text" name="id"></label>

  <input type="submit" name="Submit" value="Submit">

</form>

<pre>INPUT REJECTED</pre>
[14:01:14.642] [SQLAnalysis] Read 1 new lines from SQL log file.
[14:01:14.642] [SQLAnalysis] Appended 1 parsed entries.
[14:01:14.642] [SQLAnalysis 76e] Extracted 903 Logs 2026-10-03 18:01:14.642937: [{'timestamp': '2026-10-03 18:01:13,626901', 'level': 'INFO', 'ip': '172.18.0.5', 'port': 41756, 'sql': 'USE db *#*#OK'}]
[14:01:14.643] [SQLAnalysis 76e] Updated param pairs: {'looked_value': '~1'}
[14:01:14.643] [SQLAnalysis 76e] Looked timestamp 2026-10-03 18:01:13.609251 -- 2026-10-03 18:01:13.636856
[14:01:14.655] [SQLAnalysis 76e] query_array to be checked: ['use', 'db']
[14:01:14.655] [SQLAnalysis 76e] normalized_query_array: ['use', 'db']
[14:01:14.655] [SQLiFuzz 76e] No weird chars exist: POST http://localhost:8081/a2_filtered_post.php | ['[string (False)(None)] Sec-Fetch-Dest=document', '[string (False)(None)] Sec-Fetch-Mode=navigate', '[string (False)(None)] Sec-Fetch-Site=same-origin', '[string (False)(None)] Sec-Fetch-User=?1', '[string (False)(None)] Priority=u=0, i', '[url (False)(None)] path0=a2_filtered_post.php', '[int (False)(None)] id=~1', '[string (False)(None)] Submit=Submit'] | None
[14:01:14.656] [SQLiFuzz 6b2] Getting prepared_target_request with ID 330 for test_SQLi iteration 53/70
[14:01:14.656] [SQLiFuzz 330] chosen_idx: 0 from 8
[14:01:14.656] [HTTPREQUEST 330] Getting matched paramval from found values: ['?1', '1']
[14:01:14.656] [HTTPREQUEST 330] Found matched paramval: [string (False)(None)] Sec-Fetch-User=?1
[14:01:14.656] [HTTPREQUEST 330] Found matched paramval: [int (False)(None)] id=1
[14:01:14.656] [SQLiFuzz 330] Prioritize to fuzz matched SQL value first: [int (False)(None)] id=1
[14:01:14.656] [SQLiFuzz 330] Mutation applied. old='1' char='&' strategy='tail' new='1&'
[14:01:14.656] [HTTPREQUEST 330] Update url and body param from paramvals:
[14:01:14.656] [HTTPREQUEST None] New post_data_encoded: Submit=Submit&id=1%26
[14:01:14.657] [HTTPREQUEST None] New param encoded: 
[14:01:14.657] [GENERALFUNCTION 330] ---SENDING THE REQUEST [1791050474-35e8d938-5fc5-4276-9a54-74a6c0382330] TO : [POST] http://localhost:8081/a2_filtered_post.php
[14:01:14.657] [GENERALFUNCTION 330] Post data encoded: Submit=Submit&id=1%26
[14:01:14.657] [GENERALFUNCTION 330] Adjusted Content-Length to 21
[14:01:14.657] [GENERALFUNCTION 330] Adjusted Origin to http://localhost:8081
[14:01:14.657] [GENERALFUNCTION 330] Adjusted Referer to http://localhost:8081/a2_filtered_post.php
[14:01:14.658] [GENERALFUNCTION 330] DEBUG OUTGOING request.full_url: http://localhost:8081/a2_filtered_post.php
[14:01:14.658] [GENERALFUNCTION 330] DEBUG OUTGOING headers: {'Host': 'localhost:8081', 'User-Agent': 'Mozilla/5.0 (X11; Ubuntu; Linux x86_64; rv:155.0) Gecko/20100101 Firefox/155.0', 'Accept': 'text/html,application/xhtml+xml,application/xml;q=0.9,*/*;q=0.8', 'Accept-Language': 'en-US,en;q=0.9', 'Accept-Encoding': 'gzip, deflate, br, zstd', 'Content-Type': 'application/x-www-form-urlencoded', 'Content-Length': '21', 'Origin': 'http://localhost:8081', 'Connection': 'keep-alive', 'Referer': 'http://localhost:8081/a2_filtered_post.php', 'Cookie': 'PHPSESSID=9cf7a76824a1e7814f8220e72977d3c5; security=impossible', 'Upgrade-Insecure-Requests': '1', 'Sec-Fetch-Dest': 'document', 'Sec-Fetch-Mode': 'navigate', 'Sec-Fetch-Site': 'same-origin', 'Sec-Fetch-User': '?1', 'Priority': 'u=0, i'}
[14:01:14.658] [GENERALFUNCTION 330] DEBUG OUTGOING post_data_encoded (truncated): Submit=Submit&id=1%26
[14:01:14.658] [GENERALFUNCTION 330] DEBUG OUTGOING body_param_dict: {'Submit': 'Submit', 'id': '1&'}
[14:01:14.689] [SQLiFuzz 330] Response status: 200
[14:01:14.689] [SQLiFuzz 330] Response URL: http://localhost:8081/a2_filtered_post.php
[14:01:14.690] [SQLiFuzz 330] Was redirected: False
[14:01:14.690] [SQLiFuzz 330] Getting response: 
<!doctype html>

<html>

<body>

<form method="POST">

  <label>User ID: <input type="text" name="id"></label>

  <input type="submit" name="Submit" value="Submit">

</form>

<pre>INPUT REJECTED</pre>
[14:01:15.690] [SQLAnalysis] Read 1 new lines from SQL log file.
[14:01:15.691] [SQLAnalysis] Appended 1 parsed entries.
[14:01:15.691] [SQLAnalysis 330] Extracted 904 Logs 2026-10-03 18:01:15.691344: [{'timestamp': '2026-10-03 18:01:14,675938', 'level': 'INFO', 'ip': '172.18.0.5', 'port': 41786, 'sql': 'USE db *#*#OK'}]
[14:01:15.691] [SQLAnalysis 330] Updated param pairs: {'looked_value': '1&'}
[14:01:15.691] [SQLAnalysis 330] Looked timestamp 2026-10-03 18:01:14.658514 -- 2026-10-03 18:01:14.685356
[14:01:15.703] [SQLAnalysis 330] query_array to be checked: ['use', 'db']
[14:01:15.703] [SQLAnalysis 330] normalized_query_array: ['use', 'db']
[14:01:15.703] [SQLiFuzz 330] No weird chars exist: POST http://localhost:8081/a2_filtered_post.php | ['[string (False)(None)] Sec-Fetch-Dest=document', '[string (False)(None)] Sec-Fetch-Mode=navigate', '[string (False)(None)] Sec-Fetch-Site=same-origin', '[string (False)(None)] Sec-Fetch-User=?1', '[string (False)(None)] Priority=u=0, i', '[url (False)(None)] path0=a2_filtered_post.php', '[int (False)(None)] id=1&', '[string (False)(None)] Submit=Submit'] | None
[14:01:15.703] [SQLiFuzz 6b2] Getting prepared_target_request with ID 6bf for test_SQLi iteration 54/70
[14:01:15.703] [SQLiFuzz 6bf] chosen_idx: 2 from 8
[14:01:15.703] [HTTPREQUEST 6bf] Getting matched paramval from found values: ['?1', '1']
[14:01:15.704] [HTTPREQUEST 6bf] Found matched paramval: [string (False)(None)] Sec-Fetch-User=?1
[14:01:15.704] [HTTPREQUEST 6bf] Found matched paramval: [int (False)(None)] id=1
[14:01:15.704] [SQLiFuzz 6bf] Prioritize to fuzz matched SQL value first: [int (False)(None)] id=1
[14:01:15.704] [SQLiFuzz 6bf] Mutation applied. old='1' char='@' strategy='front' new='@1'
[14:01:15.704] [HTTPREQUEST 6bf] Update url and body param from paramvals:
[14:01:15.704] [HTTPREQUEST None] New post_data_encoded: Submit=Submit&id=%401
[14:01:15.704] [HTTPREQUEST None] New param encoded: 
[14:01:15.704] [GENERALFUNCTION 6bf] ---SENDING THE REQUEST [1791050475-10109b86-1b9f-461d-93b2-7d74a2aba6bf] TO : [POST] http://localhost:8081/a2_filtered_post.php
[14:01:15.704] [GENERALFUNCTION 6bf] Post data encoded: Submit=Submit&id=%401
[14:01:15.704] [GENERALFUNCTION 6bf] Adjusted Content-Length to 21
[14:01:15.704] [GENERALFUNCTION 6bf] Adjusted Origin to http://localhost:8081
[14:01:15.704] [GENERALFUNCTION 6bf] Adjusted Referer to http://localhost:8081/a2_filtered_post.php
[14:01:15.705] [GENERALFUNCTION 6bf] DEBUG OUTGOING request.full_url: http://localhost:8081/a2_filtered_post.php
[14:01:15.705] [GENERALFUNCTION 6bf] DEBUG OUTGOING headers: {'Host': 'localhost:8081', 'User-Agent': 'Mozilla/5.0 (X11; Ubuntu; Linux x86_64; rv:155.0) Gecko/20100101 Firefox/155.0', 'Accept': 'text/html,application/xhtml+xml,application/xml;q=0.9,*/*;q=0.8', 'Accept-Language': 'en-US,en;q=0.9', 'Accept-Encoding': 'gzip, deflate, br, zstd', 'Content-Type': 'application/x-www-form-urlencoded', 'Content-Length': '21', 'Origin': 'http://localhost:8081', 'Connection': 'keep-alive', 'Referer': 'http://localhost:8081/a2_filtered_post.php', 'Cookie': 'PHPSESSID=9cf7a76824a1e7814f8220e72977d3c5; security=impossible', 'Upgrade-Insecure-Requests': '1', 'Sec-Fetch-Dest': 'document', 'Sec-Fetch-Mode': 'navigate', 'Sec-Fetch-Site': 'same-origin', 'Sec-Fetch-User': '?1', 'Priority': 'u=0, i'}
[14:01:15.705] [GENERALFUNCTION 6bf] DEBUG OUTGOING post_data_encoded (truncated): Submit=Submit&id=%401
[14:01:15.705] [GENERALFUNCTION 6bf] DEBUG OUTGOING body_param_dict: {'Submit': 'Submit', 'id': '@1'}
[14:01:15.739] [SQLiFuzz 6bf] Response status: 200
[14:01:15.739] [SQLiFuzz 6bf] Response URL: http://localhost:8081/a2_filtered_post.php
[14:01:15.739] [SQLiFuzz 6bf] Was redirected: False
[14:01:15.739] [SQLiFuzz 6bf] Getting response: 
<!doctype html>

<html>

<body>

<form method="POST">

  <label>User ID: <input type="text" name="id"></label>

  <input type="submit" name="Submit" value="Submit">

</form>

<pre>INPUT REJECTED</pre>
[14:01:16.741] [SQLAnalysis] Read 1 new lines from SQL log file.
[14:01:16.741] [SQLAnalysis] Appended 1 parsed entries.
[14:01:16.741] [SQLAnalysis 6bf] Extracted 905 Logs 2026-10-03 18:01:16.741903: [{'timestamp': '2026-10-03 18:01:15,720748', 'level': 'INFO', 'ip': '172.18.0.5', 'port': 41800, 'sql': 'USE db *#*#OK'}]
[14:01:16.742] [SQLAnalysis 6bf] Updated param pairs: {'looked_value': '@1'}
[14:01:16.742] [SQLAnalysis 6bf] Looked timestamp 2026-10-03 18:01:15.705254 -- 2026-10-03 18:01:15.732475
[14:01:16.753] [SQLAnalysis 6bf] query_array to be checked: ['use', 'db']
[14:01:16.753] [SQLAnalysis 6bf] normalized_query_array: ['use', 'db']
[14:01:16.753] [SQLiFuzz 6bf] No weird chars exist: POST http://localhost:8081/a2_filtered_post.php | ['[string (False)(None)] Sec-Fetch-Dest=document', '[string (False)(None)] Sec-Fetch-Mode=navigate', '[string (False)(None)] Sec-Fetch-Site=same-origin', '[string (False)(None)] Sec-Fetch-User=?1', '[string (False)(None)] Priority=u=0, i', '[url (False)(None)] path0=a2_filtered_post.php', '[int (False)(None)] id=@1', '[string (False)(None)] Submit=Submit'] | None
[14:01:16.754] [SQLiFuzz 6b2] Getting prepared_target_request with ID b02 for test_SQLi iteration 55/70
[14:01:16.755] [SQLiFuzz b02] chosen_idx: 7 from 8
[14:01:16.755] [HTTPREQUEST b02] Getting matched paramval from found values: ['?1', '1']
[14:01:16.755] [HTTPREQUEST b02] Found matched paramval: [string (False)(None)] Sec-Fetch-User=?1
[14:01:16.755] [HTTPREQUEST b02] Found matched paramval: [int (False)(None)] id=1
[14:01:16.755] [SQLiFuzz b02] Prioritize to fuzz matched SQL value first: [int (False)(None)] id=1
[14:01:16.755] [SQLiFuzz b02] Mutation applied. old='1' char='"' strategy='tail' new='1"'
[14:01:16.755] [HTTPREQUEST b02] Update url and body param from paramvals:
[14:01:16.755] [HTTPREQUEST None] New post_data_encoded: Submit=Submit&id=1%22
[14:01:16.756] [HTTPREQUEST None] New param encoded: 
[14:01:16.756] [GENERALFUNCTION b02] ---SENDING THE REQUEST [1791050476-48c5fb20-6de4-4d43-9721-074ad948cb02] TO : [POST] http://localhost:8081/a2_filtered_post.php
[14:01:16.756] [GENERALFUNCTION b02] Post data encoded: Submit=Submit&id=1%22
[14:01:16.756] [GENERALFUNCTION b02] Adjusted Content-Length to 21
[14:01:16.756] [GENERALFUNCTION b02] Adjusted Origin to http://localhost:8081
[14:01:16.756] [GENERALFUNCTION b02] Adjusted Referer to http://localhost:8081/a2_filtered_post.php
[14:01:16.756] [GENERALFUNCTION b02] DEBUG OUTGOING request.full_url: http://localhost:8081/a2_filtered_post.php
[14:01:16.756] [GENERALFUNCTION b02] DEBUG OUTGOING headers: {'Host': 'localhost:8081', 'User-Agent': 'Mozilla/5.0 (X11; Ubuntu; Linux x86_64; rv:155.0) Gecko/20100101 Firefox/155.0', 'Accept': 'text/html,application/xhtml+xml,application/xml;q=0.9,*/*;q=0.8', 'Accept-Language': 'en-US,en;q=0.9', 'Accept-Encoding': 'gzip, deflate, br, zstd', 'Content-Type': 'application/x-www-form-urlencoded', 'Content-Length': '21', 'Origin': 'http://localhost:8081', 'Connection': 'keep-alive', 'Referer': 'http://localhost:8081/a2_filtered_post.php', 'Cookie': 'PHPSESSID=9cf7a76824a1e7814f8220e72977d3c5; security=impossible', 'Upgrade-Insecure-Requests': '1', 'Sec-Fetch-Dest': 'document', 'Sec-Fetch-Mode': 'navigate', 'Sec-Fetch-Site': 'same-origin', 'Sec-Fetch-User': '?1', 'Priority': 'u=0, i'}
[14:01:16.756] [GENERALFUNCTION b02] DEBUG OUTGOING post_data_encoded (truncated): Submit=Submit&id=1%22
[14:01:16.756] [GENERALFUNCTION b02] DEBUG OUTGOING body_param_dict: {'Submit': 'Submit', 'id': '1"'}
[14:01:16.799] [SQLiFuzz b02] Response status: 200
[14:01:16.799] [SQLiFuzz b02] Response URL: http://localhost:8081/a2_filtered_post.php
[14:01:16.799] [SQLiFuzz b02] Was redirected: False
[14:01:16.799] [SQLiFuzz b02] Getting response: 
<!doctype html>

<html>

<body>

<form method="POST">

  <label>User ID: <input type="text" name="id"></label>

  <input type="submit" name="Submit" value="Submit">

</form>

<pre>INPUT REJECTED</pre>
[14:01:17.800] [SQLAnalysis] Read 1 new lines from SQL log file.
[14:01:17.800] [SQLAnalysis] Appended 1 parsed entries.
[14:01:17.800] [SQLAnalysis b02] Extracted 906 Logs 2026-10-03 18:01:17.800678: [{'timestamp': '2026-10-03 18:01:16,783373', 'level': 'INFO', 'ip': '172.18.0.5', 'port': 41814, 'sql': 'USE db *#*#OK'}]
[14:01:17.800] [SQLAnalysis b02] Updated param pairs: {'looked_value': '1"'}
[14:01:17.801] [SQLAnalysis b02] Looked timestamp 2026-10-03 18:01:16.756976 -- 2026-10-03 18:01:16.794790
[14:01:17.815] [SQLAnalysis b02] query_array to be checked: ['use', 'db']
[14:01:17.815] [SQLAnalysis b02] normalized_query_array: ['use', 'db']
[14:01:17.815] [SQLiFuzz b02] No weird chars exist: POST http://localhost:8081/a2_filtered_post.php | ['[string (False)(None)] Sec-Fetch-Dest=document', '[string (False)(None)] Sec-Fetch-Mode=navigate', '[string (False)(None)] Sec-Fetch-Site=same-origin', '[string (False)(None)] Sec-Fetch-User=?1', '[string (False)(None)] Priority=u=0, i', '[url (False)(None)] path0=a2_filtered_post.php', '[int (False)(None)] id=1"', '[string (False)(None)] Submit=Submit'] | None
[14:01:17.816] [SQLiFuzz 6b2] Getting prepared_target_request with ID 034 for test_SQLi iteration 56/70
[14:01:17.816] [SQLiFuzz 034] chosen_idx: 7 from 8
[14:01:17.816] [HTTPREQUEST 034] Getting matched paramval from found values: ['?1', '1']
[14:01:17.816] [HTTPREQUEST 034] Found matched paramval: [string (False)(None)] Sec-Fetch-User=?1
[14:01:17.816] [HTTPREQUEST 034] Found matched paramval: [int (False)(None)] id=1
[14:01:17.816] [SQLiFuzz 034] Prioritize to fuzz matched SQL value first: [int (False)(None)] id=1
[14:01:17.817] [SQLiFuzz 034] Mutation applied. old='1' char='@' strategy='tail' new='1@'
[14:01:17.817] [HTTPREQUEST 034] Update url and body param from paramvals:
[14:01:17.817] [HTTPREQUEST None] New post_data_encoded: Submit=Submit&id=1%40
[14:01:17.817] [HTTPREQUEST None] New param encoded: 
[14:01:17.817] [GENERALFUNCTION 034] ---SENDING THE REQUEST [1791050477-2e07a764-c53a-4645-8100-766f6599a034] TO : [POST] http://localhost:8081/a2_filtered_post.php
[14:01:17.817] [GENERALFUNCTION 034] Post data encoded: Submit=Submit&id=1%40
[14:01:17.817] [GENERALFUNCTION 034] Adjusted Content-Length to 21
[14:01:17.818] [GENERALFUNCTION 034] Adjusted Origin to http://localhost:8081
[14:01:17.818] [GENERALFUNCTION 034] Adjusted Referer to http://localhost:8081/a2_filtered_post.php
[14:01:17.818] [GENERALFUNCTION 034] DEBUG OUTGOING request.full_url: http://localhost:8081/a2_filtered_post.php
[14:01:17.818] [GENERALFUNCTION 034] DEBUG OUTGOING headers: {'Host': 'localhost:8081', 'User-Agent': 'Mozilla/5.0 (X11; Ubuntu; Linux x86_64; rv:155.0) Gecko/20100101 Firefox/155.0', 'Accept': 'text/html,application/xhtml+xml,application/xml;q=0.9,*/*;q=0.8', 'Accept-Language': 'en-US,en;q=0.9', 'Accept-Encoding': 'gzip, deflate, br, zstd', 'Content-Type': 'application/x-www-form-urlencoded', 'Content-Length': '21', 'Origin': 'http://localhost:8081', 'Connection': 'keep-alive', 'Referer': 'http://localhost:8081/a2_filtered_post.php', 'Cookie': 'PHPSESSID=9cf7a76824a1e7814f8220e72977d3c5; security=impossible', 'Upgrade-Insecure-Requests': '1', 'Sec-Fetch-Dest': 'document', 'Sec-Fetch-Mode': 'navigate', 'Sec-Fetch-Site': 'same-origin', 'Sec-Fetch-User': '?1', 'Priority': 'u=0, i'}
[14:01:17.818] [GENERALFUNCTION 034] DEBUG OUTGOING post_data_encoded (truncated): Submit=Submit&id=1%40
[14:01:17.819] [GENERALFUNCTION 034] DEBUG OUTGOING body_param_dict: {'Submit': 'Submit', 'id': '1@'}
[14:01:17.856] [SQLiFuzz 034] Response status: 200
[14:01:17.857] [SQLiFuzz 034] Response URL: http://localhost:8081/a2_filtered_post.php
[14:01:17.857] [SQLiFuzz 034] Was redirected: False
[14:01:17.857] [SQLiFuzz 034] Getting response: 
<!doctype html>

<html>

<body>

<form method="POST">

  <label>User ID: <input type="text" name="id"></label>

  <input type="submit" name="Submit" value="Submit">

</form>

<pre>INPUT REJECTED</pre>
[14:01:18.857] [SQLAnalysis] Read 1 new lines from SQL log file.
[14:01:18.858] [SQLAnalysis] Appended 1 parsed entries.
[14:01:18.858] [SQLAnalysis 034] Extracted 907 Logs 2026-10-03 18:01:18.858183: [{'timestamp': '2026-10-03 18:01:17,843484', 'level': 'INFO', 'ip': '172.18.0.5', 'port': 41834, 'sql': 'USE db *#*#OK'}]
[14:01:18.858] [SQLAnalysis 034] Updated param pairs: {'looked_value': '1@'}
[14:01:18.858] [SQLAnalysis 034] Looked timestamp 2026-10-03 18:01:17.819239 -- 2026-10-03 18:01:17.851324
[14:01:18.867] [SQLAnalysis 034] query_array to be checked: ['use', 'db']
[14:01:18.868] [SQLAnalysis 034] normalized_query_array: ['use', 'db']
[14:01:18.868] [SQLiFuzz 034] No weird chars exist: POST http://localhost:8081/a2_filtered_post.php | ['[string (False)(None)] Sec-Fetch-Dest=document', '[string (False)(None)] Sec-Fetch-Mode=navigate', '[string (False)(None)] Sec-Fetch-Site=same-origin', '[string (False)(None)] Sec-Fetch-User=?1', '[string (False)(None)] Priority=u=0, i', '[url (False)(None)] path0=a2_filtered_post.php', '[int (False)(None)] id=1@', '[string (False)(None)] Submit=Submit'] | None
[14:01:18.868] [SQLiFuzz 6b2] Getting prepared_target_request with ID 813 for test_SQLi iteration 57/70
[14:01:18.868] [SQLiFuzz 813] chosen_idx: 2 from 8
[14:01:18.868] [HTTPREQUEST 813] Getting matched paramval from found values: ['?1', '1']
[14:01:18.868] [HTTPREQUEST 813] Found matched paramval: [string (False)(None)] Sec-Fetch-User=?1
[14:01:18.868] [HTTPREQUEST 813] Found matched paramval: [int (False)(None)] id=1
[14:01:18.869] [SQLiFuzz 813] Prioritize to fuzz matched SQL value first: [int (False)(None)] id=1
[14:01:18.869] [SQLiFuzz 813] Mutation applied. old='1' char='(' strategy='random' new='(1'
[14:01:18.869] [HTTPREQUEST 813] Update url and body param from paramvals:
[14:01:18.869] [HTTPREQUEST None] New post_data_encoded: Submit=Submit&id=%281
[14:01:18.869] [HTTPREQUEST None] New param encoded: 
[14:01:18.869] [GENERALFUNCTION 813] ---SENDING THE REQUEST [1791050478-097b660a-4cec-478a-a643-042e194c5813] TO : [POST] http://localhost:8081/a2_filtered_post.php
[14:01:18.869] [GENERALFUNCTION 813] Post data encoded: Submit=Submit&id=%281
[14:01:18.869] [GENERALFUNCTION 813] Adjusted Content-Length to 21
[14:01:18.869] [GENERALFUNCTION 813] Adjusted Origin to http://localhost:8081
[14:01:18.869] [GENERALFUNCTION 813] Adjusted Referer to http://localhost:8081/a2_filtered_post.php
[14:01:18.869] [GENERALFUNCTION 813] DEBUG OUTGOING request.full_url: http://localhost:8081/a2_filtered_post.php
[14:01:18.869] [GENERALFUNCTION 813] DEBUG OUTGOING headers: {'Host': 'localhost:8081', 'User-Agent': 'Mozilla/5.0 (X11; Ubuntu; Linux x86_64; rv:155.0) Gecko/20100101 Firefox/155.0', 'Accept': 'text/html,application/xhtml+xml,application/xml;q=0.9,*/*;q=0.8', 'Accept-Language': 'en-US,en;q=0.9', 'Accept-Encoding': 'gzip, deflate, br, zstd', 'Content-Type': 'application/x-www-form-urlencoded', 'Content-Length': '21', 'Origin': 'http://localhost:8081', 'Connection': 'keep-alive', 'Referer': 'http://localhost:8081/a2_filtered_post.php', 'Cookie': 'PHPSESSID=9cf7a76824a1e7814f8220e72977d3c5; security=impossible', 'Upgrade-Insecure-Requests': '1', 'Sec-Fetch-Dest': 'document', 'Sec-Fetch-Mode': 'navigate', 'Sec-Fetch-Site': 'same-origin', 'Sec-Fetch-User': '?1', 'Priority': 'u=0, i'}
[14:01:18.869] [GENERALFUNCTION 813] DEBUG OUTGOING post_data_encoded (truncated): Submit=Submit&id=%281
[14:01:18.870] [GENERALFUNCTION 813] DEBUG OUTGOING body_param_dict: {'Submit': 'Submit', 'id': '(1'}
[14:01:18.900] [SQLiFuzz 813] Response status: 200
[14:01:18.900] [SQLiFuzz 813] Response URL: http://localhost:8081/a2_filtered_post.php
[14:01:18.900] [SQLiFuzz 813] Was redirected: False
[14:01:18.900] [SQLiFuzz 813] Getting response: 
<!doctype html>

<html>

<body>

<form method="POST">

  <label>User ID: <input type="text" name="id"></label>

  <input type="submit" name="Submit" value="Submit">

</form>

<pre>INPUT REJECTED</pre>
[14:01:19.902] [SQLAnalysis] Read 1 new lines from SQL log file.
[14:01:19.903] [SQLAnalysis] Appended 1 parsed entries.
[14:01:19.903] [SQLAnalysis 813] Extracted 908 Logs 2026-10-03 18:01:19.903287: [{'timestamp': '2026-10-03 18:01:18,884789', 'level': 'INFO', 'ip': '172.18.0.5', 'port': 41854, 'sql': 'USE db *#*#OK'}]
[14:01:19.904] [SQLAnalysis 813] Updated param pairs: {'looked_value': '(1'}
[14:01:19.904] [SQLAnalysis 813] Looked timestamp 2026-10-03 18:01:18.870074 -- 2026-10-03 18:01:18.894757
[14:01:19.914] [SQLAnalysis 813] query_array to be checked: ['use', 'db']
[14:01:19.914] [SQLAnalysis 813] normalized_query_array: ['use', 'db']
[14:01:19.915] [SQLiFuzz 813] No weird chars exist: POST http://localhost:8081/a2_filtered_post.php | ['[string (False)(None)] Sec-Fetch-Dest=document', '[string (False)(None)] Sec-Fetch-Mode=navigate', '[string (False)(None)] Sec-Fetch-Site=same-origin', '[string (False)(None)] Sec-Fetch-User=?1', '[string (False)(None)] Priority=u=0, i', '[url (False)(None)] path0=a2_filtered_post.php', '[int (False)(None)] id=(1', '[string (False)(None)] Submit=Submit'] | None
[14:01:19.915] [SQLiFuzz 6b2] Getting prepared_target_request with ID ced for test_SQLi iteration 58/70
[14:01:19.915] [SQLiFuzz ced] chosen_idx: 7 from 8
[14:01:19.915] [HTTPREQUEST ced] Getting matched paramval from found values: ['?1', '1']
[14:01:19.915] [HTTPREQUEST ced] Found matched paramval: [string (False)(None)] Sec-Fetch-User=?1
[14:01:19.915] [HTTPREQUEST ced] Found matched paramval: [int (False)(None)] id=1
[14:01:19.915] [SQLiFuzz ced] Prioritize to fuzz matched SQL value first: [int (False)(None)] id=1
[14:01:19.915] [SQLiFuzz ced] Mutation applied. old='1' char=',' strategy='random' new='1,'
[14:01:19.915] [HTTPREQUEST ced] Update url and body param from paramvals:
[14:01:19.916] [HTTPREQUEST None] New post_data_encoded: Submit=Submit&id=1%2C
[14:01:19.916] [HTTPREQUEST None] New param encoded: 
[14:01:19.916] [GENERALFUNCTION ced] ---SENDING THE REQUEST [1791050479-8e735d06-0762-4ea0-b83e-b85e77ef0ced] TO : [POST] http://localhost:8081/a2_filtered_post.php
[14:01:19.916] [GENERALFUNCTION ced] Post data encoded: Submit=Submit&id=1%2C
[14:01:19.916] [GENERALFUNCTION ced] Adjusted Content-Length to 21
[14:01:19.916] [GENERALFUNCTION ced] Adjusted Origin to http://localhost:8081
[14:01:19.916] [GENERALFUNCTION ced] Adjusted Referer to http://localhost:8081/a2_filtered_post.php
[14:01:19.916] [GENERALFUNCTION ced] DEBUG OUTGOING request.full_url: http://localhost:8081/a2_filtered_post.php
[14:01:19.916] [GENERALFUNCTION ced] DEBUG OUTGOING headers: {'Host': 'localhost:8081', 'User-Agent': 'Mozilla/5.0 (X11; Ubuntu; Linux x86_64; rv:155.0) Gecko/20100101 Firefox/155.0', 'Accept': 'text/html,application/xhtml+xml,application/xml;q=0.9,*/*;q=0.8', 'Accept-Language': 'en-US,en;q=0.9', 'Accept-Encoding': 'gzip, deflate, br, zstd', 'Content-Type': 'application/x-www-form-urlencoded', 'Content-Length': '21', 'Origin': 'http://localhost:8081', 'Connection': 'keep-alive', 'Referer': 'http://localhost:8081/a2_filtered_post.php', 'Cookie': 'PHPSESSID=9cf7a76824a1e7814f8220e72977d3c5; security=impossible', 'Upgrade-Insecure-Requests': '1', 'Sec-Fetch-Dest': 'document', 'Sec-Fetch-Mode': 'navigate', 'Sec-Fetch-Site': 'same-origin', 'Sec-Fetch-User': '?1', 'Priority': 'u=0, i'}
[14:01:19.916] [GENERALFUNCTION ced] DEBUG OUTGOING post_data_encoded (truncated): Submit=Submit&id=1%2C
[14:01:19.916] [GENERALFUNCTION ced] DEBUG OUTGOING body_param_dict: {'Submit': 'Submit', 'id': '1,'}
[14:01:19.948] [SQLiFuzz ced] Response status: 200
[14:01:19.948] [SQLiFuzz ced] Response URL: http://localhost:8081/a2_filtered_post.php
[14:01:19.949] [SQLiFuzz ced] Was redirected: False
[14:01:19.949] [SQLiFuzz ced] Getting response: 
<!doctype html>

<html>

<body>

<form method="POST">

  <label>User ID: <input type="text" name="id"></label>

  <input type="submit" name="Submit" value="Submit">

</form>

<pre>INPUT REJECTED</pre>
[14:01:20.949] [SQLAnalysis] Read 1 new lines from SQL log file.
[14:01:20.950] [SQLAnalysis] Appended 1 parsed entries.
[14:01:20.950] [SQLAnalysis ced] Extracted 909 Logs 2026-10-03 18:01:20.950136: [{'timestamp': '2026-10-03 18:01:19,931305', 'level': 'INFO', 'ip': '172.18.0.5', 'port': 41874, 'sql': 'USE db *#*#OK'}]
[14:01:20.950] [SQLAnalysis ced] Updated param pairs: {'looked_value': '1,'}
[14:01:20.950] [SQLAnalysis ced] Looked timestamp 2026-10-03 18:01:19.916764 -- 2026-10-03 18:01:19.943528
[14:01:20.959] [SQLAnalysis ced] query_array to be checked: ['use', 'db']
[14:01:20.960] [SQLAnalysis ced] normalized_query_array: ['use', 'db']
[14:01:20.960] [SQLiFuzz ced] No weird chars exist: POST http://localhost:8081/a2_filtered_post.php | ['[string (False)(None)] Sec-Fetch-Dest=document', '[string (False)(None)] Sec-Fetch-Mode=navigate', '[string (False)(None)] Sec-Fetch-Site=same-origin', '[string (False)(None)] Sec-Fetch-User=?1', '[string (False)(None)] Priority=u=0, i', '[url (False)(None)] path0=a2_filtered_post.php', '[int (False)(None)] id=1,', '[string (False)(None)] Submit=Submit'] | None
[14:01:20.960] [SQLiFuzz 6b2] Getting prepared_target_request with ID 5c2 for test_SQLi iteration 59/70
[14:01:20.960] [SQLiFuzz 5c2] chosen_idx: 6 from 8
[14:01:20.960] [HTTPREQUEST 5c2] Getting matched paramval from found values: ['?1', '1']
[14:01:20.960] [HTTPREQUEST 5c2] Found matched paramval: [string (False)(None)] Sec-Fetch-User=?1
[14:01:20.961] [HTTPREQUEST 5c2] Found matched paramval: [int (False)(None)] id=1
[14:01:20.961] [SQLiFuzz 5c2] Prioritize to fuzz matched SQL value first: [int (False)(None)] id=1
[14:01:20.961] [SQLiFuzz 5c2] Mutation applied. old='1' char='|' strategy='front' new='|1'
[14:01:20.961] [HTTPREQUEST 5c2] Update url and body param from paramvals:
[14:01:20.961] [HTTPREQUEST None] New post_data_encoded: Submit=Submit&id=%7C1
[14:01:20.961] [HTTPREQUEST None] New param encoded: 
[14:01:20.961] [GENERALFUNCTION 5c2] ---SENDING THE REQUEST [1791050480-3a29413a-ecde-49a2-83f7-5e7d85a6d5c2] TO : [POST] http://localhost:8081/a2_filtered_post.php
[14:01:20.961] [GENERALFUNCTION 5c2] Post data encoded: Submit=Submit&id=%7C1
[14:01:20.961] [GENERALFUNCTION 5c2] Adjusted Content-Length to 21
[14:01:20.961] [GENERALFUNCTION 5c2] Adjusted Origin to http://localhost:8081
[14:01:20.961] [GENERALFUNCTION 5c2] Adjusted Referer to http://localhost:8081/a2_filtered_post.php
[14:01:20.962] [GENERALFUNCTION 5c2] DEBUG OUTGOING request.full_url: http://localhost:8081/a2_filtered_post.php
[14:01:20.962] [GENERALFUNCTION 5c2] DEBUG OUTGOING headers: {'Host': 'localhost:8081', 'User-Agent': 'Mozilla/5.0 (X11; Ubuntu; Linux x86_64; rv:155.0) Gecko/20100101 Firefox/155.0', 'Accept': 'text/html,application/xhtml+xml,application/xml;q=0.9,*/*;q=0.8', 'Accept-Language': 'en-US,en;q=0.9', 'Accept-Encoding': 'gzip, deflate, br, zstd', 'Content-Type': 'application/x-www-form-urlencoded', 'Content-Length': '21', 'Origin': 'http://localhost:8081', 'Connection': 'keep-alive', 'Referer': 'http://localhost:8081/a2_filtered_post.php', 'Cookie': 'PHPSESSID=9cf7a76824a1e7814f8220e72977d3c5; security=impossible', 'Upgrade-Insecure-Requests': '1', 'Sec-Fetch-Dest': 'document', 'Sec-Fetch-Mode': 'navigate', 'Sec-Fetch-Site': 'same-origin', 'Sec-Fetch-User': '?1', 'Priority': 'u=0, i'}
[14:01:20.962] [GENERALFUNCTION 5c2] DEBUG OUTGOING post_data_encoded (truncated): Submit=Submit&id=%7C1
[14:01:20.962] [GENERALFUNCTION 5c2] DEBUG OUTGOING body_param_dict: {'Submit': 'Submit', 'id': '|1'}
[14:01:20.990] [SQLiFuzz 5c2] Response status: 200
[14:01:20.990] [SQLiFuzz 5c2] Response URL: http://localhost:8081/a2_filtered_post.php
[14:01:20.990] [SQLiFuzz 5c2] Was redirected: False
[14:01:20.990] [SQLiFuzz 5c2] Getting response: 
<!doctype html>

<html>

<body>

<form method="POST">

  <label>User ID: <input type="text" name="id"></label>

  <input type="submit" name="Submit" value="Submit">

</form>

<pre>INPUT REJECTED</pre>
[14:01:21.991] [SQLAnalysis] Read 1 new lines from SQL log file.
[14:01:21.991] [SQLAnalysis] Appended 1 parsed entries.
[14:01:21.992] [SQLAnalysis 5c2] Extracted 910 Logs 2026-10-03 18:01:21.992055: [{'timestamp': '2026-10-03 18:01:20,975506', 'level': 'INFO', 'ip': '172.18.0.5', 'port': 36432, 'sql': 'USE db *#*#OK'}]
[14:01:21.992] [SQLAnalysis 5c2] Updated param pairs: {'looked_value': '|1'}
[14:01:21.992] [SQLAnalysis 5c2] Looked timestamp 2026-10-03 18:01:20.962295 -- 2026-10-03 18:01:20.985578
[14:01:22.001] [SQLAnalysis 5c2] query_array to be checked: ['use', 'db']
[14:01:22.001] [SQLAnalysis 5c2] normalized_query_array: ['use', 'db']
[14:01:22.002] [SQLiFuzz 5c2] No weird chars exist: POST http://localhost:8081/a2_filtered_post.php | ['[string (False)(None)] Sec-Fetch-Dest=document', '[string (False)(None)] Sec-Fetch-Mode=navigate', '[string (False)(None)] Sec-Fetch-Site=same-origin', '[string (False)(None)] Sec-Fetch-User=?1', '[string (False)(None)] Priority=u=0, i', '[url (False)(None)] path0=a2_filtered_post.php', '[int (False)(None)] id=|1', '[string (False)(None)] Submit=Submit'] | None
[14:01:22.003] [SQLiFuzz 6b2] Getting prepared_target_request with ID 394 for test_SQLi iteration 60/70
[14:01:22.003] [SQLiFuzz 394] chosen_idx: 3 from 8
[14:01:22.003] [HTTPREQUEST 394] Getting matched paramval from found values: ['?1', '1']
[14:01:22.003] [HTTPREQUEST 394] Found matched paramval: [string (False)(None)] Sec-Fetch-User=?1
[14:01:22.003] [HTTPREQUEST 394] Found matched paramval: [int (False)(None)] id=1
[14:01:22.003] [SQLiFuzz 394] Prioritize to fuzz matched SQL value first: [int (False)(None)] id=1
[14:01:22.003] [SQLiFuzz 394] Mutation applied. old='1' char='(' strategy='random' new='(1'
[14:01:22.003] [HTTPREQUEST 394] Update url and body param from paramvals:
[14:01:22.003] [HTTPREQUEST None] New post_data_encoded: Submit=Submit&id=%281
[14:01:22.003] [HTTPREQUEST None] New param encoded: 
[14:01:22.004] [GENERALFUNCTION 394] ---SENDING THE REQUEST [1791050482-6db0b322-a584-45a3-830d-034f61891394] TO : [POST] http://localhost:8081/a2_filtered_post.php
[14:01:22.004] [GENERALFUNCTION 394] Post data encoded: Submit=Submit&id=%281
[14:01:22.004] [GENERALFUNCTION 394] Adjusted Content-Length to 21
[14:01:22.004] [GENERALFUNCTION 394] Adjusted Origin to http://localhost:8081
[14:01:22.004] [GENERALFUNCTION 394] Adjusted Referer to http://localhost:8081/a2_filtered_post.php
[14:01:22.004] [GENERALFUNCTION 394] DEBUG OUTGOING request.full_url: http://localhost:8081/a2_filtered_post.php
[14:01:22.004] [GENERALFUNCTION 394] DEBUG OUTGOING headers: {'Host': 'localhost:8081', 'User-Agent': 'Mozilla/5.0 (X11; Ubuntu; Linux x86_64; rv:155.0) Gecko/20100101 Firefox/155.0', 'Accept': 'text/html,application/xhtml+xml,application/xml;q=0.9,*/*;q=0.8', 'Accept-Language': 'en-US,en;q=0.9', 'Accept-Encoding': 'gzip, deflate, br, zstd', 'Content-Type': 'application/x-www-form-urlencoded', 'Content-Length': '21', 'Origin': 'http://localhost:8081', 'Connection': 'keep-alive', 'Referer': 'http://localhost:8081/a2_filtered_post.php', 'Cookie': 'PHPSESSID=9cf7a76824a1e7814f8220e72977d3c5; security=impossible', 'Upgrade-Insecure-Requests': '1', 'Sec-Fetch-Dest': 'document', 'Sec-Fetch-Mode': 'navigate', 'Sec-Fetch-Site': 'same-origin', 'Sec-Fetch-User': '?1', 'Priority': 'u=0, i'}
[14:01:22.005] [GENERALFUNCTION 394] DEBUG OUTGOING post_data_encoded (truncated): Submit=Submit&id=%281
[14:01:22.005] [GENERALFUNCTION 394] DEBUG OUTGOING body_param_dict: {'Submit': 'Submit', 'id': '(1'}
[14:01:22.035] [SQLiFuzz 394] Response status: 200
[14:01:22.036] [SQLiFuzz 394] Response URL: http://localhost:8081/a2_filtered_post.php
[14:01:22.036] [SQLiFuzz 394] Was redirected: False
[14:01:22.036] [SQLiFuzz 394] Getting response: 
<!doctype html>

<html>

<body>

<form method="POST">

  <label>User ID: <input type="text" name="id"></label>

  <input type="submit" name="Submit" value="Submit">

</form>

<pre>INPUT REJECTED</pre>
[14:01:23.037] [SQLAnalysis] Read 1 new lines from SQL log file.
[14:01:23.037] [SQLAnalysis] Appended 1 parsed entries.
[14:01:23.037] [SQLAnalysis 394] Extracted 911 Logs 2026-10-03 18:01:23.037775: [{'timestamp': '2026-10-03 18:01:22,019227', 'level': 'INFO', 'ip': '172.18.0.5', 'port': 36448, 'sql': 'USE db *#*#OK'}]
[14:01:23.037] [SQLAnalysis 394] Updated param pairs: {'looked_value': '(1'}
[14:01:23.038] [SQLAnalysis 394] Looked timestamp 2026-10-03 18:01:22.005170 -- 2026-10-03 18:01:22.031129
[14:01:23.046] [SQLAnalysis 394] query_array to be checked: ['use', 'db']
[14:01:23.047] [SQLAnalysis 394] normalized_query_array: ['use', 'db']
[14:01:23.047] [SQLiFuzz 394] No weird chars exist: POST http://localhost:8081/a2_filtered_post.php | ['[string (False)(None)] Sec-Fetch-Dest=document', '[string (False)(None)] Sec-Fetch-Mode=navigate', '[string (False)(None)] Sec-Fetch-Site=same-origin', '[string (False)(None)] Sec-Fetch-User=?1', '[string (False)(None)] Priority=u=0, i', '[url (False)(None)] path0=a2_filtered_post.php', '[int (False)(None)] id=(1', '[string (False)(None)] Submit=Submit'] | None
[14:01:23.047] [SQLiFuzz 6b2] Getting prepared_target_request with ID d87 for test_SQLi iteration 61/70
[14:01:23.047] [SQLiFuzz d87] chosen_idx: 4 from 8
[14:01:23.047] [HTTPREQUEST d87] Getting matched paramval from found values: ['?1', '1']
[14:01:23.047] [HTTPREQUEST d87] Found matched paramval: [string (False)(None)] Sec-Fetch-User=?1
[14:01:23.047] [HTTPREQUEST d87] Found matched paramval: [int (False)(None)] id=1
[14:01:23.048] [SQLiFuzz d87] Prioritize to fuzz matched SQL value first: [int (False)(None)] id=1
[14:01:23.048] [SQLiFuzz d87] Mutation applied. old='1' char='\' strategy='random' new='1\'
[14:01:23.048] [HTTPREQUEST d87] Update url and body param from paramvals:
[14:01:23.048] [HTTPREQUEST None] New post_data_encoded: Submit=Submit&id=1%5C
[14:01:23.048] [HTTPREQUEST None] New param encoded: 
[14:01:23.049] [GENERALFUNCTION d87] ---SENDING THE REQUEST [1791050483-bacfab54-d1ef-49a8-b718-438601f23d87] TO : [POST] http://localhost:8081/a2_filtered_post.php
[14:01:23.049] [GENERALFUNCTION d87] Post data encoded: Submit=Submit&id=1%5C
[14:01:23.049] [GENERALFUNCTION d87] Adjusted Content-Length to 21
[14:01:23.049] [GENERALFUNCTION d87] Adjusted Origin to http://localhost:8081
[14:01:23.049] [GENERALFUNCTION d87] Adjusted Referer to http://localhost:8081/a2_filtered_post.php
[14:01:23.049] [GENERALFUNCTION d87] DEBUG OUTGOING request.full_url: http://localhost:8081/a2_filtered_post.php
[14:01:23.049] [GENERALFUNCTION d87] DEBUG OUTGOING headers: {'Host': 'localhost:8081', 'User-Agent': 'Mozilla/5.0 (X11; Ubuntu; Linux x86_64; rv:155.0) Gecko/20100101 Firefox/155.0', 'Accept': 'text/html,application/xhtml+xml,application/xml;q=0.9,*/*;q=0.8', 'Accept-Language': 'en-US,en;q=0.9', 'Accept-Encoding': 'gzip, deflate, br, zstd', 'Content-Type': 'application/x-www-form-urlencoded', 'Content-Length': '21', 'Origin': 'http://localhost:8081', 'Connection': 'keep-alive', 'Referer': 'http://localhost:8081/a2_filtered_post.php', 'Cookie': 'PHPSESSID=9cf7a76824a1e7814f8220e72977d3c5; security=impossible', 'Upgrade-Insecure-Requests': '1', 'Sec-Fetch-Dest': 'document', 'Sec-Fetch-Mode': 'navigate', 'Sec-Fetch-Site': 'same-origin', 'Sec-Fetch-User': '?1', 'Priority': 'u=0, i'}
[14:01:23.049] [GENERALFUNCTION d87] DEBUG OUTGOING post_data_encoded (truncated): Submit=Submit&id=1%5C
[14:01:23.049] [GENERALFUNCTION d87] DEBUG OUTGOING body_param_dict: {'Submit': 'Submit', 'id': '1\\'}
[14:01:23.079] [SQLiFuzz d87] Response status: 200
[14:01:23.079] [SQLiFuzz d87] Response URL: http://localhost:8081/a2_filtered_post.php
[14:01:23.079] [SQLiFuzz d87] Was redirected: False
[14:01:23.079] [SQLiFuzz d87] Getting response: 
<!doctype html>

<html>

<body>

<form method="POST">

  <label>User ID: <input type="text" name="id"></label>

  <input type="submit" name="Submit" value="Submit">

</form>

<pre>INPUT REJECTED</pre>
[14:01:24.079] [SQLAnalysis] Read 1 new lines from SQL log file.
[14:01:24.080] [SQLAnalysis] Appended 1 parsed entries.
[14:01:24.080] [SQLAnalysis d87] Extracted 912 Logs 2026-10-03 18:01:24.080183: [{'timestamp': '2026-10-03 18:01:23,065745', 'level': 'INFO', 'ip': '172.18.0.5', 'port': 36458, 'sql': 'USE db *#*#OK'}]
[14:01:24.080] [SQLAnalysis d87] Updated param pairs: {'looked_value': '1\\'}
[14:01:24.080] [SQLAnalysis d87] Looked timestamp 2026-10-03 18:01:23.049749 -- 2026-10-03 18:01:23.074743
[14:01:24.092] [SQLAnalysis d87] query_array to be checked: ['use', 'db']
[14:01:24.092] [SQLAnalysis d87] normalized_query_array: ['use', 'db']
[14:01:24.093] [SQLiFuzz d87] No weird chars exist: POST http://localhost:8081/a2_filtered_post.php | ['[string (False)(None)] Sec-Fetch-Dest=document', '[string (False)(None)] Sec-Fetch-Mode=navigate', '[string (False)(None)] Sec-Fetch-Site=same-origin', '[string (False)(None)] Sec-Fetch-User=?1', '[string (False)(None)] Priority=u=0, i', '[url (False)(None)] path0=a2_filtered_post.php', '[int (False)(None)] id=1\\', '[string (False)(None)] Submit=Submit'] | None
[14:01:24.093] [SQLiFuzz 6b2] Getting prepared_target_request with ID 7f0 for test_SQLi iteration 62/70
[14:01:24.093] [SQLiFuzz 7f0] chosen_idx: 3 from 8
[14:01:24.093] [HTTPREQUEST 7f0] Getting matched paramval from found values: ['?1', '1']
[14:01:24.093] [HTTPREQUEST 7f0] Found matched paramval: [string (False)(None)] Sec-Fetch-User=?1
[14:01:24.093] [HTTPREQUEST 7f0] Found matched paramval: [int (False)(None)] id=1
[14:01:24.093] [SQLiFuzz 7f0] Prioritize to fuzz matched SQL value first: [int (False)(None)] id=1
[14:01:24.093] [SQLiFuzz 7f0] Mutation applied. old='1' char=';' strategy='tail' new='1;'
[14:01:24.093] [HTTPREQUEST 7f0] Update url and body param from paramvals:
[14:01:24.094] [HTTPREQUEST None] New post_data_encoded: Submit=Submit&id=1%3B
[14:01:24.094] [HTTPREQUEST None] New param encoded: 
[14:01:24.094] [GENERALFUNCTION 7f0] ---SENDING THE REQUEST [1791050484-a3d32f46-5d73-4fa6-900c-e0e46d2427f0] TO : [POST] http://localhost:8081/a2_filtered_post.php
[14:01:24.094] [GENERALFUNCTION 7f0] Post data encoded: Submit=Submit&id=1%3B
[14:01:24.094] [GENERALFUNCTION 7f0] Adjusted Content-Length to 21
[14:01:24.094] [GENERALFUNCTION 7f0] Adjusted Origin to http://localhost:8081
[14:01:24.094] [GENERALFUNCTION 7f0] Adjusted Referer to http://localhost:8081/a2_filtered_post.php
[14:01:24.094] [GENERALFUNCTION 7f0] DEBUG OUTGOING request.full_url: http://localhost:8081/a2_filtered_post.php
[14:01:24.094] [GENERALFUNCTION 7f0] DEBUG OUTGOING headers: {'Host': 'localhost:8081', 'User-Agent': 'Mozilla/5.0 (X11; Ubuntu; Linux x86_64; rv:155.0) Gecko/20100101 Firefox/155.0', 'Accept': 'text/html,application/xhtml+xml,application/xml;q=0.9,*/*;q=0.8', 'Accept-Language': 'en-US,en;q=0.9', 'Accept-Encoding': 'gzip, deflate, br, zstd', 'Content-Type': 'application/x-www-form-urlencoded', 'Content-Length': '21', 'Origin': 'http://localhost:8081', 'Connection': 'keep-alive', 'Referer': 'http://localhost:8081/a2_filtered_post.php', 'Cookie': 'PHPSESSID=9cf7a76824a1e7814f8220e72977d3c5; security=impossible', 'Upgrade-Insecure-Requests': '1', 'Sec-Fetch-Dest': 'document', 'Sec-Fetch-Mode': 'navigate', 'Sec-Fetch-Site': 'same-origin', 'Sec-Fetch-User': '?1', 'Priority': 'u=0, i'}
[14:01:24.094] [GENERALFUNCTION 7f0] DEBUG OUTGOING post_data_encoded (truncated): Submit=Submit&id=1%3B
[14:01:24.094] [GENERALFUNCTION 7f0] DEBUG OUTGOING body_param_dict: {'Submit': 'Submit', 'id': '1;'}
[14:01:24.102] [HOOK] Idle monitor: 1 pending tasks, 1 active tasks, idle 1s
[14:01:24.103] [HOOK] Number response: 2 | Memory usage (MB): 86.93359375 PID: 72676
[14:01:24.103] [STATS] {'total_req': 2, 'sql_req': 1, 'null_req': 0, 'not_sql_req': 1, 'sql_injection_detected': 0, 'another_sql_error_detected': 0, 'sql_req_not_detected': 0, 'error_req': 0, 'fuzzed_req': 61, 'processing_time_total': 1.5814549999999994, 'processing_time_ave': 0.025925491803278678, 'running_time': 'Not finished yet', 200: 2}
[14:01:24.123] [SQLiFuzz 7f0] Response status: 200
[14:01:24.123] [SQLiFuzz 7f0] Response URL: http://localhost:8081/a2_filtered_post.php
[14:01:24.123] [SQLiFuzz 7f0] Was redirected: False
[14:01:24.124] [SQLiFuzz 7f0] Getting response: 
<!doctype html>

<html>

<body>

<form method="POST">

  <label>User ID: <input type="text" name="id"></label>

  <input type="submit" name="Submit" value="Submit">

</form>

<pre>INPUT REJECTED</pre>
[14:01:25.124] [SQLAnalysis] Read 1 new lines from SQL log file.
[14:01:25.124] [SQLAnalysis] Appended 1 parsed entries.
[14:01:25.125] [SQLAnalysis 7f0] Extracted 913 Logs 2026-10-03 18:01:25.124982: [{'timestamp': '2026-10-03 18:01:24,108997', 'level': 'INFO', 'ip': '172.18.0.5', 'port': 36476, 'sql': 'USE db *#*#OK'}]
[14:01:25.125] [SQLAnalysis 7f0] Updated param pairs: {'looked_value': '1;'}
[14:01:25.125] [SQLAnalysis 7f0] Looked timestamp 2026-10-03 18:01:24.094797 -- 2026-10-03 18:01:24.119499
[14:01:25.136] [SQLAnalysis 7f0] query_array to be checked: ['use', 'db']
[14:01:25.137] [SQLAnalysis 7f0] normalized_query_array: ['use', 'db']
[14:01:25.137] [SQLiFuzz 7f0] No weird chars exist: POST http://localhost:8081/a2_filtered_post.php | ['[string (False)(None)] Sec-Fetch-Dest=document', '[string (False)(None)] Sec-Fetch-Mode=navigate', '[string (False)(None)] Sec-Fetch-Site=same-origin', '[string (False)(None)] Sec-Fetch-User=?1', '[string (False)(None)] Priority=u=0, i', '[url (False)(None)] path0=a2_filtered_post.php', '[int (False)(None)] id=1;', '[string (False)(None)] Submit=Submit'] | None
[14:01:25.137] [SQLiFuzz 6b2] Getting prepared_target_request with ID 703 for test_SQLi iteration 63/70
[14:01:25.137] [SQLiFuzz 703] chosen_idx: 7 from 8
[14:01:25.137] [HTTPREQUEST 703] Getting matched paramval from found values: ['?1', '1']
[14:01:25.137] [HTTPREQUEST 703] Found matched paramval: [string (False)(None)] Sec-Fetch-User=?1
[14:01:25.137] [HTTPREQUEST 703] Found matched paramval: [int (False)(None)] id=1
[14:01:25.137] [SQLiFuzz 703] Prioritize to fuzz matched SQL value first: [int (False)(None)] id=1
[14:01:25.138] [SQLiFuzz 703] Mutation applied. old='1' char=':' strategy='front' new=':1'
[14:01:25.138] [HTTPREQUEST 703] Update url and body param from paramvals:
[14:01:25.138] [HTTPREQUEST None] New post_data_encoded: Submit=Submit&id=%3A1
[14:01:25.138] [HTTPREQUEST None] New param encoded: 
[14:01:25.138] [GENERALFUNCTION 703] ---SENDING THE REQUEST [1791050485-c628991f-43c2-4301-8160-f48bf560e703] TO : [POST] http://localhost:8081/a2_filtered_post.php
[14:01:25.138] [GENERALFUNCTION 703] Post data encoded: Submit=Submit&id=%3A1
[14:01:25.138] [GENERALFUNCTION 703] Adjusted Content-Length to 21
[14:01:25.138] [GENERALFUNCTION 703] Adjusted Origin to http://localhost:8081
[14:01:25.138] [GENERALFUNCTION 703] Adjusted Referer to http://localhost:8081/a2_filtered_post.php
[14:01:25.138] [GENERALFUNCTION 703] DEBUG OUTGOING request.full_url: http://localhost:8081/a2_filtered_post.php
[14:01:25.138] [GENERALFUNCTION 703] DEBUG OUTGOING headers: {'Host': 'localhost:8081', 'User-Agent': 'Mozilla/5.0 (X11; Ubuntu; Linux x86_64; rv:155.0) Gecko/20100101 Firefox/155.0', 'Accept': 'text/html,application/xhtml+xml,application/xml;q=0.9,*/*;q=0.8', 'Accept-Language': 'en-US,en;q=0.9', 'Accept-Encoding': 'gzip, deflate, br, zstd', 'Content-Type': 'application/x-www-form-urlencoded', 'Content-Length': '21', 'Origin': 'http://localhost:8081', 'Connection': 'keep-alive', 'Referer': 'http://localhost:8081/a2_filtered_post.php', 'Cookie': 'PHPSESSID=9cf7a76824a1e7814f8220e72977d3c5; security=impossible', 'Upgrade-Insecure-Requests': '1', 'Sec-Fetch-Dest': 'document', 'Sec-Fetch-Mode': 'navigate', 'Sec-Fetch-Site': 'same-origin', 'Sec-Fetch-User': '?1', 'Priority': 'u=0, i'}
[14:01:25.138] [GENERALFUNCTION 703] DEBUG OUTGOING post_data_encoded (truncated): Submit=Submit&id=%3A1
[14:01:25.138] [GENERALFUNCTION 703] DEBUG OUTGOING body_param_dict: {'Submit': 'Submit', 'id': ':1'}
[14:01:25.169] [SQLiFuzz 703] Response status: 200
[14:01:25.169] [SQLiFuzz 703] Response URL: http://localhost:8081/a2_filtered_post.php
[14:01:25.169] [SQLiFuzz 703] Was redirected: False
[14:01:25.169] [SQLiFuzz 703] Getting response: 
<!doctype html>

<html>

<body>

<form method="POST">

  <label>User ID: <input type="text" name="id"></label>

  <input type="submit" name="Submit" value="Submit">

</form>

<pre>INPUT REJECTED</pre>
[14:01:26.170] [SQLAnalysis] Read 1 new lines from SQL log file.
[14:01:26.171] [SQLAnalysis] Appended 1 parsed entries.
[14:01:26.171] [SQLAnalysis 703] Extracted 914 Logs 2026-10-03 18:01:26.171149: [{'timestamp': '2026-10-03 18:01:25,152542', 'level': 'INFO', 'ip': '172.18.0.5', 'port': 36496, 'sql': 'USE db *#*#OK'}]
[14:01:26.171] [SQLAnalysis 703] Updated param pairs: {'looked_value': ':1'}
[14:01:26.171] [SQLAnalysis 703] Looked timestamp 2026-10-03 18:01:25.139008 -- 2026-10-03 18:01:25.164011
[14:01:26.179] [SQLAnalysis 703] query_array to be checked: ['use', 'db']
[14:01:26.179] [SQLAnalysis 703] normalized_query_array: ['use', 'db']
[14:01:26.179] [SQLiFuzz 703] No weird chars exist: POST http://localhost:8081/a2_filtered_post.php | ['[string (False)(None)] Sec-Fetch-Dest=document', '[string (False)(None)] Sec-Fetch-Mode=navigate', '[string (False)(None)] Sec-Fetch-Site=same-origin', '[string (False)(None)] Sec-Fetch-User=?1', '[string (False)(None)] Priority=u=0, i', '[url (False)(None)] path0=a2_filtered_post.php', '[int (False)(None)] id=:1', '[string (False)(None)] Submit=Submit'] | None
[14:01:26.180] [SQLiFuzz 6b2] Getting prepared_target_request with ID 62a for test_SQLi iteration 64/70
[14:01:26.180] [SQLiFuzz 62a] chosen_idx: 4 from 8
[14:01:26.180] [HTTPREQUEST 62a] Getting matched paramval from found values: ['?1', '1']
[14:01:26.180] [HTTPREQUEST 62a] Found matched paramval: [string (False)(None)] Sec-Fetch-User=?1
[14:01:26.180] [HTTPREQUEST 62a] Found matched paramval: [int (False)(None)] id=1
[14:01:26.181] [SQLiFuzz 62a] Prioritize to fuzz matched SQL value first: [int (False)(None)] id=1
[14:01:26.181] [SQLiFuzz 62a] Mutation applied. old='1' char='-' strategy='drop' new='-'
[14:01:26.181] [HTTPREQUEST 62a] Update url and body param from paramvals:
[14:01:26.181] [HTTPREQUEST None] New post_data_encoded: Submit=Submit&id=-
[14:01:26.181] [HTTPREQUEST None] New param encoded: 
[14:01:26.181] [GENERALFUNCTION 62a] ---SENDING THE REQUEST [1791050486-d8061e77-a0e8-4583-926e-71996de5e62a] TO : [POST] http://localhost:8081/a2_filtered_post.php
[14:01:26.181] [GENERALFUNCTION 62a] Post data encoded: Submit=Submit&id=-
[14:01:26.181] [GENERALFUNCTION 62a] Adjusted Content-Length to 18
[14:01:26.181] [GENERALFUNCTION 62a] Adjusted Origin to http://localhost:8081
[14:01:26.181] [GENERALFUNCTION 62a] Adjusted Referer to http://localhost:8081/a2_filtered_post.php
[14:01:26.181] [GENERALFUNCTION 62a] DEBUG OUTGOING request.full_url: http://localhost:8081/a2_filtered_post.php
[14:01:26.181] [GENERALFUNCTION 62a] DEBUG OUTGOING headers: {'Host': 'localhost:8081', 'User-Agent': 'Mozilla/5.0 (X11; Ubuntu; Linux x86_64; rv:155.0) Gecko/20100101 Firefox/155.0', 'Accept': 'text/html,application/xhtml+xml,application/xml;q=0.9,*/*;q=0.8', 'Accept-Language': 'en-US,en;q=0.9', 'Accept-Encoding': 'gzip, deflate, br, zstd', 'Content-Type': 'application/x-www-form-urlencoded', 'Content-Length': '18', 'Origin': 'http://localhost:8081', 'Connection': 'keep-alive', 'Referer': 'http://localhost:8081/a2_filtered_post.php', 'Cookie': 'PHPSESSID=9cf7a76824a1e7814f8220e72977d3c5; security=impossible', 'Upgrade-Insecure-Requests': '1', 'Sec-Fetch-Dest': 'document', 'Sec-Fetch-Mode': 'navigate', 'Sec-Fetch-Site': 'same-origin', 'Sec-Fetch-User': '?1', 'Priority': 'u=0, i'}
[14:01:26.181] [GENERALFUNCTION 62a] DEBUG OUTGOING post_data_encoded (truncated): Submit=Submit&id=-
[14:01:26.181] [GENERALFUNCTION 62a] DEBUG OUTGOING body_param_dict: {'Submit': 'Submit', 'id': '-'}
[14:01:26.264] [SQLiFuzz 62a] Response status: 200
[14:01:26.264] [SQLiFuzz 62a] Response URL: http://localhost:8081/a2_filtered_post.php
[14:01:26.264] [SQLiFuzz 62a] Was redirected: False
[14:01:26.264] [SQLiFuzz 62a] Getting response: 
<!doctype html>

<html>

<body>

<form method="POST">

  <label>User ID: <input type="text" name="id"></label>

  <input type="submit" name="Submit" value="Submit">

</form>

<pre>INPUT REJECTED</pre>
[14:01:27.265] [SQLAnalysis] Read 1 new lines from SQL log file.
[14:01:27.265] [SQLAnalysis] Appended 1 parsed entries.
[14:01:27.265] [SQLAnalysis 62a] Extracted 915 Logs 2026-10-03 18:01:27.265336: [{'timestamp': '2026-10-03 18:01:26,248008', 'level': 'INFO', 'ip': '172.18.0.5', 'port': 36512, 'sql': 'USE db *#*#OK'}]
[14:01:27.265] [SQLAnalysis 62a] Updated param pairs: {'looked_value': '-'}
[14:01:27.265] [SQLAnalysis 62a] Looked timestamp 2026-10-03 18:01:26.181987 -- 2026-10-03 18:01:26.257895
[14:01:27.275] [SQLAnalysis 62a] query_array to be checked: ['use', 'db']
[14:01:27.275] [SQLAnalysis 62a] normalized_query_array: ['use', 'db']
[14:01:27.275] [SQLiFuzz 62a] No weird chars exist: POST http://localhost:8081/a2_filtered_post.php | ['[string (False)(None)] Sec-Fetch-Dest=document', '[string (False)(None)] Sec-Fetch-Mode=navigate', '[string (False)(None)] Sec-Fetch-Site=same-origin', '[string (False)(None)] Sec-Fetch-User=?1', '[string (False)(None)] Priority=u=0, i', '[url (False)(None)] path0=a2_filtered_post.php', '[int (False)(None)] id=-', '[string (False)(None)] Submit=Submit'] | None
[14:01:27.275] [SQLiFuzz 6b2] Getting prepared_target_request with ID b4e for test_SQLi iteration 65/70
[14:01:27.275] [SQLiFuzz b4e] chosen_idx: 7 from 8
[14:01:27.275] [HTTPREQUEST b4e] Getting matched paramval from found values: ['?1', '1']
[14:01:27.276] [HTTPREQUEST b4e] Found matched paramval: [string (False)(None)] Sec-Fetch-User=?1
[14:01:27.276] [HTTPREQUEST b4e] Found matched paramval: [int (False)(None)] id=1
[14:01:27.276] [SQLiFuzz b4e] Prioritize to fuzz matched SQL value first: [int (False)(None)] id=1
[14:01:27.276] [SQLiFuzz b4e] Mutation applied. old='1' char=']' strategy='drop' new=']'
[14:01:27.276] [HTTPREQUEST b4e] Update url and body param from paramvals:
[14:01:27.276] [HTTPREQUEST None] New post_data_encoded: Submit=Submit&id=%5D
[14:01:27.276] [HTTPREQUEST None] New param encoded: 
[14:01:27.276] [GENERALFUNCTION b4e] ---SENDING THE REQUEST [1791050487-036d6e69-1b43-47a9-9ca7-73ca17a73b4e] TO : [POST] http://localhost:8081/a2_filtered_post.php
[14:01:27.277] [GENERALFUNCTION b4e] Post data encoded: Submit=Submit&id=%5D
[14:01:27.277] [GENERALFUNCTION b4e] Adjusted Content-Length to 20
[14:01:27.277] [GENERALFUNCTION b4e] Adjusted Origin to http://localhost:8081
[14:01:27.277] [GENERALFUNCTION b4e] Adjusted Referer to http://localhost:8081/a2_filtered_post.php
[14:01:27.277] [GENERALFUNCTION b4e] DEBUG OUTGOING request.full_url: http://localhost:8081/a2_filtered_post.php
[14:01:27.277] [GENERALFUNCTION b4e] DEBUG OUTGOING headers: {'Host': 'localhost:8081', 'User-Agent': 'Mozilla/5.0 (X11; Ubuntu; Linux x86_64; rv:155.0) Gecko/20100101 Firefox/155.0', 'Accept': 'text/html,application/xhtml+xml,application/xml;q=0.9,*/*;q=0.8', 'Accept-Language': 'en-US,en;q=0.9', 'Accept-Encoding': 'gzip, deflate, br, zstd', 'Content-Type': 'application/x-www-form-urlencoded', 'Content-Length': '20', 'Origin': 'http://localhost:8081', 'Connection': 'keep-alive', 'Referer': 'http://localhost:8081/a2_filtered_post.php', 'Cookie': 'PHPSESSID=9cf7a76824a1e7814f8220e72977d3c5; security=impossible', 'Upgrade-Insecure-Requests': '1', 'Sec-Fetch-Dest': 'document', 'Sec-Fetch-Mode': 'navigate', 'Sec-Fetch-Site': 'same-origin', 'Sec-Fetch-User': '?1', 'Priority': 'u=0, i'}
[14:01:27.277] [GENERALFUNCTION b4e] DEBUG OUTGOING post_data_encoded (truncated): Submit=Submit&id=%5D
[14:01:27.277] [GENERALFUNCTION b4e] DEBUG OUTGOING body_param_dict: {'Submit': 'Submit', 'id': ']'}
[14:01:27.307] [SQLiFuzz b4e] Response status: 200
[14:01:27.307] [SQLiFuzz b4e] Response URL: http://localhost:8081/a2_filtered_post.php
[14:01:27.308] [SQLiFuzz b4e] Was redirected: False
[14:01:27.308] [SQLiFuzz b4e] Getting response: 
<!doctype html>

<html>

<body>

<form method="POST">

  <label>User ID: <input type="text" name="id"></label>

  <input type="submit" name="Submit" value="Submit">

</form>

<pre>INPUT REJECTED</pre>
[14:01:28.309] [SQLAnalysis] Read 1 new lines from SQL log file.
[14:01:28.310] [SQLAnalysis] Appended 1 parsed entries.
[14:01:28.310] [SQLAnalysis b4e] Extracted 916 Logs 2026-10-03 18:01:28.310892: [{'timestamp': '2026-10-03 18:01:27,290825', 'level': 'INFO', 'ip': '172.18.0.5', 'port': 36522, 'sql': 'USE db *#*#OK'}]
[14:01:28.311] [SQLAnalysis b4e] Updated param pairs: {'looked_value': ']'}
[14:01:28.312] [SQLAnalysis b4e] Looked timestamp 2026-10-03 18:01:27.277765 -- 2026-10-03 18:01:27.302556
[14:01:28.322] [SQLAnalysis b4e] query_array to be checked: ['use', 'db']
[14:01:28.322] [SQLAnalysis b4e] normalized_query_array: ['use', 'db']
[14:01:28.322] [SQLiFuzz b4e] No weird chars exist: POST http://localhost:8081/a2_filtered_post.php | ['[string (False)(None)] Sec-Fetch-Dest=document', '[string (False)(None)] Sec-Fetch-Mode=navigate', '[string (False)(None)] Sec-Fetch-Site=same-origin', '[string (False)(None)] Sec-Fetch-User=?1', '[string (False)(None)] Priority=u=0, i', '[url (False)(None)] path0=a2_filtered_post.php', '[int (False)(None)] id=]', '[string (False)(None)] Submit=Submit'] | None
[14:01:28.322] [SQLiFuzz 6b2] Getting prepared_target_request with ID 972 for test_SQLi iteration 66/70
[14:01:28.322] [SQLiFuzz 972] chosen_idx: 1 from 8
[14:01:28.322] [HTTPREQUEST 972] Getting matched paramval from found values: ['?1', '1']
[14:01:28.323] [HTTPREQUEST 972] Found matched paramval: [string (False)(None)] Sec-Fetch-User=?1
[14:01:28.323] [HTTPREQUEST 972] Found matched paramval: [int (False)(None)] id=1
[14:01:28.323] [SQLiFuzz 972] Prioritize to fuzz matched SQL value first: [int (False)(None)] id=1
[14:01:28.323] [SQLiFuzz 972] Mutation applied. old='1' char='~' strategy='drop' new='~'
[14:01:28.323] [HTTPREQUEST 972] Update url and body param from paramvals:
[14:01:28.323] [HTTPREQUEST None] New post_data_encoded: Submit=Submit&id=~
[14:01:28.323] [HTTPREQUEST None] New param encoded: 
[14:01:28.323] [GENERALFUNCTION 972] ---SENDING THE REQUEST [1791050488-df3df10b-423c-4f4f-91f0-b5bb1d655972] TO : [POST] http://localhost:8081/a2_filtered_post.php
[14:01:28.323] [GENERALFUNCTION 972] Post data encoded: Submit=Submit&id=~
[14:01:28.323] [GENERALFUNCTION 972] Adjusted Content-Length to 18
[14:01:28.323] [GENERALFUNCTION 972] Adjusted Origin to http://localhost:8081
[14:01:28.323] [GENERALFUNCTION 972] Adjusted Referer to http://localhost:8081/a2_filtered_post.php
[14:01:28.323] [GENERALFUNCTION 972] DEBUG OUTGOING request.full_url: http://localhost:8081/a2_filtered_post.php
[14:01:28.324] [GENERALFUNCTION 972] DEBUG OUTGOING headers: {'Host': 'localhost:8081', 'User-Agent': 'Mozilla/5.0 (X11; Ubuntu; Linux x86_64; rv:155.0) Gecko/20100101 Firefox/155.0', 'Accept': 'text/html,application/xhtml+xml,application/xml;q=0.9,*/*;q=0.8', 'Accept-Language': 'en-US,en;q=0.9', 'Accept-Encoding': 'gzip, deflate, br, zstd', 'Content-Type': 'application/x-www-form-urlencoded', 'Content-Length': '18', 'Origin': 'http://localhost:8081', 'Connection': 'keep-alive', 'Referer': 'http://localhost:8081/a2_filtered_post.php', 'Cookie': 'PHPSESSID=9cf7a76824a1e7814f8220e72977d3c5; security=impossible', 'Upgrade-Insecure-Requests': '1', 'Sec-Fetch-Dest': 'document', 'Sec-Fetch-Mode': 'navigate', 'Sec-Fetch-Site': 'same-origin', 'Sec-Fetch-User': '?1', 'Priority': 'u=0, i'}
[14:01:28.324] [GENERALFUNCTION 972] DEBUG OUTGOING post_data_encoded (truncated): Submit=Submit&id=~
[14:01:28.324] [GENERALFUNCTION 972] DEBUG OUTGOING body_param_dict: {'Submit': 'Submit', 'id': '~'}
[14:01:28.352] [SQLiFuzz 972] Response status: 200
[14:01:28.352] [SQLiFuzz 972] Response URL: http://localhost:8081/a2_filtered_post.php
[14:01:28.352] [SQLiFuzz 972] Was redirected: False
[14:01:28.352] [SQLiFuzz 972] Getting response: 
<!doctype html>

<html>

<body>

<form method="POST">

  <label>User ID: <input type="text" name="id"></label>

  <input type="submit" name="Submit" value="Submit">

</form>

<pre>INPUT REJECTED</pre>
[14:01:29.354] [SQLAnalysis] Read 1 new lines from SQL log file.
[14:01:29.354] [SQLAnalysis] Appended 1 parsed entries.
[14:01:29.355] [SQLAnalysis 972] Extracted 917 Logs 2026-10-03 18:01:29.354993: [{'timestamp': '2026-10-03 18:01:28,338367', 'level': 'INFO', 'ip': '172.18.0.5', 'port': 36552, 'sql': 'USE db *#*#OK'}]
[14:01:29.355] [SQLAnalysis 972] Updated param pairs: {'looked_value': '~'}
[14:01:29.355] [SQLAnalysis 972] Looked timestamp 2026-10-03 18:01:28.324533 -- 2026-10-03 18:01:28.346755
[14:01:29.369] [SQLAnalysis 972] query_array to be checked: ['use', 'db']
[14:01:29.369] [SQLAnalysis 972] normalized_query_array: ['use', 'db']
[14:01:29.369] [SQLiFuzz 972] No weird chars exist: POST http://localhost:8081/a2_filtered_post.php | ['[string (False)(None)] Sec-Fetch-Dest=document', '[string (False)(None)] Sec-Fetch-Mode=navigate', '[string (False)(None)] Sec-Fetch-Site=same-origin', '[string (False)(None)] Sec-Fetch-User=?1', '[string (False)(None)] Priority=u=0, i', '[url (False)(None)] path0=a2_filtered_post.php', '[int (False)(None)] id=~', '[string (False)(None)] Submit=Submit'] | None
[14:01:29.370] [SQLiFuzz 6b2] Getting prepared_target_request with ID 5f0 for test_SQLi iteration 67/70
[14:01:29.370] [SQLiFuzz 5f0] chosen_idx: 7 from 8
[14:01:29.370] [HTTPREQUEST 5f0] Getting matched paramval from found values: ['?1', '1']
[14:01:29.370] [HTTPREQUEST 5f0] Found matched paramval: [string (False)(None)] Sec-Fetch-User=?1
[14:01:29.370] [HTTPREQUEST 5f0] Found matched paramval: [int (False)(None)] id=1
[14:01:29.370] [SQLiFuzz 5f0] Prioritize to fuzz matched SQL value first: [int (False)(None)] id=1
[14:01:29.370] [SQLiFuzz 5f0] Mutation applied. old='1' char=',' strategy='front' new=',1'
[14:01:29.370] [HTTPREQUEST 5f0] Update url and body param from paramvals:
[14:01:29.370] [HTTPREQUEST None] New post_data_encoded: Submit=Submit&id=%2C1
[14:01:29.370] [HTTPREQUEST None] New param encoded: 
[14:01:29.370] [GENERALFUNCTION 5f0] ---SENDING THE REQUEST [1791050489-27f91eb4-ff2c-4221-904e-605f198b85f0] TO : [POST] http://localhost:8081/a2_filtered_post.php
[14:01:29.370] [GENERALFUNCTION 5f0] Post data encoded: Submit=Submit&id=%2C1
[14:01:29.371] [GENERALFUNCTION 5f0] Adjusted Content-Length to 21
[14:01:29.371] [GENERALFUNCTION 5f0] Adjusted Origin to http://localhost:8081
[14:01:29.371] [GENERALFUNCTION 5f0] Adjusted Referer to http://localhost:8081/a2_filtered_post.php
[14:01:29.371] [GENERALFUNCTION 5f0] DEBUG OUTGOING request.full_url: http://localhost:8081/a2_filtered_post.php
[14:01:29.371] [GENERALFUNCTION 5f0] DEBUG OUTGOING headers: {'Host': 'localhost:8081', 'User-Agent': 'Mozilla/5.0 (X11; Ubuntu; Linux x86_64; rv:155.0) Gecko/20100101 Firefox/155.0', 'Accept': 'text/html,application/xhtml+xml,application/xml;q=0.9,*/*;q=0.8', 'Accept-Language': 'en-US,en;q=0.9', 'Accept-Encoding': 'gzip, deflate, br, zstd', 'Content-Type': 'application/x-www-form-urlencoded', 'Content-Length': '21', 'Origin': 'http://localhost:8081', 'Connection': 'keep-alive', 'Referer': 'http://localhost:8081/a2_filtered_post.php', 'Cookie': 'PHPSESSID=9cf7a76824a1e7814f8220e72977d3c5; security=impossible', 'Upgrade-Insecure-Requests': '1', 'Sec-Fetch-Dest': 'document', 'Sec-Fetch-Mode': 'navigate', 'Sec-Fetch-Site': 'same-origin', 'Sec-Fetch-User': '?1', 'Priority': 'u=0, i'}
[14:01:29.371] [GENERALFUNCTION 5f0] DEBUG OUTGOING post_data_encoded (truncated): Submit=Submit&id=%2C1
[14:01:29.371] [GENERALFUNCTION 5f0] DEBUG OUTGOING body_param_dict: {'Submit': 'Submit', 'id': ',1'}
[14:01:29.401] [SQLiFuzz 5f0] Response status: 200
[14:01:29.402] [SQLiFuzz 5f0] Response URL: http://localhost:8081/a2_filtered_post.php
[14:01:29.402] [SQLiFuzz 5f0] Was redirected: False
[14:01:29.402] [SQLiFuzz 5f0] Getting response: 
<!doctype html>

<html>

<body>

<form method="POST">

  <label>User ID: <input type="text" name="id"></label>

  <input type="submit" name="Submit" value="Submit">

</form>

<pre>INPUT REJECTED</pre>
[14:01:30.403] [SQLAnalysis] Read 1 new lines from SQL log file.
[14:01:30.404] [SQLAnalysis] Appended 1 parsed entries.
[14:01:30.404] [SQLAnalysis 5f0] Extracted 918 Logs 2026-10-03 18:01:30.404286: [{'timestamp': '2026-10-03 18:01:29,389532', 'level': 'INFO', 'ip': '172.18.0.5', 'port': 36570, 'sql': 'USE db *#*#OK'}]
[14:01:30.404] [SQLAnalysis 5f0] Updated param pairs: {'looked_value': ',1'}
[14:01:30.404] [SQLAnalysis 5f0] Looked timestamp 2026-10-03 18:01:29.371689 -- 2026-10-03 18:01:29.398170
[14:01:30.415] [SQLAnalysis 5f0] query_array to be checked: ['use', 'db']
[14:01:30.416] [SQLAnalysis 5f0] normalized_query_array: ['use', 'db']
[14:01:30.416] [SQLiFuzz 5f0] No weird chars exist: POST http://localhost:8081/a2_filtered_post.php | ['[string (False)(None)] Sec-Fetch-Dest=document', '[string (False)(None)] Sec-Fetch-Mode=navigate', '[string (False)(None)] Sec-Fetch-Site=same-origin', '[string (False)(None)] Sec-Fetch-User=?1', '[string (False)(None)] Priority=u=0, i', '[url (False)(None)] path0=a2_filtered_post.php', '[int (False)(None)] id=,1', '[string (False)(None)] Submit=Submit'] | None
[14:01:30.416] [SQLiFuzz 6b2] Getting prepared_target_request with ID 545 for test_SQLi iteration 68/70
[14:01:30.416] [SQLiFuzz 545] chosen_idx: 4 from 8
[14:01:30.416] [HTTPREQUEST 545] Getting matched paramval from found values: ['?1', '1']
[14:01:30.416] [HTTPREQUEST 545] Found matched paramval: [string (False)(None)] Sec-Fetch-User=?1
[14:01:30.416] [HTTPREQUEST 545] Found matched paramval: [int (False)(None)] id=1
[14:01:30.417] [SQLiFuzz 545] Prioritize to fuzz matched SQL value first: [int (False)(None)] id=1
[14:01:30.417] [SQLiFuzz 545] Mutation applied. old='1' char=',' strategy='front' new=',1'
[14:01:30.417] [HTTPREQUEST 545] Update url and body param from paramvals:
[14:01:30.417] [HTTPREQUEST None] New post_data_encoded: Submit=Submit&id=%2C1
[14:01:30.417] [HTTPREQUEST None] New param encoded: 
[14:01:30.417] [GENERALFUNCTION 545] ---SENDING THE REQUEST [1791050490-61c18f4c-cf7d-41e1-abfb-5b7d3c7ee545] TO : [POST] http://localhost:8081/a2_filtered_post.php
[14:01:30.417] [GENERALFUNCTION 545] Post data encoded: Submit=Submit&id=%2C1
[14:01:30.417] [GENERALFUNCTION 545] Adjusted Content-Length to 21
[14:01:30.417] [GENERALFUNCTION 545] Adjusted Origin to http://localhost:8081
[14:01:30.418] [GENERALFUNCTION 545] Adjusted Referer to http://localhost:8081/a2_filtered_post.php
[14:01:30.418] [GENERALFUNCTION 545] DEBUG OUTGOING request.full_url: http://localhost:8081/a2_filtered_post.php
[14:01:30.418] [GENERALFUNCTION 545] DEBUG OUTGOING headers: {'Host': 'localhost:8081', 'User-Agent': 'Mozilla/5.0 (X11; Ubuntu; Linux x86_64; rv:155.0) Gecko/20100101 Firefox/155.0', 'Accept': 'text/html,application/xhtml+xml,application/xml;q=0.9,*/*;q=0.8', 'Accept-Language': 'en-US,en;q=0.9', 'Accept-Encoding': 'gzip, deflate, br, zstd', 'Content-Type': 'application/x-www-form-urlencoded', 'Content-Length': '21', 'Origin': 'http://localhost:8081', 'Connection': 'keep-alive', 'Referer': 'http://localhost:8081/a2_filtered_post.php', 'Cookie': 'PHPSESSID=9cf7a76824a1e7814f8220e72977d3c5; security=impossible', 'Upgrade-Insecure-Requests': '1', 'Sec-Fetch-Dest': 'document', 'Sec-Fetch-Mode': 'navigate', 'Sec-Fetch-Site': 'same-origin', 'Sec-Fetch-User': '?1', 'Priority': 'u=0, i'}
[14:01:30.418] [GENERALFUNCTION 545] DEBUG OUTGOING post_data_encoded (truncated): Submit=Submit&id=%2C1
[14:01:30.418] [GENERALFUNCTION 545] DEBUG OUTGOING body_param_dict: {'Submit': 'Submit', 'id': ',1'}
[14:01:30.443] [SQLiFuzz 545] Response status: 200
[14:01:30.443] [SQLiFuzz 545] Response URL: http://localhost:8081/a2_filtered_post.php
[14:01:30.443] [SQLiFuzz 545] Was redirected: False
[14:01:30.444] [SQLiFuzz 545] Getting response: 
<!doctype html>

<html>

<body>

<form method="POST">

  <label>User ID: <input type="text" name="id"></label>

  <input type="submit" name="Submit" value="Submit">

</form>

<pre>INPUT REJECTED</pre>
[14:01:31.445] [SQLAnalysis] Read 1 new lines from SQL log file.
[14:01:31.445] [SQLAnalysis] Appended 1 parsed entries.
[14:01:31.445] [SQLAnalysis 545] Extracted 919 Logs 2026-10-03 18:01:31.445774: [{'timestamp': '2026-10-03 18:01:30,431209', 'level': 'INFO', 'ip': '172.18.0.5', 'port': 45100, 'sql': 'USE db *#*#OK'}]
[14:01:31.446] [SQLAnalysis 545] Updated param pairs: {'looked_value': ',1'}
[14:01:31.446] [SQLAnalysis 545] Looked timestamp 2026-10-03 18:01:30.418501 -- 2026-10-03 18:01:30.439838
[14:01:31.462] [SQLAnalysis 545] query_array to be checked: ['use', 'db']
[14:01:31.462] [SQLAnalysis 545] normalized_query_array: ['use', 'db']
[14:01:31.462] [SQLiFuzz 545] No weird chars exist: POST http://localhost:8081/a2_filtered_post.php | ['[string (False)(None)] Sec-Fetch-Dest=document', '[string (False)(None)] Sec-Fetch-Mode=navigate', '[string (False)(None)] Sec-Fetch-Site=same-origin', '[string (False)(None)] Sec-Fetch-User=?1', '[string (False)(None)] Priority=u=0, i', '[url (False)(None)] path0=a2_filtered_post.php', '[int (False)(None)] id=,1', '[string (False)(None)] Submit=Submit'] | None
[14:01:31.463] [SQLiFuzz 6b2] Getting prepared_target_request with ID 30d for test_SQLi iteration 69/70
[14:01:31.463] [SQLiFuzz 30d] chosen_idx: 7 from 8
[14:01:31.463] [HTTPREQUEST 30d] Getting matched paramval from found values: ['?1', '1']
[14:01:31.463] [HTTPREQUEST 30d] Found matched paramval: [string (False)(None)] Sec-Fetch-User=?1
[14:01:31.463] [HTTPREQUEST 30d] Found matched paramval: [int (False)(None)] id=1
[14:01:31.463] [SQLiFuzz 30d] Prioritize to fuzz matched SQL value first: [int (False)(None)] id=1
[14:01:31.463] [SQLiFuzz 30d] Mutation applied. old='1' char='^' strategy='tail' new='1^'
[14:01:31.463] [HTTPREQUEST 30d] Update url and body param from paramvals:
[14:01:31.464] [HTTPREQUEST None] New post_data_encoded: Submit=Submit&id=1%5E
[14:01:31.464] [HTTPREQUEST None] New param encoded: 
[14:01:31.464] [GENERALFUNCTION 30d] ---SENDING THE REQUEST [1791050491-9fa285d1-df7c-4e06-9c1e-b1d3cb07d30d] TO : [POST] http://localhost:8081/a2_filtered_post.php
[14:01:31.464] [GENERALFUNCTION 30d] Post data encoded: Submit=Submit&id=1%5E
[14:01:31.464] [GENERALFUNCTION 30d] Adjusted Content-Length to 21
[14:01:31.464] [GENERALFUNCTION 30d] Adjusted Origin to http://localhost:8081
[14:01:31.464] [GENERALFUNCTION 30d] Adjusted Referer to http://localhost:8081/a2_filtered_post.php
[14:01:31.464] [GENERALFUNCTION 30d] DEBUG OUTGOING request.full_url: http://localhost:8081/a2_filtered_post.php
[14:01:31.464] [GENERALFUNCTION 30d] DEBUG OUTGOING headers: {'Host': 'localhost:8081', 'User-Agent': 'Mozilla/5.0 (X11; Ubuntu; Linux x86_64; rv:155.0) Gecko/20100101 Firefox/155.0', 'Accept': 'text/html,application/xhtml+xml,application/xml;q=0.9,*/*;q=0.8', 'Accept-Language': 'en-US,en;q=0.9', 'Accept-Encoding': 'gzip, deflate, br, zstd', 'Content-Type': 'application/x-www-form-urlencoded', 'Content-Length': '21', 'Origin': 'http://localhost:8081', 'Connection': 'keep-alive', 'Referer': 'http://localhost:8081/a2_filtered_post.php', 'Cookie': 'PHPSESSID=9cf7a76824a1e7814f8220e72977d3c5; security=impossible', 'Upgrade-Insecure-Requests': '1', 'Sec-Fetch-Dest': 'document', 'Sec-Fetch-Mode': 'navigate', 'Sec-Fetch-Site': 'same-origin', 'Sec-Fetch-User': '?1', 'Priority': 'u=0, i'}
[14:01:31.464] [GENERALFUNCTION 30d] DEBUG OUTGOING post_data_encoded (truncated): Submit=Submit&id=1%5E
[14:01:31.464] [GENERALFUNCTION 30d] DEBUG OUTGOING body_param_dict: {'Submit': 'Submit', 'id': '1^'}
[14:01:31.494] [SQLiFuzz 30d] Response status: 200
[14:01:31.494] [SQLiFuzz 30d] Response URL: http://localhost:8081/a2_filtered_post.php
[14:01:31.494] [SQLiFuzz 30d] Was redirected: False
[14:01:31.494] [SQLiFuzz 30d] Getting response: 
<!doctype html>

<html>

<body>

<form method="POST">

  <label>User ID: <input type="text" name="id"></label>

  <input type="submit" name="Submit" value="Submit">

</form>

<pre>INPUT REJECTED</pre>
[14:01:32.495] [SQLAnalysis] Read 1 new lines from SQL log file.
[14:01:32.495] [SQLAnalysis] Appended 1 parsed entries.
[14:01:32.496] [SQLAnalysis 30d] Extracted 920 Logs 2026-10-03 18:01:32.496076: [{'timestamp': '2026-10-03 18:01:31,480328', 'level': 'INFO', 'ip': '172.18.0.5', 'port': 45118, 'sql': 'USE db *#*#OK'}]
[14:01:32.496] [SQLAnalysis 30d] Updated param pairs: {'looked_value': '1^'}
[14:01:32.496] [SQLAnalysis 30d] Looked timestamp 2026-10-03 18:01:31.465092 -- 2026-10-03 18:01:31.490496
[14:01:32.507] [SQLAnalysis 30d] query_array to be checked: ['use', 'db']
[14:01:32.507] [SQLAnalysis 30d] normalized_query_array: ['use', 'db']
[14:01:32.507] [SQLiFuzz 30d] No weird chars exist: POST http://localhost:8081/a2_filtered_post.php | ['[string (False)(None)] Sec-Fetch-Dest=document', '[string (False)(None)] Sec-Fetch-Mode=navigate', '[string (False)(None)] Sec-Fetch-Site=same-origin', '[string (False)(None)] Sec-Fetch-User=?1', '[string (False)(None)] Priority=u=0, i', '[url (False)(None)] path0=a2_filtered_post.php', '[int (False)(None)] id=1^', '[string (False)(None)] Submit=Submit'] | None
[14:01:32.507] [SQLiFuzz 6b2] Getting prepared_target_request with ID 3a6 for test_SQLi iteration 70/70
[14:01:32.507] [SQLiFuzz 3a6] chosen_idx: 2 from 8
[14:01:32.507] [HTTPREQUEST 3a6] Getting matched paramval from found values: ['?1', '1']
[14:01:32.507] [HTTPREQUEST 3a6] Found matched paramval: [string (False)(None)] Sec-Fetch-User=?1
[14:01:32.507] [HTTPREQUEST 3a6] Found matched paramval: [int (False)(None)] id=1
[14:01:32.508] [SQLiFuzz 3a6] Prioritize to fuzz matched SQL value first: [int (False)(None)] id=1
[14:01:32.508] [SQLiFuzz 3a6] Mutation applied. old='1' char='$' strategy='drop' new='$'
[14:01:32.508] [HTTPREQUEST 3a6] Update url and body param from paramvals:
[14:01:32.508] [HTTPREQUEST None] New post_data_encoded: Submit=Submit&id=%24
[14:01:32.508] [HTTPREQUEST None] New param encoded: 
[14:01:32.508] [GENERALFUNCTION 3a6] ---SENDING THE REQUEST [1791050492-3dd693f8-4ba8-45eb-a671-2e9fea1023a6] TO : [POST] http://localhost:8081/a2_filtered_post.php
[14:01:32.508] [GENERALFUNCTION 3a6] Post data encoded: Submit=Submit&id=%24
[14:01:32.508] [GENERALFUNCTION 3a6] Adjusted Content-Length to 20
[14:01:32.508] [GENERALFUNCTION 3a6] Adjusted Origin to http://localhost:8081
[14:01:32.508] [GENERALFUNCTION 3a6] Adjusted Referer to http://localhost:8081/a2_filtered_post.php
[14:01:32.508] [GENERALFUNCTION 3a6] DEBUG OUTGOING request.full_url: http://localhost:8081/a2_filtered_post.php
[14:01:32.508] [GENERALFUNCTION 3a6] DEBUG OUTGOING headers: {'Host': 'localhost:8081', 'User-Agent': 'Mozilla/5.0 (X11; Ubuntu; Linux x86_64; rv:155.0) Gecko/20100101 Firefox/155.0', 'Accept': 'text/html,application/xhtml+xml,application/xml;q=0.9,*/*;q=0.8', 'Accept-Language': 'en-US,en;q=0.9', 'Accept-Encoding': 'gzip, deflate, br, zstd', 'Content-Type': 'application/x-www-form-urlencoded', 'Content-Length': '20', 'Origin': 'http://localhost:8081', 'Connection': 'keep-alive', 'Referer': 'http://localhost:8081/a2_filtered_post.php', 'Cookie': 'PHPSESSID=9cf7a76824a1e7814f8220e72977d3c5; security=impossible', 'Upgrade-Insecure-Requests': '1', 'Sec-Fetch-Dest': 'document', 'Sec-Fetch-Mode': 'navigate', 'Sec-Fetch-Site': 'same-origin', 'Sec-Fetch-User': '?1', 'Priority': 'u=0, i'}
[14:01:32.508] [GENERALFUNCTION 3a6] DEBUG OUTGOING post_data_encoded (truncated): Submit=Submit&id=%24
[14:01:32.508] [GENERALFUNCTION 3a6] DEBUG OUTGOING body_param_dict: {'Submit': 'Submit', 'id': '$'}
[14:01:32.539] [SQLiFuzz 3a6] Response status: 200
[14:01:32.539] [SQLiFuzz 3a6] Response URL: http://localhost:8081/a2_filtered_post.php
[14:01:32.539] [SQLiFuzz 3a6] Was redirected: False
[14:01:32.539] [SQLiFuzz 3a6] Getting response: 
<!doctype html>

<html>

<body>

<form method="POST">

  <label>User ID: <input type="text" name="id"></label>

  <input type="submit" name="Submit" value="Submit">

</form>

<pre>INPUT REJECTED</pre>
[14:01:33.540] [SQLAnalysis] Read 1 new lines from SQL log file.
[14:01:33.541] [SQLAnalysis] Appended 1 parsed entries.
[14:01:33.541] [SQLAnalysis 3a6] Extracted 921 Logs 2026-10-03 18:01:33.541441: [{'timestamp': '2026-10-03 18:01:32,523695', 'level': 'INFO', 'ip': '172.18.0.5', 'port': 45142, 'sql': 'USE db *#*#OK'}]
[14:01:33.541] [SQLAnalysis 3a6] Updated param pairs: {'looked_value': '$'}
[14:01:33.541] [SQLAnalysis 3a6] Looked timestamp 2026-10-03 18:01:32.508969 -- 2026-10-03 18:01:32.533874
[14:01:33.551] [SQLAnalysis 3a6] query_array to be checked: ['use', 'db']
[14:01:33.552] [SQLAnalysis 3a6] normalized_query_array: ['use', 'db']
[14:01:33.552] [SQLiFuzz 3a6] No weird chars exist: POST http://localhost:8081/a2_filtered_post.php | ['[string (False)(None)] Sec-Fetch-Dest=document', '[string (False)(None)] Sec-Fetch-Mode=navigate', '[string (False)(None)] Sec-Fetch-Site=same-origin', '[string (False)(None)] Sec-Fetch-User=?1', '[string (False)(None)] Priority=u=0, i', '[url (False)(None)] path0=a2_filtered_post.php', '[int (False)(None)] id=$', '[string (False)(None)] Submit=Submit'] | None
[14:01:33.552] [SQLiFuzz 3a6] No SQL Injection. Drop it. POST http://localhost:8081/a2_filtered_post.php | ['[string (False)(None)] Sec-Fetch-Dest=document', '[string (False)(None)] Sec-Fetch-Mode=navigate', '[string (False)(None)] Sec-Fetch-Site=same-origin', '[string (False)(None)] Sec-Fetch-User=?1', '[string (False)(None)] Priority=u=0, i', '[url (False)(None)] path0=a2_filtered_post.php', '[int (False)(None)] id=$', '[string (False)(None)] Submit=Submit'] | None
[14:01:33.565] [HOOK 6b2] Completed fuzz (remaining: 0)
[14:03:44.131] [HOOK] Idle timeout (120s) reached with no pending tasks. Initiating shutdown...
[HOOK] Idle timeout reached. Saving results and shutting down...
[14:03:44.132] 


-----FINAL RESULT------
FINAL RESULT
[14:03:44.132] ###Matched SQL Injection Detected: [METHOD] | [URL] | [PARAMS] | [POST_DATA] [MATCHED_PAYLOAD] ==> [SQL_DETECTED] || [ERROR_SQL_DETECTED]

###Matched SQL Injection Detected: [METHOD] | [URL] | [PARAMS] | [POST_DATA] [MATCHED_PAYLOAD] ==> [SQL_DETECTED] || [ERROR_SQL_DETECTED]

[14:03:44.132] No SQL Injection Detected.

No SQL Injection Detected.

[14:03:44.133] [SQLICollection] Result will be saved in final_result/FR/FR-dvwa--emmalee-VMware-Virtual-Platform-1791050402.txt
[14:03:44.133] [SQLICollection] Statistics: {'total_req': 2, 'sql_req': 1, 'null_req': 0, 'not_sql_req': 1, 'sql_injection_detected': 0, 'another_sql_error_detected': 0, 'sql_req_not_detected': 1, 'error_req': 0, 'fuzzed_req': 70, 'processing_time_total': 1.8522079999999994, 'processing_time_ave': 0.02646011428571428, 'running_time': '0:03:41.463523', 200: 2}
[14:03:44.133] [HOOK] FINISH on 2026-10-03 14:03:44.132545. Total run time: 0:03:41.463523
[HOOK] FINISH on 2026-10-03 14:03:44.132545. Total run time: 0:03:41.463523
